"CRN","ARRIVAL_TM","AUTOMOBILE_COUNT","BELTED_DEATH_COUNT","BELTED_SUSP_SERIOUS_INJ_COUNT","BICYCLE_COUNT","BICYCLE_DEATH_COUNT","BICYCLE_SUSP_SERIOUS_INJ_COUNT","BUS_COUNT","CHLDPAS_DEATH_COUNT","CHLDPAS_SUSP_SERIOUS_INJ_COUNT","COLLISION_TYPE","COMM_VEH_COUNT","CONS_ZONE_SPD_LIM","COUNTY","CRASH_MONTH","CRASH_YEAR","DAY_OF_WEEK","DEC_LATITUDE","DEC_LONGITUDE","DISPATCH_TM","DISTRICT","DRIVER_COUNT_16YR","DRIVER_COUNT_17YR","DRIVER_COUNT_18YR","DRIVER_COUNT_19YR","DRIVER_COUNT_20YR","DRIVER_COUNT_50_64YR","DRIVER_COUNT_65_74YR","DRIVER_COUNT_75PLUS","EST_HRS_CLOSED","FATAL_COUNT","HEAVY_TRUCK_COUNT","HORSE_BUGGY_COUNT","HOUR_OF_DAY","ILLUMINATION","INJURY_COUNT","INTERSECTION_RELATED","INTERSECT_TYPE","LANE_CLOSED","LATITUDE","LN_CLOSE_DIR","LOCATION_TYPE","LONGITUDE","MAX_SEVERITY_LEVEL","MCYCLE_DEATH_COUNT","MCYCLE_SUSP_SERIOUS_INJ_COUNT","MOTORCYCLE_COUNT","MUNICIPALITY","NONMOTR_COUNT","NONMOTR_DEATH_COUNT","NONMOTR_SUSP_SERIOUS_INJ_COUNT","NTFY_HIWY_MAINT","PED_COUNT","PED_DEATH_COUNT","PED_SUSP_SERIOUS_INJ_COUNT","PERSON_COUNT","POLICE_AGCY","POSSIBLE_INJ_COUNT","RDWY_SURF_TYPE_CD","RELATION_TO_ROAD","ROADWAY_CLEARED","ROAD_CONDITION","SCH_BUS_IND","SCH_ZONE_IND","SECONDARY_CRASH","SMALL_TRUCK_COUNT","SPEC_JURIS_CD","SUSP_MINOR_INJ_COUNT","SUSP_SERIOUS_INJ_COUNT","SUV_COUNT","TCD_FUNC_CD","TCD_TYPE","TFC_DETOUR_IND","TIME_OF_DAY","TOTAL_UNITS","TOT_INJ_COUNT","UNBELTED_OCC_COUNT","UNB_DEATH_COUNT","UNB_SUSP_SERIOUS_INJ_COUNT","UNK_INJ_DEG_COUNT","UNK_INJ_PER_COUNT","URBAN_RURAL","VAN_COUNT","VEHICLE_COUNT","WEATHER1","WEATHER2","WORKERS_PRES","WORK_ZONE_IND","WORK_ZONE_LOC","WORK_ZONE_TYPE","WZ_CLOSE_DETOUR","WZ_FLAGGER","WZ_LAW_OFFCR_IND","WZ_LN_CLOSURE","WZ_MOVING","WZ_OTHER","WZ_SHLDER_MDN","WZ_WORKERS_INJ_KILLED"
"2015023113","","1","0","0","0","0","0","0","0","0","7","0","","02","2","2015","4","40.523378","-79.768228","","11","0","1","0","0","0","0","0","0","","0","0","0","","","0","","0","","40 31:24.160","","0","79 46:05.620","0","0","0","0","2466","0","0","0","N","0","0","0","1","02466","0","","5.0","","6","N","N","","0","","0","0","0","","0","","","1","0","0","0","0","0","0","1","0","1","","","","N","","","","","","","","","",""
"2015022248","","1","0","0","0","0","0","0","0","0","7","0","","02","2","2015","6","40.43993","-80.032288","","11","0","0","0","0","0","0","0","0","","0","0","0","","","1","","0","","40 26:23.747","","0","80 01:56.236","4","0","0","0","2301","0","0","0","N","0","0","0","1","02301","1","","4.0","","2","N","N","","0","","0","0","0","","0","","","1","1","0","0","0","0","0","2","0","1","","","","N","","","","","","","","","",""
"2015022126","","1","0","0","0","0","0","0","0","0","7","0","","02","2","2015","5","40.614524","-79.90161","","11","0","1","0","0","0","0","0","0","","0","0","0","","","1","","2","","40 36:52.286","","0","79 54:05.797","4","0","0","0","2220","0","0","0","N","0","0","0","2","02220","1","","5.0","","2","N","N","","0","","0","0","0","","0","","","1","1","0","0","0","0","0","2","0","1","","","","N","","","","","","","","","",""
"2015021597","","1","0","0","0","0","0","0","0","0","6","0","","02","2","2015","4","40.4247","-79.989834","","11","0","0","0","0","0","0","0","0","","0","0","0","","","0","","0","","40 25:28.920","","0","79 59:23.402","0","0","0","0","2301","0","0","0","N","0","0","0","4","02301","0","","1.0","","9","N","N","","0","","0","0","1","","0","","","2","0","0","0","0","0","0","2","0","2","","","","N","","","","","","","","","",""
"2015023116","","0","0","0","0","0","0","0","0","0","7","0","","02","2","2015","7","40.402541","-79.978588","","11","0","0","0","0","0","0","0","0","2","0","0","0","","","0","","0","","40 24:09.148","2","0","79 58:42.916","0","0","0","0","2301","0","0","0","N","0","0","0","1","02301","0","","2.0","","2","N","N","","0","","0","0","1","","0","N","","1","0","0","0","0","0","0","2","0","1","","","","N","","","","","","","","","",""
"2015022128","","2","0","0","0","0","0","0","0","0","4","0","","02","2","2015","5","40.601877","-79.757287","","11","0","0","0","0","0","2","0","0","1","0","0","0","","","1","","1","","40 36:06.758","3","0","79 45:26.233","3","0","0","0","2464","0","0","0","N","0","0","0","2","02464","0","","1.0","","1","N","N","","0","","1","0","0","","2","Y","","2","1","0","0","0","0","0","2","0","2","","","","N","","","","","","","","","",""
"2015021996","","1","0","0","0","0","0","0","0","0","4","0","","02","2","2015","5","40.415718","-80.02511","","11","0","0","0","0","0","0","0","0","","0","0","0","","","0","","0","","40 24:56.584","","0","80 01:30.396","0","0","0","0","2301","0","0","0","N","0","0","0","2","02301","0","","1.0","","1","N","N","","0","","0","0","1","","0","","","2","0","0","0","0","0","0","2","0","2","","","","N","","","","","","","","","",""
"2015022117","","1","0","0","0","0","0","0","0","0","7","0","","02","2","2015","7","40.378149","-80.111655","","11","0","0","0","0","0","0","0","0","","0","0","0","","","0","","2","","40 22:41.336","","0","80 06:41.958","0","0","0","0","2102","0","0","0","N","0","0","0","1","02102","0","","5.0","","7","N","N","","0","","0","0","0","","0","","","1","0","0","0","0","0","0","2","0","1","","","","N","","","","","","","","","",""
"2015022252","","2","0","0","0","0","0","0","0","0","7","0","","02","2","2015","1","40.345503","-79.959194","","11","0","0","0","0","0","0","1","0","2","0","0","0","","","0","","0","","40 20:43.812","4","0","79 57:33.098","0","0","0","0","2473","0","0","0","N","0","0","0","4","02473","0","","3.0","","7","N","N","","0","","0","0","1","","0","N","","3","0","0","0","0","0","0","2","0","3","","","","N","","","","","","","","","",""
"2015023638","","1","0","0","0","0","0","0","0","0","4","0","","02","2","2015","5","40.404156","-79.920339","","11","0","0","0","0","0","1","0","0","","0","0","0","","","0","","0","","40 24:14.960","","7","79 55:13.220","0","0","0","0","2472","0","0","0","N","0","0","0","4","02472","0","","1.0","","1","N","N","","0","","0","0","1","","8","","","2","0","0","0","0","0","0","2","0","2","","","","N","","","","","","","","","",""
"2015022741","","2","0","0","0","0","0","0","0","0","4","0","","02","2","2015","6","40.568928","-80.171256","","11","0","0","0","0","0","0","0","0","","0","0","0","","","1","","3","","40 34:08.140","","0","80 10:16.521","8","0","0","0","2459","0","0","0","N","0","0","0","4","02459","0","","1.0","","1","N","N","","0","","0","0","0","","0","","","2","1","0","0","0","1","0","1","0","2","","","","N","","","","","","","","","",""
"2015023563","","1","0","0","0","0","0","0","0","0","7","0","","02","2","2015","2","40.486453","-79.966808","","11","0","0","0","0","0","0","0","0","1","0","0","0","","","1","","0","","40 29:11.230","5","0","79 58:00.510","4","0","0","0","2118","0","0","0","N","0","0","0","1","02118","1","","5.0","","1","N","N","","0","","0","0","0","","0","Y","","1","1","0","0","0","0","0","2","0","1","","","","N","","","","","","","","","",""
"2015023261","","1","0","0","0","0","0","0","0","0","7","0","","02","2","2015","1","40.2643","-79.87462","","11","0","0","0","0","0","0","0","0","","0","0","0","","","0","","0","","40 15:51.480","","0","79 52:28.632","0","0","0","0","2105","0","0","0","N","0","0","0","3","02105","0","","5.0","","2","N","N","","0","","0","0","0","","0","","","1","0","0","0","0","0","0","2","0","1","","","","N","","","","","","","","","",""
"2015022253","","1","0","0","0","0","0","0","0","0","1","0","","02","2","2015","3","40.364028","-80.047965","","11","0","0","0","0","0","0","1","0","","0","0","0","","","1","","2","","40 21:50.502","","0","80 02:52.673","4","0","0","0","2109","0","0","0","N","0","0","0","3","02109","1","","1.0","","1","N","N","","0","","0","0","1","","0","","","2","1","0","0","0","0","0","2","0","2","","","","N","","","","","","","","","",""
"2015023639","","0","0","0","0","0","0","0","0","0","7","0","","02","2","2015","1","40.377855","-79.851528","","11","0","0","0","0","0","0","0","0","2","0","0","0","","","0","","0","","40 22:40.279","1","3","79 51:05.501","0","0","0","0","2303","0","0","0","Y","0","0","0","1","02303","0","","3.0","","2","N","N","","1","","0","0","0","","0","N","","1","0","0","0","0","0","0","2","0","1","","","","N","","","","","","","","","",""
"2015022985","","1","0","0","0","0","0","0","0","0","7","0","","02","2","2015","7","40.460731","-79.9885","","11","0","0","0","0","0","0","0","0","2","0","0","0","","","1","","0","","40 27:38.630","7","0","79 59:18.600","8","0","0","0","2301","0","0","0","N","0","0","0","1","02301","0","","4.0","","7","N","N","","0","","0","0","0","","0","Y","","1","1","0","0","0","1","0","2","0","1","","","","N","","","","","","","","","",""
"2015023516","","2","0","0","0","0","0","1","0","0","1","1","","02","2","2015","7","40.44414","-80.028092","","11","0","0","0","0","0","1","0","0","2","0","0","0","","","1","","2","","40 26:38.905","4","2","80 01:41.132","8","0","0","0","2301","0","0","0","N","0","0","0","3","02301","0","","1.0","","7","N","N","","0","","0","0","0","","2","N","","3","1","0","0","0","1","0","2","0","3","","","","N","","","","","","","","","",""
"2015022119","","1","0","1","0","0","0","0","0","0","2","0","","02","2","2015","5","40.528355","-79.80493","","11","0","0","1","0","0","1","0","0","3","0","0","0","","","3","","0","","40 31:42.078","6","0","79 48:17.747","2","0","0","0","2466","0","0","0","N","0","0","0","3","02466","1","","1.0","","1","N","N","","0","","0","1","1","","0","Y","","3","3","0","0","0","1","0","2","1","3","","","","N","","","","","","","","","",""
"2015023134","","1","0","0","0","0","0","0","0","0","7","0","","02","2","2015","7","40.457636","-80.079696","","11","0","0","0","0","0","0","0","0","1","0","0","0","","","1","","0","","40 27:27.489","2","0","80 04:46.905","8","0","0","0","2301","0","0","0","N","0","0","0","1","02301","0","","5.0","","2","N","N","","0","","0","0","0","","0","N","","1","1","0","0","0","1","0","2","0","1","","","","N","","","","","","","","","",""
"2015022254","","0","0","0","0","0","0","0","0","0","4","0","","02","2","2015","5","40.381538","-80.049416","","11","0","0","0","0","0","0","0","0","1","0","0","0","","","1","","2","","40 22:53.536","4","0","80 02:57.897","8","0","0","0","2109","0","0","0","N","0","0","0","3","02109","0","","1.0","","9","N","N","","0","","0","0","2","","3","N","","2","1","0","0","0","1","0","2","0","2","","","","N","","","","","","","","","",""
"2015022675","","1","0","0","0","0","0","0","0","0","7","0","55","02","2","2015","5","40.554498","-79.840118","","11","0","0","0","0","0","1","0","0","1","0","0","0","","","0","","0","","40 33:16.191","4","0","79 50:24.425","0","0","0","0","2208","0","0","0","N","0","0","0","1","68T02","0","","3.0","","1","N","N","","0","","0","0","0","","0","N","","1","0","0","0","0","0","0","2","0","1","","","N","Y","4","1","N","N","N","N","N","N","Y",""
"2015023121","","1","0","0","0","0","0","0","0","0","4","1","","02","2","2015","7","40.355738","-79.979671","","11","0","0","0","0","0","2","0","0","1","0","1","0","","","0","","0","","40 21:20.656","1","7","79 58:46.817","0","0","0","0","2476","0","0","0","N","0","0","0","2","02476","0","","1.0","","2","N","N","","0","","0","0","0","","0","N","","2","0","0","0","0","0","0","2","0","2","","","","N","","","","","","","","","",""
"2015022121","","2","0","0","0","0","0","0","0","0","4","0","","02","2","2015","5","40.378432","-79.989739","","11","0","0","0","0","1","0","0","0","1","0","0","0","","","0","","2","","40 22:42.355","1","0","79 59:23.061","0","0","0","0","2476","0","0","0","N","0","0","0","3","02476","0","","1.0","","1","N","N","","0","","0","0","0","","3","N","","2","0","0","0","0","0","0","2","0","2","","","","N","","","","","","","","","",""
"2015022132","","2","0","0","0","0","0","0","0","0","4","0","","02","2","2015","1","40.403687","-79.909121","","11","0","0","0","0","0","1","0","0","1","0","0","0","","","0","","1","","40 24:13.273","1","0","79 54:32.835","0","0","0","0","2438","0","0","0","N","0","0","0","2","02438","0","","1.0","","9","N","N","","0","","0","0","0","","3","N","","2","0","0","0","0","0","0","2","0","2","","","","N","","","","","","","","","",""
"2015022757","","1","0","0","0","0","0","0","0","0","7","0","","02","2","2015","7","40.405053","-80.038066","","11","0","0","0","0","0","1","0","0","","0","0","0","","","0","","0","","40 24:18.191","","0","80 02:17.036","0","0","0","0","2301","0","0","0","N","0","0","0","1","02301","0","","2.0","","6","N","N","","0","","0","0","0","","0","","","1","0","0","0","0","0","0","2","0","1","","","","N","","","","","","","","","",""
"2015021349","","1","0","0","0","0","0","0","0","0","4","0","","02","2","2015","3","40.360485","-79.90769","","11","0","0","0","0","0","0","0","0","1","0","0","0","","","1","","2","","40 21:37.746","1","0","79 54:27.685","3","0","0","0","2473","0","0","0","N","0","0","0","2","02473","0","","1.0","","3","N","N","","1","","1","0","0","","2","N","","2","1","0","0","0","0","0","2","0","2","","","","N","","","","","","","","","",""
"2015022255","","0","0","0","0","0","0","0","0","0","7","0","","02","2","2015","7","40.35594","-80.040828","","11","0","0","0","0","0","0","0","0","1","0","0","0","","","1","","0","","40 21:21.384","4","0","80 02:26.981","4","0","0","0","2109","0","0","0","N","0","0","0","1","02109","1","","4.0","","7","N","N","","0","","0","0","1","","0","Y","","1","1","0","0","0","0","0","2","0","1","","","","N","","","","","","","","","",""
"2015023844","","0","0","0","0","0","0","0","0","0","7","0","","02","2","2015","5","40.274661","-79.887316","","11","0","0","0","0","0","0","0","0","2","0","0","0","","","0","","0","","40 16:28.781","1","3","79 53:14.338","0","0","0","0","2428","0","0","0","Y","0","0","0","1","02428","0","","3.0","","6","N","N","","0","","0","0","1","","0","N","","1","0","0","0","0","0","0","2","0","1","","","","N","","","","","","","","","",""
"2015023137","","1","0","0","0","0","0","0","0","0","7","0","","02","2","2015","7","40.404753","-79.762202","","11","0","0","0","0","0","0","0","0","","0","0","0","","","0","","0","","40 24:17.111","","0","79 45:43.928","0","0","0","0","2446","0","0","0","N","0","0","0","1","02446","0","","5.0","","2","N","N","","0","","0","0","0","","0","","","1","0","0","0","0","0","0","2","0","1","","","","N","","","","","","","","","",""
"2015021350","","1","0","0","0","0","0","0","0","0","1","0","","02","2","2015","4","40.53847","-79.962404","","11","0","0","0","0","0","0","1","0","","0","0","0","","","1","","1","","40 32:18.492","","0","79 57:44.656","8","0","0","0","2118","0","0","0","N","0","0","0","2","02118","0","","1.0","","7","N","N","","0","","0","0","1","","2","","","2","1","0","0","0","1","0","2","0","2","","","","N","","","","","","","","","",""
"2015022256","","1","0","0","0","0","0","0","0","0","1","0","","02","2","2015","2","40.384938","-80.053432","","11","0","0","0","0","0","0","1","0","1","0","0","0","","","0","","1","","40 23:05.778","4","0","80 03:12.354","0","0","0","0","2109","0","0","0","N","0","0","0","2","02109","0","","1.0","","9","N","N","","0","","0","0","0","","2","N","","2","0","0","0","0","0","0","2","1","2","","","","N","","","","","","","","","",""
"2015023643","","0","0","0","0","0","0","0","0","0","4","0","","02","2","2015","5","40.496131","-79.976872","","11","0","0","0","0","0","1","0","0","2","0","0","0","","","2","","1","","40 29:46.072","3","0","79 58:36.740","8","0","0","0","2118","0","0","0","N","0","0","0","2","02118","0","","1.0","","1","N","N","","0","","0","0","2","","3","N","","2","2","0","0","0","2","0","2","0","2","","","","N","","","","","","","","","",""
"2015023123","","0","0","0","0","0","0","0","0","0","7","0","","02","2","2015","7","40.47102","-79.766459","","11","0","0","0","0","0","0","0","0","1","0","0","0","","","0","","0","","40 28:15.672","2","0","79 45:59.252","0","0","0","0","2466","0","0","0","N","0","0","0","1","02466","0","","5.0","","2","N","N","","1","","0","0","0","","0","N","","1","0","0","0","0","0","0","2","0","1","","","","N","","","","","","","","","",""
"2015023138","","1","0","0","0","0","0","0","0","0","7","0","","02","2","2015","7","40.459415","-79.792059","","11","0","0","0","0","0","0","0","0","","0","0","0","","","0","","0","","40 27:33.894","","7","79 47:31.413","0","0","0","0","2113","0","0","0","N","0","0","0","1","02113","0","","5.0","","2","N","N","","0","","0","0","0","","0","","","1","0","0","0","0","0","0","2","0","1","","","","N","","","","","","","","","",""
"2015022257","","1","0","0","0","0","0","0","0","0","4","0","","02","2","2015","3","40.391725","-80.049267","","11","0","0","0","0","0","0","0","0","","0","0","0","","","0","","1","","40 23:30.210","","0","80 02:57.361","0","0","0","0","2109","0","0","0","N","0","0","0","2","02109","0","","1.0","","1","N","N","","0","","0","0","1","","3","","","2","0","0","0","0","0","0","2","0","2","","","","N","","","","","","","","","",""
"2015023140","","1","0","0","0","0","0","0","0","0","7","0","","02","2","2015","7","40.426446","-79.72504","","11","0","0","0","1","0","0","0","0","","0","0","0","","","0","","0","","40 25:35.205","","0","79 43:30.143","0","0","0","0","2446","0","0","0","N","0","0","0","1","02446","0","","2.0","","2","N","N","","0","","0","0","0","","0","","","1","0","0","0","0","0","0","2","0","1","","","","N","","","","","","","","","",""
"2015021353","","1","0","0","0","0","0","0","0","0","7","0","","02","2","2015","4","40.453802","-79.995733","","11","0","0","0","0","0","0","0","0","","0","0","0","","","0","","0","","40 27:13.688","","2","79 59:44.637","0","0","0","0","2301","0","0","0","N","0","0","0","1","02301","0","","2.0","","2","N","N","","0","","0","0","0","","0","","","1","0","0","0","0","0","0","2","0","1","","","","N","","","","","","","","","",""
"2015021367","","1","0","0","0","0","0","0","0","0","1","0","","02","2","2015","7","40.44414","-80.028092","","11","0","0","0","0","0","0","0","0","1","0","0","0","","","0","","10","","40 26:38.905","1","2","80 01:41.132","0","0","0","0","2301","0","0","0","N","0","0","0","4","02301","0","","1.0","","6","N","N","","0","","0","0","1","","2","N","","2","0","0","0","0","0","0","2","0","2","","","","N","","","","","","","","","",""
"2015002013","","2","0","0","0","0","0","0","0","0","4","0","","02","1","2015","3","40.633507","-80.003968","","11","0","0","0","0","0","0","1","0","","0","0","0","","","0","","1","","40 38:00.625","","0","80 00:14.283","0","0","0","0","2216","0","0","0","N","0","0","0","2","02505","0","","1.0","","2","N","N","","0","","0","0","0","","3","","","2","0","0","0","0","0","0","2","0","2","","","","N","","","","","","","","","",""
"2015023055","","1","0","0","0","0","0","0","0","0","7","0","","02","2","2015","1","40.611934","-80.128581","","11","0","0","0","0","0","0","0","0","1","0","0","0","","","0","","0","","40 36:42.963","2","0","80 07:42.892","0","0","0","0","2481","0","0","0","N","0","0","0","1","02481","0","","5.0","","6","N","N","","0","","0","0","0","","0","N","","1","0","0","0","0","0","0","1","0","1","","","","N","","","","","","","","","",""
"2015023848","","1","0","0","0","0","0","0","0","0","1","0","","02","2","2015","7","40.404424","-79.825214","","11","0","0","0","0","0","0","0","0","","0","0","0","","","0","","1","","40 24:15.926","","0","79 49:30.770","0","0","0","0","2467","0","0","0","","0","0","0","3","02467","0","","1.0","","6","","","","0","","0","0","0","","2","","","2","0","0","0","0","0","0","2","1","2","","","","N","","","","","","","","","",""
"2015022694","","1","0","0","0","0","0","0","0","0","4","0","","02","2","2015","6","40.582644","-79.825605","","11","0","0","0","0","0","1","0","0","","0","0","0","","","0","","0","","40 34:57.517","","0","79 49:32.178","0","0","0","0","2209","0","0","0","N","0","0","0","2","02209","0","","1.0","","1","N","N","","0","","0","0","0","","0","","","2","0","0","0","0","0","0","2","0","2","","","","N","","","","","","","","","",""
"2015021355","","1","0","0","0","0","0","0","0","0","6","1","","02","2","2015","4","40.343358","-80.148801","","11","0","0","0","0","0","1","0","0","","0","0","0","","","0","","0","","40 20:36.090","","0","80 08:55.685","0","0","0","0","2119","0","0","0","N","0","0","0","2","02119","0","","1.0","","6","N","N","","0","","0","0","0","","0","","","2","0","0","0","0","0","0","2","0","2","","","","N","","","","","","","","","",""
"2015021607","","2","0","0","0","0","0","0","0","0","6","0","","02","2","2015","6","40.424199","-79.977804","","11","0","0","0","0","0","0","0","0","","0","0","0","","","0","","0","","40 25:27.116","","0","79 58:40.096","0","0","0","0","2301","0","0","0","N","0","0","0","2","02301","0","","1.0","","2","N","N","","0","","0","0","0","","0","","","2","0","0","0","0","0","0","2","0","2","","","","N","","","","","","","","","",""
"2015021368","","1","0","0","0","0","0","0","0","0","7","0","","02","2","2015","4","40.449893","-79.827608","","11","0","0","0","0","0","0","0","0","","0","0","0","","","0","","2","","40 26:59.614","","0","79 49:39.388","0","0","0","0","2113","0","0","0","N","0","0","0","1","02113","0","","2.0","","7","N","N","","0","","0","0","0","","0","","","1","0","0","0","0","0","0","2","0","1","","","","N","","","","","","","","","",""
"2015023283","","0","0","0","0","0","0","0","0","0","0","0","","02","2","2015","1","40.458574","-79.885813","","11","0","0","0","0","0","1","0","0","4","0","0","0","","","0","","2","","40 27:30.866","1","0","79 53:08.926","0","0","0","0","2301","0","0","0","N","0","0","0","1","02301","0","","1.0","","9","N","N","","0","","0","0","1","","0","Y","","1","0","0","0","0","0","0","2","0","1","","","","N","","","","","","","","","",""
"2015023126","","0","0","0","0","0","0","0","0","0","7","0","","02","2","2015","7","40.481527","-79.876154","","11","0","0","0","0","1","0","0","0","","0","0","0","","","0","","2","","40 28:53.497","","0","79 52:34.154","0","0","0","0","2113","0","0","0","N","0","0","0","1","02113","0","","1.0","","6","N","N","","0","","0","0","1","","2","","","1","0","0","0","0","0","0","2","0","1","","","","N","","","","","","","","","",""
"2015021608","","1","0","0","0","0","0","0","0","0","7","0","","02","2","2015","5","40.557829","-79.97588","","11","0","0","0","0","0","0","0","0","1","0","0","0","","","0","","0","","40 33:28.186","4","0","79 58:33.169","0","0","0","0","2207","0","0","0","N","0","0","0","1","02207","0","","5.0","","7","N","N","","0","","0","0","0","","0","N","","1","0","0","0","0","0","0","2","0","1","","","","N","","","","","","","","","",""
"2015021621","","2","0","0","0","0","0","0","0","0","1","0","","02","2","2015","4","40.629586","-79.717599","","11","0","1","0","0","0","1","0","0","1","0","0","0","","","1","","10","","40 37:46.510","1","0","79 43:03.356","8","0","0","0","2106","0","0","0","N","0","0","0","3","02106","0","","1.0","","6","N","N","","0","","0","0","0","","2","N","","2","1","0","0","0","1","0","2","0","2","","","","N","","","","","","","","","",""
"2015001936","","0","0","0","0","0","0","0","0","0","7","0","","02","1","2015","7","40.416927","-79.794526","","11","0","0","0","0","0","0","0","0","1","0","0","0","","","0","","0","","40 25:00.937","5","0","79 47:40.293","0","0","0","0","2446","0","0","0","N","0","0","0","1","02446","0","","5.0","","2","N","N","","0","","0","0","1","","0","N","","1","0","0","0","0","0","0","2","0","1","","","","N","","","","","","","","","",""
"2015022078","","1","0","0","0","0","0","0","0","0","7","0","","02","2","2015","4","40.434834","-79.773993","","11","0","0","0","0","0","0","0","0","","0","0","0","","","1","","2","","40 26:05.402","","0","79 46:26.374","4","0","0","0","2446","0","0","0","N","0","0","0","4","02446","1","","5.0","","6","N","N","","0","","0","0","0","","3","","","1","1","0","0","0","0","0","2","0","1","","","","N","","","","","","","","","",""
"2015022697","","1","0","0","0","0","0","0","0","0","6","1","","02","2","2015","6","40.477154","-79.744431","","11","0","0","0","0","0","1","0","0","3","0","1","0","","","0","","0","","40 28:37.756","4","3","79 44:39.953","0","0","0","0","2466","0","0","0","N","0","0","0","2","02466","0","","1.0","","2","N","N","","0","","0","0","0","","0","N","","2","0","0","0","0","0","0","2","0","2","","","","N","","","","","","","","","",""
"2015021357","","2","0","0","0","0","0","0","0","0","4","0","","02","2","2015","4","40.416308","-80.013128","","11","0","0","0","0","0","0","0","0","1","0","0","0","","","0","","0","","40 24:58.710","5","0","80 00:47.260","0","0","0","0","2301","0","0","0","N","0","0","0","1","02301","0","","4.0","","7","N","N","","0","","0","0","0","","0","N","","2","0","0","0","0","0","0","2","0","2","","","","N","","","","","","","","","",""
"2015022995","","1","0","0","0","0","0","0","0","0","7","0","","02","2","2015","1","40.445099","-80.016033","","11","0","0","0","0","0","0","0","0","","0","0","0","","","0","","0","","40 26:42.355","","0","80 00:57.719","0","0","0","0","2301","0","0","0","N","0","0","0","4","02301","0","","5.0","","6","N","N","","0","","0","0","0","","0","","","1","0","0","0","0","0","0","2","0","1","","","","N","","","","","","","","","",""
"2015022006","","2","0","0","0","0","0","0","0","0","4","0","","02","2","2015","2","40.436897","-79.758387","","11","0","0","0","0","0","0","0","0","2","0","0","0","","","1","","0","","40 26:12.828","2","0","79 45:30.192","8","0","0","0","2446","0","0","0","N","0","0","0","3","02446","0","","1.0","","1","N","N","","0","","0","0","0","","4","Y","","2","1","0","0","0","1","0","2","0","2","","","","N","","","","","","","","","",""
"2015022079","","0","0","0","0","0","0","0","0","0","1","0","","02","2","2015","5","40.438972","-79.760505","","11","0","0","0","0","0","0","0","0","","0","0","0","","","0","","1","","40 26:20.298","","0","79 45:37.818","0","0","0","0","2446","0","0","0","N","0","0","0","2","02446","0","","1.0","","1","N","N","","1","","0","0","1","","2","","","2","0","0","0","0","0","0","2","0","2","","","","N","","","","","","","","","",""
"2015022698","","1","0","0","0","0","0","0","0","0","4","0","","02","2","2015","6","40.459302","-79.947765","","11","0","0","0","0","0","0","0","0","","0","0","0","","","0","","2","","40 27:33.487","","0","79 56:51.954","0","0","0","0","2301","0","0","0","N","0","0","0","2","02301","0","","1.0","","6","N","N","","0","","0","0","1","","0","","","2","0","0","0","0","0","0","2","0","2","","","","N","","","","","","","","","",""
"2015021358","","1","0","0","0","0","0","0","0","0","7","0","","02","2","2015","4","40.45332","-80.212873","","11","0","0","0","0","0","0","0","0","1","0","0","0","","","0","","0","","40 27:11.953","4","0","80 12:46.344","0","0","0","0","2214","0","0","0","N","0","0","0","1","02214","0","","4.0","","6","N","N","","0","","0","0","0","","0","N","","1","0","0","0","0","0","0","2","0","1","","","","N","","","","","","","","","",""
"2015021371","","1","0","0","0","0","0","0","0","0","4","0","","02","2","2015","4","40.447791","-79.937289","","11","0","0","0","0","1","1","0","0","1","0","0","0","","","0","","3","","40 26:52.047","4","7","79 56:14.240","0","0","0","0","2301","0","0","0","N","0","0","0","2","02301","0","","1.0","","7","N","N","","0","","0","0","1","","2","N","","2","0","0","0","0","0","0","2","0","2","","","","N","","","","","","","","","",""
"2015023286","","1","0","0","0","0","0","0","0","0","7","0","","02","2","2015","1","40.397723","-79.836675","","11","0","0","0","0","0","0","0","0","","0","0","0","","","0","","0","","40 23:51.803","","2","79 50:12.031","0","0","0","0","2425","0","0","0","N","0","0","0","1","02425","0","","2.0","","2","N","N","","0","","0","0","0","","0","","","1","0","0","0","0","0","0","2","0","1","","","","N","","","","","","","","","",""
"2015023526","","0","0","0","0","0","0","0","0","0","4","0","","02","2","2015","2","40.395677","-80.086618","","11","0","0","0","0","0","0","0","0","","0","0","0","","","0","","1","","40 23:44.436","","0","80 05:11.823","0","0","0","0","2117","0","0","0","N","0","0","0","2","02117","0","","1.0","","1","N","N","","0","","0","0","2","","1","","","2","0","0","0","0","0","0","2","0","2","","","","N","","","","","","","","","",""
"2015022007","","1","0","0","0","0","0","0","0","0","5","0","","02","2","2015","5","40.46637","-79.823121","","11","0","0","0","0","0","1","0","0","1","0","0","0","","","1","","0","","40 27:58.932","1","0","79 49:23.235","4","0","0","0","2113","0","0","0","N","0","0","0","1","02113","1","","6.0","","2","N","N","","0","","0","0","1","","0","N","","2","1","0","0","0","0","0","2","0","2","","","","N","","","","","","","","","",""
"2015023130","","0","0","0","0","0","0","0","0","0","7","0","","02","2","2015","7","40.400653","-79.766684","","11","0","0","0","0","0","0","0","0","","0","0","0","","","0","","0","","40 24:02.352","","0","79 46:00.064","0","0","0","0","2446","0","0","0","N","0","0","0","1","02446","0","","2.0","","2","N","N","","0","","0","0","1","","0","","","1","0","0","0","0","0","0","2","0","1","","","","N","","","","","","","","","",""
"2015023146","","1","0","0","0","0","0","0","0","0","7","0","","02","2","2015","2","40.479862","-80.130486","","11","0","0","1","0","0","0","0","0","","0","0","0","","","1","","0","","40 28:47.504","","0","80 07:49.751","4","0","0","0","2115","0","0","0","N","0","0","0","1","02115","1","","4.0","","1","N","N","","0","","0","0","0","","0","","","1","1","0","0","0","0","0","2","0","1","","","","N","","","","","","","","","",""