"CRN","ARRIVAL_TM","AUTOMOBILE_COUNT","BELTED_DEATH_COUNT","BELTED_SUSP_SERIOUS_INJ_COUNT","BICYCLE_COUNT","BICYCLE_DEATH_COUNT","BICYCLE_SUSP_SERIOUS_INJ_COUNT","BUS_COUNT","CHLDPAS_DEATH_COUNT","CHLDPAS_SUSP_SERIOUS_INJ_COUNT","COLLISION_TYPE","COMM_VEH_COUNT","CONS_ZONE_SPD_LIM","COUNTY","CRASH_MONTH","CRASH_YEAR","DAY_OF_WEEK","DEC_LATITUDE","DEC_LONGITUDE","DISPATCH_TM","DISTRICT","DRIVER_COUNT_16YR","DRIVER_COUNT_17YR","DRIVER_COUNT_18YR","DRIVER_COUNT_19YR","DRIVER_COUNT_20YR","DRIVER_COUNT_50_64YR","DRIVER_COUNT_65_74YR","DRIVER_COUNT_75PLUS","EST_HRS_CLOSED","FATAL_COUNT","HEAVY_TRUCK_COUNT","HORSE_BUGGY_COUNT","HOUR_OF_DAY","ILLUMINATION","INJURY_COUNT","INTERSECTION_RELATED","INTERSECT_TYPE","LANE_CLOSED","LATITUDE","LN_CLOSE_DIR","LOCATION_TYPE","LONGITUDE","MAX_SEVERITY_LEVEL","MCYCLE_DEATH_COUNT","MCYCLE_SUSP_SERIOUS_INJ_COUNT","MOTORCYCLE_COUNT","MUNICIPALITY","NONMOTR_COUNT","NONMOTR_DEATH_COUNT","NONMOTR_SUSP_SERIOUS_INJ_COUNT","NTFY_HIWY_MAINT","PED_COUNT","PED_DEATH_COUNT","PED_SUSP_SERIOUS_INJ_COUNT","PERSON_COUNT","POLICE_AGCY","POSSIBLE_INJ_COUNT","RDWY_SURF_TYPE_CD","RELATION_TO_ROAD","ROADWAY_CLEARED","ROAD_CONDITION","SCH_BUS_IND","SCH_ZONE_IND","SECONDARY_CRASH","SMALL_TRUCK_COUNT","SPEC_JURIS_CD","SUSP_MINOR_INJ_COUNT","SUSP_SERIOUS_INJ_COUNT","SUV_COUNT","TCD_FUNC_CD","TCD_TYPE","TFC_DETOUR_IND","TIME_OF_DAY","TOTAL_UNITS","TOT_INJ_COUNT","UNBELTED_OCC_COUNT","UNB_DEATH_COUNT","UNB_SUSP_SERIOUS_INJ_COUNT","UNK_INJ_DEG_COUNT","UNK_INJ_PER_COUNT","URBAN_RURAL","VAN_COUNT","VEHICLE_COUNT","WEATHER1","WEATHER2","WORKERS_PRES","WORK_ZONE_IND","WORK_ZONE_LOC","WORK_ZONE_TYPE","WZ_CLOSE_DETOUR","WZ_FLAGGER","WZ_LAW_OFFCR_IND","WZ_LN_CLOSURE","WZ_MOVING","WZ_OTHER","WZ_SHLDER_MDN","WZ_WORKERS_INJ_KILLED"
"2015000635","","2","0","0","0","0","0","0","0","0","1","0","","02","1","2015","7","40.354553","-79.834622","","11","0","0","0","0","0","0","0","0","","0","0","0","","","1","","0","","40 21:16.392","","0","79 50:04.638","8","0","0","0","2304","0","0","0","N","0","0","0","2","02304","0","","1.0","","2","N","N","","0","","0","0","0","","0","","","2","1","0","0","0","1","0","2","0","2","","","","N","","","","","","","","","",""
"2015002083","","1","0","0","0","0","0","0","0","0","7","0","","02","1","2015","3","40.352524","-79.798876","","11","0","0","0","1","0","0","0","0","1","0","0","0","","","0","","0","","40 21:09.088","4","0","79 47:55.954","0","0","0","0","2477","0","0","0","N","0","0","0","1","02477","0","","2.0","","7","N","N","","0","","0","0","0","","0","Y","","1","0","1","0","0","0","0","2","0","1","","","","N","","","","","","","","","",""
"2015000637","","1","0","0","0","0","0","0","0","0","4","0","","02","1","2015","7","40.535003","-79.764945","","11","0","0","0","0","0","1","0","0","3","0","0","0","","","1","","0","","40 32:06.009","1","0","79 45:53.802","8","0","0","0","2466","0","0","0","N","0","0","0","4","02466","0","","1.0","","2","N","N","","0","","0","0","2","","0","Y","","3","1","0","0","0","1","0","1","0","3","","","","N","","","","","","","","","",""
"2015002166","","1","0","0","0","0","0","0","0","0","7","0","","02","1","2015","7","40.563482","-80.020173","","11","0","0","0","0","0","0","0","0","2","0","0","0","","","0","","2","","40 33:48.536","1","0","80 01:12.622","0","0","0","0","2108","0","0","0","N","0","0","0","2","02108","0","","2.0","","2","N","N","","0","","0","0","1","","3","N","","2","0","0","0","0","0","0","2","0","2","","","","N","","","","","","","","","",""
"2015022284","","3","0","0","0","0","0","0","0","0","1","0","","02","2","2015","6","40.446055","-79.852339","","11","0","0","0","0","0","0","0","0","1","0","0","0","","","0","","0","","40 26:45.798","4","0","79 51:08.420","0","0","0","0","2419","0","0","0","N","0","0","0","3","02419","0","","1.0","","2","N","N","","0","","0","0","0","","0","N","","3","0","0","0","0","0","0","2","0","3","","","","N","","","","","","","","","",""
"2015001942","","2","0","0","0","0","0","0","0","0","1","0","","02","1","2015","7","40.399345","-80.024868","","11","0","0","0","0","0","0","0","0","","0","0","0","","","0","","0","","40 23:57.642","","0","80 01:29.526","0","0","0","0","2301","0","0","0","N","0","0","0","1","02301","0","","1.0","","9","N","N","","0","","0","0","0","","0","","","2","0","0","0","0","0","0","2","0","2","","","","N","","","","","","","","","",""
"2015001217","","1","0","0","0","0","0","0","0","0","8","0","","02","1","2015","1","40.410432","-79.990382","","11","0","0","0","0","0","0","0","0","","0","0","0","","","1","","2","","40 24:37.555","","0","79 59:25.375","8","0","0","0","2301","1","0","0","N","1","0","0","2","02301","0","","1.0","","1","N","N","","0","","0","0","0","","2","","","2","1","0","0","0","1","0","2","0","1","","","","N","","","","","","","","","",""
"2015000502","","1","0","0","0","0","0","0","0","0","7","0","","02","1","2015","7","40.464983","-80.033627","","11","0","0","0","0","0","0","0","0","1","0","0","0","","","0","","10","","40 27:53.940","2","0","80 02:01.057","0","0","0","0","2301","0","0","0","N","0","0","0","1","02301","0","","1.0","","1","N","N","","0","","0","0","0","","0","N","","1","0","0","0","0","0","0","2","0","1","","","","N","","","","","","","","","",""
"2015003020","","2","0","0","0","0","0","0","0","0","5","0","","02","1","2015","2","40.478192","-79.949139","","11","0","0","0","0","0","0","0","0","","0","0","0","","","0","","0","","40 28:41.490","","0","79 56:56.900","0","0","0","0","2301","0","0","0","N","0","0","0","1","02301","0","","2.0","","2","N","N","","0","","0","0","1","","3","","","3","0","1","0","0","0","0","2","0","3","","","","N","","","","","","","","","",""
"2015002837","","1","0","0","0","0","0","0","0","0","7","0","","02","1","2015","7","40.549225","-80.086186","","11","0","1","0","0","0","0","0","0","","0","0","0","","","0","","0","","40 32:57.210","","0","80 05:10.269","0","0","0","0","2215","0","0","0","Y","0","0","0","2","68B03","0","","3.0","","2","N","N","","0","","0","0","0","","0","","","1","0","0","0","0","0","0","2","0","1","","","","N","","","","","","","","","",""
"2015002838","","1","0","0","0","0","0","0","0","0","7","0","","02","1","2015","1","40.498096","-80.021186","","11","0","0","0","0","0","0","0","0","","0","0","0","","","0","","0","","40 29:53.144","","0","80 01:16.268","0","0","0","0","2116","0","0","0","N","0","0","0","1","68B03","0","","2.0","","9","N","N","","0","","0","0","0","","0","","","1","0","0","0","0","0","0","2","0","1","","","","N","","","","","","","","","",""
"2015001360","","0","0","0","0","0","0","0","0","0","7","0","","02","1","2015","1","40.451183","-80.185658","","11","0","0","0","1","0","0","0","0","1","0","0","0","","","0","","0","","40 27:04.260","1","0","80 11:08.370","0","0","0","0","2214","0","0","0","N","0","0","0","1","02214","0","","2.0","","9","N","N","","0","","0","0","1","","0","N","","1","0","0","0","0","0","0","2","0","1","","","","N","","","","","","","","","",""
"2015000646","","0","0","0","0","0","0","0","0","0","0","0","","02","1","2015","7","40.463912","-80.112421","","11","0","0","0","0","0","0","0","0","3","0","0","0","","","0","","0","","40 27:50.083","6","0","80 06:44.714","0","0","0","0","2126","0","0","0","N","0","0","0","1","02126","0","","1.0","","2","N","N","","1","","0","0","0","","0","N","","1","0","0","0","0","0","0","2","0","1","","","","N","","","","","","","","","",""
"2015002105","","2","0","0","0","0","0","0","0","0","4","0","","02","1","2015","3","40.440126","-79.996436","","11","0","0","0","0","0","2","0","0","","0","0","0","","","0","","2","","40 26:24.453","","0","79 59:47.169","0","0","0","0","2301","0","0","0","N","0","0","0","2","02301","0","","1.0","","6","N","N","","0","","0","0","0","","2","","","2","0","0","0","0","0","0","2","0","2","","","","N","","","","","","","","","",""
"2015023361","","0","0","0","0","0","0","0","0","0","1","0","","02","2","2015","2","40.429299","-80.028659","","11","0","0","0","0","0","1","0","0","","0","0","0","","","0","","0","","40 25:45.477","","0","80 01:43.171","0","0","0","0","2301","0","0","0","N","0","0","0","3","68B03","0","","1.0","","1","N","N","","0","","0","0","2","","0","","","2","0","0","0","0","0","0","2","0","2","","","","N","","","","","","","","","",""
"2015021691","","2","0","0","0","0","0","0","0","0","4","0","","02","2","2015","7","40.522044","-80.21756","","11","0","0","0","0","0","2","0","0","","0","0","0","","","1","","2","","40 31:19.358","","0","80 13:03.217","4","0","0","0","2213","0","0","0","N","0","0","0","3","02213","1","","1.0","","7","N","N","","0","","0","0","0","","3","","","2","1","0","0","0","0","0","2","0","2","","","","N","","","","","","","","","",""
"2015000648","","1","0","0","0","0","0","0","0","0","7","0","","02","1","2015","7","40.409556","-79.938354","","11","0","0","0","0","0","0","0","0","","0","0","0","","","0","","0","","40 24:34.402","","0","79 56:18.073","0","0","0","0","2301","0","0","0","N","0","0","0","1","02301","0","","2.0","","2","N","N","","0","","0","0","0","","3","","","1","0","0","0","0","0","0","2","0","1","","","","N","","","","","","","","","",""
"2015023362","","3","0","0","0","0","0","0","0","0","1","0","","02","2","2015","3","40.41584","-80.059494","","11","0","0","0","0","0","0","1","0","1","0","0","0","","","1","","0","","40 24:57.025","3","0","80 03:34.179","4","0","0","0","2435","0","0","0","N","0","0","0","3","68B03","1","","1.0","","1","N","N","","0","","0","0","0","","0","N","","3","1","0","0","0","0","0","2","0","3","","","","N","","","","","","","","","",""
"2015001962","","1","0","0","0","0","0","0","0","0","7","0","","02","1","2015","3","40.369984","-79.829935","","11","0","0","0","0","0","0","0","0","","0","0","0","","","0","","0","","40 22:11.944","","0","79 49:47.766","0","0","0","0","2111","0","0","0","N","0","0","0","1","02111","0","","5.0","","7","N","N","","0","","0","0","0","","0","","","1","0","0","0","0","0","0","2","0","1","","","","N","","","","","","","","","",""
"2015000649","","0","0","0","0","0","0","0","0","0","7","0","","02","1","2015","7","40.462103","-79.988363","","11","0","0","0","0","0","0","0","0","","0","0","0","","","0","","1","","40 27:43.570","","0","79 59:18.106","0","0","0","0","2301","0","0","0","N","0","0","0","1","02301","0","","1.0","","2","N","N","","0","","0","0","1","","0","","","1","0","0","0","0","0","0","2","0","1","","","","N","","","","","","","","","",""
"2015000377","","0","0","0","0","0","0","0","0","0","7","0","","02","1","2015","5","40.400121","-79.897808","","11","0","0","0","0","0","0","0","0","3","0","0","0","","","1","","0","","40 24:00.435","5","0","79 53:52.108","3","0","0","0","2448","0","0","0","N","0","0","0","1","02448","0","","4.0","","1","N","N","","1","","1","0","1","","0","Y","","2","1","0","0","0","0","0","2","0","2","","","","N","","","","","","","","","",""
"2015022291","","1","0","0","0","0","0","0","0","0","1","0","","02","2","2015","6","40.55292","-80.105133","","11","0","0","0","0","0","0","0","0","1","0","0","0","","","0","","2","","40 33:10.513","4","0","80 06:18.477","0","0","0","0","2215","0","0","0","N","0","0","0","2","02215","0","","1.0","","1","N","N","","0","","0","0","1","","3","N","","2","0","0","0","0","0","0","2","0","2","","","","N","","","","","","","","","",""
"2015023364","","1","0","0","0","0","0","0","0","0","7","0","","02","2","2015","5","40.439399","-80.010263","","11","0","0","1","0","0","0","0","0","1","0","0","0","","","0","","6","","40 26:21.837","3","8","80 00:36.946","0","0","0","0","2301","0","0","0","Y","0","0","0","4","68B03","0","","4.0","","7","N","N","","0","","0","0","0","","0","N","","1","0","0","0","0","0","0","2","0","1","","","","N","","","","","","","","","",""
"2015001950","","1","0","0","0","0","0","0","0","0","7","0","","02","1","2015","3","40.324958","-79.791666","","11","0","0","0","1","0","0","0","0","1","0","0","0","","","0","","0","","40 19:29.850","3","0","79 47:29.998","0","0","0","0","2477","0","0","0","N","0","0","0","1","02477","0","","5.0","","6","N","N","","0","","0","0","0","","0","N","","1","0","1","0","0","0","0","2","0","1","","","","N","","","","","","","","","",""
"2015000584","","0","0","0","0","0","0","0","0","0","7","1","","02","1","2015","7","40.392829","-79.933104","","11","0","0","0","0","0","0","0","0","3","0","1","0","","","0","","7","","40 23:34.184","2","2","79 55:59.176","0","0","0","0","2301","0","0","0","N","0","0","0","1","02301","0","","3.0","","2","N","N","","0","","0","0","0","","0","Y","","1","0","0","0","0","0","0","2","0","1","","","","N","","","","","","","","","",""
"2015000651","","1","0","0","0","0","0","0","0","0","1","1","","02","1","2015","7","40.446722","-79.99975","","11","0","0","0","0","0","0","0","0","","0","1","0","","","0","","0","","40 26:48.200","","3","79 59:59.100","0","0","0","0","2301","0","0","0","N","0","0","0","2","02301","0","","1.0","","2","N","N","","0","","0","0","0","","0","","","2","0","0","0","0","0","0","2","0","2","","","","N","","","","","","","","","",""
"2015023365","","1","0","0","0","0","0","0","0","0","7","0","","02","2","2015","6","40.565362","-80.089481","","11","0","0","0","0","0","0","0","0","1","0","0","0","","","0","","0","","40 33:55.303","1","0","80 05:22.132","0","0","0","0","2481","0","0","0","Y","0","0","0","1","68B03","0","","3.0","","1","N","N","","0","","0","0","0","","0","N","","1","0","0","0","0","0","0","2","0","1","","","","N","","","","","","","","","",""
"2015001370","","2","0","0","0","0","0","0","0","0","6","0","","02","1","2015","7","40.399344","-80.009158","","11","0","0","0","0","0","0","0","0","4","0","0","0","","","1","","0","","40 23:57.640","5","0","80 00:32.970","4","0","0","0","2301","0","0","0","N","0","0","0","4","02301","1","","1.0","","2","N","N","","0","","0","0","1","","0","Y","","3","1","0","0","0","0","0","2","0","3","","","","N","","","","","","","","","",""
"2015023366","","2","0","0","0","0","0","0","0","0","1","0","","02","2","2015","6","40.429383","-79.886534","","11","0","0","0","0","0","0","0","0","","0","0","0","","","0","","0","","40 25:45.778","","0","79 53:11.523","0","0","0","0","2426","0","0","0","N","0","0","0","2","68B03","0","","1.0","","1","N","N","","0","","0","0","0","","0","","","2","0","1","0","0","0","0","2","0","2","","","","N","","","","","","","","","",""
"2015002030","","0","0","0","0","0","0","0","0","0","7","0","","02","1","2015","3","40.544852","-79.83849","","11","0","0","0","0","0","0","0","0","","0","0","0","","","0","","2","","40 32:41.466","","2","79 50:18.563","0","0","0","0","2208","0","0","0","Y","0","0","0","1","02208","0","","2.0","","9","N","N","","1","","0","0","0","","2","","","1","0","0","0","0","0","0","2","0","1","","","","N","","","","","","","","","",""
"2015000653","","1","0","0","0","0","0","0","0","0","4","1","","02","1","2015","7","40.323079","-79.820749","","11","0","0","0","0","0","1","0","0","3","0","1","0","","","0","","2","","40 19:23.085","5","0","79 49:14.697","0","0","0","0","2304","0","0","0","N","0","0","0","1","02304","0","","1.0","","2","N","N","","0","","0","0","0","","0","N","","2","0","0","0","0","0","0","2","0","2","","","","N","","","","","","","","","",""
"2015023367","","1","0","0","0","0","0","0","0","0","7","0","","02","2","2015","6","40.450249","-80.111089","","11","0","0","0","0","0","1","0","0","","0","0","0","","","0","","0","","40 27:00.898","","0","80 06:39.920","0","0","0","0","2115","0","0","0","N","0","0","0","1","68B03","0","","4.0","","2","N","N","","0","","0","0","0","","0","","","1","0","0","0","0","0","0","2","0","1","","","","N","","","","","","","","","",""
"2015021699","","1","0","0","0","0","0","0","0","0","1","0","","02","2","2015","5","40.334156","-79.890065","","11","0","0","0","0","0","0","0","0","1","0","0","0","","","1","","2","","40 20:02.961","2","0","79 53:24.234","3","0","0","0","2433","0","0","0","N","0","0","0","1","02433","0","","4.0","","2","N","N","","1","","1","0","0","","3","N","","2","1","0","0","0","0","0","2","0","2","","","","N","","","","","","","","","",""
"2015002032","","0","0","0","0","0","0","0","0","0","7","0","","02","1","2015","3","40.452359","-79.877724","","11","0","0","0","0","0","0","0","0","","0","0","0","","","0","","2","","40 27:08.492","","0","79 52:39.806","0","0","0","0","2301","0","0","0","N","0","0","0","1","02301","0","","5.0","","2","N","N","","0","","0","0","1","","0","","","1","0","0","0","0","0","0","2","0","1","","","","N","","","","","","","","","",""
"2015002798","","2","0","0","0","0","0","0","0","0","1","0","","02","1","2015","4","40.485955","-79.944079","","11","0","0","0","0","0","0","0","0","","0","0","0","","","1","","0","","40 29:09.438","","0","79 56:38.684","8","0","0","0","2301","0","0","0","N","0","0","0","2","02301","0","","1.0","","9","N","N","","0","","0","0","0","","0","","","2","1","0","0","0","1","0","2","0","2","","","","N","","","","","","","","","",""
"2015002113","","2","0","0","0","0","0","0","0","0","1","0","","02","1","2015","7","40.515411","-80.045544","","11","0","0","0","0","0","0","0","1","","0","0","0","","","0","","0","","40 30:55.480","","0","80 02:43.960","0","0","0","0","2474","0","0","0","N","0","0","0","1","02474","0","","1.0","","2","N","N","","0","","0","0","0","","3","","","3","0","0","0","0","0","0","2","1","3","","","","N","","","","","","","","","",""
"2015000587","","1","0","0","0","0","0","0","0","0","7","0","","02","1","2015","7","40.398815","-80.096147","","11","0","0","0","0","0","0","0","0","","0","0","0","","","2","","2","","40 23:55.734","","0","80 05:46.129","4","0","0","0","2117","0","0","0","N","0","0","0","2","02117","2","","2.0","","2","N","N","","0","","0","0","0","","3","","","1","2","0","0","0","0","0","2","0","1","","","","N","","","","","","","","","",""
"2015000654","","0","0","0","0","0","0","0","0","0","7","0","","02","1","2015","7","40.501644","-80.064581","","11","0","0","0","0","0","0","0","0","","0","0","0","","","0","","2","","40 30:05.918","","0","80 03:52.491","0","0","0","0","2402","0","0","0","N","0","0","0","1","02402","0","","2.0","","2","N","N","","0","","0","0","1","","3","","","1","0","0","0","0","0","0","2","0","1","","","","N","","","","","","","","","",""
"2015023368","","0","0","0","0","0","0","0","0","0","1","0","","02","2","2015","6","40.425516","-79.908412","","11","0","0","0","0","0","1","0","0","","0","0","0","","","1","","0","","40 25:31.859","","0","79 54:30.282","4","0","0","0","2301","0","0","0","N","0","0","0","2","68B03","1","","1.0","","1","N","N","","1","","0","0","1","","0","","","2","1","0","0","0","0","0","2","0","2","","","","N","","","","","","","","","",""
"2015001969","","1","0","0","0","0","0","0","0","0","1","0","","02","1","2015","3","40.373883","-79.845029","","11","0","0","0","0","0","1","0","0","","0","0","0","","","0","","1","","40 22:25.980","","0","79 50:42.106","0","0","0","0","2303","0","0","0","N","0","0","0","2","02303","0","","1.0","","7","N","N","","0","","0","0","1","","2","","","2","0","0","0","0","0","0","2","0","2","","","","N","","","","","","","","","",""
"2015002033","","1","0","0","0","0","0","0","0","0","7","0","","02","1","2015","7","40.582047","-80.038076","","11","0","0","0","0","1","0","0","0","2","0","0","0","","","0","","0","","40 34:55.369","1","0","80 02:17.073","0","0","0","0","2108","0","0","0","N","0","0","0","2","02108","0","","2.0","","2","N","N","","0","","0","0","1","","0","N","","2","0","0","0","0","0","0","2","0","2","","","","N","","","","","","","","","",""
"2015022297","","3","0","0","0","0","0","0","0","0","1","0","","02","2","2015","6","40.45558","-79.966256","","11","0","0","0","0","0","1","1","0","","0","0","0","","","3","","5","","40 27:20.087","","0","79 57:58.521","3","0","0","0","2301","0","0","0","N","0","0","0","4","02301","2","","1.0","","2","N","N","","0","","1","0","0","","2","","","3","3","0","0","0","0","0","2","0","3","","","","N","","","","","","","","","",""
"2015023369","","1","0","0","0","0","0","0","0","0","4","0","","02","2","2015","6","40.426967","-79.919772","","11","0","0","0","0","0","0","0","0","","0","0","0","","","0","","0","","40 25:37.080","","4","79 55:11.179","9","0","0","0","2301","0","0","0","N","0","0","0","2","68B03","0","","1.0","","1","N","N","","0","","0","0","1","","0","","","2","0","0","0","0","0","1","2","0","2","","","","N","","","","","","","","","",""
"2015002034","","1","0","0","0","0","0","0","0","0","7","0","","02","1","2015","7","40.5988","-80.051711","","11","0","0","0","0","0","0","0","0","","0","0","0","","","0","","10","","40 35:55.680","","0","80 03:06.160","0","0","0","0","2108","0","0","0","N","0","0","0","2","02108","0","","2.0","","2","N","N","","0","","0","0","0","","0","","","1","0","0","0","0","0","0","2","0","1","","","","N","","","","","","","","","",""
"2015002966","","1","0","0","0","0","0","0","0","0","1","0","","02","1","2015","4","40.46966","-79.894832","","11","0","0","0","0","0","0","0","0","","0","0","0","","","1","","0","","40 28:10.776","","0","79 53:41.395","8","0","0","0","2301","0","0","0","N","0","0","0","1","02301","0","","1.0","","6","N","N","","0","","0","0","2","","0","","","3","1","0","0","0","1","0","2","0","3","","","","N","","","","","","","","","",""
"2015000656","","0","0","0","0","0","0","0","0","0","1","0","","02","1","2015","7","40.491868","-80.107947","","11","0","0","0","0","0","0","0","0","","0","0","0","","","0","","2","","40 29:30.724","","0","80 06:28.609","0","0","0","0","2126","0","0","0","N","0","0","0","2","02126","0","","1.0","","2","N","N","","0","","0","0","1","","0","","","2","0","0","0","0","0","0","2","0","2","","","","N","","","","","","","","","",""
"2015021640","","2","0","0","0","0","0","0","0","0","1","0","","02","2","2015","6","40.433202","-80.141483","","11","0","0","0","0","0","0","0","0","1","0","0","0","","","0","","0","","40 25:59.527","4","0","80 08:29.339","0","0","0","0","2115","0","0","0","N","0","0","0","2","68B03","0","","1.0","","1","N","N","","0","","0","0","0","","0","N","","2","0","0","0","0","0","0","2","0","2","","","","N","","","","","","","","","",""
"2015023370","","2","0","0","0","0","0","0","0","0","1","0","","02","2","2015","6","40.426967","-79.919772","","11","0","0","0","0","0","1","0","0","","0","0","0","","","0","","0","","40 25:37.080","","4","79 55:11.179","0","0","0","0","2301","0","0","0","N","0","0","0","2","68B03","0","","1.0","","1","N","N","","0","","0","0","0","","0","","","2","0","0","0","0","0","0","2","0","2","","","","N","","","","","","","","","",""
"2015000451","","1","0","0","0","0","0","0","0","0","4","0","","02","1","2015","5","40.383157","-79.827797","","11","0","0","0","0","0","1","0","0","","0","0","0","","","0","","1","","40 22:59.366","","0","79 49:40.068","0","0","0","0","2111","0","0","0","N","0","0","0","3","02111","0","","1.0","","1","N","N","","1","","0","0","0","","2","","","2","0","0","0","0","0","0","2","0","2","","","","N","","","","","","","","","",""
"2015002035","","1","0","0","0","0","0","0","0","0","1","0","","02","1","2015","1","40.456236","-80.165564","","11","0","0","0","0","0","0","0","0","","0","0","0","","","0","","0","","40 27:22.450","","0","80 09:56.030","0","0","0","0","2115","0","0","0","N","0","0","0","3","02115","0","","1.0","","1","N","N","","0","","0","0","1","","0","","","2","0","1","0","0","0","0","2","0","2","","","","N","","","","","","","","","",""
"2015021641","","2","0","0","0","0","0","0","0","0","1","0","55","02","2","2015","7","40.435541","-79.978596","","11","0","0","0","0","0","0","0","0","3","0","0","0","","","0","","0","","40 26:07.948","3","0","79 58:42.944","0","0","0","0","2301","0","0","0","N","0","0","0","3","68B03","0","","1.0","","7","N","N","","0","","0","0","1","","0","N","","3","0","0","0","0","0","0","2","0","3","","","Y","Y","2","1","N","N","N","Y","N","N","N",""
"2015023371","","2","0","0","0","0","0","0","0","0","1","0","","02","2","2015","6","40.426715","-79.918074","","11","0","0","0","0","0","0","0","0","","0","0","0","","","1","","0","","40 25:36.173","","4","79 55:05.065","4","0","0","0","2301","0","0","0","N","0","0","0","3","68B03","1","","1.0","","1","N","N","","0","","0","0","0","","0","","","2","1","0","0","0","0","0","2","0","2","","","","N","","","","","","","","","",""
"2015002968","","1","0","0","0","0","0","0","0","0","4","0","","02","1","2015","4","40.284126","-79.911185","","11","0","0","0","1","0","0","0","0","","0","0","0","","","1","","3","","40 17:02.852","","0","79 54:40.267","8","0","0","0","2440","0","0","0","N","0","0","0","2","02440","0","","1.0","","9","N","N","","1","","0","0","0","","0","","","2","1","0","0","0","1","0","2","0","2","","","","N","","","","","","","","","",""
"2015023308","","0","0","0","0","0","0","0","0","0","7","0","","02","2","2015","1","40.41017","-80.015931","","11","0","0","0","0","0","0","0","0","1","0","0","0","","","0","","0","","40 24:36.613","1","0","80 00:57.351","0","0","0","0","2301","0","0","0","N","0","0","0","1","02301","0","","2.0","","2","N","N","","1","","0","0","0","","0","N","","1","0","0","0","0","0","0","2","0","1","","","","N","","","","","","","","","",""
"2015021642","","2","0","0","0","0","0","0","0","0","7","0","","02","2","2015","2","40.517128","-80.126545","","11","0","0","0","0","0","2","0","0","1","0","0","0","","","1","","0","","40 31:01.661","2","0","80 07:35.562","8","0","0","0","2434","0","0","0","N","0","0","0","2","68B03","0","","2.0","","6","N","N","","0","","0","0","0","","0","N","","2","1","0","0","0","1","0","2","0","2","","","","N","","","","","","","","","",""
"2015023372","","3","0","0","0","0","0","0","0","0","4","0","","02","2","2015","6","40.427656","-79.924419","","11","0","0","0","0","0","1","1","0","1","0","0","0","","","0","","0","","40 25:39.561","3","4","79 55:27.907","0","0","0","0","2301","0","0","0","N","0","0","0","6","68B03","0","","1.0","","2","N","N","","0","","0","0","2","","0","N","","5","0","0","0","0","0","0","2","0","5","","","","N","","","","","","","","","",""
"2015000454","","2","0","0","0","0","0","0","0","0","1","0","","02","1","2015","6","40.382224","-79.810788","","11","0","0","0","0","0","1","0","0","","0","0","0","","","0","","2","","40 22:56.006","","0","79 48:38.836","0","0","0","0","2424","0","0","0","N","0","0","0","2","02424","0","","1.0","","1","N","N","","0","","0","0","0","","2","","","2","0","2","0","0","0","0","2","0","2","","","","N","","","","","","","","","",""
"2015000592","","0","0","0","0","0","0","0","0","0","7","0","","02","1","2015","6","40.543543","-80.186283","","11","0","0","0","0","0","0","0","0","1","0","0","0","","","0","","0","","40 32:36.753","2","0","80 11:10.618","0","0","0","0","2303","0","0","0","N","0","0","0","1","02303","0","","2.0","","1","N","N","","0","","0","0","1","","0","N","","1","0","0","0","0","0","0","2","0","1","","","","N","","","","","","","","","",""
"2015000593","","2","0","0","0","0","0","0","0","0","1","0","","02","1","2015","7","40.391337","-79.934123","","11","0","0","0","0","0","2","0","0","","0","0","0","","","0","","0","","40 23:28.813","","0","79 56:02.842","0","0","0","0","2301","0","0","0","N","0","0","0","3","02301","0","","1.0","","2","N","N","","0","","0","0","0","","0","","","2","0","0","0","0","0","0","2","0","2","","","","N","","","","","","","","","",""
"2015001379","","1","0","0","0","0","0","0","0","0","7","0","","02","1","2015","2","40.483581","-79.944231","","11","0","0","0","0","0","0","0","0","3","0","0","0","","","0","","0","","40 29:00.890","1","0","79 56:39.230","0","0","0","0","2301","0","0","0","N","0","0","0","1","02301","0","","5.0","","2","N","N","","0","","0","0","0","","0","N","","1","0","0","0","0","0","0","2","0","1","","","","N","","","","","","","","","",""
"2015000458","","3","0","0","0","0","0","0","0","0","5","0","","02","1","2015","6","40.483733","-80.045189","","11","0","0","0","0","0","0","0","0","2","0","0","0","","","1","","0","","40 29:01.440","1","0","80 02:42.680","4","0","0","0","2301","0","0","0","N","0","0","0","1","02301","1","","1.0","","1","N","N","","0","","0","0","1","","0","Y","","5","1","0","0","0","0","0","2","1","5","","","","N","","","","","","","","","",""
"2015001249","","0","0","0","0","0","0","0","0","0","7","0","","02","1","2015","7","40.318481","-79.785533","","11","0","0","0","0","0","0","0","0","","0","0","0","","","1","","2","","40 19:06.531","","0","79 47:07.918","8","0","0","0","2477","0","0","0","","0","0","0","1","02477","0","","2.0","","2","N","N","","0","","0","0","1","","3","","","1","1","0","0","0","1","0","2","0","1","","","","N","","","","","","","","","",""
"2015002056","","2","0","0","0","0","0","0","0","0","6","0","","02","1","2015","3","40.384194","-79.994198","","11","0","0","0","0","0","0","1","0","","0","0","0","","","0","","0","","40 23:03.098","","0","79 59:39.112","0","0","0","0","2301","0","0","0","N","0","0","0","2","02301","0","","1.0","","7","N","N","","0","","0","0","0","","0","","","3","0","0","0","0","0","0","2","1","3","","","","N","","","","","","","","","",""