"CRN","ARRIVAL_TM","AUTOMOBILE_COUNT","BELTED_DEATH_COUNT","BELTED_SUSP_SERIOUS_INJ_COUNT","BICYCLE_COUNT","BICYCLE_DEATH_COUNT","BICYCLE_SUSP_SERIOUS_INJ_COUNT","BUS_COUNT","CHLDPAS_DEATH_COUNT","CHLDPAS_SUSP_SERIOUS_INJ_COUNT","COLLISION_TYPE","COMM_VEH_COUNT","CONS_ZONE_SPD_LIM","COUNTY","CRASH_MONTH","CRASH_YEAR","DAY_OF_WEEK","DEC_LATITUDE","DEC_LONGITUDE","DISPATCH_TM","DISTRICT","DRIVER_COUNT_16YR","DRIVER_COUNT_17YR","DRIVER_COUNT_18YR","DRIVER_COUNT_19YR","DRIVER_COUNT_20YR","DRIVER_COUNT_50_64YR","DRIVER_COUNT_65_74YR","DRIVER_COUNT_75PLUS","EST_HRS_CLOSED","FATAL_COUNT","HEAVY_TRUCK_COUNT","HORSE_BUGGY_COUNT","HOUR_OF_DAY","ILLUMINATION","INJURY_COUNT","INTERSECTION_RELATED","INTERSECT_TYPE","LANE_CLOSED","LATITUDE","LN_CLOSE_DIR","LOCATION_TYPE","LONGITUDE","MAX_SEVERITY_LEVEL","MCYCLE_DEATH_COUNT","MCYCLE_SUSP_SERIOUS_INJ_COUNT","MOTORCYCLE_COUNT","MUNICIPALITY","NONMOTR_COUNT","NONMOTR_DEATH_COUNT","NONMOTR_SUSP_SERIOUS_INJ_COUNT","NTFY_HIWY_MAINT","PED_COUNT","PED_DEATH_COUNT","PED_SUSP_SERIOUS_INJ_COUNT","PERSON_COUNT","POLICE_AGCY","POSSIBLE_INJ_COUNT","RDWY_SURF_TYPE_CD","RELATION_TO_ROAD","ROADWAY_CLEARED","ROAD_CONDITION","SCH_BUS_IND","SCH_ZONE_IND","SECONDARY_CRASH","SMALL_TRUCK_COUNT","SPEC_JURIS_CD","SUSP_MINOR_INJ_COUNT","SUSP_SERIOUS_INJ_COUNT","SUV_COUNT","TCD_FUNC_CD","TCD_TYPE","TFC_DETOUR_IND","TIME_OF_DAY","TOTAL_UNITS","TOT_INJ_COUNT","UNBELTED_OCC_COUNT","UNB_DEATH_COUNT","UNB_SUSP_SERIOUS_INJ_COUNT","UNK_INJ_DEG_COUNT","UNK_INJ_PER_COUNT","URBAN_RURAL","VAN_COUNT","VEHICLE_COUNT","WEATHER1","WEATHER2","WORKERS_PRES","WORK_ZONE_IND","WORK_ZONE_LOC","WORK_ZONE_TYPE","WZ_CLOSE_DETOUR","WZ_FLAGGER","WZ_LAW_OFFCR_IND","WZ_LN_CLOSURE","WZ_MOVING","WZ_OTHER","WZ_SHLDER_MDN","WZ_WORKERS_INJ_KILLED"
"2015007302","","1","0","0","0","0","0","0","0","0","7","0","","02","1","2015","7","40.458666","-79.998344","","11","0","0","0","0","0","0","0","1","1","0","0","0","","","1","","2","","40 27:31.197","1","0","79 59:54.038","4","0","0","0","2301","0","0","0","N","0","0","0","1","02301","1","","3.0","","1","N","N","","0","","0","0","0","","0","Y","","1","1","0","0","0","0","0","2","0","1","","","","N","","","","","","","","","",""
"2015007373","","1","0","0","0","0","0","0","0","0","1","0","","02","1","2015","7","40.470094","-79.822921","","11","0","0","0","0","0","1","1","0","1","0","0","0","","","0","","2","","40 28:12.339","6","0","79 49:22.517","0","0","0","0","2113","0","0","0","N","0","0","0","3","02113","0","","1.0","","1","N","N","","0","","0","0","1","","0","Y","","2","0","0","0","0","0","0","2","0","2","","","","N","","","","","","","","","",""
"2015001062","","1","0","0","0","0","0","0","0","0","7","0","","02","1","2015","7","40.353661","-79.93928","","11","0","0","0","0","0","0","0","0","4","0","0","0","","","1","","0","","40 21:13.178","1","0","79 56:21.408","4","0","0","0","2473","0","0","0","N","0","0","0","1","02473","1","","4.0","","2","N","N","","0","","0","0","0","","0","N","","1","1","0","0","0","0","0","2","0","1","","","","N","","","","","","","","","",""
"2015002619","","1","0","0","0","0","0","0","0","0","7","0","","02","1","2015","3","40.556231","-80.15935","","11","0","0","0","0","0","1","0","0","","0","0","0","","","1","","0","","40 33:22.431","","0","80 09:33.660","4","0","0","0","2459","0","0","0","N","0","0","0","1","02459","1","","4.0","","7","N","N","","0","","0","0","0","","0","","","1","1","0","0","0","0","0","1","0","1","","","","N","","","","","","","","","",""
"2015008735","","1","0","0","0","0","0","0","0","0","4","0","","02","1","2015","3","40.510473","-79.770363","","11","1","0","1","0","0","0","0","0","1","0","0","0","","","0","","0","","40 30:37.702","4","0","79 46:13.306","0","0","0","0","2466","0","0","0","N","0","0","0","3","02466","0","","1.0","","7","N","N","","0","","0","0","1","","0","N","","2","0","0","0","0","0","0","2","0","2","","","","N","","","","","","","","","",""
"2015007375","","2","0","0","0","0","0","0","0","0","5","0","","02","1","2015","7","40.486283","-80.054084","","11","0","0","0","0","1","0","0","0","1","0","0","0","","","1","","2","","40 29:10.618","2","0","80 03:14.703","4","0","0","0","2404","0","0","0","N","0","0","0","2","02404","1","","1.0","","1","N","N","","0","","0","0","0","","0","N","","2","1","0","0","0","0","0","2","0","2","","","","N","","","","","","","","","",""
"2015007376","","1","0","0","0","0","0","0","0","0","8","0","","02","1","2015","7","40.397684","-79.769298","","11","0","0","0","0","0","0","0","0","1","0","0","0","","","1","","0","","40 23:51.662","1","0","79 46:09.473","8","0","0","0","2446","1","0","0","N","1","0","0","2","02446","0","","1.0","","1","N","N","","0","","0","0","0","","0","Y","","2","1","0","0","0","1","0","2","0","1","","","","N","","","","","","","","","",""
"2015008944","","0","0","0","0","0","0","0","0","0","7","0","","02","1","2015","4","40.436762","-80.025895","","11","0","0","0","0","0","0","0","0","2","0","0","0","","","1","","0","","40 26:12.343","7","0","80 01:33.221","4","0","0","0","2301","0","0","0","N","0","0","0","2","02301","1","","5.0","","7","N","N","","0","","0","0","1","","0","Y","","1","1","1","0","0","0","0","2","0","1","","","","N","","","","","","","","","",""
"2015007539","","1","0","0","0","0","0","0","0","0","1","0","","02","1","2015","7","40.438869","-79.760496","","11","0","0","0","0","0","0","0","0","","0","0","0","","","0","","2","","40 26:19.929","","0","79 45:37.786","0","0","0","0","2446","0","0","0","N","0","0","0","4","02446","0","","1.0","","1","N","N","","0","","0","0","0","","0","","","3","0","0","0","0","0","0","2","1","2","","","","N","","","","","","","","","",""
"2015006819","","1","0","0","0","0","0","0","0","0","1","0","","02","1","2015","5","40.673005","-80.098302","","11","0","0","1","0","0","0","0","0","","0","0","0","","","1","","0","","40 40:22.819","","0","80 05:53.887","8","0","0","0","2212","0","0","0","N","0","0","0","2","02505","0","","1.0","","1","N","N","","0","","0","0","1","","2","","","2","1","0","0","0","1","0","2","0","2","","","","N","","","","","","","","","",""
"2015006900","","1","0","0","0","0","0","0","0","0","7","0","","02","1","2015","7","40.653754","-79.725081","","11","0","0","0","0","0","0","0","0","","0","0","0","","","0","","0","","40 39:13.514","","3","79 43:30.290","0","0","0","0","2106","0","0","0","N","0","0","0","1","68D02","0","","5.0","","7","N","N","","0","","0","0","0","","0","","","1","0","0","0","0","0","0","2","0","1","","","","N","","","","","","","","","",""
"2015007745","","2","0","0","0","0","0","0","0","0","1","0","","02","1","2015","3","40.378489","-80.096562","","11","0","0","0","0","0","2","0","0","2","0","0","0","","","1","","0","","40 22:42.562","2","0","80 05:47.624","8","0","0","0","2102","0","0","0","N","0","0","0","3","02102","0","","1.0","","9","N","N","","0","","0","0","1","","0","N","","3","1","0","0","0","1","0","2","0","3","","","","N","","","","","","","","","",""
"2015007028","","1","0","0","0","0","0","0","0","0","1","0","","02","1","2015","5","40.4512","-79.925784","","11","0","0","0","0","0","1","0","0","2","0","0","0","","","1","","2","","40 27:04.320","3","0","79 55:32.822","8","0","0","0","2301","0","0","0","N","0","0","0","3","02301","0","","1.0","","1","N","N","","0","","0","0","1","","0","N","","2","1","0","0","0","1","0","2","0","2","","","","N","","","","","","","","","",""
"2015007461","","2","0","0","0","0","0","0","0","0","1","0","","02","1","2015","5","40.523943","-80.071525","","11","0","0","0","0","0","1","0","1","","0","0","0","","","1","","7","","40 31:26.195","","0","80 04:17.489","4","0","0","0","2215","0","0","0","N","0","0","0","2","02215","1","","1.0","","1","N","N","","0","","0","0","0","","4","","","2","1","0","0","0","0","0","2","0","2","","","","N","","","","","","","","","",""
"2015007528","","1","0","0","0","0","0","0","0","0","4","0","","02","1","2015","6","40.496131","-79.976872","","11","0","0","0","0","0","0","0","0","1","0","0","0","","","0","","1","","40 29:46.072","7","0","79 58:36.740","0","0","0","0","2118","0","0","0","N","0","0","0","3","02118","0","","1.0","","1","N","N","","1","","0","0","1","","3","Y","","3","0","0","0","0","0","0","2","0","3","","","","N","","","","","","","","","",""
"2015007541","","1","0","0","0","0","0","0","0","0","0","0","","02","1","2015","7","40.391172","-79.980944","","11","0","0","0","0","0","1","0","0","","0","0","0","","","1","","10","","40 23:28.220","","0","79 58:51.400","8","0","0","0","2301","0","0","0","N","0","0","0","1","02301","0","","1.0","","1","N","N","","0","","0","0","0","","0","","","1","1","0","0","0","1","0","2","0","1","","","","N","","","","","","","","","",""
"2015006821","","2","0","0","0","0","0","0","0","0","4","0","","02","1","2015","4","40.445435","-79.765184","","11","0","0","0","0","0","0","0","0","2","0","0","0","","","1","","0","","40 26:43.566","3","0","79 45:54.662","8","0","0","0","2446","0","0","0","N","0","0","0","3","02446","0","","1.0","","1","N","N","","0","","0","0","0","","0","Y","","2","1","0","0","0","1","0","2","0","2","","","","N","","","","","","","","","",""
"2015006964","","0","0","0","0","0","0","0","0","0","7","0","","02","1","2015","5","40.495959","-80.006514","","11","0","0","0","0","0","0","0","1","1","0","0","0","","","1","","0","","40 29:45.452","3","0","80 00:23.450","3","0","0","0","2301","0","0","0","N","0","0","0","1","02301","0","","5.0","","1","N","N","","0","","1","0","1","","0","Y","","1","1","1","0","0","0","0","2","0","1","","","","N","","","","","","","","","",""
"2015007463","","0","0","0","0","0","0","0","0","0","7","0","","02","1","2015","7","40.591806","-79.854153","","11","0","0","0","0","0","0","0","0","","0","0","0","","","0","","0","","40 35:30.500","","0","79 51:14.950","0","0","0","0","2209","0","0","0","","0","0","0","1","02209","0","","4.0","","1","","","","0","","0","0","1","","9","","","1","0","0","0","0","0","0","1","0","1","","","","N","","","","","","","","","",""
"2015008949","","1","0","0","0","0","0","0","0","0","7","0","","02","1","2015","4","40.41565","-79.978521","","11","0","0","0","0","0","1","0","0","","0","0","0","","","1","","0","","40 24:56.340","","0","79 58:42.674","8","0","0","0","2301","0","0","0","N","0","0","0","1","02301","0","","2.0","","2","N","N","","0","","0","0","0","","0","","","1","1","0","0","0","1","0","2","0","1","","","","N","","","","","","","","","",""
"2015008348","","1","0","0","0","0","0","0","0","0","7","0","","02","1","2015","2","40.422322","-79.988398","","11","0","0","0","0","0","0","0","0","","0","0","0","","","0","","0","","40 25:20.359","","0","79 59:18.234","0","0","0","0","2301","0","0","0","N","0","0","0","1","02301","0","","5.0","","2","N","N","","0","","0","0","0","","0","","","1","0","0","0","0","0","0","2","0","1","","","","N","","","","","","","","","",""
"2015008950","","0","0","0","0","0","0","0","0","0","4","0","","02","1","2015","4","40.402139","-79.995664","","11","0","0","0","0","0","0","0","0","","0","0","0","","","0","","0","","40 24:07.700","","0","79 59:44.390","0","0","0","0","2301","0","0","0","N","0","0","0","1","02301","0","","6.0","","7","N","N","","1","","0","0","1","","0","","","2","0","0","0","0","0","0","2","0","2","","","","N","","","","","","","","","",""
"2015008951","","1","0","0","0","0","0","0","0","0","7","0","","02","1","2015","4","40.462306","-79.821294","","11","0","0","0","1","0","0","0","0","1","0","0","0","","","0","","0","","40 27:44.300","5","0","79 49:16.660","0","0","0","0","2113","0","0","0","Y","0","0","0","1","02113","0","","5.0","","2","N","N","","0","","0","0","0","","0","N","","1","0","0","0","0","0","0","2","0","1","","","","N","","","","","","","","","",""
"2015008556","","1","0","0","0","0","0","0","0","0","7","0","","02","1","2015","2","40.447926","-80.162439","","11","0","0","0","0","0","0","0","0","","0","0","0","","","0","","1","","40 26:52.534","","0","80 09:44.781","0","0","0","0","2115","0","0","0","Y","0","0","0","1","02115","0","","4.0","","9","N","N","","0","","0","0","0","","2","","","1","0","0","0","0","0","0","2","0","1","","","","N","","","","","","","","","",""
"2015009085","","2","0","0","0","0","0","0","0","0","4","0","","02","1","2015","4","40.481965","-80.04165","","11","0","0","0","0","0","1","0","0","","0","0","0","","","0","","5","","40 28:55.074","","0","80 02:29.940","0","0","0","0","2301","0","0","0","N","0","0","0","2","02301","0","","1.0","","9","N","N","","0","","0","0","0","","2","","","2","0","0","0","0","0","0","2","0","2","","","","N","","","","","","","","","",""
"2015006832","","2","0","0","0","0","0","0","0","0","5","0","","02","1","2015","5","40.272211","-79.887482","","11","0","0","0","0","0","0","0","0","","0","0","0","","","0","","0","","40 16:19.958","","0","79 53:14.935","0","0","0","0","2428","0","0","0","N","0","0","0","2","02428","0","","4.0","","1","N","N","","0","","0","0","0","","0","","","2","0","0","0","0","0","0","2","0","2","","","","N","","","","","","","","","",""
"2015007752","","0","0","0","0","0","0","0","0","0","6","0","","02","1","2015","1","40.289895","-79.837269","","11","0","0","0","0","0","0","2","0","2","0","0","0","","","4","","2","","40 17:23.621","7","0","79 50:14.168","8","0","0","0","2443","0","0","0","N","0","0","0","4","02443","0","","1.0","","1","N","N","","0","","0","0","1","","0","Y","","2","4","0","0","0","4","0","1","1","2","","","","N","","","","","","","","","",""
"2015007479","","2","0","0","0","0","0","0","0","0","1","0","","02","1","2015","1","40.317118","-79.88957","","11","0","0","0","0","0","0","0","0","","0","0","0","","","0","","2","","40 19:01.626","","0","79 53:22.453","0","0","0","0","2433","0","0","0","N","0","0","0","2","02433","0","","1.0","","1","N","N","","0","","0","0","0","","3","","","2","0","0","0","0","0","0","2","0","2","","","","N","","","","","","","","","",""
"2015007548","","0","0","0","0","0","0","0","0","0","4","0","","02","1","2015","6","40.368182","-80.103353","","11","0","0","0","1","0","0","0","0","","0","0","0","","","0","","2","","40 22:05.455","","0","80 06:12.070","0","0","0","0","2102","0","0","0","N","0","0","0","6","02102","0","","1.0","","1","N","N","","1","","0","0","1","","2","","","2","0","2","0","0","0","0","2","0","2","","","","N","","","","","","","","","",""
"2015006833","","2","0","0","0","0","0","0","0","0","0","0","","02","1","2015","5","40.417656","-79.986476","","11","0","0","0","0","0","0","0","0","","0","0","0","","","0","","1","","40 25:03.561","","0","79 59:11.313","0","0","0","0","2301","0","0","0","","0","0","0","2","02301","0","","1.0","","1","","","","0","","0","0","0","","0","","","2","0","0","0","0","0","0","2","0","2","","","","N","","","","","","","","","",""
"2015006970","","1","0","0","0","0","0","0","0","0","1","0","","02","1","2015","5","40.484956","-79.817625","","11","0","0","0","0","0","1","0","0","3","0","0","0","","","0","","0","","40 29:05.841","3","0","79 49:03.449","0","0","0","0","2113","0","0","0","N","0","0","0","2","02113","0","","1.0","","1","N","N","","0","","0","0","1","","0","N","","2","0","0","0","0","0","0","2","0","2","","","","N","","","","","","","","","",""
"2015007481","","2","0","0","0","0","0","0","0","0","1","0","","02","1","2015","7","40.413056","","","11","0","0","0","0","0","0","0","0","1","0","0","0","","","1","","0","","40 24:47.000","2","0","79 46:60.000","8","0","0","0","2446","0","0","0","N","0","0","0","4","02446","0","","1.0","","1","N","N","","0","","0","0","0","","0","N","","2","1","0","0","0","1","0","2","0","2","","","","N","","","","","","","","","",""
"2015008955","","1","0","0","0","0","0","0","0","0","7","0","","02","1","2015","4","40.485363","-80.009545","","11","0","0","0","0","0","0","0","0","","0","0","0","","","0","","1","","40 29:07.307","","0","80 00:34.363","0","0","0","0","2301","0","0","0","N","0","0","0","2","02301","0","","4.0","","6","N","N","","1","","0","0","0","","2","","","2","0","0","0","0","0","0","2","0","2","","","","N","","","","","","","","","",""
"2015006835","","2","0","0","0","0","0","0","0","0","1","0","","02","1","2015","5","40.458808","-79.957328","","11","0","0","0","0","0","1","0","0","","0","0","0","","","1","","0","","40 27:31.708","","0","79 57:26.380","8","0","0","0","2301","0","0","0","N","0","0","0","2","02301","0","","1.0","","1","N","N","","0","","0","0","0","","0","","","2","1","0","0","0","1","0","2","0","2","","","","N","","","","","","","","","",""
"2015007691","","1","0","0","0","0","0","0","0","0","7","0","","02","1","2015","1","40.447389","-80.210284","","11","0","0","0","0","0","0","0","0","2","0","0","0","","","0","","0","","40 26:50.600","1","0","80 12:37.022","0","0","0","0","2214","0","0","0","N","0","0","0","1","02214","0","","5.0","","9","N","N","","0","","0","0","0","","0","N","","1","0","0","0","0","0","0","2","0","1","","","","N","","","","","","","","","",""
"2015008357","","2","0","0","0","0","0","0","0","0","1","0","","02","1","2015","3","40.488489","-79.922897","","11","0","0","0","0","0","0","0","0","2","0","0","0","","","1","","0","","40 29:18.562","5","0","79 55:22.429","4","0","0","0","2301","0","0","0","N","0","0","0","3","02301","1","","6.0","","1","N","N","","0","","0","0","1","","0","Y","","4","1","3","0","0","0","2","2","1","4","","","","N","","","","","","","","","",""
"2015006986","","0","0","0","0","0","0","0","0","0","4","0","","02","1","2015","6","40.403968","-80.090516","","11","0","0","0","0","0","1","0","0","","0","0","0","","","0","","1","","40 24:14.286","","0","80 05:25.857","0","0","0","0","2415","0","0","0","N","0","0","0","4","02415","0","","1.0","","1","N","N","","0","","0","0","0","","3","","","2","0","0","0","0","0","0","2","2","2","","","","N","","","","","","","","","",""
"2015006841","","0","0","0","0","0","0","0","0","0","7","0","","02","1","2015","4","40.549719","-79.959331","","11","0","0","0","0","0","1","0","0","2","0","0","0","","","0","","0","","40 32:58.989","6","0","79 57:33.590","0","0","0","0","2118","0","0","0","N","0","0","0","1","02118","0","","5.0","","2","N","N","","1","","0","0","0","","0","Y","","1","0","0","0","0","0","0","2","0","1","","","","N","","","","","","","","","",""
"2015006842","","1","0","0","0","0","0","0","0","0","6","0","","02","1","2015","7","40.299986","-79.894775","","11","0","0","0","0","0","1","0","0","3","0","0","0","","","0","","0","","40 17:59.950","1","3","79 53:41.190","0","0","0","0","2302","0","0","0","N","0","0","0","2","02302","0","","1.0","","2","N","N","","0","","0","0","1","","0","N","","2","0","0","0","0","0","0","2","0","2","","","","N","","","","","","","","","",""
"2015006157","","2","0","0","0","0","0","0","0","0","4","0","","02","1","2015","5","40.461363","-79.725578","","11","0","0","0","0","0","0","0","0","","0","0","0","","","0","","0","","40 27:40.906","","0","79 43:32.082","0","0","0","0","2466","0","0","0","N","0","0","0","2","02466","0","","1.0","","1","N","N","","0","","0","0","0","","3","","","2","0","0","0","0","0","0","2","0","2","","","","N","","","","","","","","","",""
"2015008499","","2","0","0","0","0","0","0","0","0","5","0","","02","1","2015","2","40.49901","-80.071211","","11","0","0","0","0","0","1","0","0","1","0","0","0","","","0","","0","","40 29:56.435","5","3","80 04:16.360","0","0","0","0","2402","0","0","0","N","0","0","0","2","02402","0","","1.0","","1","N","N","","0","","0","0","0","","0","N","","2","0","0","0","0","0","0","2","0","2","","","","N","","","","","","","","","",""
"2015006856","","1","0","0","0","0","0","0","0","0","4","1","","02","1","2015","6","40.435991","-79.994591","","11","0","0","0","0","0","0","0","0","","0","0","0","","","1","","7","","40 26:09.568","","2","79 59:40.527","4","0","0","0","2301","0","0","0","N","0","0","0","4","02301","1","","1.0","","1","N","N","","0","","0","0","0","","2","","","2","1","1","0","0","0","0","2","0","2","","","","N","","","","","","","","","",""
"2015006978","","1","0","0","0","0","0","0","0","0","1","0","","02","1","2015","6","40.444706","-79.946592","","11","0","0","0","0","0","1","0","0","","0","0","0","","","0","","0","","40 26:40.940","","0","79 56:47.730","9","0","0","0","2301","0","0","0","N","0","0","0","2","02301","0","","1.0","","1","N","N","","0","","0","0","1","","0","","","2","0","0","0","0","0","1","2","0","2","","","","N","","","","","","","","","",""
"2015006994","","2","0","0","0","0","0","0","0","0","4","0","","02","1","2015","5","40.604508","-80.050604","","11","0","1","0","0","0","1","0","0","1","0","0","0","","","1","","2","","40 36:16.228","2","0","80 03:02.174","8","0","0","0","2108","0","0","0","N","0","0","0","3","02108","0","","1.0","","1","N","N","","0","","0","0","0","","2","N","","2","1","0","0","0","1","0","2","0","2","","","","N","","","","","","","","","",""
"2015007064","","2","0","0","0","0","0","0","0","0","7","0","","02","1","2015","5","40.509944","-79.797675","","11","0","0","0","0","0","0","0","0","3","0","0","0","","","0","","0","","40 30:35.797","1","0","79 47:51.631","9","0","0","0","2113","0","0","0","N","0","0","0","2","02113","0","","5.0","","2","N","N","","0","","0","0","0","","0","Y","","2","0","0","0","0","0","1","2","0","2","","","","N","","","","","","","","","",""
"2015007489","","0","0","0","0","0","0","0","0","0","7","0","","02","1","2015","7","40.288838","-79.835757","","11","0","0","0","0","0","0","0","0","3","0","0","0","","","1","","0","","40 17:19.818","5","0","79 50:08.726","8","0","0","0","2105","0","0","0","N","0","0","0","1","02105","0","","4.0","","1","N","N","","1","","0","0","0","","0","Y","","1","1","0","0","0","1","0","2","0","1","","","","N","","","","","","","","","",""
"2015006844","","1","0","0","0","0","0","0","0","0","4","0","","02","1","2015","5","40.410966","-80.006048","","11","0","0","1","0","0","1","0","0","1","0","0","0","","","0","","2","","40 24:39.476","2","0","80 00:21.772","0","0","0","0","2301","0","0","0","N","0","0","0","3","02301","0","","1.0","","1","N","N","","1","","0","0","0","","2","N","","2","0","0","0","0","0","0","2","0","2","","","","N","","","","","","","","","",""
"2015006857","","0","0","0","0","0","0","0","0","0","7","0","40","02","1","2015","5","40.378583","-79.992864","","11","0","0","0","0","0","0","0","0","2","0","0","0","","","0","","2","","40 22:42.898","1","0","79 59:34.311","0","0","0","0","2301","0","0","0","N","0","0","0","1","02301","0","","4.0","","2","N","N","","0","","0","0","1","","2","N","","1","0","0","0","0","0","0","2","0","1","","","N","Y","3","1","","","N","","","Y","",""
"2015008501","","1","0","0","0","0","0","0","0","0","4","0","","02","1","2015","3","40.464976","-79.919877","","11","0","0","0","0","0","1","0","0","1","0","0","0","","","3","","1","","40 27:53.913","6","0","79 55:11.557","4","0","0","0","2301","0","0","0","N","0","0","0","5","02301","3","","1.0","","1","N","N","","0","","0","0","1","","2","Y","","2","3","0","0","0","0","0","2","0","2","","","","N","","","","","","","","","",""
"2015007762","","2","0","0","0","0","0","0","0","0","5","0","","02","1","2015","6","40.431869","-79.889453","","11","0","0","0","0","0","0","0","0","2","0","0","0","","","1","","0","","40 25:54.727","6","0","79 53:22.031","4","0","0","0","2426","0","0","0","N","0","0","0","1","02426","1","","1.0","","1","N","N","","0","","0","0","0","","0","N","","2","1","0","0","0","0","0","2","0","2","","","","N","","","","","","","","","",""
"2015006995","","0","0","0","0","0","0","0","0","0","4","1","","02","1","2015","4","40.440003","-80.083853","","11","0","1","0","0","0","0","0","0","2","0","1","0","","","0","","3","","40 26:24.012","3","0","80 05:01.871","0","0","0","0","2115","0","0","0","N","0","0","0","2","02115","0","","1.0","","1","N","N","","0","","0","0","1","","3","N","","2","0","0","0","0","0","0","2","0","2","","","","N","","","","","","","","","",""
"2015007067","","1","0","0","0","0","0","0","0","0","4","0","","02","1","2015","6","40.452449","-79.904555","","11","0","0","0","0","0","1","0","0","","0","0","0","","","0","","1","","40 27:08.816","","0","79 54:16.398","0","0","0","0","2301","0","0","0","N","0","0","0","2","02301","0","","1.0","","1","N","N","","0","","0","0","1","","3","","","2","0","1","0","0","0","0","2","0","2","","","","N","","","","","","","","","",""
"2015006365","","0","0","0","0","0","0","0","0","0","1","0","","02","1","2015","5","40.445612","-79.998636","","11","0","0","0","0","0","0","0","0","2","0","0","0","","","3","","5","","40 26:44.203","3","1","79 59:55.088","8","0","0","0","2301","0","0","0","N","0","0","0","3","02301","0","","1.0","","1","N","N","","0","","0","0","2","","2","N","","2","3","0","0","0","3","0","2","0","2","","","","N","","","","","","","","","",""
"2015008502","","1","0","0","0","0","0","0","0","0","4","0","","02","1","2015","5","40.5034","-80.025118","","11","0","0","0","0","0","1","0","0","2","0","0","0","","","0","","1","","40 30:12.241","4","0","80 01:30.426","0","0","0","0","2116","0","0","0","N","0","0","0","2","02116","0","","1.0","","1","N","N","","1","","0","0","0","","2","N","","2","0","1","0","0","0","0","2","0","2","","","","N","","","","","","","","","",""
"2015007763","","2","0","0","0","0","0","0","0","0","4","0","","02","1","2015","5","40.426394","-79.889766","","11","0","0","0","0","0","0","0","0","","0","0","0","","","0","","2","","40 25:35.017","","0","79 53:23.159","0","0","0","0","2426","0","0","0","N","0","0","0","3","02426","0","","1.0","","1","N","N","","0","","0","0","1","","2","","","3","0","0","0","0","0","0","2","0","3","","","","N","","","","","","","","","",""
"2015008582","","1","0","0","0","0","0","0","0","0","8","0","","02","1","2015","3","40.465461","-80.061086","","11","0","0","0","0","0","0","0","0","1","0","0","0","","","1","","0","","40 27:55.659","4","0","80 03:39.910","3","0","0","0","2444","1","0","0","N","1","0","0","2","02444","0","","1.0","","1","N","N","","0","","1","0","0","","2","N","","2","1","0","0","0","0","0","2","0","1","","","","N","","","","","","","","","",""
"2015007068","","1","0","0","0","0","0","0","0","0","7","0","","02","1","2015","6","40.602458","-79.831437","","11","0","0","0","0","0","0","0","0","","0","0","0","","","0","","0","","40 36:08.847","","0","79 49:53.174","0","0","0","0","2220","0","0","0","N","0","0","0","1","02220","0","","2.0","","1","N","N","","0","","0","0","0","","0","","","1","0","0","0","0","0","0","2","0","1","","","","N","","","","","","","","","",""
"2015007491","","0","0","0","0","0","0","0","0","0","4","0","","02","1","2015","1","40.459824","-79.971302","","11","0","0","0","0","0","0","0","0","","0","0","0","","","0","","1","","40 27:35.367","","0","79 58:16.686","0","0","0","0","2301","0","0","0","N","0","0","0","5","02301","0","","1.0","","1","N","N","","0","","0","0","2","","0","","","2","0","0","0","0","0","0","2","0","2","","","","N","","","","","","","","","",""
"2015006859","","1","0","0","0","0","0","0","0","0","6","0","","02","1","2015","6","40.465244","-79.839127","","11","0","0","0","0","0","0","0","1","3","0","0","0","","","3","","0","","40 27:54.880","6","0","79 50:20.857","3","0","0","0","2113","0","0","0","N","0","0","0","3","02113","2","","1.0","","1","N","N","","0","","1","0","1","","0","Y","","2","3","0","0","0","0","0","2","0","2","","","","N","","","","","","","","","",""
"2015006161","","2","0","0","0","0","0","0","0","0","4","0","","02","1","2015","4","40.448566","-80.062861","","11","0","0","0","0","0","0","1","1","","0","0","0","","","1","","1","","40 26:54.837","","0","80 03:46.299","8","0","0","0","2301","0","0","0","N","0","0","0","2","02301","0","","1.0","","1","N","N","","0","","0","0","0","","3","","","2","1","0","0","0","1","0","2","0","2","","","","N","","","","","","","","","",""
"2015008503","","1","0","0","0","0","0","0","0","0","7","0","","02","1","2015","6","40.386964","-79.832402","","11","0","0","0","0","0","0","0","0","1","0","0","0","","","0","","0","","40 23:13.070","1","0","79 49:56.647","0","0","0","0","2111","0","0","0","N","0","0","0","1","02111","0","","5.0","","1","N","N","","0","","0","0","0","","0","N","","1","0","0","0","0","0","0","2","0","1","","","","N","","","","","","","","","",""
"2015006982","","0","0","0","0","0","0","0","0","0","7","0","","02","1","2015","6","40.377274","-79.914925","","11","0","0","0","0","0","0","0","0","","0","0","0","","","0","","0","","40 22:38.188","","0","79 54:53.730","0","0","0","0","2301","0","0","0","N","0","0","0","2","02301","0","","4.0","","2","N","N","","1","","0","0","0","","0","","","1","0","0","0","0","0","0","2","0","1","","","","N","","","","","","","","","",""
"2015006297","","1","0","0","0","0","0","0","0","0","4","0","","02","1","2015","3","40.349421","-79.818716","","11","0","0","0","0","0","0","0","1","","0","0","0","","","0","","1","","40 20:57.916","","0","79 49:07.379","0","0","0","0","2477","0","0","0","N","0","0","0","2","02477","0","","1.0","","1","N","N","","0","","0","0","1","","3","","","2","0","0","0","0","0","0","2","0","2","","","","N","","","","","","","","","",""