"CRN","ARRIVAL_TM","AUTOMOBILE_COUNT","BELTED_DEATH_COUNT","BELTED_SUSP_SERIOUS_INJ_COUNT","BICYCLE_COUNT","BICYCLE_DEATH_COUNT","BICYCLE_SUSP_SERIOUS_INJ_COUNT","BUS_COUNT","CHLDPAS_DEATH_COUNT","CHLDPAS_SUSP_SERIOUS_INJ_COUNT","COLLISION_TYPE","COMM_VEH_COUNT","CONS_ZONE_SPD_LIM","COUNTY","CRASH_MONTH","CRASH_YEAR","DAY_OF_WEEK","DEC_LATITUDE","DEC_LONGITUDE","DISPATCH_TM","DISTRICT","DRIVER_COUNT_16YR","DRIVER_COUNT_17YR","DRIVER_COUNT_18YR","DRIVER_COUNT_19YR","DRIVER_COUNT_20YR","DRIVER_COUNT_50_64YR","DRIVER_COUNT_65_74YR","DRIVER_COUNT_75PLUS","EST_HRS_CLOSED","FATAL_COUNT","HEAVY_TRUCK_COUNT","HORSE_BUGGY_COUNT","HOUR_OF_DAY","ILLUMINATION","INJURY_COUNT","INTERSECTION_RELATED","INTERSECT_TYPE","LANE_CLOSED","LATITUDE","LN_CLOSE_DIR","LOCATION_TYPE","LONGITUDE","MAX_SEVERITY_LEVEL","MCYCLE_DEATH_COUNT","MCYCLE_SUSP_SERIOUS_INJ_COUNT","MOTORCYCLE_COUNT","MUNICIPALITY","NONMOTR_COUNT","NONMOTR_DEATH_COUNT","NONMOTR_SUSP_SERIOUS_INJ_COUNT","NTFY_HIWY_MAINT","PED_COUNT","PED_DEATH_COUNT","PED_SUSP_SERIOUS_INJ_COUNT","PERSON_COUNT","POLICE_AGCY","POSSIBLE_INJ_COUNT","RDWY_SURF_TYPE_CD","RELATION_TO_ROAD","ROADWAY_CLEARED","ROAD_CONDITION","SCH_BUS_IND","SCH_ZONE_IND","SECONDARY_CRASH","SMALL_TRUCK_COUNT","SPEC_JURIS_CD","SUSP_MINOR_INJ_COUNT","SUSP_SERIOUS_INJ_COUNT","SUV_COUNT","TCD_FUNC_CD","TCD_TYPE","TFC_DETOUR_IND","TIME_OF_DAY","TOTAL_UNITS","TOT_INJ_COUNT","UNBELTED_OCC_COUNT","UNB_DEATH_COUNT","UNB_SUSP_SERIOUS_INJ_COUNT","UNK_INJ_DEG_COUNT","UNK_INJ_PER_COUNT","URBAN_RURAL","VAN_COUNT","VEHICLE_COUNT","WEATHER1","WEATHER2","WORKERS_PRES","WORK_ZONE_IND","WORK_ZONE_LOC","WORK_ZONE_TYPE","WZ_CLOSE_DETOUR","WZ_FLAGGER","WZ_LAW_OFFCR_IND","WZ_LN_CLOSURE","WZ_MOVING","WZ_OTHER","WZ_SHLDER_MDN","WZ_WORKERS_INJ_KILLED"
"2015007043","","1","0","0","0","0","0","0","0","0","7","0","","02","1","2015","6","40.446949","-79.827747","","11","0","0","0","0","0","0","1","0","","0","0","0","","","0","","0","","40 26:49.016","","7","79 49:39.889","0","0","0","0","2113","0","0","0","N","0","0","0","1","02113","0","","9.0","","9","N","N","","0","","0","0","0","","0","","","1","0","0","0","0","0","0","2","0","1","","","","N","","","","","","","","","",""
"2015008628","","1","0","0","0","0","0","0","0","0","7","0","","02","1","2015","7","40.622971","-79.838517","","11","0","0","0","0","0","0","0","0","","0","0","0","","","0","","0","","40 37:22.696","","0","79 50:18.661","0","0","0","0","2220","0","0","0","N","0","0","0","1","02220","0","","2.0","","1","N","N","","0","","0","0","0","","0","","","1","0","0","0","0","0","0","2","0","1","","","","N","","","","","","","","","",""
"2015012606","","5","0","0","0","0","0","0","0","0","1","0","","02","1","2015","5","40.318251","-79.940883","","11","0","0","0","0","0","2","0","0","2","0","0","0","","","0","","0","","40 19:05.702","2","0","79 56:27.178","0","0","0","0","2454","0","0","0","N","0","0","0","7","02454","0","","1.0","","9","N","Y","","0","","0","0","1","","0","N","","7","0","0","0","0","0","0","2","1","7","","","","N","","","","","","","","","",""
"2015007882","","1","0","0","0","0","0","0","0","0","4","0","","02","1","2015","1","40.667196","-79.730275","","11","0","0","0","0","0","0","1","0","1","0","0","0","","","0","","1","","40 40:01.906","7","0","79 43:48.991","0","0","0","0","2202","0","0","0","N","0","0","0","2","02202","0","","1.0","","9","N","N","","0","","0","0","0","","3","N","","2","0","0","0","0","0","0","1","1","2","","","","N","","","","","","","","","",""
"2015012607","","0","0","0","0","0","0","0","0","0","7","0","","02","1","2015","4","40.336454","-79.979039","","11","0","0","0","0","0","0","0","0","","0","0","0","","","1","","2","","40 20:11.234","","0","79 58:44.541","4","0","0","0","2454","0","0","0","N","0","0","0","1","02501","1","","5.0","","9","N","N","","1","","0","0","0","","2","","","1","1","0","0","0","0","0","2","0","1","","","","N","","","","","","","","","",""
"2015006348","","1","0","0","0","0","0","0","0","0","7","0","","02","1","2015","2","40.36716","-79.949152","","11","0","0","0","0","0","0","0","0","2","0","0","0","","","0","","0","","40 22:01.777","2","0","79 56:56.947","0","0","0","0","2403","0","0","0","N","0","0","0","1","02403","0","","4.0","","2","N","N","","0","","0","0","0","","0","N","","1","0","0","0","0","0","0","2","0","1","","","","N","","","","","","","","","",""
"2015007178","","1","0","0","0","0","0","0","0","0","99","0","","02","1","2015","5","40.628078","-80.023909","","11","0","0","0","0","0","0","0","0","","0","0","0","","","0","","2","","40 37:41.080","","0","80 01:26.073","0","0","0","0","2216","0","0","0","N","0","0","0","3","02505","0","","1.0","","1","N","N","","0","","0","0","0","","0","","","1","0","0","0","0","0","0","1","0","1","","","","N","","","","","","","","","",""
"2015013485","","0","0","0","0","0","0","0","0","0","7","0","","02","1","2015","6","40.415824","-80.012993","","11","0","0","0","0","0","0","0","0","","0","0","0","","","0","","2","","40 24:56.966","","0","80 00:46.774","0","0","0","0","2301","0","0","0","N","0","0","0","1","02301","0","","2.0","","9","N","N","","0","","0","0","0","","0","","","1","0","0","0","0","0","0","2","1","1","","","","N","","","","","","","","","",""
"2015006349","","3","0","0","0","0","0","0","0","0","4","0","","02","1","2015","4","40.474498","-79.918803","","11","0","0","0","0","0","0","0","0","","0","0","0","","","1","","2","","40 28:28.192","","0","79 55:07.690","8","0","0","0","2301","0","0","0","N","0","0","0","2","02301","0","","1.0","","1","N","N","","0","","0","0","0","","3","","","3","1","0","0","0","1","0","2","0","3","","","","N","","","","","","","","","",""
"2015012609","","0","0","0","0","0","0","0","0","0","7","0","","02","1","2015","5","40.3944","-79.894717","","11","0","0","0","0","0","1","0","0","2","0","0","0","","","1","","0","","40 23:39.840","7","0","79 53:40.980","8","0","0","0","2448","0","0","0","N","0","0","0","2","02448","0","","4.0","","2","N","N","","0","","0","0","1","","0","N","","1","1","2","0","0","1","0","2","0","1","","","","N","","","","","","","","","",""
"2015006351","","4","0","0","0","0","0","0","0","0","1","0","","02","1","2015","2","","","","11","0","0","0","0","0","2","0","0","2","0","0","0","","","0","","0","","40 28:1.318","1","0","80 2:6.151","0","0","0","0","2301","0","0","0","Y","0","0","0","4","02301","0","","1.0","","7","N","N","","0","","0","0","0","","0","N","","4","0","0","0","0","0","0","2","0","4","","","","N","","","","","","","","","",""
"2015014046","","1","0","0","0","0","0","0","0","0","7","0","","02","1","2015","6","40.566426","-79.799111","","11","0","0","0","0","0","0","0","0","","0","0","0","","","1","","6","","40 33:59.135","","0","79 47:56.801","4","0","0","0","2206","0","0","0","Y","0","0","0","1","68D02","1","","4.0","","2","N","N","","0","","0","0","0","","0","","","1","1","0","0","0","0","0","2","0","1","","","","N","","","","","","","","","",""
"2015012479","","1","0","0","0","0","0","0","0","0","4","0","","02","1","2015","4","40.459318","-79.866058","","11","0","0","0","0","0","0","1","1","","0","0","0","","","1","","0","","40 27:33.544","","0","79 51:57.807","8","0","0","0","2113","0","0","0","N","0","0","0","2","02113","0","","1.0","","1","N","N","","0","","0","0","1","","3","","","2","1","0","0","0","1","0","2","0","2","","","","N","","","","","","","","","",""
"2015007050","","1","0","0","0","0","0","0","0","0","0","0","","02","1","2015","2","40.411987","-80.093986","","11","0","0","0","0","0","0","0","0","1","0","0","0","","","0","","2","","40 24:43.153","5","0","80 05:38.349","0","0","0","0","2415","0","0","0","N","0","0","0","1","02415","0","","1.0","","1","N","N","","0","","0","0","0","","3","Y","","1","0","1","0","0","0","0","2","0","1","","","","N","","","","","","","","","",""
"2015008634","","1","0","0","0","0","0","0","0","0","1","1","","02","1","2015","3","40.609991","-80.053301","","11","0","0","0","0","0","1","0","0","2","0","1","0","","","1","","1","","40 36:35.967","1","0","80 03:11.883","8","0","0","0","2108","0","0","0","N","0","0","0","2","02108","0","","1.0","","1","N","N","","0","","0","0","0","","2","N","","2","1","0","0","0","1","0","2","0","2","","","","N","","","","","","","","","",""
"2015006353","","1","0","0","0","0","0","0","0","0","7","0","","02","1","2015","4","40.434841","-79.754821","","11","0","0","0","0","0","0","0","0","","0","0","0","","","0","","1","","40 26:05.427","","0","79 45:17.354","0","0","0","0","2446","0","0","0","N","0","0","0","2","02446","0","","5.0","","1","N","N","","0","","0","0","0","","0","","","1","0","0","0","0","0","0","2","0","1","","","","N","","","","","","","","","",""
"2015012613","","0","0","0","0","0","0","0","0","0","6","1","","02","1","2015","2","40.652846","-79.948193","","11","0","0","0","0","0","0","0","0","1","0","1","0","","","0","","0","","40 39:10.245","6","0","79 56:53.493","0","0","0","0","2217","0","0","0","N","0","0","0","5","02505","0","","1.0","","7","N","N","","0","","0","0","1","","0","N","","2","0","0","0","0","0","0","2","0","2","","","","N","","","","","","","","","",""
"2015014955","","1","0","0","0","0","0","0","0","0","7","0","","02","1","2015","7","40.416267","-80.039489","","11","0","0","0","0","0","1","0","0","2","0","1","0","","","0","","0","","40 24:58.561","6","0","80 02:22.161","0","0","0","0","2301","0","0","0","N","0","0","0","2","02301","0","","4.0","","2","N","N","","0","","0","0","0","","0","N","","2","0","0","0","0","0","0","2","0","2","","","","N","","","","","","","","","",""
"2015012625","","0","0","0","0","0","0","0","0","0","7","0","","02","1","2015","5","40.505795","-79.803292","","11","0","0","0","0","0","0","0","0","2","0","0","0","","","1","","0","","40 30:20.862","5","0","79 48:11.852","8","0","0","0","2113","0","0","0","N","0","0","0","1","02113","0","","2.0","","9","N","N","","0","","0","0","1","","0","N","","1","1","0","0","0","1","0","2","0","1","","","","N","","","","","","","","","",""
"2015013419","","2","0","0","0","0","0","0","0","0","6","0","","02","1","2015","6","40.612294","-79.902027","","11","0","0","0","1","0","0","0","0","2","0","0","0","","","0","","0","","40 36:44.258","1","0","79 54:07.296","0","0","0","0","2220","0","0","0","N","0","0","0","3","02220","0","","1.0","","9","N","N","","0","","0","0","0","","0","N","","2","0","0","0","0","0","0","2","0","2","","","","N","","","","","","","","","",""
"2015013489","","1","0","0","0","0","0","0","0","0","7","0","","02","1","2015","7","40.347499","-79.88766","","11","0","0","0","0","0","0","0","0","","0","0","0","","","0","","0","","40 20:50.996","","0","79 53:15.577","0","0","0","0","2423","0","0","0","N","0","0","0","1","02304","0","","2.0","","1","N","N","","0","","0","0","0","","0","","","1","0","0","0","0","0","0","2","0","1","","","","N","","","","","","","","","",""
"2015008635","","2","0","0","0","0","0","0","0","0","4","0","","02","1","2015","2","40.374965","-80.07176","","11","0","0","0","1","0","0","0","0","","0","0","0","","","0","","2","","40 22:29.874","","0","80 04:18.336","0","0","0","0","2109","0","0","0","N","0","0","0","2","02109","0","","1.0","","1","N","N","","0","","0","0","0","","0","","","2","0","0","0","0","0","0","2","0","2","","","","N","","","","","","","","","",""
"2015012626","","1","0","0","0","0","0","0","0","0","1","0","","02","1","2015","6","40.335282","-80.051276","","11","0","0","0","0","0","1","0","0","1","0","0","0","","","1","","2","","40 20:07.015","2","0","80 03:04.593","8","0","0","0","2407","0","0","0","N","0","0","0","3","02407","0","","1.0","","9","N","N","","0","","0","0","1","","2","N","","2","1","0","0","0","1","0","2","0","2","","","","N","","","","","","","","","",""
"2015012483","","1","0","0","0","0","0","0","0","0","7","0","","02","1","2015","4","40.440771","-79.973904","","11","0","0","0","0","0","1","0","0","","0","0","0","","","0","","0","","40 26:26.774","","0","79 58:26.055","0","0","0","0","2301","0","0","0","N","0","0","0","2","02301","0","","5.0","","9","N","N","","0","","0","0","0","","0","","","1","0","1","0","0","0","0","2","0","1","","","","N","","","","","","","","","",""
"2015013423","","2","0","0","0","0","0","0","0","0","4","0","","02","1","2015","6","40.534797","-79.843489","","11","0","0","1","0","0","0","0","0","","0","0","0","","","2","","0","","40 32:05.268","","0","79 50:36.561","8","0","0","0","2208","0","0","0","N","0","0","0","4","02208","0","","1.0","","6","N","N","","0","","0","0","0","","0","","","2","2","0","0","0","2","0","2","0","2","","","","N","","","","","","","","","",""
"2015015029","","2","0","0","0","0","0","0","0","0","4","0","","02","2","2015","2","40.434547","-79.995385","","11","0","0","0","0","0","0","0","0","3","0","0","0","","","0","","0","","40 26:04.370","1","2","79 59:43.386","0","0","0","0","2301","0","0","0","N","0","0","0","2","02301","0","","1.0","","2","N","N","","0","","0","0","0","","0","Y","","2","0","0","0","0","0","0","2","0","2","","","","N","","","","","","","","","",""
"2015012484","","1","0","0","0","0","0","0","0","0","7","0","","02","1","2015","4","40.451071","-80.207194","","11","0","0","0","0","0","0","0","0","","0","0","0","","","0","","0","","40 27:03.856","","0","80 12:25.898","0","0","0","0","2214","0","0","0","N","0","0","0","1","02214","0","","5.0","","9","N","N","","0","","0","0","0","","0","","","1","0","0","0","0","0","0","2","0","1","","","","N","","","","","","","","","",""
"2015014192","","1","0","0","0","0","0","0","0","0","8","0","","02","2","2015","1","40.345541","-79.993472","","11","0","0","0","0","0","0","0","0","","0","0","0","","","1","","0","","40 20:43.947","","0","79 59:36.499","3","0","0","0","2403","1","0","0","N","1","0","0","2","02403","0","","1.0","","9","N","N","","0","","1","0","0","","0","","","2","1","0","0","0","0","0","2","0","1","","","","N","","","","","","","","","",""
"2015007905","","0","0","0","0","0","0","0","0","0","7","0","","02","1","2015","1","40.481387","-79.881636","","11","0","0","0","0","0","0","0","0","1","0","0","0","","","1","","0","","40 28:52.994","3","0","79 52:53.890","8","0","0","0","2113","0","0","0","N","0","0","0","1","02113","0","","5.0","","9","N","N","","0","","0","0","1","","0","Y","","1","1","0","0","0","1","0","2","0","1","","","","N","","","","","","","","","",""
"2015014193","","1","0","0","0","0","0","0","0","0","7","0","","02","2","2015","1","40.400836","-80.002672","","11","0","0","0","0","0","0","0","0","","0","0","0","","","0","","0","","40 24:03.010","","0","80 00:09.620","0","0","0","0","2301","0","0","0","N","0","0","0","1","02301","0","","5.0","","6","N","N","","0","","0","0","0","","0","","","1","0","0","0","0","0","0","2","0","1","","","","N","","","","","","","","","",""
"2015014961","","2","0","0","0","0","0","0","0","0","1","0","","02","2","2015","3","40.458273","-79.823279","","11","0","0","0","0","0","0","0","0","","0","0","0","","","1","","0","","40 27:29.782","","0","79 49:23.804","8","0","0","0","2113","0","0","0","N","0","0","0","2","02113","0","","1.0","","1","N","N","","0","","0","0","0","","0","","","2","1","0","0","0","1","0","2","0","2","","","","N","","","","","","","","","",""
"2015013426","","0","0","0","0","0","0","0","0","0","2","0","","02","1","2015","6","40.473545","-80.062391","","11","0","0","1","0","0","0","0","0","2","0","0","0","","","1","","5","","40 28:24.763","4","3","80 03:44.609","8","0","0","0","2444","0","0","0","N","0","0","0","3","02444","0","","1.0","","1","N","N","","1","","0","0","1","","2","N","","2","1","0","0","0","1","0","2","0","2","","","","N","","","","","","","","","",""
"2015015032","","1","0","0","0","0","0","0","0","0","2","0","","02","2","2015","2","","","","11","0","0","0","0","0","0","0","0","","0","0","0","","","0","","2","","00 00:00.000","","0","00 00:00.000","0","0","0","0","2475","0","0","0","N","0","0","0","1","02475","0","","5.0","","2","N","N","","0","","0","0","1","","0","","","2","0","0","0","0","0","0","1","0","2","","","","N","","","","","","","","","",""
"2015007059","","0","0","0","0","0","0","0","0","0","2","0","","02","1","2015","6","40.391226","-79.995608","","11","0","0","0","0","0","1","0","0","","0","0","0","","","0","","0","","40 23:28.414","","0","79 59:44.189","0","0","0","0","2301","0","0","0","N","0","0","0","2","02301","0","","1.0","","1","N","N","","1","","0","0","1","","0","","","2","0","0","0","0","0","0","2","0","2","","","","N","","","","","","","","","",""
"2015015034","","1","0","0","0","0","0","0","0","0","4","0","","02","1","2015","7","40.438498","-79.770441","","11","0","0","1","0","0","0","0","0","","0","0","0","","","0","","0","","40 26:18.591","","0","79 46:13.587","0","0","0","0","2446","0","0","0","N","0","0","0","3","02446","0","","1.0","","1","N","N","","0","","0","0","0","","0","","","2","0","0","0","0","0","0","2","1","2","","","","N","","","","","","","","","",""
"2015013428","","1","0","0","0","0","0","0","0","0","1","0","","02","1","2015","6","40.460475","-79.806561","","11","0","0","0","0","0","2","0","0","1","0","0","0","","","0","","0","","40 27:37.710","3","0","79 48:23.619","0","0","0","0","2113","0","0","0","N","0","0","0","2","02113","0","","1.0","","1","N","N","","0","","0","0","1","","0","N","","2","0","0","0","0","0","0","2","0","2","","","","N","","","","","","","","","",""
"2015013633","","1","0","0","0","0","0","0","0","0","4","0","","02","1","2015","4","40.524692","-79.962089","","11","0","0","0","0","0","1","0","1","","0","0","0","","","1","","1","","40 31:28.891","","0","79 57:43.522","4","0","0","0","2118","0","0","0","N","0","0","0","4","02118","1","","1.0","","1","N","N","","1","","0","0","0","","2","","","3","1","1","0","0","0","0","2","1","3","","","","N","","","","","","","","","",""
"2015014964","","1","0","0","0","0","0","0","0","0","4","0","","02","1","2015","1","40.411014","-80.005933","","11","0","0","0","0","0","2","0","0","1","0","0","0","","","0","","1","","40 24:39.651","5","0","80 00:21.360","0","0","0","0","2301","0","0","0","N","0","0","0","2","02301","0","","1.0","","1","N","N","","1","","0","0","0","","2","N","","2","0","0","0","0","0","0","2","0","2","","","","N","","","","","","","","","",""
"2015014199","","3","0","0","0","0","0","0","0","0","6","0","","02","1","2015","7","40.423901","-79.922619","","11","0","0","0","0","1","0","0","0","2","0","0","0","","","0","","0","","40 25:26.043","4","0","79 55:21.428","0","0","0","0","2301","0","0","0","N","0","0","0","1","02301","0","","4.0","","6","N","N","","0","","0","0","1","","0","N","","4","0","0","0","0","0","0","2","0","4","","","","N","","","","","","","","","",""
"2015012635","","0","0","0","0","0","0","0","0","0","1","0","","02","1","2015","4","40.372158","-80.08968","","11","0","0","0","0","0","0","0","0","","0","0","0","","","0","","0","","40 22:19.767","","0","80 05:22.847","0","0","0","0","2117","0","0","0","N","0","0","0","10","02117","0","","1.0","","1","N","N","","1","","0","0","1","","0","","","4","0","1","0","0","0","0","2","2","4","","","","N","","","","","","","","","",""
"2015013501","","2","0","0","0","0","0","0","0","0","4","0","","02","1","2015","6","40.417747","-80.013842","","11","0","0","0","0","0","1","0","0","2","0","0","0","","","0","","0","","40 25:03.889","2","0","80 00:49.831","0","0","0","0","2301","0","0","0","N","0","0","0","4","02301","0","","1.0","","2","N","N","","0","","0","0","0","","0","N","","2","0","0","0","0","0","0","2","0","2","","","","N","","","","","","","","","",""
"2015014336","","1","0","0","0","0","0","1","0","0","2","1","","02","2","2015","2","40.464795","-79.888589","","11","0","0","0","0","0","1","0","0","","0","0","0","","","1","","0","","40 27:53.262","","0","79 53:18.920","8","0","0","0","2113","0","0","0","N","0","0","0","17","02113","0","","1.0","","2","Y","N","","0","","0","0","0","","0","","","2","1","0","0","0","1","0","2","0","2","","","","N","","","","","","","","","",""
"2015013298","","0","0","0","0","0","0","0","0","0","1","1","","02","1","2015","6","40.435554","-79.978486","","11","0","0","0","0","0","0","0","0","1","0","1","0","","","0","","0","","40 26:07.996","3","0","79 58:42.548","0","0","0","0","2301","0","0","0","N","0","0","0","2","68B03","0","","1.0","","1","N","N","","1","","0","0","0","","7","N","","2","0","2","0","0","0","0","2","0","2","","","","N","","","","","","","","","",""
"2015014201","","1","0","0","0","0","0","0","0","0","7","0","","02","2","2015","1","40.456444","-80.029453","","11","0","0","0","0","0","0","0","0","","0","0","0","","","0","","0","","40 27:23.197","","1","80 01:46.032","0","0","0","0","2301","0","0","0","N","0","0","0","0","02301","0","","3.0","","9","N","N","","0","","0","0","0","","0","","","1","0","0","0","0","0","0","2","0","1","","","","N","","","","","","","","","",""
"2015012637","","0","0","0","0","0","0","0","0","0","7","0","","02","1","2015","5","40.546403","-80.18933","","11","0","0","0","0","0","0","0","0","","0","0","0","","","0","","3","","40 32:47.050","","0","80 11:21.588","0","0","0","0","2427","0","0","0","N","0","0","0","1","02427","0","","5.0","","2","N","N","","0","","0","0","0","","3","","","1","0","0","0","0","0","0","2","1","1","","","","N","","","","","","","","","",""
"2015006382","","1","0","0","0","0","0","0","0","0","7","1","","02","1","2015","3","40.591909","-80.096978","","11","0","0","0","0","0","1","1","0","2","0","1","0","","","1","","0","","40 35:30.871","2","0","80 05:49.121","3","0","0","0","2481","0","0","0","Y","0","0","0","2","68B03","0","","4.0","","7","N","N","","0","","1","0","0","","0","N","","2","1","0","0","0","0","0","2","0","2","","","","N","","","","","","","","","",""
"2015013299","","3","0","0","0","0","0","0","0","0","1","0","","02","1","2015","4","40.442079","-79.790759","","11","0","0","1","0","0","1","0","0","","0","0","0","","","0","","0","","40 26:31.485","","0","79 47:26.733","0","0","0","0","2446","0","0","0","N","0","0","0","3","68B03","0","","1.0","","9","N","N","","0","","0","0","0","","0","","","3","0","0","0","0","0","0","2","0","3","","","","N","","","","","","","","","",""
"2015013435","","0","0","0","0","0","0","0","0","0","7","0","","02","1","2015","6","40.258765","-79.837374","","11","0","0","0","0","0","0","0","0","","0","0","0","","","0","","0","","40 15:31.554","","0","79 50:14.548","0","0","0","0","2105","0","0","0","N","0","0","0","1","02105","0","","5.0","","2","N","N","","1","","0","0","0","","0","","","1","0","0","0","0","0","0","1","0","1","","","","N","","","","","","","","","",""
"2015012719","","2","0","0","0","0","0","0","0","0","6","0","","02","1","2015","5","40.438301","-79.897062","","11","0","0","0","0","0","0","0","0","","0","0","0","","","0","","2","","40 26:17.883","","0","79 53:49.423","0","0","0","0","2301","0","0","0","N","0","0","0","2","02301","0","","1.0","","6","N","N","","0","","0","0","0","","0","","","2","0","0","0","0","0","0","2","0","2","","","","N","","","","","","","","","",""
"2015007917","","0","0","0","0","0","0","0","0","0","7","0","","02","1","2015","7","40.281589","-79.923116","","11","0","0","0","0","0","0","0","0","","0","0","0","","","0","","2","","40 16:53.719","","0","79 55:23.219","0","0","0","0","2440","0","0","0","N","0","0","0","1","02440","0","","4.0","","1","N","N","","1","","0","0","0","","0","","","1","0","0","0","0","0","0","2","0","1","","","","N","","","","","","","","","",""
"2015012497","","2","0","0","0","0","0","0","0","0","1","0","","02","1","2015","4","40.428233","-79.928775","","11","0","0","0","0","0","2","0","0","1","0","0","0","","","0","","0","","40 25:41.637","4","2","79 55:43.589","0","0","0","0","2301","0","0","0","N","0","0","0","3","02301","0","","1.0","","1","N","N","","0","","0","0","0","","0","N","","2","0","0","0","0","0","0","2","0","2","","","","N","","","","","","","","","",""
"2015014204","","1","0","0","0","0","0","0","0","0","7","0","","02","2","2015","2","40.46997","-80.100024","","11","0","0","0","0","0","0","0","0","","0","0","0","","","0","","5","","40 28:11.892","","0","80 06:00.086","0","0","0","0","2126","0","0","0","N","0","0","0","3","02126","0","","5.0","","9","N","N","","0","","0","0","0","","4","","","1","0","1","0","0","0","0","2","0","1","","","","N","","","","","","","","","",""
"2015014907","","1","0","0","0","0","0","0","0","0","7","0","","02","2","2015","1","40.602174","-79.88779","","11","0","0","0","0","0","1","0","0","2","0","0","0","","","0","","0","","40 36:07.825","3","0","79 53:16.043","0","0","0","0","2220","0","0","0","N","0","0","0","5","02220","0","","2.0","","7","N","N","","1","","0","0","0","","0","N","","2","0","0","0","0","0","0","2","0","2","","","","N","","","","","","","","","",""
"2015007074","","1","0","0","0","0","0","0","0","0","7","0","","02","1","2015","7","40.381503","-80.031725","","11","0","0","0","0","0","0","0","0","","0","0","0","","","0","","0","","40 22:53.410","","0","80 01:54.210","0","0","0","0","2109","0","0","0","N","0","0","0","1","02109","0","","5.0","","1","N","N","","0","","0","0","0","","0","","","1","0","0","0","0","0","0","2","0","1","","","","N","","","","","","","","","",""
"2015006302","","1","0","0","0","0","0","0","0","0","1","0","","02","1","2015","7","40.4869","-80.190897","","11","0","0","0","0","0","1","0","0","","0","0","0","","","0","","0","","40 29:12.840","","0","80 11:27.230","0","0","0","0","2213","0","0","0","N","0","0","0","2","02213","0","","1.0","","2","N","N","","1","","0","0","0","","0","","","2","0","0","0","0","0","0","2","0","2","","","","N","","","","","","","","","",""
"2015014207","","0","0","0","0","0","0","0","0","0","7","0","","02","2","2015","2","40.472889","-79.816029","","11","0","0","0","0","0","1","0","0","","0","0","0","","","0","","1","","40 28:22.402","","0","79 48:57.703","0","0","0","0","2113","0","0","0","N","0","0","0","1","02113","0","","5.0","","2","N","N","","1","","0","0","0","","3","","","1","0","0","0","0","0","0","2","0","1","","","","N","","","","","","","","","",""
"2015012643","","2","0","0","0","0","0","0","0","0","5","0","","02","1","2015","5","40.435231","-79.993742","","11","0","0","0","0","0","0","0","0","","0","0","0","","","0","","0","","40 26:06.830","","0","79 59:37.471","0","0","0","0","2301","0","0","0","N","0","0","0","1","02301","0","","1.0","","2","N","N","","0","","0","0","0","","0","","","2","0","0","0","0","0","0","2","0","2","","","","N","","","","","","","","","",""
"2015013439","","0","0","0","0","0","0","1","0","0","4","1","","02","1","2015","6","40.405504","-79.839217","","11","0","0","0","0","0","0","0","0","","0","0","0","","","1","","2","","40 24:19.816","","0","79 50:21.182","4","0","0","0","2449","0","0","0","N","0","0","0","17","02503","1","","1.0","","1","N","N","","0","","0","0","1","","3","","","2","1","0","0","0","0","0","2","0","2","","","","N","","","","","","","","","",""
"2015012502","","0","0","0","0","0","0","0","0","0","2","1","","02","1","2015","4","40.426344","-80.144756","","11","0","0","0","0","1","0","0","0","1","0","1","0","","","1","","0","","40 25:34.839","5","0","80 08:41.121","4","0","0","0","2102","0","0","0","N","0","0","0","2","02102","1","","2.0","","1","N","N","","0","","0","0","1","","0","N","","2","1","0","0","0","0","0","2","0","2","","","","N","","","","","","","","","",""
"2015012581","","0","0","0","0","0","0","0","0","0","7","0","","02","1","2015","4","40.564958","-80.204633","","11","0","0","1","0","0","0","0","0","3","0","0","0","","","1","","0","","40 33:53.850","6","0","80 12:16.680","4","0","0","0","2107","0","0","0","N","0","0","0","1","02107","1","","2.0","","3","N","N","","0","","0","0","1","","0","Y","","1","1","0","0","0","0","0","2","0","1","","","","N","","","","","","","","","",""
"2015007925","","2","0","0","0","0","0","0","0","0","6","0","","02","1","2015","1","40.286946","-79.989801","","11","0","0","1","1","0","0","0","0","2","0","0","0","","","4","","0","","40 17:13.007","6","0","79 59:23.283","8","0","0","0","2219","0","0","0","N","0","0","0","4","02219","0","","1.0","","1","N","N","","0","","0","0","0","","0","N","","2","4","0","0","0","4","0","2","0","2","","","","N","","","","","","","","","",""
"2015008655","","1","0","0","0","0","0","0","0","0","7","0","","02","1","2015","3","40.427959","-80.105946","","11","0","0","0","0","0","0","1","0","","0","0","0","","","0","","0","","40 25:40.651","","0","80 06:21.406","0","0","0","0","2115","0","0","0","N","0","0","0","1","68B03","0","","2.0","","7","N","N","","0","","0","0","0","","0","","","1","0","0","0","0","0","0","2","0","1","","","","N","","","","","","","","","",""
"2015012504","","2","0","0","0","0","0","0","0","0","4","0","","02","1","2015","3","40.396242","-79.998126","","11","0","0","0","0","1","0","0","0","1","0","0","0","","","2","","1","","40 23:46.470","2","0","79 59:53.254","3","0","0","0","2301","0","0","0","N","0","0","0","4","02301","1","","1.0","","1","N","N","","0","","1","0","0","","2","N","","2","2","0","0","0","0","0","2","0","2","","","","N","","","","","","","","","",""