"CRN","ARRIVAL_TM","AUTOMOBILE_COUNT","BELTED_DEATH_COUNT","BELTED_SUSP_SERIOUS_INJ_COUNT","BICYCLE_COUNT","BICYCLE_DEATH_COUNT","BICYCLE_SUSP_SERIOUS_INJ_COUNT","BUS_COUNT","CHLDPAS_DEATH_COUNT","CHLDPAS_SUSP_SERIOUS_INJ_COUNT","COLLISION_TYPE","COMM_VEH_COUNT","CONS_ZONE_SPD_LIM","COUNTY","CRASH_MONTH","CRASH_YEAR","DAY_OF_WEEK","DEC_LATITUDE","DEC_LONGITUDE","DISPATCH_TM","DISTRICT","DRIVER_COUNT_16YR","DRIVER_COUNT_17YR","DRIVER_COUNT_18YR","DRIVER_COUNT_19YR","DRIVER_COUNT_20YR","DRIVER_COUNT_50_64YR","DRIVER_COUNT_65_74YR","DRIVER_COUNT_75PLUS","EST_HRS_CLOSED","FATAL_COUNT","HEAVY_TRUCK_COUNT","HORSE_BUGGY_COUNT","HOUR_OF_DAY","ILLUMINATION","INJURY_COUNT","INTERSECTION_RELATED","INTERSECT_TYPE","LANE_CLOSED","LATITUDE","LN_CLOSE_DIR","LOCATION_TYPE","LONGITUDE","MAX_SEVERITY_LEVEL","MCYCLE_DEATH_COUNT","MCYCLE_SUSP_SERIOUS_INJ_COUNT","MOTORCYCLE_COUNT","MUNICIPALITY","NONMOTR_COUNT","NONMOTR_DEATH_COUNT","NONMOTR_SUSP_SERIOUS_INJ_COUNT","NTFY_HIWY_MAINT","PED_COUNT","PED_DEATH_COUNT","PED_SUSP_SERIOUS_INJ_COUNT","PERSON_COUNT","POLICE_AGCY","POSSIBLE_INJ_COUNT","RDWY_SURF_TYPE_CD","RELATION_TO_ROAD","ROADWAY_CLEARED","ROAD_CONDITION","SCH_BUS_IND","SCH_ZONE_IND","SECONDARY_CRASH","SMALL_TRUCK_COUNT","SPEC_JURIS_CD","SUSP_MINOR_INJ_COUNT","SUSP_SERIOUS_INJ_COUNT","SUV_COUNT","TCD_FUNC_CD","TCD_TYPE","TFC_DETOUR_IND","TIME_OF_DAY","TOTAL_UNITS","TOT_INJ_COUNT","UNBELTED_OCC_COUNT","UNB_DEATH_COUNT","UNB_SUSP_SERIOUS_INJ_COUNT","UNK_INJ_DEG_COUNT","UNK_INJ_PER_COUNT","URBAN_RURAL","VAN_COUNT","VEHICLE_COUNT","WEATHER1","WEATHER2","WORKERS_PRES","WORK_ZONE_IND","WORK_ZONE_LOC","WORK_ZONE_TYPE","WZ_CLOSE_DETOUR","WZ_FLAGGER","WZ_LAW_OFFCR_IND","WZ_LN_CLOSURE","WZ_MOVING","WZ_OTHER","WZ_SHLDER_MDN","WZ_WORKERS_INJ_KILLED"
"2015012646","","2","0","0","0","0","0","0","0","0","1","0","","02","1","2015","5","40.514168","-79.879115","","11","1","0","0","0","0","1","0","0","","0","0","0","","","0","","1","","40 30:51.004","","0","79 52:44.814","0","0","0","0","2432","0","0","0","N","0","0","0","2","02432","0","","1.0","","1","N","N","","0","","0","0","0","","2","","","2","0","0","0","0","0","0","2","0","2","","","","N","","","","","","","","","",""
"2015007927","","1","0","0","0","0","0","0","0","0","7","0","","02","1","2015","1","40.504744","-80.084435","","11","0","0","0","0","0","1","0","0","2","0","0","0","","","0","","2","","40 30:17.079","5","0","80 05:03.967","9","0","0","0","2405","0","0","0","N","0","0","0","1","02215","0","","2.0","","9","N","N","","0","","0","0","0","","0","N","","1","0","0","0","0","0","1","2","0","1","","","","N","","","","","","","","","",""
"2015014211","","1","0","0","0","0","0","0","0","0","2","0","","02","1","2015","6","40.359144","-79.952681","","11","0","0","0","0","0","1","0","0","1","0","0","0","","","3","","0","","40 21:32.919","5","0","79 57:09.650","4","0","0","0","2473","0","0","0","Y","0","0","0","3","02473","1","","1.0","","9","N","N","","0","","0","0","1","","0","N","","2","3","1","0","0","2","0","2","0","2","","","","N","","","","","","","","","",""
"2015012506","","1","0","0","0","0","0","0","0","0","7","0","","02","1","2015","4","40.45175","-80.027883","","11","0","0","0","0","0","0","0","0","","0","0","0","","","0","","7","","40 27:06.299","","2","80 01:40.377","0","0","0","0","2301","0","0","0","N","0","0","0","1","02301","0","","2.0","","9","N","N","","0","","0","0","0","","0","","","1","0","0","0","0","0","0","2","0","1","","","","N","","","","","","","","","",""
"2015006393","","0","0","0","0","0","0","0","0","0","7","0","","02","1","2015","7","40.579541","-79.784451","","11","0","0","0","0","0","0","0","0","","0","0","0","","","0","","0","","40 34:46.346","","0","79 47:04.022","0","0","0","0","2104","0","0","0","Y","0","0","0","1","68D02","0","","4.0","","6","N","N","","0","","0","0","1","","0","","","1","0","0","0","0","0","0","2","0","1","","","","N","","","","","","","","","",""
"2015012586","","1","0","0","0","0","0","0","0","0","7","0","","02","1","2015","3","40.478606","-79.784291","","11","0","0","0","0","0","0","0","0","","0","0","0","","","1","","0","","40 28:42.981","","0","79 47:03.447","3","0","0","0","2113","0","0","0","N","0","0","0","1","02113","0","","5.0","","9","N","N","","0","","1","0","0","","0","","","1","1","0","0","0","0","0","2","0","1","","","","N","","","","","","","","","",""
"2015007863","","0","0","0","0","0","0","0","0","0","7","0","","02","1","2015","1","40.6388","-79.770457","","11","0","0","0","0","0","0","0","0","2","0","0","0","","","1","","0","","40 38:19.680","6","0","79 46:13.646","8","0","0","0","2202","0","0","0","N","0","0","0","1","02202","0","","5.0","","9","N","N","","0","","0","0","1","","0","Y","","1","1","1","0","0","1","0","1","0","1","","","","N","","","","","","","","","",""
"2015014148","","1","0","0","0","0","0","0","0","0","7","0","","02","2","2015","1","40.523409","-79.972831","","11","0","0","0","1","0","0","0","0","","0","0","0","","","0","","0","","40 31:24.273","","0","79 58:22.191","0","0","0","0","2118","0","0","0","N","0","0","0","2","02118","0","","5.0","","2","N","N","","0","","0","0","0","","0","","","1","0","0","0","0","0","0","2","0","1","","","","N","","","","","","","","","",""
"2015014150","","1","0","0","0","0","0","0","0","0","7","0","","02","2","2015","1","40.496226","-79.927469","","11","0","0","0","0","0","0","0","0","","0","0","0","","","0","","0","","40 29:46.413","","0","79 55:38.890","0","0","0","0","2461","0","0","0","N","0","0","0","1","02461","0","","5.0","","6","N","N","","0","","0","0","0","","0","","","1","0","0","0","0","0","0","2","0","1","","","","N","","","","","","","","","",""
"2015014920","","1","0","0","0","0","0","0","0","0","1","0","","02","2","2015","2","40.497069","-79.891098","","11","0","0","0","1","0","1","0","0","","0","0","0","","","1","","2","","40 29:49.448","","99","79 53:27.952","3","0","0","0","2432","0","0","0","N","0","0","0","4","02432","0","","1.0","","9","N","N","","1","","1","0","0","","2","","","2","1","0","0","0","0","0","2","0","2","","","","N","","","","","","","","","",""
"2015013452","","1","0","0","0","0","0","0","0","0","2","0","","02","1","2015","6","40.340032","-79.859868","","11","0","0","0","0","0","1","0","0","1","0","0","0","","","2","","2","","40 20:24.116","2","0","79 51:35.525","8","0","0","0","2304","0","0","0","N","0","0","0","3","02304","0","","1.0","","7","N","N","","0","","0","0","1","","2","N","","2","2","0","0","0","2","0","2","0","2","","","","N","","","","","","","","","",""
"2015014997","","1","0","0","0","0","0","0","0","0","7","0","","02","1","2015","7","40.548021","-80.148403","","11","0","0","0","0","0","0","0","0","","0","0","0","","","0","","0","","40 32:52.877","","0","80 08:54.252","0","0","0","0","2459","0","0","0","N","0","0","0","1","02459","0","","2.0","","1","N","N","","0","","0","0","0","","0","","","1","0","0","0","0","0","0","1","0","1","","","","N","","","","","","","","","",""
"2015007854","","1","0","0","0","0","0","0","0","0","5","0","","02","1","2015","1","40.414266","-79.993938","","11","0","0","0","0","0","0","0","0","1","0","0","0","","","0","","0","","40 24:51.359","4","0","79 59:38.177","0","0","0","0","2301","0","0","0","N","0","0","0","1","02301","0","","2.0","","1","N","N","","0","","0","0","1","","0","N","","2","0","0","0","0","0","0","2","0","2","","","","N","","","","","","","","","",""
"2015007099","","0","0","0","0","0","0","0","0","0","7","0","","02","1","2015","7","40.495114","-79.909491","","11","0","0","0","0","0","0","0","0","2","0","0","0","","","1","","0","","40 29:42.412","3","2","79 54:34.166","4","0","0","0","2461","0","0","0","N","0","0","0","1","68D02","1","","4.0","","1","N","N","","0","","0","0","1","","0","Y","","1","1","0","0","0","0","0","2","0","1","","","","N","","","","","","","","","",""
"2015007933","","1","0","0","0","0","0","0","0","0","7","0","","02","1","2015","1","40.360739","-79.880203","","11","0","0","0","0","0","0","0","0","2","0","0","0","","","2","","0","","40 21:38.660","1","0","79 52:48.729","8","0","0","0","2473","0","0","0","N","0","0","0","2","02473","0","","5.0","","1","N","N","","0","","0","0","0","","0","Y","","1","2","1","0","0","2","0","2","0","1","","","","N","","","","","","","","","",""
"2015012590","","2","0","0","0","0","0","0","0","0","4","0","","02","1","2015","5","40.353272","-79.837414","","11","0","0","0","0","0","0","0","1","","0","0","0","","","0","","2","","40 21:11.779","","0","79 50:14.691","0","0","0","0","2304","0","0","0","N","0","0","0","3","02304","0","","1.0","","1","N","N","","0","","0","0","0","","2","","","2","0","0","0","0","0","0","2","0","2","","","","N","","","","","","","","","",""
"2015012668","","1","0","0","0","0","0","0","0","0","4","0","","02","1","2015","6","40.6332","-80.057044","","11","0","0","0","0","0","0","0","0","","0","0","0","","","1","","0","","40 37:59.520","","0","80 03:25.360","3","0","0","0","2216","0","0","0","N","0","0","0","5","02505","0","","1.0","","1","N","N","","1","","1","0","0","","3","","","2","1","0","0","0","0","0","2","0","2","","","","N","","","","","","","","","",""
"2015012512","","1","0","0","0","0","0","0","0","0","7","0","","02","1","2015","4","40.344417","-79.883953","","11","0","0","0","0","0","0","0","0","1","0","0","0","","","1","","0","","40 20:39.900","1","3","79 53:02.230","4","0","0","0","2433","0","0","0","N","0","0","0","1","02433","1","","1.0","","2","N","N","","0","","0","0","0","","0","N","","1","1","0","0","0","0","0","2","0","1","","","","N","","","","","","","","","",""
"2015013454","","0","0","0","0","0","0","0","0","0","4","0","","02","1","2015","6","40.611135","-80.104446","","11","0","0","0","0","0","1","0","0","","0","0","0","","","1","","1","","40 36:40.085","","0","80 06:16.004","3","0","0","0","2481","0","0","0","N","0","0","0","3","02481","0","","1.0","","9","N","N","","0","","1","0","2","","3","","","2","1","0","0","0","0","0","1","0","2","","","","N","","","","","","","","","",""
"2015006320","","1","0","0","0","0","0","0","0","0","1","0","","02","1","2015","4","40.633133","-80.059251","","11","0","0","0","0","0","0","0","0","1","0","0","0","","","0","","0","","40 37:59.279","1","0","80 03:33.302","0","0","0","0","2216","0","0","0","N","0","0","0","5","02505","0","","1.0","","1","N","N","","0","","0","0","1","","2","Y","","2","0","0","0","0","0","0","2","0","2","","","","N","","","","","","","","","",""
"2015007868","","0","0","0","0","0","0","0","0","0","7","0","","02","1","2015","6","40.470236","-80.036732","","11","0","0","0","0","0","1","0","0","","0","0","0","","","0","","1","","40 28:12.848","","0","80 02:12.236","0","0","0","0","2301","0","0","0","N","0","0","0","3","02301","0","","5.0","","1","N","N","","0","","0","0","2","","0","","","2","0","0","0","0","0","0","2","0","2","","","","N","","","","","","","","","",""
"2015007164","","1","0","0","0","0","0","0","0","0","4","0","","02","1","2015","6","40.448761","-79.961595","","11","0","0","0","0","0","1","0","0","1","0","0","0","","","0","","1","","40 26:55.539","3","0","79 57:41.742","0","0","0","0","2301","0","0","0","N","0","0","0","4","02301","0","","1.0","","1","N","N","","0","","0","0","1","","0","N","","2","0","0","0","0","0","0","2","0","2","","","","N","","","","","","","","","",""
"2015014153","","0","0","0","0","0","0","0","0","0","4","1","","02","1","2015","6","40.321529","-79.995365","","11","0","0","0","0","0","1","1","0","","0","0","0","","","0","","0","","40 19:17.504","","0","79 59:43.313","0","0","0","0","2219","0","0","0","N","0","0","0","2","02501","0","","1.0","","9","N","N","","1","","0","0","1","","0","","","2","0","0","0","0","0","0","2","0","2","","","","N","","","","","","","","","",""
"2015007869","","1","0","0","0","0","0","0","0","0","1","0","","02","1","2015","1","40.29691","-79.919696","","11","0","0","0","1","0","0","0","0","2","0","0","0","","","0","","2","","40 17:48.877","2","1","79 55:10.907","0","0","0","0","2440","0","0","0","N","0","0","0","3","02440","0","","1.0","","9","N","N","","1","","0","0","0","","2","N","","2","0","0","0","0","0","0","2","0","2","","","","N","","","","","","","","","",""
"2015012527","","0","0","0","0","0","0","0","0","0","7","0","","02","1","2015","4","40.428494","-80.053506","","11","0","0","0","0","0","0","0","0","5","0","0","0","","","0","","0","","40 25:42.580","7","0","80 03:12.622","0","0","0","0","2301","0","0","0","N","0","0","0","1","02301","0","","5.0","","1","N","N","","0","","0","0","1","","0","Y","","1","0","0","0","0","0","0","2","0","1","","","","N","","","","","","","","","",""
"2015014924","","1","0","0","0","0","0","0","0","0","1","0","","02","2","2015","3","40.396627","-79.771063","","11","0","0","0","0","0","0","0","1","","0","0","0","","","3","","0","","40 23:47.856","","0","79 46:15.828","8","0","0","0","2446","0","0","0","N","0","0","0","3","02446","0","","1.0","","1","N","N","","0","","0","0","2","","2","","","3","3","0","0","0","3","0","2","0","3","","","","N","","","","","","","","","",""
"2015015002","","0","0","0","0","0","0","0","0","0","8","0","","02","2","2015","3","40.345717","-79.835758","","11","0","0","0","0","0","0","0","0","","0","0","0","","","1","","0","","40 20:44.580","","0","79 50:08.730","4","0","0","0","2304","1","0","0","","1","0","0","2","02304","1","","9.0","","1","N","Y","","0","","0","0","1","","0","","","2","1","0","0","0","0","1","2","0","1","","","","N","","","","","","","","","",""
"2015012671","","1","0","0","0","0","0","0","0","0","7","0","","02","1","2015","5","40.417712","-79.963602","","11","0","0","0","0","0","0","0","0","","0","0","0","","","0","","3","","40 25:03.763","","0","79 57:48.967","0","0","0","0","2301","0","0","0","N","0","0","0","1","02301","0","","5.0","","2","N","N","","0","","0","0","0","","0","","","1","0","0","0","0","0","0","2","0","1","","","","N","","","","","","","","","",""
"2015006336","","1","0","0","0","0","0","0","0","0","2","0","","02","1","2015","7","40.345413","-79.844315","","11","0","1","0","0","0","1","0","0","","0","0","0","","","0","","2","","40 20:43.486","","0","79 50:39.534","0","0","0","0","2304","0","0","0","N","0","0","0","3","02304","0","","1.0","","1","N","N","","0","","0","0","1","","0","","","2","0","1","0","0","0","0","2","0","2","","","","N","","","","","","","","","",""
"2015014155","","0","0","0","0","0","0","0","0","0","99","0","","02","2","2015","1","40.456413","-80.009123","","11","0","0","0","0","0","0","0","0","","0","0","0","","","1","","0","","40 27:23.086","","0","80 00:32.842","8","0","0","0","2301","0","0","0","N","0","0","0","1","02301","0","","9.0","","6","N","N","","0","","0","0","0","","9","","","2","1","0","0","0","1","0","2","0","1","","","","N","","","","","","","","","",""
"2015007167","","0","0","0","0","0","0","0","0","0","1","0","","02","1","2015","6","40.438752","-79.748328","","11","0","0","0","0","1","0","0","0","1","0","0","0","","","1","","0","","40 26:19.506","4","0","79 44:53.981","8","0","0","0","2446","0","0","0","N","0","0","0","3","02446","0","","1.0","","1","N","N","","0","","0","0","3","","0","N","","3","1","0","0","0","1","0","2","0","3","","","","N","","","","","","","","","",""
"2015012597","","2","0","0","0","0","0","0","0","0","1","0","","02","1","2015","1","40.545122","-79.837972","","11","0","0","1","0","0","0","0","0","","0","0","0","","","0","","2","","40 32:42.439","","2","79 50:16.698","0","0","0","0","2208","0","0","0","N","0","0","0","2","02208","0","","1.0","","7","N","N","","0","","0","0","0","","2","","","2","0","0","0","0","0","0","2","0","2","","","","N","","","","","","","","","",""
"2015014223","","0","0","0","0","0","0","0","0","0","0","0","","02","2","2015","2","40.356477","-79.833529","","11","0","0","0","0","1","0","0","0","","0","0","0","","","1","","0","","40 21:23.316","","0","79 50:00.706","8","0","0","0","2304","0","0","0","N","0","0","0","1","02304","0","","1.0","","9","N","N","","0","","0","0","1","","0","","","1","1","1","0","0","1","0","2","0","1","","","","N","","","","","","","","","",""
"2015013471","","0","0","0","0","0","0","0","0","0","7","0","","02","1","2015","7","40.276099","-79.890064","","11","0","0","0","1","0","0","0","0","2","0","0","0","","","1","","0","","40 16:33.956","2","3","79 53:24.230","3","0","0","0","2471","0","0","0","Y","0","0","0","2","02428","0","","2.0","","2","N","N","","0","","1","0","1","","0","N","","1","1","0","0","0","0","0","2","0","1","","","","N","","","","","","","","","",""
"2015015005","","1","0","0","0","0","0","0","0","0","1","0","25","02","2","2015","3","40.381091","-79.995176","","11","0","0","0","0","0","1","1","0","1","0","0","0","","","4","","0","","40 22:51.928","1","0","79 59:42.635","3","0","0","0","2301","0","0","0","Y","0","0","0","5","02301","0","","1.0","","1","N","N","","0","","4","0","2","","0","Y","","3","4","0","0","0","0","0","2","0","3","","","Y","Y","3","1","","","Y","","","","Y",""
"2015012531","","1","0","0","0","0","0","0","0","0","4","0","","02","1","2015","1","","-80.091626","","11","0","0","0","0","0","1","0","0","1","0","0","0","","","0","","1","","40 39:16.65","3","0","80 05:29.853","0","0","0","0","2212","0","0","0","N","0","0","0","6","02505","0","","1.0","","1","N","N","","0","","0","0","1","","2","N","","2","0","0","0","0","0","0","2","0","2","","","","N","","","","","","","","","",""
"2015014225","","2","0","0","0","0","0","0","0","0","2","0","","02","2","2015","1","40.475955","-79.778358","","11","0","0","0","0","0","0","0","1","","0","0","0","","","0","","2","","40 28:33.439","","0","79 46:42.090","0","0","0","0","2466","0","0","0","N","0","0","0","2","02466","0","","1.0","","9","N","N","","0","","0","0","0","","0","","","2","0","0","0","0","0","0","2","0","2","","","","N","","","","","","","","","",""
"2015015006","","1","0","0","0","0","0","0","0","0","1","0","","02","2","2015","3","40.667333","-80.096509","","11","0","0","0","0","0","1","0","0","2","0","0","0","","","1","","2","","40 40:02.398","2","0","80 05:47.433","8","0","0","0","2212","0","0","0","N","0","0","0","2","02505","0","","1.0","","1","N","N","","0","","0","0","1","","2","N","","2","1","0","0","0","1","0","2","0","2","","","","N","","","","","","","","","",""
"2015008620","","1","0","0","0","0","0","0","0","0","4","0","","02","1","2015","3","40.410105","-80.080671","","11","0","0","0","0","0","1","0","0","1","0","0","0","","","0","","1","","40 24:36.379","3","2","80 04:50.416","0","0","0","0","2415","0","0","0","N","0","0","0","2","02415","0","","1.0","","9","N","N","","1","","0","0","0","","3","Y","","2","0","0","0","0","0","0","2","0","2","","","","N","","","","","","","","","",""
"2015006340","","0","0","0","0","0","0","0","0","0","5","0","","02","1","2015","3","40.406537","-79.773726","","11","0","0","0","0","0","0","0","0","","0","0","0","","","0","","2","","40 24:23.533","","0","79 46:25.413","0","0","0","0","2453","0","0","0","N","0","0","0","1","02453","0","","5.0","","98","N","N","","1","","0","0","1","","0","","","2","0","0","0","0","0","0","2","0","2","","","","N","","","","","","","","","",""
"2015012533","","0","0","0","0","0","0","0","0","0","6","0","","02","1","2015","2","40.541427","-79.777906","","11","0","0","0","0","0","1","0","0","2","0","0","0","","","0","","0","","40 32:29.136","5","0","79 46:40.461","0","0","0","0","2462","0","0","0","N","0","0","0","1","02462","0","","6.0","","9","N","N","","2","","0","0","1","","0","N","","3","0","0","0","0","0","0","2","0","3","","","","N","","","","","","","","","",""
"2015007037","","0","0","0","0","0","0","0","0","0","1","0","","02","1","2015","3","40.396257","-80.066178","","11","0","0","0","0","0","0","0","0","","0","0","0","","","0","","0","","40 23:46.524","","0","80 03:58.240","0","0","0","0","2117","0","0","0","N","0","0","0","3","02117","0","","1.0","","1","N","N","","0","","0","0","3","","0","","","3","0","0","0","0","0","0","2","0","3","","","","N","","","","","","","","","",""
"2015006342","","1","0","0","0","0","0","0","0","0","7","0","","02","1","2015","4","40.368663","-79.97076","","11","0","0","0","0","0","0","0","0","9","0","0","0","","","1","","0","","40 22:07.186","6","0","79 58:14.736","4","0","0","0","2413","0","0","0","N","0","0","0","1","02413","1","","2.0","","1","N","N","","0","","0","0","0","","0","N","","1","1","0","0","0","0","0","2","0","1","","","","N","","","","","","","","","",""
"2015012471","","1","0","0","0","0","0","0","0","0","4","0","","02","1","2015","4","40.380577","-79.911699","","11","0","0","0","0","0","1","0","0","1","0","0","0","","","0","","1","","40 22:50.077","2","0","79 54:42.116","0","0","0","0","2448","0","0","0","N","0","0","0","2","02448","0","","1.0","","1","N","N","","1","","0","0","0","","0","N","","2","0","0","0","0","0","0","2","0","2","","","","N","","","","","","","","","",""
"2015013276","","1","0","0","0","0","0","0","0","0","4","1","","02","1","2015","6","40.323117","-79.956552","","11","0","0","0","0","0","0","0","0","2","0","1","0","","","0","","1","","40 19:23.221","5","0","79 57:23.587","0","0","0","0","2454","0","0","0","N","0","0","0","3","02454","0","","1.0","","9","N","N","","1","","0","0","0","","3","Y","","3","0","0","0","0","0","0","2","0","3","","","","N","","","","","","","","","",""
"2015014931","","0","0","0","0","0","0","0","0","0","7","0","","02","2","2015","3","40.478191","-79.758118","","11","0","0","0","0","0","0","0","0","","0","0","0","","","1","","2","","40 28:41.489","","0","79 45:29.223","8","0","0","0","2466","0","0","0","N","0","0","0","1","02466","0","","2.0","","1","N","N","","1","","0","0","0","","0","","","1","1","0","0","0","1","0","2","0","1","","","","N","","","","","","","","","",""
"2015012602","","1","0","0","0","0","0","0","0","0","7","0","","02","1","2015","5","40.508136","-79.889496","","11","0","0","0","0","0","0","0","0","2","0","0","0","","","0","","0","","40 30:29.289","3","0","79 53:22.185","0","0","0","0","2432","0","0","0","N","0","0","0","1","02432","0","","2.0","","9","N","N","","0","","0","0","0","","0","N","","1","0","0","0","0","0","0","2","0","1","","","","N","","","","","","","","","",""
"2015014228","","1","0","0","0","0","0","0","0","0","5","0","","02","1","2015","5","40.365738","-80.016312","","11","0","0","0","0","0","1","0","0","","0","0","0","","","0","","3","","40 21:56.656","","0","80 00:58.724","0","0","0","0","2416","0","0","0","N","0","0","0","2","02416","0","","1.0","","1","N","N","","1","","0","0","0","","0","","","2","0","0","0","0","0","0","2","0","2","","","","N","","","","","","","","","",""
"2015012614","","0","0","0","0","0","0","0","0","0","6","0","","02","1","2015","5","40.311916","-79.94022","","11","0","0","0","0","0","1","0","0","2","0","0","0","","","0","","0","","40 18:42.899","6","0","79 56:24.792","0","0","0","0","2440","0","0","0","N","0","0","0","2","02440","0","","1.0","","9","N","N","","0","","0","0","1","","0","Y","","2","0","0","0","0","0","0","2","1","2","","","","N","","","","","","","","","",""
"2015013409","","1","0","0","0","0","0","0","0","0","7","0","55","02","1","2015","5","40.557412","-79.848374","","11","0","0","0","0","0","0","0","0","1","0","0","0","","","0","","0","","40 33:26.683","4","0","79 50:54.146","0","0","0","0","2208","0","0","0","N","0","0","0","1","68T02","0","","3.0","","7","N","N","","0","","0","0","0","","0","N","","1","0","0","0","0","0","0","2","0","1","","","Y","Y","4","1","N","N","N","N","Y","N","Y",""
"2015015010","","1","0","0","0","0","0","0","0","0","1","1","","02","2","2015","3","40.460221","-79.842652","","11","0","0","0","0","0","0","0","0","","0","1","0","","","1","","1","","40 27:36.794","","0","79 50:33.548","4","0","0","0","2113","0","0","0","N","0","0","0","2","02113","1","","1.0","","1","N","N","","0","","0","0","0","","2","","","2","1","0","0","0","0","1","2","0","2","","","","N","","","","","","","","","",""
"2015012679","","1","0","0","0","0","0","0","0","0","7","0","","02","1","2015","5","40.375086","-80.150282","","11","0","1","0","0","0","0","0","0","","0","0","0","","","1","","0","","40 22:30.311","","0","80 09:01.015","8","0","0","0","2119","0","0","0","N","0","0","0","1","02119","0","","5.0","","2","N","N","","0","","0","0","0","","0","","","1","1","0","0","0","1","0","2","0","1","","","","N","","","","","","","","","",""
"2015007038","","3","0","0","0","0","0","0","0","0","1","0","","02","1","2015","6","40.486989","-79.886761","","11","0","0","0","0","0","0","1","1","","0","0","0","","","0","","0","","40 29:13.159","","7","79 53:12.340","0","0","0","0","2301","0","0","0","N","0","0","0","7","02301","0","","1.0","","1","N","N","","0","","0","0","1","","2","","","4","0","0","0","0","0","0","2","0","4","","","","N","","","","","","","","","",""
"2015012472","","2","0","0","0","0","0","0","0","0","1","0","","02","1","2015","2","40.501152","-80.181201","","11","1","0","0","0","0","0","1","0","","0","0","0","","","2","","2","","40 30:04.146","","0","80 10:52.325","4","0","0","0","2213","0","0","0","N","0","0","0","8","02213","2","","1.0","","7","N","N","","0","","0","0","1","","0","","","3","2","1","0","0","0","0","2","0","3","","","","N","","","","","","","","","",""
"2015013277","","2","0","0","0","0","0","0","0","0","1","0","","02","1","2015","6","40.378225","-80.064701","","11","0","0","0","0","0","0","0","0","","0","0","0","","","1","","1","","40 22:41.611","","0","80 03:52.925","8","0","0","0","2109","0","0","0","N","0","0","0","2","02109","0","","1.0","","1","N","N","","0","","0","0","0","","2","","","2","1","0","0","0","1","0","2","0","2","","","","N","","","","","","","","","",""
"2015012603","","0","0","0","0","0","0","0","0","0","7","0","","02","1","2015","2","40.565134","-80.102238","","11","0","0","0","1","0","0","0","0","","0","0","0","","","1","","0","","40 33:54.481","","0","80 06:08.056","8","0","0","0","2215","0","0","0","N","0","0","0","1","02215","0","","5.0","","2","N","N","","0","","0","0","1","","0","","","1","1","0","0","0","1","0","2","0","1","","","","N","","","","","","","","","",""
"2015014229","","1","0","0","0","0","0","0","0","0","4","0","","02","1","2015","5","40.362022","-80.011171","","11","0","0","1","0","0","0","1","0","1","0","0","0","","","0","","1","","40 21:43.279","5","0","80 00:40.215","0","0","0","0","2416","0","0","0","N","0","0","0","2","02416","0","","1.0","","6","N","N","","0","","0","0","1","","3","Y","","2","0","0","0","0","0","0","2","0","2","","","","N","","","","","","","","","",""
"2015012615","","1","0","0","0","0","0","0","0","0","4","0","","02","1","2015","4","40.394742","-80.066335","","11","0","0","0","0","0","1","0","0","","0","0","0","","","1","","0","","40 23:41.071","","7","80 03:58.807","4","0","0","0","2117","0","0","0","N","0","0","0","2","02117","1","","1.0","","1","N","N","","1","","0","0","0","","2","","","2","1","0","0","0","0","0","2","0","2","","","","N","","","","","","","","","",""
"2015013410","","1","0","0","0","0","0","0","0","0","7","0","","02","1","2015","5","40.594112","-79.905411","","11","0","0","0","0","0","0","0","0","","0","0","0","","","0","","0","","40 35:38.803","","0","79 54:19.478","0","0","0","0","2209","0","0","0","N","0","0","0","1","68T02","0","","2.0","","2","N","N","","0","","0","0","0","","0","","","1","0","0","0","0","0","0","1","0","1","","","","N","","","","","","","","","",""
"2015012680","","1","0","0","0","0","0","0","0","0","7","0","","02","1","2015","5","40.454511","-80.224019","","11","0","0","1","0","0","0","0","0","2","0","0","0","","","0","","0","","40 27:16.240","3","0","80 13:26.470","0","0","0","0","2214","0","0","0","N","0","0","0","1","02214","0","","5.0","","6","N","N","","0","","0","0","0","","0","N","","1","0","0","0","0","0","0","2","0","1","","","","N","","","","","","","","","",""
"2015008626","","2","0","0","0","0","0","0","0","0","1","0","","02","1","2015","3","40.385961","-80.185876","","11","0","1","0","0","0","0","0","0","1","0","0","0","","","0","","2","","40 23:09.458","1","0","80 11:09.154","0","0","0","0","2119","0","0","0","N","0","0","0","2","02119","0","","1.0","","9","N","N","","0","","0","0","0","","0","N","","2","0","1","0","0","0","0","1","0","2","","","","N","","","","","","","","","",""
"2015013278","","1","0","0","0","0","0","0","0","0","7","0","","02","1","2015","7","40.363625","-80.043092","","11","0","0","0","0","0","0","0","0","3","0","0","0","","","2","","0","","40 21:49.050","6","0","80 02:35.130","8","0","0","0","2109","0","0","0","N","0","0","0","2","02109","0","","2.0","","6","N","N","","0","","0","0","0","","0","Y","","1","2","0","0","0","2","0","2","0","1","","","","N","","","","","","","","","",""
"2015014230","","1","0","0","0","0","0","0","0","0","1","0","","02","1","2015","7","40.358413","-80.028704","","11","1","0","0","0","0","0","0","0","","0","0","0","","","0","","0","","40 21:30.288","","0","80 01:43.335","0","0","0","0","2416","0","0","0","N","0","0","0","2","02416","0","","1.0","","1","N","N","","1","","0","0","0","","0","","","2","0","0","0","0","0","0","2","0","2","","","","N","","","","","","","","","",""