"CRN","ARRIVAL_TM","AUTOMOBILE_COUNT","BELTED_DEATH_COUNT","BELTED_SUSP_SERIOUS_INJ_COUNT","BICYCLE_COUNT","BICYCLE_DEATH_COUNT","BICYCLE_SUSP_SERIOUS_INJ_COUNT","BUS_COUNT","CHLDPAS_DEATH_COUNT","CHLDPAS_SUSP_SERIOUS_INJ_COUNT","COLLISION_TYPE","COMM_VEH_COUNT","CONS_ZONE_SPD_LIM","COUNTY","CRASH_MONTH","CRASH_YEAR","DAY_OF_WEEK","DEC_LATITUDE","DEC_LONGITUDE","DISPATCH_TM","DISTRICT","DRIVER_COUNT_16YR","DRIVER_COUNT_17YR","DRIVER_COUNT_18YR","DRIVER_COUNT_19YR","DRIVER_COUNT_20YR","DRIVER_COUNT_50_64YR","DRIVER_COUNT_65_74YR","DRIVER_COUNT_75PLUS","EST_HRS_CLOSED","FATAL_COUNT","HEAVY_TRUCK_COUNT","HORSE_BUGGY_COUNT","HOUR_OF_DAY","ILLUMINATION","INJURY_COUNT","INTERSECTION_RELATED","INTERSECT_TYPE","LANE_CLOSED","LATITUDE","LN_CLOSE_DIR","LOCATION_TYPE","LONGITUDE","MAX_SEVERITY_LEVEL","MCYCLE_DEATH_COUNT","MCYCLE_SUSP_SERIOUS_INJ_COUNT","MOTORCYCLE_COUNT","MUNICIPALITY","NONMOTR_COUNT","NONMOTR_DEATH_COUNT","NONMOTR_SUSP_SERIOUS_INJ_COUNT","NTFY_HIWY_MAINT","PED_COUNT","PED_DEATH_COUNT","PED_SUSP_SERIOUS_INJ_COUNT","PERSON_COUNT","POLICE_AGCY","POSSIBLE_INJ_COUNT","RDWY_SURF_TYPE_CD","RELATION_TO_ROAD","ROADWAY_CLEARED","ROAD_CONDITION","SCH_BUS_IND","SCH_ZONE_IND","SECONDARY_CRASH","SMALL_TRUCK_COUNT","SPEC_JURIS_CD","SUSP_MINOR_INJ_COUNT","SUSP_SERIOUS_INJ_COUNT","SUV_COUNT","TCD_FUNC_CD","TCD_TYPE","TFC_DETOUR_IND","TIME_OF_DAY","TOTAL_UNITS","TOT_INJ_COUNT","UNBELTED_OCC_COUNT","UNB_DEATH_COUNT","UNB_SUSP_SERIOUS_INJ_COUNT","UNK_INJ_DEG_COUNT","UNK_INJ_PER_COUNT","URBAN_RURAL","VAN_COUNT","VEHICLE_COUNT","WEATHER1","WEATHER2","WORKERS_PRES","WORK_ZONE_IND","WORK_ZONE_LOC","WORK_ZONE_TYPE","WZ_CLOSE_DETOUR","WZ_FLAGGER","WZ_LAW_OFFCR_IND","WZ_LN_CLOSURE","WZ_MOVING","WZ_OTHER","WZ_SHLDER_MDN","WZ_WORKERS_INJ_KILLED"
"2015012901","","2","0","0","0","0","0","0","0","0","4","0","","02","1","2015","5","40.487758","-79.880916","","11","0","0","0","0","0","1","0","0","","0","0","0","","","0","","0","","40 29:15.929","","0","79 52:51.299","0","0","0","0","2112","0","0","0","N","0","0","0","2","02112","0","","1.0","","9","N","N","","0","","0","0","0","","0","","","2","0","0","0","0","0","0","2","0","2","","","","N","","","","","","","","","",""
"2015014808","","2","0","0","0","0","0","0","0","0","1","0","","02","1","2015","6","40.425867","-80.030873","","11","0","0","0","0","0","1","0","0","","0","0","0","","","0","","0","","40 25:33.122","","0","80 01:51.142","0","0","0","0","2301","0","0","0","N","0","0","0","4","68B03","0","","1.0","","1","N","N","","0","","0","0","2","","0","","","4","0","0","0","0","0","0","2","0","4","","","","N","","","","","","","","","",""
"2015014809","","2","0","0","0","0","0","0","0","0","1","0","","02","1","2015","7","40.444851","-79.843926","","11","0","0","0","0","0","1","1","0","1","0","0","0","","","6","","0","","40 26:41.462","3","0","79 50:38.132","8","0","0","0","2419","0","0","0","N","0","0","0","7","68B03","0","","1.0","","1","N","N","","0","","0","0","2","","0","N","","4","6","0","0","0","6","0","2","0","4","","","","N","","","","","","","","","",""
"2015011733","","1","0","0","0","0","0","0","0","0","4","0","","02","1","2015","3","40.413472","-80.042753","","11","0","0","0","0","0","0","0","0","1","0","0","0","","","0","","1","","40 24:48.499","3","0","80 02:33.910","0","0","0","0","2301","0","0","0","N","0","0","0","2","02301","0","","1.0","","6","N","N","","0","","0","0","1","","3","N","","2","0","0","0","0","0","0","2","0","2","","","","N","","","","","","","","","",""
"2015014675","","0","0","0","0","0","0","0","0","0","5","0","","02","2","2015","1","40.375095","-80.15036","","11","0","0","0","0","0","0","0","0","","0","0","0","","","0","","0","","40 22:30.341","","0","80 09:01.295","0","0","0","0","2119","0","0","0","N","0","0","0","8","02119","0","","4.0","","6","N","N","","0","","0","0","1","","0","","","2","0","0","0","0","0","0","2","1","2","","","","N","","","","","","","","","",""
"2015013208","","0","0","0","0","0","0","0","0","0","1","0","","02","1","2015","6","40.481316","-80.042573","","11","0","0","0","0","0","1","0","0","","0","0","0","","","1","","1","","40 28:52.739","","0","80 02:33.263","8","0","0","0","2301","0","0","0","N","0","0","0","2","02301","0","","1.0","","9","N","N","","0","","0","0","2","","0","","","2","1","0","0","0","1","0","2","0","2","","","","N","","","","","","","","","",""
"2015013850","","0","0","0","0","0","0","0","0","0","7","0","","02","2","2015","1","40.430667","-79.947528","","11","0","0","1","0","0","0","0","0","","0","0","0","","","0","","0","","40 25:50.400","","0","79 56:51.100","0","0","0","0","2301","0","0","0","N","0","0","0","1","02301","0","","2.0","","7","N","N","","0","","0","0","1","","0","","","1","0","0","0","0","0","0","2","0","1","","","","N","","","","","","","","","",""
"2015014677","","0","0","0","0","0","0","0","0","0","1","0","","02","2","2015","2","40.642563","-80.067367","","11","0","0","0","0","0","0","1","0","","0","0","0","","","1","","1","","40 38:33.228","","0","80 04:02.520","4","0","0","0","2216","0","0","0","N","0","0","0","2","02505","1","","1.0","","1","N","N","","1","","0","0","1","","2","","","2","1","0","0","0","0","0","2","0","2","","","","N","","","","","","","","","",""
"2015010256","","0","0","0","0","0","0","0","0","0","1","0","","02","1","2015","7","40.621757","-80.054226","","11","0","1","0","0","0","1","0","0","1","0","0","0","","","0","","2","","40 37:18.325","1","0","80 03:15.215","0","0","0","0","2216","0","0","0","N","0","0","0","2","02505","0","","1.0","","9","N","N","","0","","0","0","2","","2","Y","","2","0","0","0","0","0","0","1","0","2","","","","N","","","","","","","","","",""
"2015013851","","1","0","0","0","0","0","0","0","0","4","0","","02","2","2015","1","40.349587","-79.820552","","11","0","0","0","0","0","0","0","0","1","0","0","0","","","1","","0","","40 20:58.514","6","0","79 49:13.987","4","0","0","0","2477","0","0","0","N","0","0","0","1","02477","1","","1.0","","1","N","N","","1","","0","0","1","","0","Y","","3","1","0","0","0","0","0","2","0","3","","","","N","","","","","","","","","",""
"2015011189","","2","0","0","0","0","0","0","0","0","2","0","","02","1","2015","2","40.401729","-79.996256","","11","0","0","0","0","0","0","0","0","1","0","0","0","","","0","","0","","40 24:06.224","5","0","79 59:46.520","0","0","0","0","2301","0","0","0","N","0","0","0","4","02301","0","","1.0","","7","N","N","","0","","0","0","0","","0","N","","2","0","0","0","0","0","0","2","0","2","","","","N","","","","","","","","","",""
"2015013852","","2","0","0","0","0","0","0","0","0","1","0","","02","1","2015","6","40.455752","-79.922392","","11","0","0","0","0","0","0","0","0","","0","0","0","","","0","","0","","40 27:20.707","","0","79 55:20.611","0","0","0","0","2301","0","0","0","N","0","0","0","1","02301","0","","6.0","","9","N","N","","0","","0","0","1","","0","","","3","0","0","0","0","0","0","2","0","3","","","","N","","","","","","","","","",""
"2015014679","","1","0","0","0","0","0","0","0","0","7","0","","02","1","2015","6","40.65096","-80.118527","","11","0","0","0","0","0","0","0","0","","0","0","0","","","0","","1","","40 39:03.456","","0","80 07:06.697","0","0","0","0","2212","0","0","0","N","0","0","0","1","02505","0","","5.0","","6","N","N","","0","","0","0","0","","0","","","1","0","0","0","0","0","0","1","0","1","","","","N","","","","","","","","","",""
"2015011804","","1","0","0","0","0","0","0","0","0","4","0","","02","1","2015","3","40.51999","-79.984922","","11","0","0","0","0","0","0","0","0","","0","0","0","","","0","","2","","40 31:11.964","","0","79 59:05.719","0","0","0","0","2118","0","0","0","N","0","0","0","3","02118","0","","1.0","","9","N","N","","0","","0","0","0","","3","","","2","0","0","0","0","0","0","2","1","2","","","","N","","","","","","","","","",""
"2015011192","","1","0","0","0","0","0","0","0","0","7","0","","02","1","2015","2","40.445749","-79.998277","","11","0","0","0","1","0","0","0","0","","0","0","0","","","0","","0","","40 26:44.696","","0","79 59:53.797","0","0","0","0","2301","0","0","0","N","0","0","0","1","02301","0","","4.0","","7","N","N","","0","","0","0","0","","0","","","1","0","0","0","0","0","0","2","0","1","","","","N","","","","","","","","","",""
"2015014755","","1","0","0","0","0","0","0","0","0","7","0","","02","2","2015","1","40.375086","-80.150275","","11","0","0","0","0","0","0","0","0","2","0","0","0","","","1","","0","","40 22:30.308","6","0","80 09:00.990","8","0","0","0","2119","0","0","0","N","0","0","0","2","02119","0","","5.0","","7","N","N","","0","","0","0","0","","0","N","","1","1","0","0","0","1","0","2","0","1","","","","N","","","","","","","","","",""
"2015009570","","2","0","0","0","0","0","0","0","0","1","0","","02","1","2015","5","40.410651","-80.015104","","11","0","0","0","0","0","0","0","0","1","0","0","0","","","0","","0","","40 24:38.345","4","0","80 00:54.374","9","0","0","0","2301","0","0","0","N","0","0","0","2","02301","0","","1.0","","1","N","N","","0","","0","0","0","","0","N","","2","0","0","0","0","0","1","2","0","2","","","","N","","","","","","","","","",""
"2015010400","","1","0","0","0","0","0","0","0","0","7","0","","02","1","2015","3","40.623537","-80.096337","","11","0","0","0","0","0","0","0","0","1","0","0","0","","","0","","0","","40 37:24.733","1","0","80 05:46.813","0","0","0","0","2212","0","0","0","Y","0","0","0","1","68B03","0","","2.0","","9","N","N","","0","","0","0","0","","0","N","","1","0","0","0","0","0","0","2","0","1","","","","N","","","","","","","","","",""
"2015011193","","0","0","0","0","0","0","0","0","0","7","0","","02","1","2015","2","40.393804","-79.934889","","11","0","0","0","0","0","0","0","0","","0","0","0","","","0","","0","","40 23:37.696","","1","79 56:05.601","0","0","0","0","2301","0","0","0","N","0","0","0","1","02301","0","","2.0","","2","N","N","","0","","0","0","1","","0","","","1","0","0","0","0","0","0","2","0","1","","","","N","","","","","","","","","",""
"2015014756","","0","0","0","0","0","0","0","0","0","7","0","","02","2","2015","1","40.324365","-79.907708","","11","0","0","0","0","0","0","0","0","2","0","0","0","","","1","","0","","40 19:27.714","5","0","79 54:27.749","8","0","0","0","2473","0","0","0","Y","0","0","0","1","02473","0","","2.0","","7","N","N","","0","","0","0","1","","0","Y","","1","1","1","0","0","1","0","2","0","1","","","","N","","","","","","","","","",""
"2015013232","","1","0","0","0","0","0","0","0","0","0","0","","02","1","2015","6","40.508498","-79.832313","","11","0","0","0","0","0","0","0","0","1","0","0","0","","","0","","1","","40 30:30.592","7","0","79 49:56.326","0","0","0","0","2113","0","0","0","N","0","0","0","1","02113","0","","1.0","","7","N","N","","0","","0","0","0","","0","Y","","1","0","0","0","0","0","0","2","0","1","","","","N","","","","","","","","","",""
"2015009491","","1","0","0","0","0","0","0","0","0","7","0","","02","1","2015","4","40.651637","-80.11253","","11","0","0","0","0","0","0","0","0","2","0","0","0","","","0","","0","","40 39:05.894","6","0","80 06:45.107","0","0","0","0","2212","0","0","0","N","0","0","0","1","02505","0","","5.0","","6","N","N","","0","","0","0","0","","0","Y","","1","0","0","0","0","0","0","2","0","1","","","","N","","","","","","","","","",""
"2015010401","","1","0","0","0","0","0","0","0","0","1","0","","02","1","2015","6","40.420606","-80.039291","","11","0","0","0","1","0","1","0","0","","0","0","0","","","2","","0","","40 25:14.181","","0","80 02:21.447","8","0","0","0","2301","0","0","0","N","0","0","0","2","68B03","0","","1.0","","1","N","N","","0","","0","0","1","","0","","","2","2","0","0","0","2","0","2","0","2","","","","N","","","","","","","","","",""
"2015014757","","3","0","0","0","0","0","0","0","0","2","0","","02","1","2015","4","40.390871","-80.059176","","11","0","0","0","0","0","0","0","0","1","0","0","0","","","0","","0","","40 23:27.135","7","0","80 03:33.033","0","0","0","0","2109","0","0","0","N","0","0","0","3","02109","0","","1.0","","2","N","N","","0","","0","0","0","","2","Y","","3","0","0","0","0","0","0","2","0","3","","","","N","","","","","","","","","",""
"2015011819","","0","0","0","0","0","0","0","0","0","4","0","","02","1","2015","3","40.476473","-79.919393","","11","0","0","0","0","0","1","0","0","","0","0","0","","","0","","1","","40 28:35.302","","0","79 55:09.814","0","0","0","0","2301","0","0","0","N","0","0","0","2","02301","0","","1.0","","7","N","N","","0","","0","0","2","","3","","","2","0","0","0","0","0","0","2","0","2","","","","N","","","","","","","","","",""
"2015010402","","2","0","0","0","0","0","0","0","0","1","0","","02","1","2015","6","40.434102","-80.020189","","11","0","0","0","0","0","1","1","0","","0","0","0","","","2","","0","","40 26:02.766","","4","80 01:12.680","8","0","0","0","2301","0","0","0","N","0","0","0","2","68B03","0","","1.0","","1","N","N","","0","","0","0","0","","0","","","2","2","0","0","0","2","0","2","0","2","","","","N","","","","","","","","","",""
"2015011195","","3","0","0","0","0","0","0","0","0","1","0","","02","1","2015","2","40.425326","-79.922421","","11","0","0","0","0","0","0","0","0","","0","0","0","","","0","","0","","40 25:31.173","","0","79 55:20.715","0","0","0","0","2301","0","0","0","N","0","0","0","1","02301","0","","6.0","","7","N","N","","0","","0","0","0","","0","","","3","0","0","0","0","0","0","2","0","3","","","","N","","","","","","","","","",""
"2015014758","","1","0","0","0","0","0","0","0","0","4","0","","02","1","2015","7","40.355151","-80.04859","","11","0","0","0","0","0","1","0","0","1","0","0","0","","","0","","0","","40 21:18.543","4","0","80 02:54.924","0","0","0","0","2109","0","0","0","N","0","0","0","2","02109","0","","1.0","","1","N","N","","0","","0","0","1","","3","N","","2","0","0","0","0","0","0","2","0","2","","","","N","","","","","","","","","",""
"2015013136","","2","0","0","0","0","0","0","0","0","2","0","","02","1","2015","6","40.465281","-79.729995","","11","0","0","0","0","0","0","1","0","2","0","0","0","","","1","","0","","40 27:55.010","5","0","79 43:47.981","8","0","0","0","2466","0","0","0","N","0","0","0","2","02466","0","","1.0","","6","N","N","","0","","0","0","0","","0","N","","2","1","0","0","0","1","0","2","0","2","","","","N","","","","","","","","","",""
"2015013934","","3","0","0","0","0","0","0","0","0","4","0","","02","2","2015","1","40.437566","-79.982692","","11","0","0","0","0","1","0","0","0","","0","0","0","","","0","","1","","40 26:15.237","","0","79 58:57.691","0","0","0","0","2301","0","0","0","N","0","0","0","3","02301","0","","1.0","","7","N","N","","0","","0","0","0","","3","","","3","0","0","0","0","0","0","2","0","3","","","","N","","","","","","","","","",""
"2015014759","","1","0","0","0","0","0","0","0","0","4","0","","02","1","2015","7","40.385467","-80.051176","","11","0","0","0","0","0","1","0","0","3","0","0","0","","","3","","2","","40 23:07.681","6","0","80 03:04.233","3","0","0","0","2109","0","0","0","N","0","0","0","3","02109","0","","1.0","","1","N","N","","0","","3","0","1","","3","Y","","2","3","0","0","0","0","0","2","0","2","","","","N","","","","","","","","","",""
"2015013951","","1","0","0","0","0","0","0","0","0","7","0","","02","2","2015","1","40.593764","-80.100453","","11","0","0","1","0","0","0","0","0","","0","0","0","","","0","","0","","40 35:37.549","","0","80 06:01.629","0","0","0","0","2481","0","0","0","N","0","0","0","1","02481","0","","2.0","","7","N","N","","0","","0","0","0","","0","","","1","0","0","0","0","0","0","2","0","1","","","","N","","","","","","","","","",""
"2015011810","","2","0","0","0","0","0","0","0","0","4","0","","02","1","2015","1","40.345134","-80.027362","","11","0","0","0","0","0","0","0","0","","0","0","0","","","1","","1","","40 20:42.483","","0","80 01:38.503","8","0","0","0","2407","0","0","0","N","0","0","0","6","02407","0","","1.0","","1","N","N","","1","","0","0","0","","2","","","3","1","0","0","0","1","0","2","0","3","","","","N","","","","","","","","","",""
"2015010281","","1","0","0","0","0","0","0","0","0","4","0","","02","1","2015","7","40.420636","-80.046403","","11","0","0","0","0","0","1","0","0","1","0","0","0","","","0","","2","","40 25:14.289","2","2","80 02:47.050","0","0","0","0","2435","0","0","0","N","0","0","0","2","02435","0","","1.0","","9","N","N","","1","","0","0","0","","2","N","","2","0","0","0","0","0","0","2","0","2","","","","N","","","","","","","","","",""
"2015011197","","0","0","0","0","0","0","0","0","0","4","0","","02","1","2015","2","40.607868","-79.75144","","11","0","0","0","0","0","0","0","0","1","0","0","0","","","0","","2","","40 36:28.323","5","0","79 45:05.183","0","0","0","0","2464","0","0","0","N","0","0","0","4","02464","0","","1.0","","7","N","N","","0","","0","0","2","","3","Y","","2","0","0","0","0","0","0","2","0","2","","","","N","","","","","","","","","",""
"2015014687","","3","0","0","0","0","0","0","0","0","2","0","","02","2","2015","2","40.395451","-79.997459","","11","0","0","0","0","0","1","0","0","1","0","0","0","","","1","","0","","40 23:43.622","1","0","79 59:50.854","4","0","0","0","2301","0","0","0","N","0","0","0","6","02301","1","","1.0","","1","N","N","","0","","0","0","0","","0","Y","","3","1","0","0","0","0","0","2","0","3","","","","N","","","","","","","","","",""
"2015014016","","0","0","0","0","0","0","0","0","0","7","0","","02","1","2015","5","40.410556","-80.071594","","11","0","0","0","0","0","0","0","0","1","0","0","0","","","1","","0","","40 24:38.001","4","0","80 04:17.738","4","0","0","0","2117","0","0","0","N","0","0","0","1","68B03","1","","3.0","","9","N","N","","0","","0","0","1","","0","N","","1","1","0","0","0","0","0","2","0","1","","","","N","","","","","","","","","",""
"2015010267","","0","0","0","0","0","0","0","0","0","7","0","","02","1","2015","7","40.283716","-79.911129","","11","0","0","0","0","0","0","0","0","2","0","0","0","","","0","","0","","40 17:01.379","2","0","79 54:40.063","0","0","0","0","2440","0","0","0","N","0","0","0","3","02440","0","","1.0","","7","N","N","","0","","0","0","1","","0","Y","","1","0","0","0","0","0","0","2","0","1","","","","N","","","","","","","","","",""
"2015013936","","1","0","0","0","0","0","0","0","0","1","0","","02","2","2015","1","40.438761","-79.997342","","11","0","0","0","0","0","1","0","0","","0","0","0","","","0","","1","","40 26:19.539","","0","79 59:50.431","0","0","0","0","2301","0","0","0","N","0","0","0","3","02301","0","","1.0","","7","N","N","","0","","0","0","1","","2","","","2","0","0","0","0","0","0","2","0","2","","","","N","","","","","","","","","",""
"2015013953","","1","0","0","0","0","0","0","0","0","4","0","","02","2","2015","1","40.468699","-80.009601","","11","0","0","1","0","0","1","0","0","1","0","0","0","","","2","","1","","40 28:07.316","5","0","80 00:34.563","8","0","0","0","2301","0","0","0","N","0","0","0","4","02301","0","","1.0","","7","N","N","","0","","0","0","1","","0","Y","","2","2","0","0","0","2","0","2","0","2","","","","N","","","","","","","","","",""
"2015014017","","1","0","0","0","0","0","0","0","0","7","0","","02","1","2015","2","40.522493","-80.273356","","11","0","0","0","0","0","0","1","0","2","0","0","0","","","0","","0","","40 31:20.976","3","0","80 16:24.081","0","0","0","0","2203","0","0","0","N","0","0","0","1","68B03","0","","2.0","","7","N","N","","0","","0","0","0","","0","N","","1","0","0","0","0","0","0","1","0","1","","","","N","","","","","","","","","",""
"2015011826","","1","0","0","0","0","0","0","0","0","4","0","","02","1","2015","2","40.4385","-79.961171","","11","0","0","0","0","0","0","0","0","1","0","0","0","","","1","","1","","40 26:18.601","5","0","79 57:40.215","3","0","0","0","2301","0","0","0","N","0","0","0","2","02301","0","","1.0","","6","N","N","","0","","1","0","1","","2","N","","2","1","0","0","0","0","0","2","0","2","","","","N","","","","","","","","","",""
"2015011278","","0","0","0","0","0","0","0","0","0","7","0","","02","1","2015","2","40.56032","-79.93317","","11","0","0","0","0","0","0","0","0","2","0","0","0","","","2","","0","","40 33:37.153","5","0","79 55:59.411","3","0","0","0","2207","0","0","0","N","0","0","0","2","02207","1","","5.0","","7","N","N","","1","","1","0","0","","0","Y","","1","2","0","0","0","0","0","2","0","1","","","","N","","","","","","","","","",""
"2015011827","","1","0","0","0","0","0","0","0","0","2","0","","02","1","2015","1","40.488059","-79.80153","","11","0","1","0","0","0","0","0","0","1","0","0","0","","","2","","2","","40 29:17.011","3","0","79 48:05.507","8","0","0","0","2113","0","0","0","N","0","0","0","4","02113","0","","1.0","","7","N","N","","0","","0","0","1","","0","N","","2","2","0","0","0","2","1","2","0","2","","","","N","","","","","","","","","",""
"2015011201","","1","0","0","0","0","0","0","0","0","7","0","","02","1","2015","2","40.411911","-80.006786","","11","0","0","0","0","0","0","0","0","","0","0","0","","","0","","0","","40 24:42.879","","0","80 00:24.428","0","0","0","0","2301","0","0","0","N","0","0","0","1","02301","0","","2.0","","7","N","N","","0","","0","0","0","","0","","","1","0","0","0","0","0","0","2","0","1","","","","N","","","","","","","","","",""
"2015010286","","1","0","0","0","0","0","0","0","0","7","0","","02","1","2015","1","40.497635","-79.724993","","11","0","0","0","0","0","0","0","0","1","0","0","0","","","0","","0","","40 29:51.486","5","0","79 43:29.974","0","0","0","0","2466","0","0","0","N","0","0","0","1","02466","0","","5.0","","9","N","N","","0","","0","0","0","","0","Y","","1","0","0","0","0","0","0","2","0","1","","","","N","","","","","","","","","",""
"2015011828","","1","0","0","0","0","0","0","0","0","1","0","","02","1","2015","6","40.531164","-80.190257","","11","0","0","0","0","1","0","0","0","","0","0","0","","","0","","0","","40 31:52.191","","0","80 11:24.926","0","0","0","0","2213","0","0","0","N","0","0","0","2","02213","0","","1.0","","1","N","N","","0","","0","0","1","","2","","","2","0","0","0","0","0","0","2","0","2","","","","N","","","","","","","","","",""
"2015011137","","1","0","0","0","0","0","0","0","0","7","0","","02","1","2015","2","40.440083","-79.838751","","11","0","0","0","0","0","0","0","0","","0","0","0","","","0","","0","","40 26:24.298","","7","79 50:19.503","9","0","0","0","2419","0","0","0","N","0","0","0","1","02419","0","","5.0","","9","N","N","","0","","0","0","0","","0","","","1","0","0","0","0","0","1","2","0","1","","","","N","","","","","","","","","",""
"2015011829","","1","0","0","0","0","0","0","0","0","7","0","","02","1","2015","7","40.520433","-80.192981","","11","0","0","0","0","0","0","0","0","3","0","0","0","","","0","","0","","40 31:13.560","1","0","80 11:34.730","0","0","0","0","2213","0","0","0","N","0","0","0","1","02213","0","","4.0","","7","N","N","","0","","0","0","0","","0","Y","","1","0","0","0","0","0","0","2","0","1","","","","N","","","","","","","","","",""
"2015010288","","1","0","0","0","0","0","0","0","0","8","0","","02","1","2015","1","40.43454","-79.954271","","11","0","0","0","0","0","0","0","0","","0","0","0","","","1","","0","","40 26:04.344","","0","79 57:15.375","4","0","0","0","2301","1","0","0","N","1","0","0","2","02301","1","","1.0","","1","N","N","","0","","0","0","0","","0","","","2","1","0","0","0","0","1","2","0","1","","","","N","","","","","","","","","",""
"2015011830","","2","0","0","0","0","0","0","0","0","4","0","","02","1","2015","2","40.510862","-80.222772","","11","0","0","1","0","0","0","0","0","1","0","0","0","","","0","","0","","40 30:39.102","2","7","80 13:21.980","0","0","0","0","2213","0","0","0","N","0","0","0","2","02213","0","","1.0","","7","N","N","","0","","0","0","0","","0","N","","2","0","0","0","0","0","0","2","0","2","","","","N","","","","","","","","","",""
"2015011141","","1","0","0","0","0","0","0","0","0","7","0","","02","1","2015","1","40.378687","-79.886286","","11","0","0","0","0","1","0","0","0","","0","0","0","","","0","","0","","40 22:43.272","","0","79 53:10.629","0","0","0","0","2473","0","0","0","N","0","0","0","1","02473","0","","5.0","","9","N","N","","0","","0","0","0","","0","","","1","0","0","0","0","0","0","2","0","1","","","","N","","","","","","","","","",""
"2015011754","","1","0","0","0","0","0","0","0","0","4","0","","02","1","2015","3","40.407296","-80.033579","","11","0","0","0","0","0","0","0","0","","0","0","0","","","0","","1","","40 24:26.264","","0","80 02:00.884","0","0","0","0","2301","0","0","0","N","0","0","0","2","02301","0","","1.0","","9","N","N","","0","","0","0","1","","2","","","2","0","0","0","0","0","0","2","0","2","","","","N","","","","","","","","","",""
"2015013248","","1","0","0","0","0","0","0","0","0","1","0","","02","1","2015","3","40.55944","-79.959161","","11","0","0","0","0","0","1","0","0","","0","0","0","","","0","","2","","40 33:33.985","","0","79 57:32.980","0","0","0","0","2207","0","0","0","N","0","0","0","2","02207","0","","1.0","","1","N","N","","1","","0","0","0","","2","","","2","0","0","0","0","0","0","2","0","2","","","","N","","","","","","","","","",""
"2015010293","","0","0","0","0","0","0","0","0","0","7","0","","02","1","2015","7","40.647541","-79.720188","","11","0","0","0","0","0","0","0","0","1","0","0","0","","","0","","0","","40 38:51.149","4","0","79 43:12.678","0","0","0","0","2106","0","0","0","N","0","0","0","1","02106","0","","4.0","","6","N","N","","1","","0","0","0","","0","Y","","1","0","0","0","0","0","0","2","0","1","","","","N","","","","","","","","","",""
"2015014699","","0","0","0","0","0","0","0","0","0","7","0","","02","2","2015","2","40.47382","-80.061671","","11","0","1","0","0","0","0","0","0","1","0","0","0","","","0","","0","","40 28:25.753","4","3","80 03:42.017","0","0","0","0","2444","0","0","0","N","0","0","0","1","02444","0","","4.0","","9","N","N","","1","","0","0","0","","0","N","","1","0","0","0","0","0","0","2","0","1","","","","N","","","","","","","","","",""
"2015010294","","1","0","0","0","0","0","0","0","0","4","0","","02","1","2015","4","40.562957","-80.047733","","11","0","0","0","0","0","0","0","0","2","0","0","0","","","1","","0","","40 33:46.645","5","0","80 02:51.838","4","0","0","0","2108","0","0","0","N","0","0","0","1","02108","1","","6.0","","1","N","N","","0","","0","0","1","","0","N","","3","1","1","0","0","0","0","2","1","3","","","","N","","","","","","","","","",""
"2015013872","","0","0","0","0","0","0","0","0","0","7","0","","02","2","2015","1","40.296016","-79.830045","","11","0","0","0","0","0","0","0","0","2","0","0","0","","","0","","0","","40 17:45.659","1","0","79 49:48.162","0","0","0","0","2105","0","0","0","N","0","0","0","1","02105","0","","4.0","","2","N","N","","0","","0","0","1","","0","N","","1","0","0","0","0","0","0","2","0","1","","","","N","","","","","","","","","",""
"2015014715","","2","0","0","0","0","0","0","0","0","1","0","","02","2","2015","1","40.455783","-79.999823","","11","0","0","0","0","0","0","0","0","1","0","0","0","","","0","","0","","40 27:20.818","2","0","79 59:59.362","0","0","0","0","2301","0","0","0","N","0","0","0","1","02301","0","","1.0","","2","N","N","","0","","0","0","2","","0","N","","4","0","0","0","0","0","0","2","0","4","","","","N","","","","","","","","","",""
"2015013167","","1","0","0","0","0","0","0","0","0","1","0","","02","1","2015","6","40.441358","-80.002169","","11","0","0","0","0","0","0","0","0","2","0","0","0","","","1","","2","","40 26:28.888","7","0","80 00:07.808","8","0","0","0","2301","0","0","0","N","0","0","0","2","02301","0","","1.0","","2","N","N","","0","","0","0","1","","2","Y","","2","1","0","0","0","1","0","2","0","2","","","","N","","","","","","","","","",""
"2015011758","","1","0","0","0","0","0","0","0","0","7","0","","02","1","2015","4","40.551287","-80.056943","","11","0","0","0","0","0","0","0","0","2","0","0","0","","","0","","0","","40 33:04.634","1","0","80 03:24.994","0","0","0","0","2116","0","0","0","N","0","0","0","2","02116","0","","2.0","","2","N","N","","1","","0","0","0","","0","N","","2","0","0","0","0","0","0","2","0","2","","","","N","","","","","","","","","",""
"2015009511","","1","0","0","0","0","0","0","0","0","1","0","","02","1","2015","3","40.35396","-80.027393","","11","0","0","0","0","0","0","0","1","","0","0","0","","","0","","0","","40 21:14.256","","0","80 01:38.613","0","0","0","0","2407","0","0","0","N","0","0","0","2","02407","0","","1.0","","1","N","N","","0","","0","0","1","","2","","","2","0","0","0","0","0","0","2","0","2","","","","N","","","","","","","","","",""
"2015011772","","1","0","0","0","0","0","0","0","0","7","0","","02","1","2015","2","40.630963","-79.980813","","11","0","0","0","0","0","0","0","0","","0","0","0","","","0","","0","","40 37:51.468","","0","79 58:50.926","0","0","0","0","2217","0","0","0","Y","0","0","0","1","02505","0","","2.0","","6","N","N","","0","","0","0","0","","0","","","1","0","0","0","0","0","0","2","0","1","","","","N","","","","","","","","","",""
"2015010295","","0","0","0","0","0","0","0","0","0","4","0","","02","1","2015","5","40.362247","-80.046618","","11","0","0","0","0","0","0","0","0","2","0","0","0","","","0","","2","","40 21:44.089","5","0","80 02:47.825","0","0","0","0","2109","0","0","0","N","0","0","0","2","02109","0","","1.0","","1","N","N","","0","","0","0","2","","3","N","","2","0","0","0","0","0","0","2","0","2","","","","N","","","","","","","","","",""