"CRN","ARRIVAL_TM","AUTOMOBILE_COUNT","BELTED_DEATH_COUNT","BELTED_SUSP_SERIOUS_INJ_COUNT","BICYCLE_COUNT","BICYCLE_DEATH_COUNT","BICYCLE_SUSP_SERIOUS_INJ_COUNT","BUS_COUNT","CHLDPAS_DEATH_COUNT","CHLDPAS_SUSP_SERIOUS_INJ_COUNT","COLLISION_TYPE","COMM_VEH_COUNT","CONS_ZONE_SPD_LIM","COUNTY","CRASH_MONTH","CRASH_YEAR","DAY_OF_WEEK","DEC_LATITUDE","DEC_LONGITUDE","DISPATCH_TM","DISTRICT","DRIVER_COUNT_16YR","DRIVER_COUNT_17YR","DRIVER_COUNT_18YR","DRIVER_COUNT_19YR","DRIVER_COUNT_20YR","DRIVER_COUNT_50_64YR","DRIVER_COUNT_65_74YR","DRIVER_COUNT_75PLUS","EST_HRS_CLOSED","FATAL_COUNT","HEAVY_TRUCK_COUNT","HORSE_BUGGY_COUNT","HOUR_OF_DAY","ILLUMINATION","INJURY_COUNT","INTERSECTION_RELATED","INTERSECT_TYPE","LANE_CLOSED","LATITUDE","LN_CLOSE_DIR","LOCATION_TYPE","LONGITUDE","MAX_SEVERITY_LEVEL","MCYCLE_DEATH_COUNT","MCYCLE_SUSP_SERIOUS_INJ_COUNT","MOTORCYCLE_COUNT","MUNICIPALITY","NONMOTR_COUNT","NONMOTR_DEATH_COUNT","NONMOTR_SUSP_SERIOUS_INJ_COUNT","NTFY_HIWY_MAINT","PED_COUNT","PED_DEATH_COUNT","PED_SUSP_SERIOUS_INJ_COUNT","PERSON_COUNT","POLICE_AGCY","POSSIBLE_INJ_COUNT","RDWY_SURF_TYPE_CD","RELATION_TO_ROAD","ROADWAY_CLEARED","ROAD_CONDITION","SCH_BUS_IND","SCH_ZONE_IND","SECONDARY_CRASH","SMALL_TRUCK_COUNT","SPEC_JURIS_CD","SUSP_MINOR_INJ_COUNT","SUSP_SERIOUS_INJ_COUNT","SUV_COUNT","TCD_FUNC_CD","TCD_TYPE","TFC_DETOUR_IND","TIME_OF_DAY","TOTAL_UNITS","TOT_INJ_COUNT","UNBELTED_OCC_COUNT","UNB_DEATH_COUNT","UNB_SUSP_SERIOUS_INJ_COUNT","UNK_INJ_DEG_COUNT","UNK_INJ_PER_COUNT","URBAN_RURAL","VAN_COUNT","VEHICLE_COUNT","WEATHER1","WEATHER2","WORKERS_PRES","WORK_ZONE_IND","WORK_ZONE_LOC","WORK_ZONE_TYPE","WZ_CLOSE_DETOUR","WZ_FLAGGER","WZ_LAW_OFFCR_IND","WZ_LN_CLOSURE","WZ_MOVING","WZ_OTHER","WZ_SHLDER_MDN","WZ_WORKERS_INJ_KILLED"
"2015016638","","1","0","0","0","0","0","0","0","0","1","0","","02","2","2015","4","40.422294","-80.030528","","11","0","0","0","0","1","1","0","0","","0","0","0","","","0","","0","","40 25:20.260","","0","80 01:49.900","0","0","0","0","2301","0","0","0","N","0","0","0","6","68B03","0","","1.0","","1","N","N","","0","","0","0","3","","0","","","4","0","0","0","0","0","0","2","0","4","","","","N","","","","","","","","","",""
"2015015858","","1","0","0","0","0","0","0","0","0","4","0","","02","1","2015","7","40.636967","-79.940783","","11","0","0","0","0","0","0","0","0","","0","0","0","","","0","","1","","40 38:13.080","","0","79 56:26.818","0","0","0","0","2217","0","0","0","N","0","0","0","2","02505","0","","1.0","","9","N","N","","0","","0","0","1","","3","","","2","0","0","0","0","0","0","2","0","2","","","","N","","","","","","","","","",""
"2015017604","","1","0","0","0","0","0","0","0","0","7","0","","02","2","2015","5","40.454106","-79.884928","","11","0","0","0","0","0","0","0","0","","0","0","0","","","0","","0","","40 27:14.780","","0","79 53:05.739","9","0","0","0","2301","0","0","0","N","0","0","0","1","02301","0","","5.0","","1","N","N","","0","","0","0","0","","0","","","1","0","0","0","0","0","1","2","0","1","","","","N","","","","","","","","","",""
"2015016913","","1","0","0","0","0","0","0","0","0","1","0","","02","2","2015","6","40.428146","-79.927457","","11","0","0","0","0","0","0","0","0","","0","0","0","","","1","","0","","40 25:41.325","","0","79 55:38.846","4","0","0","0","2301","0","0","0","N","0","0","0","2","68B03","1","","1.0","","1","N","N","","0","","0","0","0","","0","","","2","1","0","0","0","0","0","2","1","2","","","","N","","","","","","","","","",""
"2015017467","","1","0","0","0","0","0","0","0","0","7","0","","02","2","2015","2","40.449156","-79.985424","","11","0","0","0","0","0","0","0","0","1","0","0","0","","","0","","2","","40 26:56.961","3","0","79 59:07.526","0","0","0","0","2301","0","0","0","N","0","0","0","2","02301","0","","4.0","","1","N","N","","0","","0","0","0","","0","N","","1","0","0","0","0","0","0","2","0","1","","","","N","","","","","","","","","",""
"2015015861","","2","0","0","0","0","0","0","0","0","2","0","","02","1","2015","2","40.397703","-79.837386","","11","0","0","0","0","0","0","0","0","1","0","0","0","","","0","","0","","40 23:51.729","3","0","79 50:14.591","0","0","0","0","2425","0","0","0","N","0","0","0","2","02467","0","","1.0","","6","N","N","","0","","0","0","0","","0","N","","2","0","0","0","0","0","0","2","0","2","","","","N","","","","","","","","","",""
"2015018127","","1","0","0","0","0","0","0","0","0","7","0","","02","2","2015","4","40.456528","-79.878354","","11","0","0","0","0","0","0","0","0","","0","0","0","","","0","","0","","40 27:23.499","","0","79 52:42.076","0","0","0","0","2301","0","0","0","N","0","0","0","1","02301","0","","2.0","","1","N","N","","0","","0","0","0","","0","","","1","0","0","0","0","0","0","2","0","1","","","","N","","","","","","","","","",""
"2015017400","","1","0","0","0","0","0","0","0","0","4","0","","02","2","2015","2","40.409254","-79.898575","","11","0","0","0","0","0","0","1","0","","0","0","0","","","0","","1","","40 24:33.314","","0","79 53:54.871","0","0","0","0","2448","0","0","0","N","0","0","0","2","02448","0","","1.0","","1","N","N","","0","","0","0","0","","2","","","2","0","0","0","0","0","0","2","1","2","","","","N","","","","","","","","","",""
"2015018128","","1","0","0","0","0","0","0","0","0","7","0","","02","2","2015","4","40.43815","-79.972606","","11","0","0","0","0","0","0","0","0","","0","0","0","","","0","","0","","40 26:17.340","","0","79 58:21.380","0","0","0","0","2301","0","0","0","N","0","0","0","1","02301","0","","4.0","","1","N","N","","0","","0","0","0","","0","","","1","0","0","0","0","0","0","2","0","1","","","","N","","","","","","","","","",""
"2015015850","","2","0","0","0","0","0","0","0","0","5","0","","02","2","2015","4","40.312671","-79.938386","","11","1","0","0","0","0","0","0","0","","0","0","0","","","0","","0","","40 18:45.614","","0","79 56:18.191","0","0","0","0","2440","0","0","0","N","0","0","0","2","02440","0","","1.0","","1","N","N","","0","","0","0","0","","0","","","2","0","0","0","0","0","0","2","0","2","","","","N","","","","","","","","","",""
"2015015234","","0","0","0","0","0","0","0","0","0","7","0","","02","1","2015","5","40.387963","-79.945154","","11","0","0","0","0","0","0","0","0","3","0","0","0","","","0","","0","","40 23:16.666","4","0","79 56:42.554","0","0","0","0","2403","0","0","0","N","0","0","0","1","02403","0","","2.0","","2","N","N","","1","","0","0","0","","0","N","","1","0","0","0","0","0","0","2","0","1","","","","N","","","","","","","","","",""
"2015017610","","1","0","0","1","0","0","0","0","0","8","0","","02","2","2015","2","40.464814","-79.839388","","11","0","0","0","0","0","0","0","0","1","0","0","0","","","1","","0","","40 27:53.330","4","0","79 50:21.798","8","0","0","0","2113","1","0","0","N","0","0","0","4","02113","0","","1.0","","1","N","N","","0","","0","0","0","","0","N","","2","1","0","0","0","1","0","2","0","1","","","","N","","","","","","","","","",""
"2015018082","","2","0","0","0","0","0","0","0","0","4","0","","02","2","2015","3","40.353505","-79.837073","","11","0","0","0","0","0","0","0","0","","0","0","0","","","1","","1","","40 21:12.617","","0","79 50:13.464","8","0","0","0","2304","0","0","0","N","0","0","0","3","02304","0","","1.0","","1","N","N","","1","","0","0","0","","2","","","3","1","0","0","0","1","0","2","0","3","","","","N","","","","","","","","","",""
"2015016072","","1","0","0","0","0","0","0","0","0","7","0","","02","2","2015","5","40.452356","-79.997689","","11","0","0","0","0","0","0","0","0","1","0","0","0","","","0","","0","","40 27:08.480","1","0","79 59:51.680","0","0","0","0","2301","0","0","0","N","0","0","0","2","02301","0","","2.0","","2","N","N","","0","","0","0","0","","0","N","","1","0","0","0","0","0","0","2","0","1","","","","N","","","","","","","","","",""
"2015015852","","1","0","0","0","0","0","0","0","0","7","0","","02","1","2015","3","40.396746","-79.888931","","11","0","0","0","0","0","0","0","0","","0","0","0","","","0","","0","","40 23:48.284","","0","79 53:20.153","9","0","0","0","2475","0","0","0","N","0","0","0","1","02475","0","","5.0","","1","N","N","","0","","0","0","0","","3","","","1","0","0","0","0","0","1","2","0","1","","","","N","","","","","","","","","",""
"2015018131","","1","0","0","0","0","0","0","0","0","7","0","","02","1","2015","7","40.462769","-79.975303","","11","0","0","0","0","0","0","0","0","","0","0","0","","","0","","0","","40 27:45.968","","3","79 58:31.089","0","0","0","0","2301","0","0","0","N","0","0","0","1","02301","0","","1.0","","1","N","N","","0","","0","0","0","","0","","","1","0","0","0","0","0","0","2","0","1","","","","N","","","","","","","","","",""
"2015015224","","0","0","0","0","0","0","0","0","0","7","0","","02","2","2015","1","40.383902","-79.990969","","11","0","0","0","0","0","0","0","0","","0","0","0","","","0","","0","","40 23:02.047","","0","79 59:27.488","0","0","0","0","2301","0","0","0","N","0","0","0","2","02301","0","","5.0","","2","N","N","","0","","0","0","1","","0","","","1","0","0","0","0","0","0","2","0","1","","","","N","","","","","","","","","",""
"2015017391","","1","0","0","0","0","0","0","0","0","1","0","","02","2","2015","2","40.435784","-79.96805","","11","0","0","0","0","0","0","0","0","","0","0","0","","","0","","0","","40 26:08.821","","8","79 58:04.979","0","0","0","0","2301","0","0","0","N","0","0","0","2","02301","0","","1.0","","1","N","N","","0","","0","0","1","","0","","","2","0","0","0","0","0","0","2","0","2","","","","N","","","","","","","","","",""
"2015016578","","1","0","0","0","0","0","0","0","0","7","0","","02","2","2015","1","40.631373","-79.997495","","11","0","0","0","0","0","0","0","0","","0","0","0","","","0","","0","","40 37:52.944","","0","79 59:50.982","0","0","0","0","2216","0","0","0","N","0","0","0","1","02505","0","","5.0","","2","N","N","","0","","0","0","0","","0","","","1","0","0","0","0","0","0","1","0","1","","","","N","","","","","","","","","",""
"2015015225","","1","0","0","0","0","0","0","0","0","4","0","","02","2","2015","3","40.430529","-79.79243","","11","0","1","0","0","0","0","0","0","1","0","0","0","","","3","","2","","40 25:49.904","4","0","79 47:32.748","8","0","0","0","2446","0","0","0","N","0","0","0","3","02446","0","","1.0","","1","N","N","","0","","0","0","1","","2","N","","2","3","0","0","0","3","0","2","0","2","","","","N","","","","","","","","","",""
"2015016565","","1","0","0","0","0","0","0","0","0","6","0","","02","2","2015","6","40.395172","-80.174975","","11","0","0","0","0","0","1","0","1","1","0","0","0","","","2","","0","","40 23:42.619","3","0","80 10:29.910","8","0","0","0","2450","0","0","0","N","0","0","0","2","02119","0","","1.0","","1","N","N","","1","","0","0","0","","0","N","","2","2","0","0","0","2","0","1","0","2","","","","N","","","","","","","","","",""
"2015016852","","2","0","0","0","0","0","0","0","0","1","0","","02","2","2015","6","40.618134","-79.945326","","11","0","1","0","0","0","0","1","0","","0","0","0","","","0","","2","","40 37:05.282","","0","79 56:43.175","0","0","0","0","2217","0","0","0","N","0","0","0","3","02505","0","","1.0","","1","N","N","","1","","0","0","0","","0","","","3","0","0","0","0","0","0","2","0","3","","","","N","","","","","","","","","",""
"2015016498","","0","0","0","0","0","0","1","0","0","8","1","","02","2","2015","3","40.444076","-79.950231","","11","0","0","0","0","0","0","0","0","2","0","0","0","","","1","","2","","40 26:38.674","5","0","79 57:00.833","3","0","0","0","2301","1","0","0","N","1","0","0","16","02506","0","","1.0","","1","N","N","","0","","1","0","0","","0","Y","","2","1","0","0","0","0","0","2","0","1","","","","N","","","","","","","","","",""
"2015016580","","3","0","0","0","0","0","0","0","0","1","0","","02","2","2015","3","40.392737","-79.869992","","11","0","0","0","0","0","3","0","0","2","0","0","0","","","1","","0","","40 23:33.853","1","0","79 52:11.970","3","0","0","0","2473","0","0","0","N","0","0","0","4","02473","0","","1.0","","1","N","N","","0","","1","0","1","","0","N","","4","1","0","0","0","0","0","2","0","4","","","","N","","","","","","","","","",""
"2015016076","","1","0","0","0","0","0","0","0","0","6","0","","02","2","2015","4","40.615681","-80.094185","","11","0","0","0","0","0","0","0","0","","0","0","0","","","2","","1","","40 36:56.450","","2","80 05:39.065","8","0","0","0","2481","0","0","0","N","0","0","0","3","02481","0","","1.0","","1","N","N","","0","","0","0","1","","2","","","2","2","0","0","0","2","0","2","0","2","","","","N","","","","","","","","","",""
"2015017476","","1","0","0","0","0","0","0","0","0","4","0","","02","2","2015","3","40.534426","-80.179937","","11","0","0","0","0","0","0","0","0","1","0","0","0","","","1","","2","","40 32:03.933","1","0","80 10:47.772","4","0","0","0","2458","0","0","0","N","0","0","0","2","02458","1","","1.0","","1","N","N","","0","","0","0","1","","3","N","","2","1","0","0","0","0","0","2","0","2","","","","N","","","","","","","","","",""
"2015015936","","0","0","0","0","0","0","0","0","0","7","1","","02","1","2015","2","40.428332","-79.955349","","11","0","0","0","0","0","0","0","0","2","0","1","0","","","1","","0","","40 25:41.995","4","0","79 57:19.257","4","0","0","0","2301","0","0","0","N","0","0","0","2","68B03","1","","3.0","","7","N","N","","0","","0","0","1","","0","N","","2","1","0","0","0","0","0","2","0","2","","","","N","","","","","","","","","",""
"2015016582","","1","0","0","0","0","0","0","0","0","7","0","","02","2","2015","6","40.428819","-80.024073","","11","0","0","0","0","0","1","0","0","","0","0","0","","","0","","1","","40 25:43.747","","0","80 01:26.664","0","0","0","0","2301","0","0","0","N","0","0","0","1","02301","0","","4.0","","1","N","N","","0","","0","0","0","","0","","","1","0","0","0","0","0","0","2","0","1","","","","N","","","","","","","","","",""
"2015015937","","0","0","0","0","0","0","0","0","0","7","0","","02","2","2015","1","40.436875","-80.212668","","11","0","0","0","0","0","0","0","0","2","0","0","0","","","1","","0","","40 26:12.749","3","0","80 12:45.603","4","0","0","0","2214","0","0","0","Y","0","0","0","1","68B03","1","","4.0","","7","N","N","","1","","0","0","0","","0","N","","1","1","0","0","0","0","0","2","0","1","","","","N","","","","","","","","","",""
"2015017397","","2","0","0","0","0","0","0","0","0","4","0","","02","2","2015","1","40.334212","-79.946619","","11","0","0","0","0","0","1","0","1","1","0","0","0","","","2","","0","","40 20:03.163","2","7","79 56:47.830","8","0","0","0","2454","0","0","0","N","0","0","0","3","02454","0","","1.0","","1","N","N","","0","","0","0","0","","0","N","","2","2","0","0","0","2","0","2","0","2","","","","N","","","","","","","","","",""
"2015017412","","1","0","0","0","0","0","0","0","0","4","0","","02","2","2015","2","40.35151","-79.865072","","11","0","0","0","0","0","0","0","0","1","0","0","0","","","0","","2","","40 21:05.436","3","0","79 51:54.259","0","0","0","0","2304","0","0","0","N","0","0","0","4","02304","0","","1.0","","1","N","N","","0","","0","0","1","","2","N","","2","0","0","0","0","0","0","2","0","2","","","","N","","","","","","","","","",""
"2015015938","","1","0","0","0","0","0","0","0","0","1","0","","02","2","2015","1","40.437535","-80.215266","","11","0","0","0","0","0","0","0","0","","0","0","0","","","4","","0","","40 26:15.127","","0","80 12:54.957","4","0","0","0","2214","0","0","0","N","0","0","0","4","68B03","4","","1.0","","7","N","N","","0","","0","0","1","","0","","","2","4","0","0","0","0","0","2","0","2","","","","N","","","","","","","","","",""
"2015016858","","0","0","0","0","0","0","1","0","0","1","1","","02","2","2015","5","40.39606","-79.905235","","11","0","0","0","0","0","0","0","0","","0","0","0","","","0","","3","","40 23:45.816","","0","79 54:18.846","0","0","0","0","2448","0","0","0","N","0","0","0","7","02448","0","","1.0","","1","Y","N","","1","","0","0","0","","4","","","2","0","0","0","0","0","0","2","0","2","","","","N","","","","","","","","","",""
"2015017398","","3","0","0","0","0","0","0","0","0","1","1","40","02","2","2015","6","40.300718","-79.926933","","11","0","0","0","1","0","2","0","0","1","0","1","0","","","2","","0","","40 18:02.583","2","0","79 55:36.958","3","0","0","0","2440","0","0","0","N","0","0","0","5","02440","1","","1.0","","1","N","N","","0","","1","0","1","","8","N","","5","2","0","0","0","0","0","2","0","5","","","N","Y","3","2","","","N","Y","Y","","",""
"2015017414","","2","0","0","0","0","0","0","0","0","4","0","","02","2","2015","2","40.457757","-79.819207","","11","0","0","0","0","0","0","0","2","","0","0","0","","","0","","1","","40 27:27.925","","0","79 49:09.145","0","0","0","0","2113","0","0","0","N","0","0","0","2","02113","0","","1.0","","1","N","N","","0","","0","0","0","","3","","","2","0","0","0","0","0","0","2","0","2","","","","N","","","","","","","","","",""
"2015015939","","0","0","0","0","0","0","0","0","0","7","0","","02","2","2015","3","40.467592","-80.199194","","11","0","0","0","0","0","0","0","0","","0","0","0","","","0","","0","","40 28:03.331","","0","80 11:57.097","0","0","0","0","2213","0","0","0","N","0","0","0","3","68B03","0","","3.0","","1","N","N","","0","","0","0","1","","0","","","1","0","0","0","0","0","0","2","0","1","","","","N","","","","","","","","","",""
"2015016081","","2","0","0","0","0","0","0","0","0","4","0","","02","2","2015","5","40.456848","-79.975654","","11","0","0","0","0","0","0","0","0","","0","0","0","","","0","","1","","40 27:24.652","","0","79 58:32.354","0","0","0","0","2301","0","0","0","N","0","0","0","2","02301","0","","1.0","","1","N","N","","0","","0","0","0","","2","","","2","0","1","0","0","0","0","2","0","2","","","","N","","","","","","","","","",""
"2015017688","","1","0","0","0","0","0","0","0","0","8","0","","02","2","2015","5","40.429179","-79.921213","","11","0","0","0","0","0","0","1","0","","0","0","0","","","1","","1","","40 25:45.044","","0","79 55:16.366","4","0","0","0","2301","1","0","0","N","1","0","0","2","02301","1","","1.0","","1","N","Y","","0","","0","0","0","","2","","","2","1","0","0","0","0","0","2","0","1","","","","N","","","","","","","","","",""
"2015017620","","2","0","0","0","0","0","0","0","0","4","0","","02","2","2015","2","40.491673","-79.88167","","11","0","0","0","0","0","0","1","0","","0","0","0","","","0","","2","","40 29:30.024","","2","79 52:54.012","0","0","0","0","2112","0","0","0","N","0","0","0","2","02112","0","","1.0","","1","N","N","","0","","0","0","0","","2","","","2","0","0","0","0","0","0","2","0","2","","","","N","","","","","","","","","",""
"2015015246","","1","0","0","0","0","0","0","0","0","5","1","","02","2","2015","3","40.475136","-80.035073","","11","0","0","0","0","0","1","0","0","","0","1","0","","","0","","0","","40 28:30.488","","0","80 02:06.262","0","0","0","0","2301","0","0","0","N","0","0","0","1","02301","0","","6.0","","1","N","N","","0","","0","0","0","","3","","","2","0","0","0","0","0","0","2","0","2","","","","N","","","","","","","","","",""
"2015016575","","0","0","0","0","0","0","0","0","0","1","0","","02","2","2015","6","40.431124","-79.792084","","11","0","0","0","0","0","0","1","0","1","0","0","0","","","0","","3","","40 25:52.046","4","0","79 47:31.502","0","0","0","0","2446","0","0","0","N","0","0","0","2","02446","0","","1.0","","1","N","N","","0","","0","0","2","","4","Y","","2","0","0","0","0","0","0","2","0","2","","","","N","","","","","","","","","",""
"2015018222","","2","0","0","0","0","0","0","0","0","4","0","","02","2","2015","2","40.326543","-80.06504","","11","0","0","0","0","0","0","1","0","","0","0","0","","","1","","2","","40 19:35.554","","0","80 03:54.144","4","0","0","0","2123","0","0","0","N","0","0","0","2","02123","1","","1.0","","1","N","N","","0","","0","0","0","","3","","","2","1","0","0","0","0","0","2","0","2","","","","N","","","","","","","","","",""
"2015016589","","1","0","0","0","0","0","0","0","0","1","0","","02","2","2015","6","40.529304","-79.952056","","11","0","0","0","0","0","0","0","0","","0","0","0","","","0","","0","","40 31:45.494","","7","79 57:07.401","0","0","0","0","2118","0","0","0","N","0","0","0","2","02118","0","","1.0","","1","N","N","","1","","0","0","0","","0","","","2","0","0","0","0","0","0","2","0","2","","","","N","","","","","","","","","",""
"2015017418","","0","0","0","0","0","0","1","0","0","4","1","","02","2","2015","2","40.414965","-80.082713","","11","0","0","0","0","0","2","0","0","","0","0","0","","","0","","2","","40 24:53.874","","0","80 04:57.766","0","0","0","0","2415","0","0","0","N","0","0","0","2","02415","0","","1.0","","9","Y","N","","0","","0","0","1","","3","","","2","0","0","0","0","0","0","2","0","2","","","","N","","","","","","","","","",""
"2015015877","","0","0","0","0","0","0","1","0","0","1","1","","02","1","2015","4","40.398361","-80.02606","","11","0","0","0","0","0","1","0","0","","0","0","0","","","2","","1","","40 23:54.099","","0","80 01:33.815","8","0","0","0","2301","0","0","0","N","0","0","0","2","02301","0","","1.0","","1","Y","N","","0","","0","0","0","","2","","","2","2","0","0","0","2","0","2","1","2","","","","N","","","","","","","","","",""
"2015016099","","2","0","0","0","0","0","0","0","0","2","0","","02","2","2015","5","40.532594","-79.958414","","11","0","0","0","0","0","1","0","0","1","0","0","0","","","2","","2","","40 31:57.337","1","0","79 57:30.290","3","0","0","0","2118","0","0","0","N","0","0","0","2","02118","0","","1.0","","1","N","N","","0","","2","0","0","","2","N","","2","2","0","0","0","0","0","2","0","2","","","","N","","","","","","","","","",""
"2015018096","","0","0","0","0","0","0","0","0","0","7","0","","02","2","2015","3","40.424903","-79.952763","","11","0","0","0","0","0","0","0","0","","0","0","0","","","0","","10","","40 25:29.650","","0","79 57:09.945","0","0","0","0","2301","0","0","0","N","0","0","0","3","02301","0","","2.0","","1","N","N","","0","","0","0","1","","0","","","1","0","0","0","0","0","0","2","0","1","","","","N","","","","","","","","","",""
"2015015945","","4","0","0","0","0","0","0","0","0","1","0","","02","1","2015","7","40.533556","-79.847208","","11","0","0","0","0","0","2","0","0","3","0","0","0","","","2","","0","","40 32:00.803","2","3","79 50:49.947","8","0","0","0","2208","0","0","0","N","0","0","0","5","68D02","0","","1.0","","1","N","N","","0","","0","0","0","","0","Y","","4","2","0","0","0","2","0","2","0","4","","","","N","","","","","","","","","",""
"2015015316","","0","0","0","0","0","0","0","0","0","1","0","","02","1","2015","7","40.425811","-79.910764","","11","0","0","0","0","0","0","0","0","","0","0","0","","","2","","0","","40 25:32.919","","0","79 54:38.752","4","0","0","0","2301","0","0","0","N","0","0","0","4","68B03","2","","1.0","","1","N","N","","1","","0","0","1","","0","","","2","2","1","0","0","0","0","2","0","2","","","","N","","","","","","","","","",""
"2015016865","","0","0","0","0","0","0","0","0","0","1","0","","02","2","2015","7","40.464675","-79.937939","","11","0","0","0","1","0","0","0","0","2","0","0","0","","","1","","0","","40 27:52.830","4","0","79 56:16.580","8","0","0","0","2301","0","0","0","N","0","0","0","3","02301","0","","1.0","","1","N","N","","0","","0","0","2","","0","N","","2","1","3","0","0","1","0","2","0","2","","","","N","","","","","","","","","",""
"2015018158","","0","0","0","0","0","0","0","0","0","1","0","","02","2","2015","6","40.454952","-79.994507","","11","0","0","0","0","0","0","0","0","","0","0","0","","","0","","1","","40 27:17.828","","0","79 59:40.225","0","0","0","0","2301","0","0","0","N","0","0","0","3","68B03","0","","1.0","","1","N","N","","1","","0","0","0","","2","","","2","0","2","0","0","0","0","2","1","2","","","","N","","","","","","","","","",""
"2015017420","","2","0","0","0","0","0","0","0","0","4","0","","02","2","2015","6","40.610258","-80.053452","","11","0","0","0","0","0","0","0","0","","0","0","0","","","1","","0","","40 36:36.930","","0","80 03:12.427","8","0","0","0","2108","0","0","0","N","0","0","0","2","02108","0","","1.0","","1","N","N","","0","","0","0","0","","0","","","2","1","0","0","0","1","0","2","0","2","","","","N","","","","","","","","","",""
"2015015946","","2","0","0","0","0","0","0","0","0","1","0","","02","1","2015","1","40.514588","-79.854024","","11","0","0","0","0","0","1","0","0","3","0","0","0","","","4","","0","","40 30:52.516","5","0","79 51:14.486","2","0","0","0","2112","0","0","0","Y","0","0","0","4","68D02","3","","1.0","","1","N","N","","0","","0","1","0","","0","Y","","2","4","1","0","0","0","0","2","0","2","","","","N","","","","","","","","","",""
"2015017625","","0","0","0","0","0","0","0","0","0","4","0","","02","2","2015","2","40.474261","-80.010424","","11","0","0","0","0","0","1","0","0","","0","0","0","","","1","","1","","40 28:27.339","","0","80 00:37.526","8","0","0","0","2301","0","0","0","N","0","0","0","2","02301","0","","1.0","","1","N","N","","0","","0","0","2","","0","","","2","1","0","0","0","1","0","2","0","2","","","","N","","","","","","","","","",""
"2015015317","","1","0","0","0","0","0","0","0","0","7","0","","02","2","2015","1","40.549252","-80.086202","","11","0","0","0","0","0","0","0","0","","0","0","0","","","0","","0","","40 32:57.308","","0","80 05:10.326","0","0","0","0","2215","0","0","0","N","0","0","0","1","68B03","0","","2.0","","6","N","N","","0","","0","0","0","","0","","","1","0","0","0","0","0","0","2","0","1","","","","N","","","","","","","","","",""
"2015016088","","0","0","0","0","0","0","0","0","0","7","0","","02","1","2015","2","40.388997","-79.880107","","11","0","0","1","0","0","0","0","0","","0","0","0","","","0","","2","","40 23:20.389","","0","79 52:48.385","0","0","0","0","2473","0","0","0","Y","0","0","0","2","02473","0","","2.0","","7","N","N","","0","","0","0","1","","3","","","1","0","0","0","0","0","0","2","0","1","","","","N","","","","","","","","","",""
"2015015318","","0","0","0","0","0","0","0","0","0","7","0","","02","2","2015","1","40.55224","-80.086389","","11","0","0","0","0","0","0","0","0","","0","0","0","","","0","","0","","40 33:08.064","","0","80 05:10.999","0","0","0","0","2215","0","0","0","Y","0","0","0","1","68B03","0","","3.0","","6","N","N","","0","","0","0","1","","0","","","1","0","0","0","0","0","0","2","0","1","","","","N","","","","","","","","","",""
"2015017640","","1","0","0","0","0","0","0","0","0","7","0","","02","2","2015","2","40.284854","-79.843473","","11","0","0","0","0","0","1","0","0","","0","0","0","","","0","","0","","40 17:05.474","","0","79 50:36.502","9","0","0","0","2105","0","0","0","N","0","0","0","1","02105","0","","5.0","","1","N","N","","0","","0","0","0","","0","","","1","0","0","0","0","0","1","1","0","1","","","","N","","","","","","","","","",""
"2015018099","","1","0","0","0","0","0","0","0","0","4","0","","02","2","2015","3","40.444202","-80.028173","","11","0","0","0","0","0","0","1","0","","0","0","0","","","0","","1","","40 26:39.126","","3","80 01:41.424","0","0","0","0","2301","0","0","0","N","0","0","0","4","02301","0","","1.0","","1","N","N","","0","","0","0","1","","2","","","2","0","2","0","0","0","0","2","0","2","","","","N","","","","","","","","","",""
"2015018227","","1","0","0","0","0","0","0","0","0","1","0","","02","2","2015","4","40.441249","-79.992508","","11","0","0","0","0","0","0","0","0","","0","0","0","","","0","","0","","40 26:28.495","","0","79 59:33.029","0","0","0","0","2301","0","0","0","N","0","0","0","2","02301","0","","1.0","","1","N","N","","0","","0","0","1","","0","","","2","0","0","0","0","0","0","2","0","2","","","","N","","","","","","","","","",""
"2015015948","","1","0","0","0","0","0","0","0","0","7","0","","02","2","2015","1","40.490748","-79.88342","","11","0","0","0","0","0","0","0","0","2","0","0","0","","","0","","0","","40 29:26.694","1","0","79 53:00.313","0","0","0","0","2112","0","0","0","N","0","0","0","1","68D02","0","","4.0","","6","N","N","","0","","0","0","0","","0","N","","1","0","1","0","0","0","0","2","0","1","","","","N","","","","","","","","","",""
"2015015882","","0","0","0","0","0","0","0","0","0","7","0","","02","2","2015","5","40.330485","-79.842888","","11","0","0","0","0","0","0","0","0","","0","0","0","","","0","","2","","40 19:49.745","","0","79 50:34.397","0","0","0","0","2304","0","0","0","N","0","0","0","1","02304","0","","5.0","","7","N","N","","0","","0","0","1","","0","","","1","0","0","0","0","0","0","2","0","1","","","","N","","","","","","","","","",""
"2015016662","","0","0","0","0","0","0","0","0","0","1","0","","02","2","2015","5","40.497045","-79.921468","","11","0","0","0","0","0","1","0","0","1","0","0","0","","","1","","0","","40 29:49.362","1","0","79 55:17.285","4","0","0","0","2112","0","0","0","N","0","0","0","2","68D02","1","","1.0","","1","N","N","","0","","0","0","2","","0","N","","2","1","0","0","0","0","0","2","0","2","","","","N","","","","","","","","","",""