"CRN","ARRIVAL_TM","AUTOMOBILE_COUNT","BELTED_DEATH_COUNT","BELTED_SUSP_SERIOUS_INJ_COUNT","BICYCLE_COUNT","BICYCLE_DEATH_COUNT","BICYCLE_SUSP_SERIOUS_INJ_COUNT","BUS_COUNT","CHLDPAS_DEATH_COUNT","CHLDPAS_SUSP_SERIOUS_INJ_COUNT","COLLISION_TYPE","COMM_VEH_COUNT","CONS_ZONE_SPD_LIM","COUNTY","CRASH_MONTH","CRASH_YEAR","DAY_OF_WEEK","DEC_LATITUDE","DEC_LONGITUDE","DISPATCH_TM","DISTRICT","DRIVER_COUNT_16YR","DRIVER_COUNT_17YR","DRIVER_COUNT_18YR","DRIVER_COUNT_19YR","DRIVER_COUNT_20YR","DRIVER_COUNT_50_64YR","DRIVER_COUNT_65_74YR","DRIVER_COUNT_75PLUS","EST_HRS_CLOSED","FATAL_COUNT","HEAVY_TRUCK_COUNT","HORSE_BUGGY_COUNT","HOUR_OF_DAY","ILLUMINATION","INJURY_COUNT","INTERSECTION_RELATED","INTERSECT_TYPE","LANE_CLOSED","LATITUDE","LN_CLOSE_DIR","LOCATION_TYPE","LONGITUDE","MAX_SEVERITY_LEVEL","MCYCLE_DEATH_COUNT","MCYCLE_SUSP_SERIOUS_INJ_COUNT","MOTORCYCLE_COUNT","MUNICIPALITY","NONMOTR_COUNT","NONMOTR_DEATH_COUNT","NONMOTR_SUSP_SERIOUS_INJ_COUNT","NTFY_HIWY_MAINT","PED_COUNT","PED_DEATH_COUNT","PED_SUSP_SERIOUS_INJ_COUNT","PERSON_COUNT","POLICE_AGCY","POSSIBLE_INJ_COUNT","RDWY_SURF_TYPE_CD","RELATION_TO_ROAD","ROADWAY_CLEARED","ROAD_CONDITION","SCH_BUS_IND","SCH_ZONE_IND","SECONDARY_CRASH","SMALL_TRUCK_COUNT","SPEC_JURIS_CD","SUSP_MINOR_INJ_COUNT","SUSP_SERIOUS_INJ_COUNT","SUV_COUNT","TCD_FUNC_CD","TCD_TYPE","TFC_DETOUR_IND","TIME_OF_DAY","TOTAL_UNITS","TOT_INJ_COUNT","UNBELTED_OCC_COUNT","UNB_DEATH_COUNT","UNB_SUSP_SERIOUS_INJ_COUNT","UNK_INJ_DEG_COUNT","UNK_INJ_PER_COUNT","URBAN_RURAL","VAN_COUNT","VEHICLE_COUNT","WEATHER1","WEATHER2","WORKERS_PRES","WORK_ZONE_IND","WORK_ZONE_LOC","WORK_ZONE_TYPE","WZ_CLOSE_DETOUR","WZ_FLAGGER","WZ_LAW_OFFCR_IND","WZ_LN_CLOSURE","WZ_MOVING","WZ_OTHER","WZ_SHLDER_MDN","WZ_WORKERS_INJ_KILLED"
"2015015949","","0","0","0","0","0","0","0","0","0","7","0","","02","2","2015","1","40.497388","-79.926728","","11","0","0","0","0","0","0","0","0","3","0","0","0","","","0","","0","","40 29:50.597","1","3","79 55:36.219","0","0","0","0","2461","0","0","0","N","0","0","0","1","68D02","0","","2.0","","9","N","N","","0","","0","0","1","","0","N","","1","0","0","0","0","0","0","2","0","1","","","","N","","","","","","","","","",""
"2015018163","","1","0","0","0","0","0","0","0","0","7","0","","02","1","2015","7","40.504694","-79.859608","","11","0","0","0","0","0","1","0","0","2","0","0","0","","","0","","0","","40 30:16.900","2","0","79 51:34.590","0","0","0","0","2112","0","0","0","N","0","0","0","1","68D02","0","","4.0","","9","N","N","","0","","0","0","0","","0","N","","1","0","0","0","0","0","0","2","0","1","","","","N","","","","","","","","","",""
"2015017630","","1","0","0","0","0","0","0","0","0","8","0","","02","2","2015","5","40.456594","-79.933642","","11","0","0","0","0","0","0","0","0","","0","0","0","","","2","","0","","40 27:23.740","","7","79 56:01.110","3","0","0","0","2301","2","0","0","N","2","0","0","3","02301","1","","1.0","","9","N","N","","0","","1","0","0","","2","","","3","2","0","0","0","0","0","2","0","1","","","","N","","","","","","","","","",""
"2015016105","","1","0","0","0","0","0","0","0","0","6","0","","02","2","2015","3","40.631707","-79.996858","","11","0","0","0","0","0","0","0","0","","0","0","0","","","0","","0","","40 37:54.144","","0","79 59:48.688","0","0","0","0","2216","0","0","0","N","0","0","0","2","02505","0","","1.0","","2","N","N","","0","","0","0","1","","0","","","2","0","0","0","0","0","0","1","0","2","","","","N","","","","","","","","","",""
"2015015255","","2","0","0","0","0","0","0","0","0","1","0","","02","1","2015","5","40.520624","-79.950194","","11","0","0","0","0","0","0","0","0","1","0","0","0","","","1","","0","","40 31:14.248","1","0","79 57:00.698","4","0","0","0","2118","0","0","0","Y","0","0","0","2","02118","1","","1.0","","2","N","N","","0","","0","0","0","","0","N","","2","1","0","0","0","0","0","2","0","2","","","","N","","","","","","","","","",""
"2015017631","","2","0","0","0","0","0","0","0","0","1","0","","02","2","2015","2","40.444904","-79.993896","","11","0","0","0","0","0","1","0","0","","0","0","0","","","1","","1","","40 26:41.654","","0","79 59:38.025","8","0","0","0","2301","0","0","0","N","0","0","0","2","02301","0","","1.0","","1","N","N","","0","","0","0","0","","2","","","2","1","0","0","0","1","0","2","0","2","","","","N","","","","","","","","","",""
"2015016528","","1","0","0","0","0","0","0","0","0","7","0","","02","2","2015","3","40.433303","-79.760248","","11","0","0","0","0","0","0","0","0","","0","0","0","","","0","","2","","40 25:59.890","","0","79 45:36.893","0","0","0","0","2446","0","0","0","Y","0","0","0","1","02446","0","","4.0","","1","N","N","","0","","0","0","0","","3","","","1","0","0","0","0","0","0","2","0","1","","","","N","","","","","","","","","",""
"2015018165","","0","0","0","0","0","0","0","0","0","1","0","","02","2","2015","6","40.491507","-79.889646","","11","0","0","0","0","0","0","0","0","","0","0","0","","","0","","0","","40 29:29.424","","0","79 53:22.725","0","0","0","0","2112","0","0","0","N","0","0","0","3","68D02","0","","1.0","","1","N","N","","1","","0","0","1","","0","","","2","0","0","0","0","0","0","2","0","2","","","","N","","","","","","","","","",""
"2015015886","","1","0","0","0","0","0","0","0","0","7","0","","02","2","2015","5","40.518566","-80.026041","","11","0","0","0","0","0","0","0","0","","0","0","0","","","0","","2","","40 31:06.836","","0","80 01:33.749","0","0","0","0","2474","0","0","0","N","0","0","0","1","02474","0","","2.0","","7","N","N","","0","","0","0","0","","0","","","1","0","1","0","0","0","0","2","0","1","","","","N","","","","","","","","","",""
"2015016801","","1","0","0","0","0","0","0","0","0","1","0","","02","2","2015","6","40.398462","-80.000007","","11","0","0","0","0","0","1","0","0","1","0","0","0","","","1","","0","","40 23:54.463","2","0","80 00:00.025","8","0","0","0","2301","0","0","0","N","0","0","0","3","02301","0","","1.0","","1","N","N","","1","","0","0","1","","0","N","","3","1","0","0","0","1","0","2","0","3","","","","N","","","","","","","","","",""
"2015018166","","0","0","0","0","0","0","0","0","0","7","0","","02","2","2015","6","40.491917","-79.895043","","11","0","0","0","0","0","0","0","0","","0","0","0","","","0","","0","","40 29:30.902","","2","79 53:42.153","0","0","0","0","2401","0","0","0","N","0","0","0","1","68D02","0","","4.0","","1","N","N","","0","","0","0","1","","0","","","1","0","0","0","0","0","0","2","0","1","","","","N","","","","","","","","","",""
"2015015257","","1","0","0","0","0","0","0","0","0","4","0","","02","1","2015","6","40.379793","-79.808308","","11","0","0","1","0","0","0","0","0","2","0","0","0","","","2","","1","","40 22:47.253","4","0","79 48:29.908","3","0","0","0","2424","0","0","0","N","0","0","0","2","02424","1","","1.0","","1","N","N","","0","","1","0","1","","2","Y","","2","2","1","0","0","0","0","2","0","2","","","","N","","","","","","","","","",""
"2015017648","","0","0","0","0","0","0","0","0","0","7","0","","02","2","2015","1","40.609776","-79.967274","","11","0","0","0","0","0","0","0","0","","0","0","0","","","0","","0","","40 36:35.193","","0","79 58:02.186","0","0","0","0","2207","0","0","0","N","0","0","0","1","02207","0","","2.0","","1","N","N","","1","","0","0","0","","0","","","1","0","0","0","0","0","0","2","0","1","","","","N","","","","","","","","","",""
"2015016178","","3","0","0","0","0","0","0","0","0","4","0","","02","2","2015","5","40.454021","-79.95198","","11","0","0","0","0","0","0","1","0","","0","0","0","","","2","","0","","40 27:14.475","","0","79 57:07.128","8","0","0","0","2301","0","0","0","","0","0","0","4","02301","0","","1.0","","1","","","","0","","0","0","0","","0","","","3","2","0","0","0","2","0","2","0","3","","","","N","","","","","","","","","",""
"2015016190","","1","0","0","0","0","0","0","0","0","0","0","","02","2","2015","5","40.406951","-79.992142","","11","0","0","0","0","0","0","0","0","1","0","0","0","","","0","","0","","40 24:25.022","1","0","79 59:31.711","0","0","0","0","2301","0","0","0","N","0","0","0","2","02301","0","","1.0","","98","N","N","","0","","0","0","0","","0","N","","1","0","0","0","0","0","0","2","0","1","","","","N","","","","","","","","","",""
"2015015490","","0","0","0","0","0","0","0","0","0","4","0","","02","1","2015","6","40.586779","-80.041751","","11","0","0","0","0","1","1","0","0","2","0","0","0","","","0","","10","","40 35:12.405","2","0","80 02:30.305","0","0","0","0","2108","0","0","0","N","0","0","0","2","02108","0","","1.0","","9","N","N","","0","","0","0","2","","2","N","","2","0","0","0","0","0","0","2","0","2","","","","N","","","","","","","","","",""
"2015016317","","2","0","0","0","0","0","0","0","0","4","0","","02","2","2015","5","40.435825","-79.966547","","11","0","0","0","0","0","0","0","0","2","0","0","0","","","0","","0","","40 26:08.970","3","0","79 57:59.568","0","0","0","0","2301","0","0","0","","0","0","0","2","02301","0","","1.0","","1","","","","0","","0","0","0","","0","N","","2","0","0","0","0","0","0","2","0","2","","","","N","","","","","","","","","",""
"2015017111","","0","0","0","0","0","0","0","0","0","7","0","","02","2","2015","7","40.420903","-79.847133","","11","0","0","0","0","0","0","0","0","","0","0","0","","","1","","0","","40 25:15.250","","0","79 50:49.680","8","0","0","0","2431","0","0","0","N","0","0","0","2","02431","0","","5.0","","1","N","N","","0","","0","0","1","","0","","","1","1","1","0","0","1","0","2","0","1","","","","N","","","","","","","","","",""
"2015018707","","1","0","0","0","0","0","0","0","0","1","0","","02","2","2015","5","40.311991","-79.938228","","11","0","0","0","0","0","0","2","0","2","0","0","0","","","1","","0","","40 18:43.166","2","0","79 56:17.620","8","0","0","0","2440","0","0","0","N","0","0","0","6","02440","0","","1.0","","1","N","N","","1","","0","0","0","","0","Y","","2","1","0","0","0","1","0","2","0","2","","","","N","","","","","","","","","",""
"2015020304","","1","0","0","0","0","0","0","0","0","6","0","","02","2","2015","7","40.408699","-79.915672","","11","0","0","0","0","0","0","0","0","1","0","0","0","","","1","","1","","40 24:31.315","6","0","79 54:56.419","8","0","0","0","2438","0","0","0","N","0","0","0","4","02438","0","","1.0","","1","N","N","","1","","0","0","2","","3","Y","","4","1","0","0","0","1","0","2","0","4","","","","N","","","","","","","","","",""
"2015016954","","0","0","0","0","0","0","0","0","0","1","0","","02","2","2015","7","40.367466","-79.978755","","11","0","0","0","0","0","1","0","0","1","0","0","0","","","0","","1","","40 22:02.877","3","0","79 58:43.518","0","0","0","0","2413","0","0","0","","0","0","0","3","02413","0","","1.0","","1","","","","0","","0","0","2","","0","N","","2","0","0","0","0","0","0","2","0","2","","","","N","","","","","","","","","",""
"2015016191","","1","0","0","0","0","0","0","0","0","2","0","","02","2","2015","5","40.487502","-79.882923","","11","0","0","0","0","0","0","1","1","","0","0","0","","","1","","1","","40 29:15.007","","0","79 52:58.523","4","0","0","0","2112","0","0","0","N","0","0","0","3","02112","1","","1.0","","1","N","N","","0","","0","0","1","","2","","","2","1","0","0","0","0","0","2","0","2","","","","N","","","","","","","","","",""
"2015016955","","1","0","0","0","0","0","0","0","0","7","0","","02","2","2015","6","40.666428","-80.050761","","11","1","0","0","0","0","0","0","0","","0","0","0","","","0","","2","","40 39:59.140","","0","80 03:02.739","0","0","0","0","2216","0","0","0","N","0","0","0","1","02505","0","","5.0","","9","N","N","","0","","0","0","0","","0","","","1","0","0","0","0","0","0","2","0","1","","","","N","","","","","","","","","",""
"2015016968","","1","0","0","0","0","0","0","0","0","1","0","","02","2","2015","7","40.350037","-80.080922","","11","0","0","0","0","0","1","0","0","","0","0","0","","","2","","0","","40 21:00.133","","0","80 04:51.319","4","0","0","0","2123","0","0","0","N","0","0","0","3","02123","2","","1.0","","1","N","N","","0","","0","0","2","","0","","","4","2","2","0","0","0","0","2","1","4","","","","N","","","","","","","","","",""
"2015017113","","1","0","0","0","0","0","0","0","0","7","0","","02","2","2015","1","40.283267","-79.811653","","11","0","0","0","0","0","1","0","0","2","0","0","0","","","1","","0","","40 16:59.761","5","0","79 48:41.949","4","0","0","0","2105","0","0","0","N","0","0","0","1","02105","1","","5.0","","1","N","N","","0","","0","0","0","","0","Y","","1","1","1","0","0","0","0","2","0","1","","","","N","","","","","","","","","",""
"2015020306","","1","0","0","0","0","0","0","0","0","7","0","","02","2","2015","1","40.419735","-79.957684","","11","0","0","0","1","0","0","0","0","","0","0","0","","","0","","0","","40 25:11.045","","0","79 57:27.662","0","0","0","0","2301","0","0","0","N","0","0","0","1","02301","0","","5.0","","7","N","N","","0","","0","0","0","","0","","","1","0","0","0","0","0","0","2","0","1","","","","N","","","","","","","","","",""
"2015016894","","2","0","0","0","0","0","0","0","0","4","0","","02","2","2015","7","40.449706","-80.025099","","11","0","0","0","0","0","0","1","0","1","0","0","0","","","0","","1","","40 26:58.940","2","0","80 01:30.356","0","0","0","0","2301","0","0","0","N","0","0","0","4","02301","0","","1.0","","1","N","N","","0","","0","0","0","","2","N","","2","0","0","0","0","0","0","2","0","2","","","","N","","","","","","","","","",""
"2015020307","","1","0","0","0","0","0","0","0","0","1","0","","02","2","2015","2","40.388478","-79.909494","","11","0","0","0","0","0","1","0","0","","0","0","0","","","1","","0","","40 23:18.520","","0","79 54:34.180","4","0","0","0","2472","0","0","0","N","0","0","0","2","02472","1","","1.0","","7","N","N","","1","","0","0","0","","0","","","2","1","1","0","0","0","0","2","0","2","","","","N","","","","","","","","","",""
"2015017854","","2","0","0","0","0","0","0","0","0","4","0","","02","2","2015","3","40.427211","-79.989774","","11","0","0","0","0","0","0","1","0","1","0","0","0","","","1","","2","","40 25:37.959","5","0","79 59:23.186","4","0","0","0","2301","0","0","0","N","0","0","0","2","02301","1","","1.0","","1","N","N","","0","","0","0","0","","3","N","","2","1","0","0","0","0","0","2","0","2","","","","N","","","","","","","","","",""
"2015016195","","2","0","0","0","0","0","0","0","0","6","0","","02","2","2015","5","40.449142","-79.988058","","11","0","0","0","0","0","1","0","0","","0","0","0","","","0","","0","","40 26:56.910","","3","79 59:17.010","0","0","0","0","2301","0","0","0","N","0","0","0","2","02301","0","","1.0","","1","N","N","","0","","0","0","0","","0","","","2","0","0","0","0","0","0","2","0","2","","","","N","","","","","","","","","",""
"2015016322","","1","0","0","0","0","0","0","0","0","1","0","","02","2","2015","5","40.340121","-80.064441","","11","0","0","0","0","0","0","0","0","1","0","0","0","","","1","","0","","40 20:24.436","2","0","80 03:51.988","4","0","0","0","2123","0","0","0","N","0","0","0","3","02123","1","","1.0","","1","N","N","","0","","0","0","1","","0","N","","2","1","0","0","0","0","0","2","0","2","","","","N","","","","","","","","","",""
"2015018639","","1","0","0","0","0","0","0","0","0","7","0","","02","2","2015","5","40.454007","-79.885706","","11","0","0","0","0","0","0","0","0","","0","0","0","","","0","","1","","40 27:14.424","","0","79 53:08.543","0","0","0","0","2301","0","0","0","N","0","0","0","1","02301","0","","4.0","","2","N","N","","0","","0","0","0","","2","","","1","0","0","0","0","0","0","2","0","1","","","","N","","","","","","","","","",""
"2015016898","","1","0","0","0","0","0","0","0","0","8","0","","02","2","2015","7","40.455905","-79.938602","","11","0","0","0","0","0","1","0","0","","0","0","0","","","1","","1","","40 27:21.258","","0","79 56:18.967","8","0","0","0","2301","1","0","0","N","1","0","0","2","02301","0","","1.0","","1","N","N","","0","","0","0","0","","2","","","2","1","0","0","0","1","0","2","0","1","","","","N","","","","","","","","","",""
"2015015408","","0","0","0","0","0","0","0","0","0","7","0","","02","1","2015","5","40.410869","-79.729331","","11","0","0","0","0","0","1","0","0","","0","0","0","","","0","","0","","40 24:39.130","","0","79 43:45.590","0","0","0","0","2446","0","0","0","N","0","0","0","1","02446","0","","2.0","","2","N","N","","0","","0","0","1","","0","","","1","0","0","0","0","0","0","2","0","1","","","","N","","","","","","","","","",""
"2015020311","","1","0","0","0","0","0","0","0","0","7","0","","02","2","2015","2","40.416938","-79.92518","","11","0","0","0","0","0","0","0","0","","0","0","0","","","0","","0","","40 25:00.976","","0","79 55:30.648","0","0","0","0","2301","0","0","0","N","0","0","0","1","02301","0","","5.0","","2","N","N","","0","","0","0","0","","0","","","1","0","0","0","0","0","0","2","0","1","","","","N","","","","","","","","","",""
"2015015409","","1","0","0","0","0","0","0","0","0","4","0","","02","2","2015","3","40.387335","-79.983867","","11","0","0","0","0","0","1","0","1","2","0","0","0","","","2","","1","","40 23:14.406","7","0","79 59:01.921","3","0","0","0","2301","0","0","0","N","0","0","0","4","02301","1","","1.0","","1","N","N","","0","","1","0","2","","2","Y","","3","2","0","0","0","0","0","2","0","3","","","","N","","","","","","","","","",""
"2015019424","","2","0","0","0","0","0","0","0","0","8","0","","02","2","2015","7","40.339016","-79.957532","","11","0","0","0","0","0","0","0","0","2","0","0","0","","","1","","0","","40 20:20.458","1","0","79 57:27.116","8","0","0","0","2454","1","0","0","N","1","0","0","2","02454","0","","1.0","","7","N","N","","0","","0","0","0","","0","N","","3","1","0","0","0","1","0","2","0","2","","","","N","","","","","","","","","",""
"2015019562","","0","0","0","0","0","0","0","0","0","1","1","","02","2","2015","6","40.529285","-79.953023","","11","0","0","0","0","0","0","1","0","","0","1","0","","","0","","2","","40 31:45.426","","0","79 57:10.882","0","0","0","0","2118","0","0","0","N","0","0","0","3","02118","0","","1.0","","1","N","N","","0","","0","0","1","","3","","","2","0","0","0","0","0","0","2","0","2","","","","N","","","","","","","","","",""
"2015016900","","0","0","0","0","0","0","0","0","0","7","0","","02","1","2015","5","40.464664","-80.140044","","11","0","0","0","0","0","0","0","0","2","0","0","0","","","1","","0","","40 27:52.790","5","0","80 08:24.160","8","0","0","0","2115","0","0","0","N","0","0","0","1","02115","0","","4.0","","2","N","N","","1","","0","0","0","","0","Y","","1","1","0","0","0","1","0","2","0","1","","","","N","","","","","","","","","",""
"2015016198","","1","0","0","0","0","0","0","0","0","7","0","","02","1","2015","6","40.504517","-80.222766","","11","0","0","0","0","0","0","0","0","","0","0","0","","","1","","0","","40 30:16.260","","0","80 13:21.958","8","0","0","0","2213","0","0","0","N","0","0","0","1","02213","0","","5.0","","7","N","N","","0","","0","0","0","","0","","","1","1","0","0","0","1","0","2","0","1","","","","N","","","","","","","","","",""
"2015016974","","2","0","0","0","0","0","0","0","0","5","0","","02","2","2015","7","40.476878","-80.04142","","11","0","0","0","0","0","0","0","0","1","0","0","0","","","0","","0","","40 28:36.760","1","0","80 02:29.112","9","0","0","0","2301","0","0","0","N","0","0","0","3","02301","0","","1.0","","1","N","N","","0","","0","0","0","","0","N","","2","0","0","0","0","0","2","2","0","2","","","","N","","","","","","","","","",""
"2015017042","","0","0","0","0","0","0","0","0","0","7","0","","02","2","2015","7","40.494601","-79.748975","","11","0","0","0","0","0","0","1","0","1","0","0","0","","","1","","0","","40 29:40.564","2","0","79 44:56.311","8","0","0","0","2466","0","0","0","N","0","0","0","1","02466","0","","4.0","","9","N","N","","1","","0","0","0","","0","N","","1","1","1","0","0","1","0","2","0","1","","","","N","","","","","","","","","",""
"2015018783","","1","0","0","0","0","0","0","0","0","2","0","","02","2","2015","5","40.403895","-79.990181","","11","0","0","0","0","0","0","1","0","","0","0","0","","","3","","2","","40 24:14.022","","0","79 59:24.651","3","0","0","0","2301","0","0","0","N","0","0","0","3","02301","2","","1.0","","1","N","N","","0","","1","0","1","","2","","","2","3","2","0","0","0","0","2","0","2","","","","N","","","","","","","","","",""
"2015016901","","1","0","0","0","0","0","0","0","0","1","0","","02","1","2015","6","40.449313","-80.124789","","11","0","0","0","0","0","0","0","0","1","0","0","0","","","1","","0","","40 26:57.526","4","0","80 07:29.240","4","0","0","0","2115","0","0","0","N","0","0","0","2","02115","1","","1.0","","1","N","N","","0","","0","0","0","","0","N","","2","1","0","0","0","0","0","2","1","2","","","","N","","","","","","","","","",""
"2015016199","","1","0","0","0","0","0","0","0","0","7","0","","02","1","2015","4","40.496172","-80.207456","","11","0","0","0","0","1","0","0","0","1","0","0","0","","","1","","0","","40 29:46.220","4","0","80 12:26.843","8","0","0","0","2213","0","0","0","Y","0","0","0","1","02213","0","","5.0","","7","N","N","","0","","0","0","0","","0","N","","1","1","0","0","0","1","0","2","0","1","","","","N","","","","","","","","","",""
"2015018719","","1","0","0","0","0","0","0","0","0","1","0","","02","2","2015","5","40.476502","-80.041262","","11","0","0","0","0","0","2","0","0","2","0","0","0","","","0","","0","","40 28:35.407","2","0","80 02:28.543","0","0","0","0","2301","0","0","0","N","0","0","0","3","02301","0","","1.0","","98","N","N","","1","","0","0","0","","0","N","","2","0","0","0","0","0","0","2","0","2","","","","N","","","","","","","","","",""
"2015021067","","2","1","0","0","0","0","0","0","0","4","0","","02","2","2015","3","40.29781","-79.920336","","11","0","0","0","0","0","0","0","1","4","1","0","0","","","2","","0","","40 17:52.115","1","7","79 55:13.208","1","0","0","0","2440","0","0","0","N","0","0","0","3","02440","0","2","1.0","","1","N","N","","0","0","1","1","0","","0","Y","","2","2","0","0","0","0","0","2","0","2","","","","N","","","","","","","","","",""
"2015016902","","1","0","0","0","0","0","0","0","0","7","0","","02","1","2015","6","40.461308","-80.150222","","11","0","0","0","0","0","1","0","0","1","0","0","0","","","1","","0","","40 27:40.710","1","0","80 09:00.800","4","0","0","0","2115","0","0","0","N","0","0","0","2","02115","1","","4.0","","9","N","N","","0","","0","0","0","","0","N","","1","1","0","0","0","0","0","2","0","1","","","","N","","","","","","","","","",""
"2015016188","","1","0","0","0","0","0","0","0","0","4","0","","02","2","2015","5","40.401736","-80.022081","","11","0","0","0","0","0","0","1","0","","0","0","0","","","0","","0","","40 24:06.248","","0","80 01:19.493","0","0","0","0","2301","0","0","0","N","0","0","0","2","02301","0","","1.0","","1","N","N","","0","","0","0","1","","0","","","2","0","0","0","0","0","0","2","0","2","","","","N","","","","","","","","","",""
"2015017045","","2","0","0","0","0","0","0","0","0","1","0","","02","2","2015","4","40.667212","-80.096293","","11","0","0","0","0","0","2","0","0","","0","0","0","","","1","","0","","40 40:01.963","","0","80 05:46.655","4","0","0","0","2212","0","0","0","N","0","0","0","2","02505","1","","1.0","","1","N","N","","0","","0","0","0","","2","","","2","1","0","0","0","0","0","2","0","2","","","","N","","","","","","","","","",""
"2015018644","","1","0","0","0","0","0","0","0","0","4","0","","02","2","2015","5","40.480313","-79.832835","","11","0","0","0","0","0","1","1","0","2","0","0","0","","","2","","2","","40 28:49.128","6","0","79 49:58.205","4","0","0","0","2113","0","0","0","N","0","0","0","3","02113","2","","1.0","","9","N","N","","0","","0","0","2","","3","N","","3","2","0","0","0","0","0","2","0","3","","","","N","","","","","","","","","",""
"2015019496","","1","0","0","0","0","0","0","0","0","7","0","","02","2","2015","7","40.402306","-80.067972","","11","0","0","0","0","0","0","0","0","1","0","0","0","","","1","","0","","40 24:08.302","4","0","80 04:04.699","4","0","0","0","2415","0","0","0","N","0","0","0","1","02415","1","","5.0","","9","N","N","","0","","0","0","0","","0","N","","1","1","0","0","0","0","0","2","0","1","","","","N","","","","","","","","","",""
"2015016903","","2","0","0","0","0","0","0","0","0","4","0","","02","2","2015","6","40.451866","-80.161117","","11","0","0","0","0","1","1","0","0","","0","0","0","","","1","","1","","40 27:06.716","","0","80 09:40.020","8","0","0","0","2115","0","0","0","N","0","0","0","5","02115","0","","1.0","","1","N","N","","0","","0","0","0","","2","","","2","1","0","0","0","1","0","2","0","2","","","","N","","","","","","","","","",""
"2015016978","","1","0","0","0","0","0","0","0","0","7","0","","02","2","2015","7","40.381128","-79.813826","","11","0","0","0","0","0","0","1","0","2","0","0","0","","","1","","0","","40 22:52.060","3","0","79 48:49.773","3","0","0","0","2424","0","0","0","N","0","0","0","1","02424","0","","5.0","","1","N","N","","0","","1","0","0","","0","Y","","1","1","1","0","0","0","0","2","0","1","","","","N","","","","","","","","","",""
"2015016329","","1","0","0","0","0","0","0","0","0","7","0","","02","1","2015","4","40.510369","-80.096747","","11","0","0","0","0","0","0","0","0","","0","0","0","","","0","","0","","40 30:37.328","","0","80 05:48.290","0","0","0","0","2429","0","0","0","N","0","0","0","1","02215","0","","2.0","","7","N","N","","0","","0","0","0","","0","","","1","0","0","0","0","0","0","2","0","1","","","","N","","","","","","","","","",""
"2015017067","","2","0","0","0","0","0","0","0","0","7","0","","02","2","2015","1","40.409164","-79.896897","","11","0","0","0","0","0","0","1","0","1","0","0","0","","","1","","0","","40 24:32.989","3","0","79 53:48.830","8","0","0","0","2448","0","0","0","N","0","0","0","3","02448","0","","2.0","","1","N","N","","0","","0","0","0","","0","N","","2","1","0","0","0","1","0","2","0","2","","","","N","","","","","","","","","",""
"2015019512","","1","0","0","0","0","0","0","0","0","7","0","","02","2","2015","7","40.63275","-80.053344","","11","0","0","0","0","0","0","0","0","2","0","0","0","","","0","","2","","40 37:57.900","3","0","80 03:12.038","0","0","0","0","2216","0","0","0","N","0","0","0","1","02505","0","","4.0","","7","N","N","","0","","0","0","0","","3","N","","1","0","0","0","0","0","0","2","0","1","","","","N","","","","","","","","","",""
"2015017739","","1","0","0","0","0","0","0","0","0","1","0","","02","2","2015","6","40.398034","-80.104374","","11","0","0","0","0","0","1","0","0","","0","0","0","","","0","","0","","40 23:52.922","","0","80 06:15.748","0","0","0","0","2102","0","0","0","N","0","0","0","3","68B03","0","","1.0","","1","N","N","","2","","0","0","0","","0","","","3","0","0","0","0","0","0","2","0","3","","","","N","","","","","","","","","",""
"2015016980","","1","0","0","0","0","0","0","0","0","7","0","","02","2","2015","1","40.462057","-79.859616","","11","0","0","0","0","0","0","0","0","","0","0","0","","","0","","0","","40 27:43.405","","0","79 51:34.618","0","0","0","0","2113","0","0","0","N","0","0","0","1","02113","0","","5.0","","1","N","N","","0","","0","0","0","","0","","","1","0","0","0","0","0","0","2","0","1","","","","N","","","","","","","","","",""
"2015017050","","2","0","0","0","0","0","0","0","0","1","0","","02","3","2015","4","40.630601","-79.972347","","11","0","0","0","0","0","0","0","0","","0","0","0","","","0","","1","","40 37:50.163","","0","79 58:20.448","0","0","0","0","2217","0","0","0","N","0","0","0","2","02505","0","","1.0","","1","N","N","","0","","0","0","0","","0","","","2","0","0","0","0","0","0","2","0","2","","","","N","","","","","","","","","",""
"2015017864","","1","0","0","0","0","0","0","0","0","7","0","","02","2","2015","7","40.491807","-79.949931","","11","0","0","0","0","0","0","0","0","2","0","0","0","","","0","","0","","40 29:30.505","1","0","79 56:59.750","0","0","0","0","2430","0","0","0","N","0","0","0","1","02430","0","","1.0","","1","N","N","","0","","0","0","0","","0","N","","1","0","0","0","0","0","0","2","0","1","","","","N","","","","","","","","","",""
"2015017068","","1","0","0","0","0","0","0","0","0","4","0","","02","2","2015","1","40.622417","-80.070046","","11","0","0","0","0","0","0","0","2","1","0","0","0","","","0","","2","","40 37:20.702","3","0","80 04:12.165","0","0","0","0","2212","0","0","0","N","0","0","0","5","02505","0","","1.0","","1","N","N","","0","","0","0","0","","2","N","","2","0","0","0","0","0","0","2","1","2","","","","N","","","","","","","","","",""
"2015020192","","1","0","0","0","0","0","0","0","0","1","0","","02","1","2015","1","40.441982","-79.792999","","11","0","0","0","0","0","1","0","0","1","0","0","0","","","1","","0","","40 26:31.136","3","0","79 47:34.796","3","0","0","0","2446","0","0","0","N","0","0","0","4","68B03","0","","1.0","","1","N","N","","1","","1","0","0","","0","N","","2","1","0","0","0","0","0","2","0","2","","","","N","","","","","","","","","",""