"CRN","ARRIVAL_TM","AUTOMOBILE_COUNT","BELTED_DEATH_COUNT","BELTED_SUSP_SERIOUS_INJ_COUNT","BICYCLE_COUNT","BICYCLE_DEATH_COUNT","BICYCLE_SUSP_SERIOUS_INJ_COUNT","BUS_COUNT","CHLDPAS_DEATH_COUNT","CHLDPAS_SUSP_SERIOUS_INJ_COUNT","COLLISION_TYPE","COMM_VEH_COUNT","CONS_ZONE_SPD_LIM","COUNTY","CRASH_MONTH","CRASH_YEAR","DAY_OF_WEEK","DEC_LATITUDE","DEC_LONGITUDE","DISPATCH_TM","DISTRICT","DRIVER_COUNT_16YR","DRIVER_COUNT_17YR","DRIVER_COUNT_18YR","DRIVER_COUNT_19YR","DRIVER_COUNT_20YR","DRIVER_COUNT_50_64YR","DRIVER_COUNT_65_74YR","DRIVER_COUNT_75PLUS","EST_HRS_CLOSED","FATAL_COUNT","HEAVY_TRUCK_COUNT","HORSE_BUGGY_COUNT","HOUR_OF_DAY","ILLUMINATION","INJURY_COUNT","INTERSECTION_RELATED","INTERSECT_TYPE","LANE_CLOSED","LATITUDE","LN_CLOSE_DIR","LOCATION_TYPE","LONGITUDE","MAX_SEVERITY_LEVEL","MCYCLE_DEATH_COUNT","MCYCLE_SUSP_SERIOUS_INJ_COUNT","MOTORCYCLE_COUNT","MUNICIPALITY","NONMOTR_COUNT","NONMOTR_DEATH_COUNT","NONMOTR_SUSP_SERIOUS_INJ_COUNT","NTFY_HIWY_MAINT","PED_COUNT","PED_DEATH_COUNT","PED_SUSP_SERIOUS_INJ_COUNT","PERSON_COUNT","POLICE_AGCY","POSSIBLE_INJ_COUNT","RDWY_SURF_TYPE_CD","RELATION_TO_ROAD","ROADWAY_CLEARED","ROAD_CONDITION","SCH_BUS_IND","SCH_ZONE_IND","SECONDARY_CRASH","SMALL_TRUCK_COUNT","SPEC_JURIS_CD","SUSP_MINOR_INJ_COUNT","SUSP_SERIOUS_INJ_COUNT","SUV_COUNT","TCD_FUNC_CD","TCD_TYPE","TFC_DETOUR_IND","TIME_OF_DAY","TOTAL_UNITS","TOT_INJ_COUNT","UNBELTED_OCC_COUNT","UNB_DEATH_COUNT","UNB_SUSP_SERIOUS_INJ_COUNT","UNK_INJ_DEG_COUNT","UNK_INJ_PER_COUNT","URBAN_RURAL","VAN_COUNT","VEHICLE_COUNT","WEATHER1","WEATHER2","WORKERS_PRES","WORK_ZONE_IND","WORK_ZONE_LOC","WORK_ZONE_TYPE","WZ_CLOSE_DETOUR","WZ_FLAGGER","WZ_LAW_OFFCR_IND","WZ_LN_CLOSURE","WZ_MOVING","WZ_OTHER","WZ_SHLDER_MDN","WZ_WORKERS_INJ_KILLED"
"2015017837","","1","0","0","0","0","0","0","0","0","4","0","","02","2","2015","3","40.426486","-80.056946","","11","0","0","0","0","0","1","0","0","","0","0","0","","","0","","1","","40 25:35.349","","0","80 03:25.007","0","0","0","0","2301","0","0","0","N","0","0","0","2","02301","0","","1.0","","1","N","N","","0","","0","0","1","","2","","","2","0","0","0","0","0","0","2","0","2","","","","N","","","","","","","","","",""
"2015019458","","2","0","0","0","0","0","0","0","0","4","0","","02","2","2015","6","40.525618","-80.069883","","11","0","0","0","0","0","0","0","0","","0","0","0","","","0","","5","","40 31:32.226","","2","80 04:11.577","0","0","0","0","2215","0","0","0","N","0","0","0","2","02215","0","","1.0","","1","N","N","","0","","0","0","0","","2","","","2","0","0","0","0","0","0","2","0","2","","","","N","","","","","","","","","",""
"2015019472","","1","0","0","0","0","0","0","0","0","1","0","","02","2","2015","7","40.422514","-79.960226","","11","0","0","0","0","0","0","0","0","","0","0","0","","","0","","0","","40 25:21.051","","7","79 57:36.814","9","0","0","0","2301","0","0","0","N","0","0","0","2","02301","0","","1.0","","7","N","N","","1","","0","0","0","","2","","","2","0","0","0","0","0","1","2","0","2","","","","N","","","","","","","","","",""
"2015017704","","2","0","0","0","0","0","0","0","0","1","0","","02","2","2015","1","40.363177","-80.046937","","11","0","0","0","0","0","0","0","0","1","0","0","0","","","1","","2","","40 21:47.436","2","0","80 02:48.972","4","0","0","0","2109","0","0","0","N","0","0","0","3","02109","1","","1.0","","7","N","N","","0","","0","0","0","","2","N","","2","1","0","0","0","0","0","2","0","2","","","","N","","","","","","","","","",""
"2015019473","","2","0","0","0","0","0","0","0","0","1","0","","02","2","2015","6","40.39067","-79.869136","","11","0","0","0","0","0","0","0","0","1","0","0","0","","","0","","2","","40 23:26.412","1","0","79 52:08.889","0","0","0","0","2473","0","0","0","N","0","0","0","2","02473","0","","1.0","","1","N","N","","0","","0","0","0","","2","N","","2","0","0","0","0","0","0","2","0","2","","","","N","","","","","","","","","",""
"2015017705","","1","0","0","0","0","0","0","0","0","4","0","","02","2","2015","2","40.369231","-80.008825","","11","0","0","0","0","0","1","0","0","2","0","0","0","","","0","","0","","40 22:09.230","6","0","80 00:31.770","0","0","0","0","2416","0","0","0","N","0","0","0","1","02416","0","","2.0","","2","N","N","","1","","0","0","1","","0","Y","","3","0","0","0","0","0","0","2","0","3","","","","N","","","","","","","","","",""
"2015019544","","0","0","0","0","0","0","0","0","0","7","0","","02","2","2015","7","40.336243","-79.977182","","11","0","0","0","0","0","0","0","0","2","0","0","0","","","0","","0","","40 20:10.476","3","0","79 58:37.856","0","0","0","0","2454","0","0","0","N","0","0","0","5","02454","0","","4.0","","7","N","N","","0","","0","0","1","","0","N","","1","0","0","0","0","0","0","2","0","1","","","","N","","","","","","","","","",""
"2015018697","","1","0","0","0","0","0","0","0","0","7","0","","02","2","2015","5","40.425187","-80.054326","","11","0","0","0","0","0","0","0","0","","0","0","0","","","0","","0","","40 25:30.674","","0","80 03:15.573","0","0","0","0","2435","0","0","0","N","0","0","0","1","02435","0","","5.0","","2","N","N","","0","","0","0","0","","0","","","1","0","0","0","0","0","0","2","0","1","","","","N","","","","","","","","","",""
"2015018766","","1","0","0","0","0","0","0","0","0","1","0","","02","2","2015","5","40.462261","-79.936194","","11","0","0","0","0","0","1","0","0","","0","0","0","","","1","","0","","40 27:44.140","","0","79 56:10.300","8","0","0","0","2301","0","0","0","N","0","0","0","4","02301","0","","4.0","","1","N","N","","0","","0","0","0","","0","","","2","1","0","0","0","1","0","2","1","2","","","","N","","","","","","","","","",""
"2015016170","","2","0","0","0","0","0","0","0","0","4","0","","02","2","2015","5","40.49676","-79.83479","","11","0","0","0","0","0","0","1","0","2","0","0","0","","","0","","1","","40 29:48.336","7","0","79 50:05.244","0","0","0","0","2113","0","0","0","N","0","0","0","2","02113","0","","1.0","","1","N","N","","0","","0","0","0","","3","N","","2","0","0","0","0","0","0","2","0","2","","","","N","","","","","","","","","",""
"2015015470","","1","0","0","0","0","0","0","0","0","8","0","","02","2","2015","4","40.440425","-79.994868","","11","0","0","0","0","0","1","0","0","","0","0","0","","","1","","1","","40 26:25.530","","0","79 59:41.524","8","0","0","0","2301","1","0","0","N","1","0","0","2","02301","0","","1.0","","1","N","N","","0","","0","0","0","","2","","","2","1","0","0","0","1","0","2","0","1","","","","N","","","","","","","","","",""
"2015016307","","1","0","0","0","0","0","0","0","0","1","1","","02","1","2015","6","40.528453","-79.850273","","11","0","0","0","0","0","0","0","0","1","0","1","0","","","0","","0","","40 31:42.430","1","0","79 51:00.983","0","0","0","0","2208","0","0","0","N","0","0","0","2","02208","0","","1.0","","2","N","N","","0","","0","0","0","","0","N","","2","0","0","0","0","0","0","2","0","2","","","","N","","","","","","","","","",""
"2015018698","","2","0","0","0","0","0","0","0","0","4","0","","02","2","2015","5","40.449472","-80.002558","","11","0","0","0","0","0","0","0","0","2","0","0","0","","","0","","1","","40 26:58.099","4","0","80 00:09.210","0","0","0","0","2301","0","0","0","N","0","0","0","5","02301","0","","1.0","","1","N","N","","0","","0","0","1","","2","N","","3","0","0","0","0","0","0","2","0","3","","","","N","","","","","","","","","",""
"2015019476","","1","0","0","0","0","0","0","0","0","7","0","","02","2","2015","7","40.483257","-79.908003","","11","0","0","0","0","0","0","0","1","2","0","0","0","","","3","","0","","40 28:59.725","2","0","79 54:28.811","4","0","0","0","2301","0","0","0","N","0","0","0","3","02301","3","","4.0","","7","N","N","","0","","0","0","0","","0","Y","","1","3","0","0","0","0","0","2","0","1","","","","N","","","","","","","","","",""
"2015015484","","1","0","0","0","0","0","0","0","0","1","0","","02","2","2015","4","40.333744","-79.94636","","11","0","0","0","0","0","1","0","0","1","0","0","0","","","3","","0","","40 20:01.480","1","0","79 56:46.897","4","0","0","0","2473","0","0","0","N","0","0","0","4","02454","1","","1.0","","1","N","N","","0","","0","0","1","","0","N","","2","3","0","0","0","2","0","2","0","2","","","","N","","","","","","","","","",""
"2015017843","","1","0","0","0","0","0","0","0","0","8","0","","02","2","2015","6","","","","11","0","0","0","0","0","0","1","0","1","0","0","0","","","1","","0","","40 23:3.159","7","7","79 52:4.728","8","0","0","0","2473","1","0","0","N","1","0","0","2","02473","0","","6.0","","1","N","N","","0","","0","0","0","","0","N","","2","1","0","0","0","1","0","2","0","1","","","","N","","","","","","","","","",""
"2015019477","","1","0","0","0","0","0","0","0","0","1","0","","02","2","2015","7","40.418542","-79.965047","","11","0","0","0","0","0","0","0","0","1","0","0","0","","","0","","0","","40 25:06.750","3","0","79 57:54.170","0","0","0","0","2301","0","0","0","N","0","0","0","1","02301","0","","5.0","","7","N","N","","0","","0","0","1","","0","Y","","2","0","0","0","0","0","0","2","0","2","","","","N","","","","","","","","","",""
"2015020297","","2","0","0","0","0","0","0","0","0","4","0","","02","2","2015","2","40.45429","-79.948123","","11","0","0","0","0","0","0","0","0","1","0","0","0","","","4","","0","","40 27:15.444","3","7","79 56:53.244","4","0","0","0","2301","0","0","0","N","0","0","0","4","02301","1","","1.0","","6","N","N","","0","","0","0","0","","0","N","","2","4","0","0","0","3","0","2","0","2","","","","N","","","","","","","","","",""
"2015016947","","1","0","0","0","0","0","0","0","0","7","0","","02","2","2015","5","40.504655","-80.109714","","11","0","0","0","0","1","0","0","0","","0","0","0","","","1","","0","","40 30:16.758","","0","80 06:34.970","4","0","0","0","2110","0","0","0","N","0","0","0","1","02215","1","","2.0","","7","N","N","","0","","0","0","0","","0","","","1","1","0","0","0","0","0","2","0","1","","","","N","","","","","","","","","",""
"2015016234","","0","0","0","0","0","0","0","0","0","7","0","","02","1","2015","3","40.440865","-79.760393","","11","0","0","0","0","0","0","0","0","2","0","0","0","","","1","","0","","40 26:27.114","4","0","79 45:37.414","4","0","0","0","2446","0","0","0","N","0","0","0","1","68B03","1","","2.0","","2","N","N","","1","","0","0","0","","0","N","","1","1","0","0","0","0","0","2","0","1","","","","N","","","","","","","","","",""
"2015017027","","1","0","0","0","0","0","0","0","0","7","0","","02","2","2015","5","40.513778","-79.958924","","11","0","0","0","0","0","0","0","0","1","0","0","0","","","0","","0","","40 30:49.602","1","0","79 57:32.125","0","0","0","0","2118","0","0","0","N","0","0","0","1","02118","0","","2.0","","1","N","N","","0","","0","0","0","","0","N","","1","0","0","0","0","0","0","2","0","1","","","","N","","","","","","","","","",""
"2015016885","","1","0","0","0","0","0","0","0","0","4","0","","02","2","2015","7","40.458862","-79.895764","","11","0","0","0","0","0","1","0","0","2","0","0","0","","","0","","1","","40 27:31.903","6","0","79 53:44.750","9","0","0","0","2301","0","0","0","N","0","0","0","3","02301","0","","1.0","","9","N","N","","0","","0","0","1","","3","Y","","2","0","0","0","0","0","1","2","0","2","","","","N","","","","","","","","","",""
"2015015486","","1","0","0","0","0","0","0","0","0","4","0","","02","1","2015","4","40.552023","-80.020076","","11","0","1","0","0","0","0","0","1","1","0","0","0","","","3","","0","","40 33:07.282","2","7","80 01:12.274","4","0","0","0","2116","0","0","0","N","0","0","0","9","02116","3","","1.0","","7","N","N","","0","","0","0","0","","3","N","","2","3","0","0","0","0","0","2","1","2","","","","N","","","","","","","","","",""
"2015017845","","2","0","0","0","0","0","0","0","0","4","0","","02","2","2015","2","40.454175","-79.996854","","11","0","0","0","0","0","0","0","0","2","0","0","0","","","1","","1","","40 27:15.029","4","0","79 59:48.676","8","0","0","0","2301","0","0","0","N","0","0","0","3","02301","0","","1.0","","1","N","N","","0","","0","0","0","","1","N","","2","1","0","0","0","1","0","2","0","2","","","","N","","","","","","","","","",""
"2015016310","","1","0","0","0","0","0","0","0","0","0","0","","02","2","2015","5","40.45413","-79.878532","","11","0","0","0","0","0","0","0","1","","0","0","0","","","0","","2","","40 27:14.868","","0","79 52:42.715","0","0","0","0","2301","0","0","0","N","0","0","0","1","02301","0","","5.0","","2","N","N","","0","","0","0","0","","3","","","1","0","0","0","0","0","0","2","0","1","","","","N","","","","","","","","","",""
"2015016887","","0","0","0","0","0","0","0","0","0","7","0","","02","2","2015","7","40.502167","-79.722484","","11","0","0","0","0","0","1","0","0","2","0","0","0","","","0","","0","","40 30:07.801","5","7","79 43:20.942","0","0","0","0","2466","0","0","0","N","0","0","0","2","02466","0","","5.0","","2","N","N","","1","","0","0","0","","0","N","","1","0","0","0","0","0","0","2","0","1","","","","N","","","","","","","","","",""
"2015016174","","1","0","0","0","0","0","0","0","0","6","0","","02","2","2015","5","40.407167","-80.036326","","11","0","0","0","0","0","0","0","0","1","0","0","0","","","0","","0","","40 24:25.801","7","0","80 02:10.773","9","0","0","0","2301","0","0","0","N","0","0","0","3","02301","0","","1.0","","1","N","N","","1","","0","0","0","","0","Y","","2","0","0","0","0","0","1","2","0","2","","","","N","","","","","","","","","",""
"2015017029","","0","0","0","0","0","0","0","0","0","7","0","","02","2","2015","4","40.495488","-79.979518","","11","0","0","0","0","0","0","0","0","2","0","0","0","","","0","","0","","40 29:43.758","4","0","79 58:46.263","0","0","0","0","2118","0","0","0","N","0","0","0","2","02118","0","","5.0","","1","N","N","","1","","0","0","0","","0","N","","1","0","0","0","0","0","0","2","0","1","","","","N","","","","","","","","","",""
"2015017846","","2","0","0","0","0","0","0","0","0","1","1","","02","2","2015","3","40.456284","-79.964613","","11","0","0","0","0","0","2","0","0","2","0","1","0","","","0","","0","","40 27:22.624","4","0","79 57:52.608","0","0","0","0","2301","0","0","0","N","0","0","0","3","02301","0","","1.0","","1","N","N","","0","","0","0","0","","0","N","","3","0","0","0","0","0","0","2","0","3","","","","N","","","","","","","","","",""
"2015019481","","1","0","0","0","0","0","0","0","0","7","0","","02","2","2015","7","40.327753","-80.074581","","11","0","0","0","0","0","0","0","0","1","0","0","0","","","1","","0","","40 19:39.910","2","0","80 04:28.491","4","0","0","0","2123","0","0","0","N","0","0","0","1","02123","1","","5.0","","9","N","N","","0","","0","0","0","","0","N","","1","1","0","0","0","0","0","2","0","1","","","","N","","","","","","","","","",""
"2015019550","","2","0","0","0","0","0","0","0","0","4","0","","02","2","2015","7","40.454825","-79.994438","","11","0","0","0","0","0","0","0","0","1","0","0","0","","","0","","2","","40 27:17.371","2","0","79 59:39.975","0","0","0","0","2301","0","0","0","N","0","0","0","3","02301","0","","1.0","","7","N","N","","0","","0","0","0","","3","N","","2","0","0","0","0","0","0","2","0","2","","","","N","","","","","","","","","",""
"2015016888","","2","0","0","0","0","0","0","0","0","1","0","","02","2","2015","7","40.378769","-80.001987","","11","0","0","0","0","0","0","1","0","","0","0","0","","","2","","0","","40 22:43.568","","7","80 00:07.152","4","0","0","0","2301","0","0","0","N","0","0","0","4","02301","2","","1.0","","1","N","N","","0","","0","0","0","","0","","","2","2","0","0","0","0","0","2","0","2","","","","N","","","","","","","","","",""
"2015016312","","2","0","0","0","0","0","0","0","0","1","0","","02","2","2015","5","40.410135","-80.082507","","11","0","0","0","0","0","0","0","0","1","0","0","0","","","0","","1","","40 24:36.487","1","0","80 04:57.026","0","0","0","0","2415","0","0","0","N","0","0","0","5","02415","0","","1.0","","1","N","N","","0","","0","0","0","","2","N","","2","0","0","0","0","0","0","2","0","2","","","","N","","","","","","","","","",""
"2015016965","","0","0","0","0","0","0","0","0","0","2","0","","02","2","2015","7","40.547434","-80.191363","","11","0","0","0","0","0","1","0","0","","0","0","0","","","0","","0","","40 32:50.763","","0","80 11:28.906","0","0","0","0","2427","0","0","0","N","0","0","0","1","02427","0","","2.0","","1","N","N","","0","","0","0","1","","0","","","2","0","0","0","0","0","0","2","1","2","","","","N","","","","","","","","","",""
"2015017849","","2","0","0","0","0","0","0","0","0","4","0","","02","2","2015","1","40.376401","-79.984497","","11","0","0","0","0","1","0","0","0","","0","0","0","","","0","","0","","40 22:35.045","","7","79 59:04.190","0","0","0","0","2413","0","0","0","N","0","0","0","2","02413","0","","1.0","","1","N","N","","0","","0","0","0","","0","","","2","0","0","0","0","0","0","2","0","2","","","","N","","","","","","","","","",""
"2015018773","","2","0","0","0","0","0","0","0","0","4","0","","02","2","2015","4","40.613036","-79.757073","","11","0","0","0","0","0","0","0","0","2","0","0","0","","","2","","1","","40 36:46.929","4","2","79 45:25.461","2","0","0","0","2202","0","0","0","N","0","0","0","2","02202","1","","1.0","","1","N","N","","0","","0","1","0","","0","Y","","2","2","1","0","1","0","0","2","0","2","","","","N","","","","","","","","","",""
"2015019566","","1","0","0","0","0","0","0","0","0","7","0","","02","2","2015","1","","","","11","0","0","0","0","0","0","0","0","2","0","0","0","","","0","","0","","","3","2","","0","0","0","0","2301","0","0","0","Y","0","0","0","1","02301","0","","3.0","","2","N","N","","0","","0","0","0","","0","N","","1","0","0","0","0","0","0","1","0","1","","","","N","","","","","","","","","",""
"2015021139","","1","0","0","0","0","0","0","0","0","4","0","","02","2","2015","6","40.513854","-80.222331","","11","0","0","0","0","1","1","0","0","2","0","0","0","","","0","","0","","40 30:49.875","2","0","80 13:20.393","0","0","0","0","2213","0","0","0","N","0","0","0","3","02213","0","","1.0","","1","N","N","","0","","0","0","1","","0","N","","2","0","0","0","0","0","0","2","0","2","","","","N","","","","","","","","","",""
"2015018855","","1","0","0","0","0","0","0","0","0","7","0","","02","2","2015","6","40.488857","-79.954098","","11","0","0","0","0","0","0","0","0","","0","0","0","","","0","","0","","40 29:19.885","","0","79 57:14.754","0","0","0","0","2118","0","0","0","N","0","0","0","1","02118","0","","1.0","","1","N","N","","0","","0","0","0","","0","","","1","0","0","0","0","0","0","2","0","1","","","","N","","","","","","","","","",""
"2015021248","","1","0","0","0","0","0","0","0","0","4","0","","02","2","2015","3","40.455172","-79.890998","","11","0","0","0","0","0","0","1","0","","0","0","0","","","1","","1","","40 27:18.618","","0","79 53:27.591","8","0","0","0","2301","0","0","0","N","0","0","0","2","02301","0","","1.0","","1","N","N","","0","","0","0","1","","3","","","2","1","0","0","0","1","0","2","0","2","","","","N","","","","","","","","","",""
"2015020519","","1","0","0","0","0","0","0","0","0","7","0","","02","2","2015","3","40.439142","-79.946603","","11","0","0","0","0","0","1","0","0","","0","0","0","","","0","","0","","40 26:20.910","","0","79 56:47.770","0","0","0","0","2301","0","0","0","N","0","0","0","1","02301","0","","4.0","","7","N","N","","0","","0","0","0","","0","","","1","0","0","0","0","0","0","2","0","1","","","","N","","","","","","","","","",""
"2015020584","","1","0","0","0","0","0","0","0","0","1","0","","02","2","2015","7","40.609991","-80.053301","","11","1","0","0","0","0","0","0","0","","0","0","0","","","0","","1","","40 36:35.967","","0","80 03:11.883","0","0","0","0","2108","0","0","0","N","0","0","0","2","02108","0","","1.0","","7","N","N","","0","","0","0","1","","2","","","2","0","0","0","0","0","0","2","0","2","","","","N","","","","","","","","","",""
"2015020650","","2","0","0","0","0","0","0","0","0","1","0","","02","5","2015","1","40.453032","-80.003615","","11","0","0","0","0","0","0","0","0","1","0","0","0","","","0","","2","","40 27:10.916","1","0","80 00:13.015","0","0","0","0","2301","0","0","0","N","0","0","0","1","02301","0","","2.0","","1","N","N","","0","","0","0","0","","3","N","","2","0","0","0","0","0","0","2","0","2","","","","N","","","","","","","","","",""
"2015019634","","0","0","0","0","0","0","0","0","0","7","0","","02","2","2015","1","40.440035","-79.897808","","11","0","0","0","0","0","0","0","0","2","0","0","0","","","0","","0","","40 26:24.125","2","0","79 53:52.108","0","0","0","0","2301","0","0","0","N","0","0","0","2","02301","0","","4.0","","2","N","N","","0","","0","0","1","","0","Y","","1","0","0","0","0","0","0","2","0","1","","","","N","","","","","","","","","",""
"2015021250","","0","0","0","0","0","0","0","0","0","1","0","","02","2","2015","4","40.408209","-79.893815","","11","0","0","0","0","0","1","0","0","","0","0","0","","","2","","0","","40 24:29.554","","0","79 53:37.735","3","0","0","0","2448","0","0","0","N","0","0","0","3","02448","0","","1.0","","1","N","N","","0","","2","0","1","","0","","","2","2","0","0","0","0","0","2","1","2","","","","N","","","","","","","","","",""
"2015018924","","2","0","0","0","0","0","0","0","0","2","0","","02","2","2015","6","40.462682","-79.870826","","11","0","0","0","0","0","1","0","0","1","0","0","0","","","0","","2","","40 27:45.655","2","0","79 52:14.973","0","0","0","0","2113","0","0","0","N","0","0","0","1","02113","0","","1.0","","1","N","N","","0","","0","0","0","","3","N","","2","0","0","0","0","0","0","2","0","2","","","","N","","","","","","","","","",""
"2015019707","","1","0","0","0","0","0","0","0","0","4","0","","02","2","2015","6","40.438944","-80.072874","","11","0","0","0","0","0","0","0","0","","0","0","0","","","0","","2","","40 26:20.200","","0","80 04:22.348","0","0","0","0","2421","0","0","0","N","0","0","0","9","02421","0","","1.0","","1","N","N","","0","","0","0","0","","2","","","2","0","3","0","0","0","0","2","1","2","","","","N","","","","","","","","","",""
"2015020509","","1","0","0","0","0","0","0","0","0","7","0","","02","2","2015","3","40.276657","-79.890247","","11","0","0","0","0","0","0","0","1","","0","0","0","","","1","","0","","40 16:35.966","","0","79 53:24.890","4","0","0","0","2440","0","0","0","N","0","0","0","1","02440","1","","5.0","","7","N","N","","0","","0","0","0","","0","","","1","1","0","0","0","0","0","2","0","1","","","","N","","","","","","","","","",""
"2015020521","","2","0","0","0","0","0","0","0","0","1","0","","02","2","2015","7","40.667333","-80.096509","","11","0","0","0","0","0","0","0","0","","0","0","0","","","1","","1","","40 40:02.398","","0","80 05:47.433","4","0","0","0","2212","0","0","0","N","0","0","0","2","02505","1","","1.0","","9","N","N","","0","","0","0","0","","2","","","2","1","0","0","0","0","0","2","0","2","","","","N","","","","","","","","","",""
"2015019843","","2","0","0","0","0","0","0","0","0","4","0","","02","2","2015","1","40.434401","-79.953214","","11","0","0","0","0","0","0","0","0","1","0","0","0","","","1","","1","","40 26:03.843","3","6","79 57:11.570","3","0","0","0","2301","0","0","0","N","0","0","0","3","02301","0","","1.0","","1","N","N","","0","","1","0","0","","2","N","","2","1","0","0","0","0","0","2","0","2","","","","N","","","","","","","","","",""
"2015019855","","1","0","0","0","0","0","0","0","0","7","0","","02","2","2015","1","40.268268","-79.883678","","11","0","0","0","0","1","0","0","0","2","0","0","0","","","0","","0","","40 16:05.766","1","0","79 53:01.240","0","0","0","0","2105","0","0","0","N","0","0","0","2","02105","0","","4.0","","2","N","N","","0","","0","0","0","","0","N","","1","0","0","0","0","0","0","1","0","1","","","","N","","","","","","","","","",""
"2015019140","","2","0","0","0","0","0","0","0","0","4","0","","02","2","2015","6","40.358199","-79.990634","","11","0","0","0","0","0","1","0","1","2","0","0","0","","","2","","2","","40 21:29.516","7","0","79 59:26.282","3","0","0","0","2476","0","0","0","N","0","0","0","8","02476","1","","1.0","","1","N","N","","1","","1","0","1","","3","Y","","4","2","0","0","0","0","1","2","0","4","","","","N","","","","","","","","","",""
"2015020374","","2","0","0","0","0","0","0","0","0","1","0","","02","2","2015","2","40.44197","-80.008826","","11","0","0","0","0","0","0","0","0","1","0","0","0","","","0","","6","","40 26:31.092","1","8","80 00:31.774","9","0","0","0","2301","0","0","0","N","0","0","0","5","02301","0","","1.0","","1","N","N","","0","","0","0","2","","0","Y","","4","0","0","0","0","0","1","2","0","4","","","","N","","","","","","","","","",""
"2015020522","","2","0","0","0","0","0","0","0","0","1","0","","02","2","2015","5","40.434053","-79.764402","","11","0","0","1","0","0","0","0","0","","0","0","0","","","0","","2","","40 26:02.590","","0","79 45:51.847","0","0","0","0","2446","0","0","0","N","0","0","0","2","02446","0","","1.0","","1","N","N","","0","","0","0","0","","2","","","2","0","0","0","0","0","0","2","0","2","","","","N","","","","","","","","","",""
"2015019844","","1","0","0","0","0","0","0","0","0","7","0","","02","2","2015","1","40.392591","-79.935125","","11","0","0","0","0","0","0","0","0","","0","0","0","","","2","","0","","40 23:33.327","","2","79 56:06.450","8","0","0","0","2301","0","0","0","N","0","0","0","4","02301","0","","2.0","","2","N","N","","0","","0","0","0","","0","","","1","2","0","0","0","2","0","2","0","1","","","","N","","","","","","","","","",""
"2015021252","","1","0","0","0","0","0","0","0","0","4","0","","02","2","2015","3","40.431208","-79.795714","","11","0","0","0","0","0","1","0","0","","0","0","0","","","1","","2","","40 25:52.350","","7","79 47:44.570","3","0","0","0","2446","0","0","0","N","0","0","0","2","02446","0","","1.0","","7","N","N","","0","","1","0","1","","4","","","2","1","0","0","0","0","0","2","0","2","","","","N","","","","","","","","","",""
"2015019845","","1","0","0","0","0","0","0","0","0","2","0","","02","2","2015","1","40.473588","-79.852248","","11","0","0","0","0","0","1","0","0","2","0","0","0","","","0","","0","","40 28:24.918","6","0","79 51:08.091","0","0","0","0","2113","0","0","0","N","0","0","0","3","02113","0","","1.0","","2","N","N","","0","","0","0","1","","0","Y","","2","0","0","0","0","0","0","2","0","2","","","","N","","","","","","","","","",""
"2015020653","","1","0","0","0","0","0","0","0","0","5","0","","02","2","2015","3","40.292917","-79.885146","","11","0","0","0","0","0","0","0","0","","0","0","0","","","0","","0","","40 17:34.502","","0","79 53:06.526","0","0","0","0","2302","0","0","0","N","0","0","0","1","02302","0","","6.0","","7","N","N","","0","","0","0","0","","0","","","2","0","0","0","0","0","0","2","0","2","","","","N","","","","","","","","","",""
"2015021075","","1","0","0","0","0","0","0","0","0","99","0","","02","2","2015","3","40.373804","-79.81461","","11","0","0","0","0","0","0","0","0","1","0","0","0","","","0","","0","","40 22:25.696","1","0","79 48:52.596","0","0","0","0","2111","0","0","0","N","0","0","0","1","02111","0","","1.0","","2","N","N","","0","","0","0","0","","0","N","","1","0","0","0","0","0","0","2","0","1","","","","N","","","","","","","","","",""
"2015019574","","1","0","0","0","0","0","0","0","0","1","0","","02","2","2015","7","40.54448","-79.951852","","11","0","0","0","0","1","0","0","0","1","0","0","0","","","0","","0","","40 32:40.128","4","0","79 57:06.668","0","0","0","0","2118","0","0","0","N","0","0","0","2","02118","0","","1.0","","7","N","N","","0","","0","0","1","","0","Y","","2","0","0","0","0","0","0","2","0","2","","","","N","","","","","","","","","",""
"2015019723","","0","0","0","0","0","0","0","0","0","1","0","","02","1","2015","3","40.517077","-80.004523","","11","0","0","0","0","0","1","0","0","","0","0","0","","","0","","0","","40 31:01.478","","0","80 00:16.283","0","0","0","0","2116","0","0","0","","0","0","0","2","02116","0","","1.0","","1","","","","1","","0","0","1","","2","","","2","0","0","0","0","0","0","2","0","2","","","","N","","","","","","","","","",""
"2015021076","","1","0","0","0","0","0","0","0","0","2","0","","02","2","2015","3","40.452582","-80.206593","","11","0","0","0","0","0","0","0","0","2","0","0","0","","","3","","0","","40 27:09.294","4","0","80 12:23.734","3","0","0","0","2214","0","0","0","N","0","0","0","3","02214","2","","1.0","","9","N","N","","0","","1","0","1","","0","Y","","2","3","0","0","0","0","0","2","0","2","","","","N","","","","","","","","","",""
"2015019575","","1","0","0","0","0","0","0","0","0","1","0","","02","2","2015","6","40.322607","-79.92636","","11","0","0","0","0","0","0","1","0","2","0","0","0","","","1","","2","","40 19:21.384","5","0","79 55:34.897","8","0","0","0","2440","0","0","0","N","0","0","0","2","02440","0","","1.0","","1","N","N","","0","","0","0","1","","0","N","","2","1","0","0","0","1","0","2","0","2","","","","N","","","","","","","","","",""
"2015019144","","1","0","0","0","0","0","0","0","0","7","0","","02","2","2015","6","40.461598","-79.907942","","11","0","0","0","1","0","0","0","0","1","0","0","0","","","0","","1","","40 27:41.752","1","0","79 54:28.591","0","0","0","0","2301","0","0","0","N","0","0","0","2","02301","0","","5.0","","1","N","N","","0","","0","0","0","","2","Y","","1","0","2","0","0","0","0","2","0","1","","","","N","","","","","","","","","",""