"CRN","ARRIVAL_TM","AUTOMOBILE_COUNT","BELTED_DEATH_COUNT","BELTED_SUSP_SERIOUS_INJ_COUNT","BICYCLE_COUNT","BICYCLE_DEATH_COUNT","BICYCLE_SUSP_SERIOUS_INJ_COUNT","BUS_COUNT","CHLDPAS_DEATH_COUNT","CHLDPAS_SUSP_SERIOUS_INJ_COUNT","COLLISION_TYPE","COMM_VEH_COUNT","CONS_ZONE_SPD_LIM","COUNTY","CRASH_MONTH","CRASH_YEAR","DAY_OF_WEEK","DEC_LATITUDE","DEC_LONGITUDE","DISPATCH_TM","DISTRICT","DRIVER_COUNT_16YR","DRIVER_COUNT_17YR","DRIVER_COUNT_18YR","DRIVER_COUNT_19YR","DRIVER_COUNT_20YR","DRIVER_COUNT_50_64YR","DRIVER_COUNT_65_74YR","DRIVER_COUNT_75PLUS","EST_HRS_CLOSED","FATAL_COUNT","HEAVY_TRUCK_COUNT","HORSE_BUGGY_COUNT","HOUR_OF_DAY","ILLUMINATION","INJURY_COUNT","INTERSECTION_RELATED","INTERSECT_TYPE","LANE_CLOSED","LATITUDE","LN_CLOSE_DIR","LOCATION_TYPE","LONGITUDE","MAX_SEVERITY_LEVEL","MCYCLE_DEATH_COUNT","MCYCLE_SUSP_SERIOUS_INJ_COUNT","MOTORCYCLE_COUNT","MUNICIPALITY","NONMOTR_COUNT","NONMOTR_DEATH_COUNT","NONMOTR_SUSP_SERIOUS_INJ_COUNT","NTFY_HIWY_MAINT","PED_COUNT","PED_DEATH_COUNT","PED_SUSP_SERIOUS_INJ_COUNT","PERSON_COUNT","POLICE_AGCY","POSSIBLE_INJ_COUNT","RDWY_SURF_TYPE_CD","RELATION_TO_ROAD","ROADWAY_CLEARED","ROAD_CONDITION","SCH_BUS_IND","SCH_ZONE_IND","SECONDARY_CRASH","SMALL_TRUCK_COUNT","SPEC_JURIS_CD","SUSP_MINOR_INJ_COUNT","SUSP_SERIOUS_INJ_COUNT","SUV_COUNT","TCD_FUNC_CD","TCD_TYPE","TFC_DETOUR_IND","TIME_OF_DAY","TOTAL_UNITS","TOT_INJ_COUNT","UNBELTED_OCC_COUNT","UNB_DEATH_COUNT","UNB_SUSP_SERIOUS_INJ_COUNT","UNK_INJ_DEG_COUNT","UNK_INJ_PER_COUNT","URBAN_RURAL","VAN_COUNT","VEHICLE_COUNT","WEATHER1","WEATHER2","WORKERS_PRES","WORK_ZONE_IND","WORK_ZONE_LOC","WORK_ZONE_TYPE","WZ_CLOSE_DETOUR","WZ_FLAGGER","WZ_LAW_OFFCR_IND","WZ_LN_CLOSURE","WZ_MOVING","WZ_OTHER","WZ_SHLDER_MDN","WZ_WORKERS_INJ_KILLED"
"2015004917","","1","0","0","0","0","0","0","0","0","2","0","","02","1","2015","6","40.629612","-79.855942","","11","0","0","0","0","0","1","0","1","2","0","0","0","","","1","","0","","40 37:46.604","5","0","79 51:21.392","3","0","0","0","2220","0","0","0","N","0","0","0","3","02220","0","","1.0","","9","N","N","","1","","1","0","0","","0","Y","","2","1","1","0","0","0","0","2","0","2","","","","N","","","","","","","","","",""
"2015019355","","1","0","0","0","0","0","0","0","0","7","0","","02","2","2015","7","40.451853","-80.027646","","11","0","0","0","0","0","0","0","0","","0","0","0","","","0","","2","","40 27:06.672","","0","80 01:39.525","0","0","0","0","2301","0","0","0","N","0","0","0","1","02301","0","","4.0","","7","N","N","","0","","0","0","0","","0","","","1","0","0","0","0","0","0","2","0","1","","","","N","","","","","","","","","",""
"2015019367","","1","0","0","0","0","0","0","0","0","1","0","","02","2","2015","7","40.438175","-80.0047","","11","0","0","0","0","0","0","0","0","2","0","0","0","","","0","","0","","40 26:17.430","3","3","80 00:16.920","0","0","0","0","2301","0","0","0","N","0","0","0","8","02301","0","","1.0","","7","N","N","","0","","0","0","1","","2","N","","2","0","0","0","0","0","0","2","0","2","","","","N","","","","","","","","","",""
"2015003482","","1","0","0","0","0","0","0","0","0","4","0","","02","1","2015","5","40.459738","-79.907173","","11","0","0","0","0","0","0","0","0","","0","1","0","","","0","","2","","40 27:35.058","","0","79 54:25.822","0","0","0","0","2301","0","0","0","N","0","0","0","2","02301","0","","1.0","","1","N","N","","0","","0","0","0","","0","","","2","0","0","0","0","0","0","2","0","2","","","","N","","","","","","","","","",""
"2015020062","","2","0","0","0","0","0","0","0","0","7","0","","02","2","2015","2","40.406015","-79.912237","","11","0","0","0","0","0","0","1","0","2","0","0","0","","","0","","1","","40 24:21.653","2","0","79 54:44.054","0","0","0","0","2438","0","0","0","N","0","0","0","4","02438","0","","5.0","","1","N","N","","1","","0","0","1","","2","N","","4","0","0","0","0","0","0","2","0","4","","","","N","","","","","","","","","",""
"2015020126","","0","0","0","0","0","0","0","0","0","1","0","","02","2","2015","2","40.399718","-80.065041","","11","0","0","0","0","0","1","1","0","1","0","0","0","","","0","","1","","40 23:58.985","2","0","80 03:54.146","0","0","0","0","2117","0","0","0","N","0","0","0","2","02117","0","","1.0","","1","N","N","","0","","0","0","2","","2","N","","2","0","0","0","0","0","0","2","0","2","","","","N","","","","","","","","","",""
"2015005683","","2","0","0","0","0","0","0","0","0","7","0","","02","1","2015","4","40.509985","-79.855174","","11","0","0","0","0","0","0","0","0","2","0","0","0","","","2","","0","","40 30:35.945","2","0","79 51:18.628","8","0","0","0","2112","0","0","0","N","0","0","0","2","68D02","0","","4.0","","2","N","N","","0","","0","0","0","","0","N","","2","2","0","0","0","2","0","2","0","2","","","","N","","","","","","","","","",""
"2015004994","","1","0","0","0","0","0","0","0","0","7","0","","02","1","2015","2","40.460906","-79.874094","","11","0","0","0","0","0","0","0","0","","0","0","0","","","1","","0","","40 27:39.260","","0","79 52:26.740","4","0","0","0","2113","0","0","0","N","0","0","0","1","02113","1","","5.0","","2","N","N","","0","","0","0","0","","0","","","1","1","1","0","0","0","0","2","0","1","","","","N","","","","","","","","","",""
"2015005056","","1","0","0","0","0","0","0","0","0","2","1","","02","1","2015","7","40.438788","-79.751184","","11","0","0","0","0","0","0","0","1","2","0","1","0","","","0","","0","","40 26:19.636","4","0","79 45:04.263","0","0","0","0","2446","0","0","0","N","0","0","0","2","02446","0","","1.0","","1","N","N","","0","","0","0","0","","0","N","","2","0","0","0","0","0","0","2","0","2","","","","N","","","","","","","","","",""
"2015018507","","2","0","0","0","0","0","0","0","0","4","0","","02","2","2015","4","40.362595","-80.110476","","11","0","0","0","0","0","0","0","0","1","0","0","0","","","0","","2","","40 21:45.341","4","0","80 06:37.712","0","0","0","0","2414","0","0","0","N","0","0","0","4","02102","0","","1.0","","1","N","N","","0","","0","0","0","","3","N","","2","0","0","0","0","0","0","2","0","2","","","","N","","","","","","","","","",""
"2015020063","","0","0","0","0","0","0","0","0","0","1","1","","02","2","2015","2","40.438067","-79.922993","","11","0","0","0","0","0","1","0","0","","0","1","0","","","0","","1","","40 26:17.041","","0","79 55:22.774","0","0","0","0","2301","0","0","0","N","0","0","0","2","02301","0","","1.0","","9","N","N","","0","","0","0","1","","2","","","2","0","0","0","0","0","0","2","0","2","","","","N","","","","","","","","","",""
"2015019369","","1","0","0","0","0","0","0","0","0","4","0","","02","2","2015","7","40.451969","-80.198861","","11","0","0","0","0","0","2","0","0","","0","0","0","","","0","","2","","40 27:07.090","","0","80 11:55.900","0","0","0","0","2203","0","0","0","N","0","0","0","2","02203","0","","1.0","","7","N","N","","0","","0","0","1","","3","","","2","0","1","0","0","0","0","2","0","2","","","","N","","","","","","","","","",""
"2015004995","","0","0","0","0","0","0","0","0","0","6","0","","02","1","2015","1","40.493867","-80.031233","","11","0","0","0","0","0","1","0","0","2","0","0","0","","","0","","0","","40 29:37.920","6","0","80 01:52.440","0","0","0","0","2116","0","0","0","N","0","0","0","2","02116","0","","1.0","","9","N","N","","1","","0","0","1","","0","Y","","2","0","0","0","0","0","0","2","0","2","","","","N","","","","","","","","","",""
"2015003484","","2","0","0","0","0","0","0","0","0","4","0","","02","1","2015","2","40.27353","-79.885186","","11","0","0","0","0","0","1","0","1","","0","0","0","","","0","","1","","40 16:24.707","","2","79 53:06.670","0","0","0","0","2428","0","0","0","N","0","0","0","2","02428","0","","1.0","","1","N","N","","0","","0","0","0","","3","","","2","0","0","0","0","0","0","2","0","2","","","","N","","","","","","","","","",""
"2015019370","","1","0","0","0","0","0","0","0","0","7","0","","02","2","2015","7","40.404996","-80.033481","","11","0","0","0","0","0","0","0","0","","0","0","0","","","0","","2","","40 24:17.985","","0","80 02:00.531","0","0","0","0","2301","0","0","0","N","0","0","0","2","02301","0","","2.0","","7","N","N","","0","","0","0","0","","3","","","1","0","0","0","0","0","0","2","0","1","","","","N","","","","","","","","","",""
"2015020129","","1","0","0","0","0","0","0","0","0","4","0","","02","2","2015","2","40.440466","-79.991536","","11","0","0","0","0","0","0","0","0","1","0","0","0","","","0","","1","","40 26:25.678","1","0","79 59:29.530","0","0","0","0","2301","0","0","0","N","0","0","0","2","02301","0","","1.0","","1","N","N","","0","","0","0","1","","2","N","","2","0","0","0","0","0","0","2","0","2","","","","N","","","","","","","","","",""
"2015004924","","1","0","0","0","0","0","0","0","0","7","0","","02","1","2015","2","40.384878","-79.913288","","11","0","0","0","0","0","0","0","0","2","0","0","0","","","0","","2","","40 23:05.560","6","0","79 54:47.836","9","0","0","0","2448","0","0","0","N","0","0","0","3","02448","0","","5.0","","2","N","N","","0","","0","0","0","","0","N","","1","0","0","0","0","0","2","2","0","1","","","","N","","","","","","","","","",""
"2015004998","","1","0","0","0","0","0","0","0","0","1","0","","02","1","2015","5","40.490887","-79.784319","","11","0","0","2","0","0","0","0","0","","0","0","0","","","0","","0","","40 29:27.193","","0","79 47:03.548","0","0","0","0","2466","0","0","0","N","0","0","0","2","02466","0","","1.0","","2","N","N","","0","","0","0","1","","0","","","2","0","1","0","0","0","0","2","0","2","","","","N","","","","","","","","","",""
"2015020874","","0","0","0","0","0","0","0","0","0","7","0","","02","2","2015","3","40.261661","-79.901102","","11","0","1","0","0","0","0","0","0","2","0","0","0","","","0","","0","","40 15:41.978","5","0","79 54:03.967","0","0","0","0","2204","0","0","0","N","0","0","0","2","02204","0","","4.0","","6","N","N","","1","","0","0","0","","0","N","","1","0","0","0","0","0","0","1","0","1","","","","N","","","","","","","","","",""
"2015005748","","2","0","0","0","0","0","0","0","0","1","0","","02","1","2015","3","40.60473","-79.927096","","11","0","0","0","0","0","1","0","0","1","0","0","0","","","2","","0","","40 36:17.029","1","0","79 55:37.546","4","0","0","0","2207","0","0","0","N","0","0","0","3","02207","2","","1.0","","1","N","N","","0","","0","0","0","","0","N","","2","2","0","0","0","0","0","2","0","2","","","","N","","","","","","","","","",""
"2015019288","","2","0","0","0","0","0","0","0","0","4","0","","02","2","2015","6","40.527366","-79.850567","","11","0","0","0","0","0","3","0","0","2","0","0","0","","","0","","0","","40 31:38.517","1","7","79 51:02.042","0","0","0","0","2208","0","0","0","N","0","0","0","4","02208","0","","1.0","","1","N","N","","1","","0","0","0","","0","N","","3","0","0","0","0","0","0","2","0","3","","","","N","","","","","","","","","",""
"2015020067","","2","0","0","0","0","0","0","0","0","4","0","","02","2","2015","2","40.43836","-79.960459","","11","0","0","0","0","0","0","0","0","","0","0","0","","","0","","2","","40 26:18.096","","0","79 57:37.652","0","0","0","0","2301","0","0","0","N","0","0","0","2","02301","0","","1.0","","2","N","N","","0","","0","0","0","","0","","","2","0","0","0","0","0","0","2","0","2","","","","N","","","","","","","","","",""
"2015005749","","2","0","0","0","0","0","0","0","0","4","0","","02","1","2015","3","40.616758","-79.833772","","11","0","0","0","0","0","1","1","0","2","0","0","0","","","2","","2","","40 37:00.329","5","0","79 50:01.580","4","0","0","0","2220","0","0","0","N","0","0","0","2","02220","2","","1.0","","1","N","N","","0","","0","0","0","","3","Y","","2","2","0","0","0","0","0","2","0","2","","","","N","","","","","","","","","",""
"2015019374","","2","0","0","0","0","0","0","0","0","5","0","","02","2","2015","7","40.446606","-80.018456","","11","0","1","0","0","0","1","0","0","","0","0","0","","","1","","0","","40 26:47.780","","0","80 01:06.440","8","0","0","0","2301","0","0","0","N","0","0","0","3","02301","0","","1.0","","7","N","N","","0","","0","0","0","","0","","","2","1","0","0","0","1","0","2","0","2","","","","N","","","","","","","","","",""
"2015003489","","1","0","0","0","0","0","0","0","0","5","0","","02","1","2015","5","40.457069","-80.029356","","11","0","0","0","0","0","1","0","0","","0","0","0","","","0","","2","","40 27:25.447","","0","80 01:45.683","0","0","0","0","2301","0","0","0","N","0","0","0","4","02301","0","","1.0","","1","N","N","","1","","0","0","0","","0","","","2","0","0","0","0","0","0","2","0","2","","","","N","","","","","","","","","",""
"2015019216","","1","0","0","0","0","0","0","0","0","7","0","","02","1","2015","6","40.588638","-79.775908","","11","0","0","0","0","0","0","0","0","2","0","0","0","","","2","","0","","40 35:19.096","1","0","79 46:33.270","4","0","0","0","2104","0","0","0","N","0","0","0","2","68D02","1","","4.0","","1","N","N","","0","","0","0","1","","0","N","","2","2","0","0","0","1","0","2","0","2","","","","N","","","","","","","","","",""
"2015005002","","2","0","0","0","0","0","0","0","0","7","0","","02","1","2015","6","40.566049","-79.998846","","11","0","1","0","0","1","0","0","0","1","0","0","0","","","0","","1","","40 33:57.776","3","0","79 59:55.845","0","0","0","0","2108","0","0","0","N","0","0","0","3","02108","0","","2.0","","1","N","N","","0","","0","0","0","","3","N","","2","0","0","0","0","0","0","2","0","2","","","","N","","","","","","","","","",""
"2015019150","","1","0","0","0","0","0","0","0","0","8","0","","02","1","2015","5","40.280701","-79.871254","","11","0","0","0","0","0","0","0","0","","0","0","0","","","1","","0","","40 16:50.522","","0","79 52:16.513","4","0","0","0","2443","1","0","0","N","1","0","0","1","02443","1","","1.0","","2","N","N","","0","","0","0","0","","0","","","2","1","0","0","0","0","0","1","0","1","","","","N","","","","","","","","","",""
"2015018516","","1","0","0","0","0","0","0","0","0","7","0","","02","2","2015","4","","","","11","0","0","0","0","0","0","0","0","","0","0","0","","","1","","6","","40 27:5.262","","2","80 1:40.140","3","0","0","0","2301","0","0","0","N","0","0","0","1","02301","0","","2.0","","1","N","N","","0","","1","0","0","","0","","","1","1","0","0","0","0","0","2","0","1","","","","N","","","","","","","","","",""
"2015020070","","2","0","0","0","0","0","0","0","0","1","0","","02","2","2015","2","40.449928","-79.826988","","11","0","0","0","0","1","1","0","0","","0","0","0","","","0","","10","","40 26:59.740","","0","79 49:37.155","0","0","0","0","2113","0","0","0","N","0","0","0","3","02113","0","","1.0","","1","N","N","","0","","0","0","0","","0","","","2","0","0","0","0","0","0","2","0","2","","","","N","","","","","","","","","",""
"2015005003","","1","0","0","0","0","0","0","0","0","7","0","","02","1","2015","3","40.463228","-80.112231","","11","0","0","0","0","0","0","0","0","2","0","0","0","","","0","","0","","40 27:47.619","4","0","80 06:44.032","0","0","0","0","2115","0","0","0","N","0","0","0","1","02115","0","","4.0","","7","N","N","","0","","0","0","0","","0","N","","1","0","0","0","0","0","0","2","0","1","","","","N","","","","","","","","","",""
"2015005752","","2","0","0","0","0","0","0","0","0","1","0","","02","1","2015","3","40.436075","-79.919136","","11","0","0","0","0","0","0","0","0","","0","0","0","","","0","","0","","40 26:09.870","","0","79 55:08.890","0","0","0","0","2301","0","0","0","N","0","0","0","2","02301","0","","1.0","","1","N","N","","0","","0","0","0","","0","","","2","0","0","0","0","0","0","2","0","2","","","","N","","","","","","","","","",""
"2015003491","","2","0","0","0","0","0","0","0","0","1","0","","02","1","2015","5","40.446587","-80.026823","","11","0","0","0","0","0","1","1","0","2","0","0","0","","","0","","0","","40 26:47.713","4","3","80 01:36.563","0","0","0","0","2301","0","0","0","N","0","0","0","7","02301","0","","1.0","","9","N","N","","1","","0","0","1","","2","N","","4","0","0","0","0","0","0","2","0","4","","","","N","","","","","","","","","",""
"2015019293","","1","0","0","0","0","0","0","0","0","8","0","","02","2","2015","5","40.495759","-80.067024","","11","0","0","0","0","0","0","0","0","1","0","0","0","","","1","","2","","40 29:44.731","2","0","80 04:01.287","3","0","0","0","2402","1","0","0","N","1","0","0","3","02402","0","","1.0","","1","N","N","","0","","1","0","0","","2","Y","","2","1","0","0","0","0","0","2","0","1","","","","N","","","","","","","","","",""
"2015019378","","2","0","0","0","0","0","0","0","0","4","0","","02","2","2015","7","","-79.989794","","11","0","0","0","0","0","0","0","0","3","0","0","0","","","1","","1","","40 26:3.976","4","1","79 59:23.258","4","0","0","0","2301","0","0","0","N","0","0","0","2","02301","1","","1.0","","7","N","N","","0","","0","0","0","","2","N","","2","1","0","0","0","0","0","2","0","2","","","","N","","","","","","","","","",""
"2015004932","","1","0","0","0","0","0","0","0","0","5","0","","02","1","2015","7","40.581624","-79.780523","","11","0","0","0","0","0","0","0","0","","0","0","0","","","0","","0","","40 34:53.846","","0","79 46:49.881","0","0","0","0","2104","0","0","0","N","0","0","0","1","02104","0","","6.0","","2","N","N","","0","","0","0","1","","3","","","2","0","0","0","0","0","0","2","0","2","","","","N","","","","","","","","","",""
"2015020151","","1","0","0","0","0","0","0","0","0","7","0","","02","2","2015","2","40.428429","-79.929512","","11","0","0","0","0","0","0","0","0","","0","0","0","","","1","","0","","40 25:42.346","","2","79 55:46.243","3","0","0","0","2301","0","0","0","N","0","0","0","1","02301","0","","2.0","","1","N","N","","0","","1","0","0","","0","","","1","1","0","0","0","0","0","2","0","1","","","","N","","","","","","","","","",""
"2015005005","","1","0","0","0","0","0","0","0","0","4","0","","02","1","2015","5","40.44869","-80.105693","","11","0","0","0","0","0","2","0","0","1","0","0","0","","","0","","0","","40 26:55.283","3","0","80 06:20.494","0","0","0","0","2115","0","0","0","N","0","0","0","2","02115","0","","1.0","","1","N","N","","1","","0","0","0","","0","N","","2","0","0","0","0","0","0","2","0","2","","","","N","","","","","","","","","",""
"2015003574","","1","0","0","0","0","0","0","0","0","4","0","","02","1","2015","3","40.427612","-79.954139","","11","0","0","0","0","0","0","0","0","","0","0","0","","","1","","0","","40 25:39.402","","0","79 57:14.899","8","0","0","0","2301","0","0","0","N","0","0","0","2","68B03","0","","1.0","","2","N","N","","0","","0","0","1","","0","","","2","1","0","0","0","1","0","2","0","2","","","","N","","","","","","","","","",""
"2015020898","","1","0","0","0","0","0","0","0","0","1","0","","02","2","2015","6","40.36495","-80.01269","","11","0","0","0","0","0","0","0","0","","0","0","0","","","0","","2","","40 21:53.820","","0","80 00:45.684","0","0","0","0","2416","0","0","0","N","0","0","0","2","02416","0","","1.0","","1","N","N","","1","","0","0","0","","0","","","2","0","0","0","0","0","0","2","0","2","","","","N","","","","","","","","","",""
"2015004936","","1","0","0","0","0","0","0","0","0","1","0","","02","1","2015","1","40.511746","-79.852493","","11","0","0","0","0","0","0","0","0","1","0","0","0","","","1","","0","","40 30:42.285","2","0","79 51:08.974","4","0","0","0","2112","0","0","0","N","0","0","0","5","02112","1","","1.0","","1","N","N","","1","","0","0","0","","0","N","","2","1","0","0","0","0","0","2","0","2","","","","N","","","","","","","","","",""
"2015005006","","1","0","0","0","0","0","0","0","0","4","0","","02","1","2015","5","40.424052","-80.103422","","11","0","0","0","0","0","0","0","0","1","0","0","0","","","0","","2","","40 25:26.587","3","0","80 06:12.319","0","0","0","0","2115","0","0","0","N","0","0","0","2","02115","0","","1.0","","1","N","N","","0","","0","0","1","","3","N","","2","0","0","0","0","0","0","2","0","2","","","","N","","","","","","","","","",""
"2015004263","","2","0","0","0","0","0","0","0","0","1","0","","02","1","2015","7","40.442731","-79.772931","","11","0","0","0","0","0","0","0","0","","0","0","0","","","0","","0","","40 26:33.830","","0","79 46:22.550","0","0","0","0","2446","0","0","0","N","0","0","0","1","02446","0","","5.0","","2","N","N","","0","","0","0","0","","0","","","2","0","0","0","0","0","0","2","0","2","","","","N","","","","","","","","","",""
"2015003575","","1","0","0","0","0","0","0","0","0","7","0","","02","1","2015","4","40.424811","-80.114157","","11","0","0","0","0","1","0","0","0","2","0","0","0","","","0","","0","","40 25:29.319","3","0","80 06:50.965","0","0","0","0","2102","0","0","0","Y","0","0","0","1","68B03","0","","4.0","","9","N","N","","0","","0","0","0","","0","N","","1","0","0","0","0","0","0","2","0","1","","","","N","","","","","","","","","",""
"2015004339","","1","0","0","0","0","0","0","0","0","7","0","","02","1","2015","6","40.409706","-80.039294","","11","0","0","0","0","0","0","0","0","","0","0","0","","","2","","0","","40 24:34.940","","0","80 02:21.460","4","0","0","0","2301","0","0","0","N","0","0","0","2","02301","2","","2.0","","2","N","N","","0","","0","0","0","","0","","","1","2","0","0","0","0","0","2","0","1","","","","N","","","","","","","","","",""
"2015018596","","1","0","0","0","0","0","0","0","0","7","0","","02","2","2015","5","40.457273","-79.955276","","11","0","0","0","0","0","0","0","0","2","0","0","0","","","0","","0","","40 27:26.184","2","0","79 57:18.994","0","0","0","0","2301","0","0","0","N","0","0","0","1","02301","0","","2.0","","2","N","N","","0","","0","0","0","","0","N","","1","0","0","0","0","0","0","2","0","1","","","","N","","","","","","","","","",""
"2015005007","","2","0","0","0","0","0","0","0","0","4","0","","02","1","2015","5","40.461713","-80.152061","","11","0","0","0","0","0","1","0","0","","0","0","0","","","0","","3","","40 27:42.166","","0","80 09:07.420","0","0","0","0","2115","0","0","0","N","0","0","0","2","02115","0","","1.0","","1","N","N","","0","","0","0","0","","0","","","2","0","0","0","0","0","0","2","0","2","","","","N","","","","","","","","","",""
"2015020154","","1","0","0","0","0","0","0","0","0","7","0","","02","2","2015","2","40.417108","-80.020923","","11","0","0","0","0","0","0","0","0","1","0","0","0","","","1","","0","","40 25:01.588","4","0","80 01:15.322","4","0","0","0","2301","0","0","0","N","0","0","0","1","02301","1","","4.0","","2","N","N","","0","","0","0","0","","0","N","","1","1","0","0","0","0","0","2","0","1","","","","N","","","","","","","","","",""
"2015005085","","1","0","0","0","0","0","0","0","0","1","0","","02","1","2015","2","40.482074","-79.808649","","11","0","0","0","0","0","1","0","0","","0","0","0","","","1","","0","","40 28:55.468","","0","79 48:31.137","8","0","0","0","2113","0","0","0","N","0","0","0","2","02113","0","","1.0","","9","N","N","","0","","0","0","1","","0","","","2","1","0","0","0","1","0","2","0","2","","","","N","","","","","","","","","",""
"2015019384","","0","0","0","0","0","0","0","0","0","1","0","","02","2","2015","7","40.45825","-79.842999","","11","0","0","0","0","0","0","0","0","3","0","0","0","","","0","","0","","40 27:29.700","6","0","79 50:34.797","0","0","0","0","2113","0","0","0","N","0","0","0","3","02113","0","","1.0","","2","N","N","","0","","0","0","2","","0","Y","","2","0","0","0","0","0","0","2","0","2","","","","N","","","","","","","","","",""
"2015020155","","1","0","0","0","0","0","0","0","0","7","0","","02","2","2015","2","40.383206","-79.995475","","11","0","0","0","0","0","0","0","0","","0","0","0","","","1","","0","","40 22:59.540","","0","79 59:43.710","4","0","0","0","2301","1","0","0","N","1","0","0","2","02301","1","","5.0","","7","N","N","","1","","0","0","0","","0","","","3","1","0","0","0","0","0","2","0","2","","","","N","","","","","","","","","",""
"2015004266","","0","0","0","0","0","0","0","0","0","4","0","","02","1","2015","5","40.513868","-79.95145","","11","0","0","0","0","0","1","0","1","1","0","0","0","","","3","","2","","40 30:49.923","2","0","79 57:05.221","4","0","0","0","2118","0","0","0","N","0","0","0","3","02118","1","","1.0","","1","N","N","","0","","0","0","2","","2","N","","2","3","0","0","0","2","0","2","0","2","","","","N","","","","","","","","","",""
"2015005839","","1","0","0","0","0","0","0","0","0","1","0","","02","1","2015","6","40.419613","-80.051785","","11","0","0","0","0","0","1","1","0","","0","0","0","","","0","","0","","40 25:10.606","","0","80 03:06.426","0","0","0","0","2435","0","0","0","N","0","0","0","4","68B03","0","","1.0","","9","N","N","","1","","0","0","1","","0","","","3","0","0","0","0","0","0","2","0","3","","","","N","","","","","","","","","",""
"2015018523","","1","0","0","0","0","0","0","0","0","7","0","","02","2","2015","5","40.463015","-79.856418","","11","0","0","0","0","0","0","0","0","","0","0","0","","","0","","2","","40 27:46.854","","0","79 51:23.105","0","0","0","0","2113","0","0","0","N","0","0","0","1","02113","0","","2.0","","2","N","N","","0","","0","0","0","","0","","","1","0","0","0","0","0","0","2","0","1","","","","N","","","","","","","","","",""
"2015020077","","1","0","0","0","0","0","0","0","0","7","0","","02","2","2015","2","40.45463","-79.840082","","11","0","0","0","0","0","0","0","0","","0","0","0","","","1","","0","","40 27:16.668","","0","79 50:24.295","8","0","0","0","2113","0","0","0","N","0","0","0","1","02113","0","","5.0","","7","N","N","","0","","0","0","0","","0","","","1","1","0","0","0","1","0","2","0","1","","","","N","","","","","","","","","",""
"2015018600","","1","0","0","0","0","0","0","0","0","7","0","","02","2","2015","2","40.507725","-80.170036","","11","0","0","0","0","0","0","0","0","","0","0","0","","","0","","0","","40 30:27.810","","0","80 10:12.130","9","0","0","0","2213","0","0","0","N","0","0","0","2","02213","0","","4.0","","2","N","N","","0","","0","0","0","","0","","","1","0","0","0","0","0","2","2","0","1","","","","N","","","","","","","","","",""
"2015005773","","1","0","0","0","0","0","0","0","0","4","0","","02","1","2015","3","40.240883","-79.860116","","11","0","0","0","0","0","0","0","0","","0","0","0","","","1","","1","","40 14:27.178","","0","79 51:36.419","8","0","0","0","2105","0","0","0","N","0","0","0","4","02105","0","","1.0","","1","N","N","","1","","0","0","0","","3","","","2","1","0","0","0","1","0","1","0","2","","","","N","","","","","","","","","",""
"2015020016","","2","0","0","0","0","0","0","0","0","4","0","","02","2","2015","2","40.459905","-79.907156","","11","0","0","0","0","0","0","0","1","","0","0","0","","","0","","2","","40 27:35.657","","0","79 54:25.763","9","0","0","0","2301","0","0","0","N","0","0","0","2","02301","0","","1.0","","1","N","N","","0","","0","0","0","","0","","","2","0","1","0","0","0","1","2","0","2","","","","N","","","","","","","","","",""
"2015020079","","2","0","0","0","0","0","0","0","0","1","0","","02","2","2015","2","40.479653","-79.9549","","11","0","0","0","0","0","0","1","0","","0","0","0","","","0","","1","","40 28:46.749","","0","79 57:17.641","0","0","0","0","2301","0","0","0","","0","0","0","3","02301","0","","1.0","","9","","","","0","","0","0","1","","2","","","3","0","0","0","0","0","0","2","0","3","","","","N","","","","","","","","","",""
"2015019319","","1","0","0","0","0","0","0","0","0","4","0","","02","2","2015","7","40.342491","-79.964666","","11","0","0","0","0","0","1","0","0","","0","0","0","","","0","","1","","40 20:32.966","","0","79 57:52.797","0","0","0","0","2454","0","0","0","N","0","0","0","2","02454","0","","1.0","","9","N","N","","1","","0","0","0","","0","","","2","0","0","0","0","0","0","2","0","2","","","","N","","","","","","","","","",""
"2015018601","","0","0","0","0","0","0","0","0","0","7","0","","02","2","2015","3","40.492273","-80.205756","","11","0","0","0","0","0","0","0","0","","0","0","0","","","0","","0","","40 29:32.184","","0","80 12:20.723","0","0","0","0","2213","0","0","0","Y","0","0","0","1","02213","0","","4.0","","1","N","N","","0","","0","0","1","","0","","","1","0","0","0","0","0","0","2","0","1","","","","N","","","","","","","","","",""
"2015003515","","2","0","0","0","0","0","0","0","0","2","0","","02","1","2015","5","40.34505","-80.082181","","11","0","0","0","0","1","1","0","0","2","0","0","0","","","3","","1","","40 20:42.181","7","0","80 04:55.851","4","0","0","0","2123","0","0","0","N","0","0","0","5","02123","3","","1.0","","1","N","N","","0","","0","0","0","","0","N","","2","3","0","0","0","0","0","2","0","2","","","","N","","","","","","","","","",""
"2015019320","","1","0","0","0","0","0","0","0","0","7","0","","02","2","2015","6","40.404615","-80.055399","","11","0","0","0","0","0","0","1","0","1","0","0","0","","","1","","0","","40 24:16.615","2","0","80 03:19.437","8","0","0","0","2435","0","0","0","N","0","0","0","1","02435","0","","5.0","","1","N","N","","0","","0","0","0","","0","N","","1","1","0","0","0","1","0","2","0","1","","","","N","","","","","","","","","",""
"2015004944","","2","0","0","0","0","0","0","0","0","1","0","","02","1","2015","2","40.491847","-79.950633","","11","0","0","0","0","0","0","0","0","","0","0","0","","","0","","6","","40 29:30.648","","2","79 57:02.279","0","0","0","0","2430","0","0","0","N","0","0","0","2","02430","0","","1.0","","9","N","N","","0","","0","0","0","","0","","","2","0","0","0","0","0","0","2","0","2","","","","N","","","","","","","","","",""