"CRN","ARRIVAL_TM","AUTOMOBILE_COUNT","BELTED_DEATH_COUNT","BELTED_SUSP_SERIOUS_INJ_COUNT","BICYCLE_COUNT","BICYCLE_DEATH_COUNT","BICYCLE_SUSP_SERIOUS_INJ_COUNT","BUS_COUNT","CHLDPAS_DEATH_COUNT","CHLDPAS_SUSP_SERIOUS_INJ_COUNT","COLLISION_TYPE","COMM_VEH_COUNT","CONS_ZONE_SPD_LIM","COUNTY","CRASH_MONTH","CRASH_YEAR","DAY_OF_WEEK","DEC_LATITUDE","DEC_LONGITUDE","DISPATCH_TM","DISTRICT","DRIVER_COUNT_16YR","DRIVER_COUNT_17YR","DRIVER_COUNT_18YR","DRIVER_COUNT_19YR","DRIVER_COUNT_20YR","DRIVER_COUNT_50_64YR","DRIVER_COUNT_65_74YR","DRIVER_COUNT_75PLUS","EST_HRS_CLOSED","FATAL_COUNT","HEAVY_TRUCK_COUNT","HORSE_BUGGY_COUNT","HOUR_OF_DAY","ILLUMINATION","INJURY_COUNT","INTERSECTION_RELATED","INTERSECT_TYPE","LANE_CLOSED","LATITUDE","LN_CLOSE_DIR","LOCATION_TYPE","LONGITUDE","MAX_SEVERITY_LEVEL","MCYCLE_DEATH_COUNT","MCYCLE_SUSP_SERIOUS_INJ_COUNT","MOTORCYCLE_COUNT","MUNICIPALITY","NONMOTR_COUNT","NONMOTR_DEATH_COUNT","NONMOTR_SUSP_SERIOUS_INJ_COUNT","NTFY_HIWY_MAINT","PED_COUNT","PED_DEATH_COUNT","PED_SUSP_SERIOUS_INJ_COUNT","PERSON_COUNT","POLICE_AGCY","POSSIBLE_INJ_COUNT","RDWY_SURF_TYPE_CD","RELATION_TO_ROAD","ROADWAY_CLEARED","ROAD_CONDITION","SCH_BUS_IND","SCH_ZONE_IND","SECONDARY_CRASH","SMALL_TRUCK_COUNT","SPEC_JURIS_CD","SUSP_MINOR_INJ_COUNT","SUSP_SERIOUS_INJ_COUNT","SUV_COUNT","TCD_FUNC_CD","TCD_TYPE","TFC_DETOUR_IND","TIME_OF_DAY","TOTAL_UNITS","TOT_INJ_COUNT","UNBELTED_OCC_COUNT","UNB_DEATH_COUNT","UNB_SUSP_SERIOUS_INJ_COUNT","UNK_INJ_DEG_COUNT","UNK_INJ_PER_COUNT","URBAN_RURAL","VAN_COUNT","VEHICLE_COUNT","WEATHER1","WEATHER2","WORKERS_PRES","WORK_ZONE_IND","WORK_ZONE_LOC","WORK_ZONE_TYPE","WZ_CLOSE_DETOUR","WZ_FLAGGER","WZ_LAW_OFFCR_IND","WZ_LN_CLOSURE","WZ_MOVING","WZ_OTHER","WZ_SHLDER_MDN","WZ_WORKERS_INJ_KILLED"
"2015003219","0634","1","0","0","0","0","0","0","0","0","4","0","","02","1","2015","2","40.581613","-80.054311","0626","11","0","0","0","0","0","0","0","0","","0","0","0","","","0","","2","","40 34:53.807","","0","80 03:15.520","0","0","0","0","2108","0","0","0","N","0","0","0","2","02108","0","","1.0","","2","N","N","","0","","0","0","1","","3","","","2","0","0","0","0","0","0","2","0","2","","","","N","","","","","","","","","",""
"2015005548","1336","0","0","0","0","0","0","0","0","0","7","0","","02","1","2015","6","40.494259","-79.909143","1306","11","0","0","0","0","0","0","1","0","2","0","0","0","","","0","","3","","40 29:39.331","1","2","79 54:32.913","0","0","0","0","2461","0","0","0","N","0","0","0","1","68D02","0","","5.0","","6","N","N","","0","","0","0","1","","0","N","","1","0","0","0","0","0","0","2","0","1","","","","N","","","","","","","","","",""
"2015004796","0200","1","0","0","0","0","0","0","0","0","0","0","","02","1","2015","2","40.436709","-79.974281","0200","11","0","0","0","0","0","0","0","0","2","0","0","0","","","0","","0","","40 26:12.154","4","2","79 58:27.413","0","0","0","0","2301","0","0","0","N","0","0","0","1","02301","0","","1.0","","2","N","N","","0","","0","0","0","","0","N","","1","0","0","0","0","0","0","2","0","1","","","","N","","","","","","","","","",""
"2015004797","0145","0","0","0","0","0","0","0","0","0","7","0","","02","1","2015","2","40.368182","-79.928253","0145","11","0","0","0","0","0","1","0","0","","0","0","0","","","1","","0","","40 22:05.455","","0","79 55:41.710","4","0","0","0","2473","0","0","0","N","0","0","0","1","02473","1","","5.0","","2","N","N","","0","","0","0","1","","0","","","1","1","0","0","0","0","0","2","0","1","","","","N","","","","","","","","","",""
"2015046214","1257","1","0","0","0","0","0","0","0","0","1","0","","02","4","2015","2","40.448474","-80.013378","1227","11","0","0","0","0","0","0","0","0","2","0","0","0","","","1","","0","","40 26:54.506","4","1","80 00:48.159","4","0","0","0","2301","0","0","0","N","0","0","0","2","02301","1","","1.0","","9","N","N","","0","","0","0","0","","0","N","","2","1","2","0","0","0","0","2","1","2","","","","N","","","","","","","","","",""
"2015003362","1726","1","0","0","0","0","0","0","0","0","1","0","","02","1","2015","5","40.511663","-80.003748","1720","11","0","0","0","0","0","1","0","0","","0","0","0","","","0","","3","","40 30:41.985","","0","80 00:13.491","0","0","0","0","2116","0","0","0","N","0","0","0","2","02116","0","","1.0","","1","N","N","","0","","0","0","0","","0","","","2","0","0","0","0","0","0","2","1","2","","","","N","","","","","","","","","",""
"2015004045","2143","0","0","0","0","0","0","0","0","0","0","0","","02","1","2015","6","40.46167","-79.860917","2143","11","0","0","0","0","0","0","0","0","2","0","0","0","","","0","","0","","40 27:42.011","3","0","79 51:39.301","0","0","0","0","2113","0","0","0","N","0","0","0","1","02113","0","","1.0","","9","N","N","","0","","0","0","1","","0","N","","1","0","0","0","0","0","0","2","0","1","","","","N","","","","","","","","","",""
"2015003141","1351","2","0","0","0","0","0","0","0","0","4","0","","02","1","2015","3","40.240883","-79.860116","1346","11","0","0","0","0","0","1","0","0","","0","0","0","","","0","","1","","40 14:27.178","","0","79 51:36.419","0","0","0","0","2105","0","0","0","N","0","0","0","5","02105","0","","1.0","","98","N","N","","0","","0","0","0","","3","","","2","0","0","0","0","0","0","1","0","2","","","","N","","","","","","","","","",""
"2015003210","1340","1","0","0","0","0","0","0","0","0","7","0","","02","1","2015","4","40.44826","-79.991796","1325","11","0","0","0","0","0","0","0","0","","0","0","0","","","0","","0","","40 26:53.735","","3","79 59:30.467","0","0","0","0","2301","0","0","0","N","0","0","0","1","02301","0","","2.0","","2","N","N","","0","","0","0","0","","0","","","1","0","0","0","0","0","0","2","0","1","","","","N","","","","","","","","","",""
"2015003366","2308","2","0","0","0","0","0","0","0","0","1","0","","02","1","2015","3","40.557967","-80.052031","2300","11","0","0","0","0","0","1","0","0","1","0","0","0","","","0","","0","","40 33:28.680","3","0","80 03:07.310","0","0","0","0","2108","0","0","0","N","0","0","0","1","02108","0","","2.0","","1","N","N","","0","","0","0","0","","0","N","","2","0","0","0","0","0","0","2","0","2","","","","N","","","","","","","","","",""
"2015046879","1347","1","0","0","0","0","0","0","0","0","1","0","","02","4","2015","4","40.478679","-80.04346","1341","11","0","0","0","0","1","0","0","0","1","0","0","0","","","0","","0","","40 28:43.243","3","3","80 02:36.457","0","0","0","0","2301","0","0","0","N","0","0","0","4","02301","0","","1.0","","1","N","N","","1","","0","0","0","","0","N","","2","0","0","0","0","0","0","2","0","2","","","","N","","","","","","","","","",""
"2015046217","1310","0","0","0","0","0","0","0","0","0","8","0","","02","4","2015","2","40.444317","-79.917811","1305","11","0","0","0","0","0","0","0","0","","0","0","0","","","1","","5","","40 26:39.540","","0","79 55:04.119","8","0","0","0","2301","1","0","0","N","1","0","0","2","02301","0","","1.0","","9","N","N","","0","","0","0","1","","2","","","2","1","0","0","0","1","1","2","0","1","","","","N","","","","","","","","","",""
"2015005479","1538","0","0","0","0","0","0","0","0","0","4","0","","02","1","2015","3","40.403649","-80.041445","1532","11","0","1","0","0","0","1","1","0","","0","0","0","","","1","","1","","40 24:13.138","","0","80 02:29.202","4","0","0","0","2301","0","0","0","N","0","0","0","3","02301","1","","1.0","","1","N","N","","0","","0","0","3","","3","","","3","1","1","0","0","0","0","2","0","3","","","","N","","","","","","","","","",""
"2015004736","1738","2","0","0","0","0","0","0","0","0","4","0","","02","1","2015","1","40.456934","-79.998833","1736","11","1","0","0","0","0","0","1","0","2","0","0","0","","","1","","1","","40 27:24.964","2","0","79 59:55.797","8","0","0","0","2301","0","0","0","N","0","0","0","3","02301","0","","1.0","","1","N","N","","0","","0","0","0","","2","Y","","2","1","0","0","0","1","2","2","0","2","","","","N","","","","","","","","","",""
"2015004801","0143","1","0","0","0","0","0","0","0","0","7","0","","02","1","2015","2","40.481175","-80.042694","0143","11","0","0","0","0","0","1","0","0","","0","0","0","","","0","","0","","40 28:52.230","","0","80 02:33.700","0","0","0","0","2301","0","0","0","N","0","0","0","1","02301","0","","2.0","","2","N","N","","0","","0","0","0","","0","","","1","0","0","0","0","0","0","2","0","1","","","","N","","","","","","","","","",""
"2015003353","1611","2","0","0","0","0","0","0","0","0","1","0","","02","1","2015","5","40.466069","-79.953041","1607","11","0","0","0","0","0","0","0","0","1","0","0","0","","","1","","0","","40 27:57.848","4","0","79 57:10.947","4","0","0","0","2301","0","0","0","N","0","0","0","3","02301","1","","1.0","","1","N","N","","0","","0","0","0","","2","N","","2","1","0","0","0","0","0","2","0","2","","","","N","","","","","","","","","",""
"2015003367","0830","0","0","0","0","0","0","0","0","0","7","0","","02","1","2015","7","40.400428","-80.049222","0800","11","0","0","0","0","0","0","0","0","3","0","0","0","","","0","","0","","40 24:01.540","7","0","80 02:57.200","0","0","0","0","2109","0","0","0","N","0","0","0","2","02109","0","","5.0","","2","N","N","","0","","0","0","1","","0","Y","","1","0","0","0","0","0","0","2","0","1","","","","N","","","","","","","","","",""
"2015003368","0951","0","0","0","0","0","0","0","0","0","1","0","","02","1","2015","3","40.391297","-80.044396","0948","11","0","0","0","0","0","1","0","0","2","0","0","0","","","0","","1","","40 23:28.669","1","0","80 02:39.826","0","0","0","0","2109","0","0","0","N","0","0","0","3","02109","0","","1.0","","6","N","N","","0","","0","0","2","","2","N","","2","0","0","0","0","0","0","2","0","2","","","","N","","","","","","","","","",""
"2015047796","0914","1","0","0","0","0","0","0","0","0","1","0","","02","4","2015","5","40.506733","-80.006887","0913","11","0","0","0","0","0","1","0","0","1","0","0","0","","","0","","1","","40 30:24.237","1","0","80 00:24.793","0","0","0","0","2116","0","0","0","N","0","0","0","3","02116","0","","1.0","","1","N","N","","0","","0","0","1","","2","N","","2","0","0","0","0","0","0","2","0","2","","","","N","","","","","","","","","",""
"2015047958","0828","2","0","0","0","0","0","0","0","0","1","0","","02","5","2015","7","40.467426","-79.834599","0826","11","0","0","1","0","0","1","0","0","","0","0","0","","","1","","2","","40 28:02.732","","0","79 50:04.558","4","0","0","0","2113","0","0","0","N","0","0","0","2","02113","1","","1.0","","1","N","N","","0","","0","0","0","","0","","","2","1","0","0","0","0","0","2","0","2","","","","N","","","","","","","","","",""
"2015048006","1210","1","0","0","0","0","0","0","0","0","7","0","","02","5","2015","7","40.513026","-79.95459","1208","11","0","0","0","0","0","1","0","0","1","0","0","0","","","0","","0","","40 30:46.893","5","0","79 57:16.524","0","0","0","0","2118","0","0","0","N","0","0","0","1","02118","0","","2.0","","1","N","N","","0","","0","0","0","","0","N","","1","0","0","0","0","0","0","2","0","1","","","","N","","","","","","","","","",""
"2015046517","1440","1","0","0","0","0","0","0","0","0","1","0","","02","4","2015","2","40.407504","-80.018271","1431","11","0","0","0","0","0","1","0","0","","0","0","0","","","0","","0","","40 24:27.016","","0","80 01:05.777","0","0","0","0","2301","0","0","0","N","0","0","0","2","02301","0","","1.0","","1","N","N","","1","","0","0","0","","0","","","2","0","0","0","0","0","0","2","0","2","","","","N","","","","","","","","","",""
"2015045910","1418","1","0","0","0","0","0","0","0","0","3","0","","02","4","2015","1","40.470639","-80.060417","1410","11","0","0","0","0","0","0","1","0","","0","0","0","","","1","","0","","40 28:14.300","","0","80 03:37.500","8","0","0","0","2301","0","0","0","N","0","0","0","5","02301","0","","1.0","","1","N","N","","0","","0","0","0","","0","","","2","1","1","0","0","1","0","2","1","2","","","","N","","","","","","","","","",""
"2015046592","1528","0","0","0","0","0","0","0","0","0","4","0","","02","4","2015","6","40.581512","-80.065493","1522","11","0","0","0","0","0","0","0","0","","0","0","0","","","0","","1","","40 34:53.443","","0","80 03:55.774","0","0","0","0","2108","0","0","0","N","0","0","0","3","02108","0","","1.0","","1","N","N","","0","","0","0","0","","3","","","2","0","0","0","0","0","0","2","2","2","","","","N","","","","","","","","","",""
"2015046593","1059","2","0","0","0","0","0","0","0","0","5","0","","02","4","2015","4","40.496037","-80.20726","1058","11","0","0","0","0","0","1","0","0","2","0","0","0","","","2","","0","","40 29:45.732","4","0","80 12:26.137","4","0","0","0","2213","0","0","0","Y","0","0","0","2","02213","2","","1.0","","8","N","N","","0","","0","0","0","","0","N","","2","2","0","0","0","0","0","2","0","2","","","","N","","","","","","","","","",""
"2015047023","0229","1","0","0","0","0","0","0","0","0","2","0","","02","4","2015","5","40.461872","-79.860256","0229","11","0","0","0","0","0","0","0","0","2","0","0","0","","","2","","2","","40 27:42.740","6","0","79 51:36.920","4","0","0","0","2113","0","0","0","N","0","0","0","2","02113","2","","1.0","","1","N","N","","0","","0","0","1","","0","Y","","2","2","0","0","0","0","0","2","0","2","","","","N","","","","","","","","","",""
"2015046369","2143","2","0","0","0","0","0","0","0","0","1","0","","02","4","2015","1","40.38421","-79.873526","2138","11","0","0","0","0","0","0","0","0","1","0","0","0","","","0","","0","","40 23:03.156","5","0","79 52:24.692","0","0","0","0","2473","0","0","0","N","0","0","0","2","02473","0","","2.0","","1","N","N","","0","","0","0","0","","0","Y","","2","0","0","0","0","0","0","2","0","2","","","","N","","","","","","","","","",""
"2015045761","0940","3","0","0","0","0","0","0","0","0","6","0","","02","4","2015","7","40.408653","-79.895088","0940","11","0","0","0","0","0","1","0","0","1","0","0","0","","","0","","0","","40 24:31.150","2","0","79 53:42.318","0","0","0","0","2448","0","0","0","N","0","0","0","4","02473","0","","1.0","","9","N","N","","0","","0","0","0","","0","N","","3","0","0","0","0","0","0","2","0","3","","","","N","","","","","","","","","",""
"2015047240","1646","2","0","0","0","0","0","0","0","0","4","0","","02","4","2015","5","40.343943","-79.798758","1642","11","0","0","0","0","0","1","0","0","1","0","0","0","","","3","","2","","40 20:38.193","1","0","79 47:55.529","3","0","0","0","2477","0","0","0","N","0","0","0","3","02477","2","","1.0","","9","N","N","","0","","1","0","0","","3","Y","","2","3","1","0","0","0","0","2","0","2","","","","N","","","","","","","","","",""
"2015045624","2033","1","0","0","0","0","0","0","0","0","7","0","","02","4","2015","5","40.425372","-79.858789","2030","11","0","0","0","0","0","0","0","0","","0","0","0","","","0","","0","","40 25:31.339","","0","79 51:31.640","0","0","0","0","2431","0","0","0","N","0","0","0","1","02431","0","","5.0","","1","N","N","","0","","0","0","0","","0","","","1","0","0","0","0","0","0","2","0","1","","","","N","","","","","","","","","",""
"2015045625","1723","1","0","0","1","0","1","0","0","0","8","0","","02","4","2015","5","40.400611","-79.911583","1720","11","0","0","0","0","0","1","0","0","","0","0","0","","","2","","0","","40 24:02.200","","0","79 54:41.700","2","0","0","0","2438","1","0","1","N","0","0","0","2","02438","0","","1.0","","1","N","N","","0","","0","2","0","","0","","","2","2","1","0","1","0","0","2","0","1","","","","N","","","","","","","","","",""
"2015047737","0219","1","0","0","0","0","0","0","0","0","7","0","","02","5","2015","7","40.421232","-79.997402","0219","11","0","0","0","0","0","0","0","1","","0","0","0","","","0","","2","","40 25:16.435","","0","79 59:50.647","9","0","0","0","2301","0","0","0","N","0","0","0","1","02301","0","","2.0","","1","N","N","","0","","0","0","0","","0","","","1","0","0","0","0","0","1","2","0","1","","","","N","","","","","","","","","",""
"2015046240","1530","0","0","0","0","0","0","0","0","0","1","1","","02","4","2015","2","","","1520","11","0","0","0","0","0","0","1","0","","0","0","0","","","0","","0","","","","0","","0","0","0","0","2301","0","0","0","N","0","0","0","2","02301","0","","1.0","","1","Y","N","","0","","0","0","1","","0","","","2","0","0","0","0","0","0","1","1","2","","","","N","","","","","","","","","",""
"2015047850","1348","1","0","0","0","0","0","0","0","0","4","0","","02","5","2015","7","40.476431","-79.760352","1345","11","0","0","0","0","0","0","0","0","","0","0","0","","","0","","0","","40 28:35.152","","0","79 45:37.266","0","0","0","0","2466","0","0","0","N","0","0","0","2","02466","0","","1.0","","1","N","N","","0","","0","0","1","","0","","","2","0","1","0","0","0","0","2","0","2","","","","N","","","","","","","","","",""
"2015047644","1728","2","0","0","0","0","0","0","0","0","6","0","","02","5","2015","6","40.667948","-80.024716","1726","11","0","0","0","0","0","0","1","0","","0","0","0","","","0","","2","","40 40:04.612","","0","80 01:28.978","0","0","0","0","2216","0","0","0","N","0","0","0","2","02505","0","","1.0","","1","N","N","","0","","0","0","0","","0","","","2","0","0","0","0","0","0","2","0","2","","","","N","","","","","","","","","",""
"2015046387","1830","2","0","0","0","0","0","0","0","0","4","0","","02","4","2015","3","40.355418","-80.050203","1825","11","0","0","0","0","0","1","1","0","2","0","0","0","","","2","","2","","40 21:19.503","2","7","80 03:00.732","8","0","0","0","2109","0","0","0","N","0","0","0","2","02109","0","","1.0","","1","N","N","","0","","0","0","0","","0","N","","2","2","0","0","0","2","0","2","0","2","","","","N","","","","","","","","","",""
"2015046511","1445","2","0","0","0","0","0","0","0","0","1","0","","02","4","2015","2","40.337114","-79.809296","1445","11","0","1","0","0","0","0","0","0","","0","0","0","","","1","","0","","40 20:13.610","","0","79 48:33.465","4","0","0","0","2477","0","0","0","N","0","0","0","2","02477","1","","1.0","","8","N","N","","0","","0","0","0","","2","","","2","1","0","0","0","0","0","2","0","2","","","","N","","","","","","","","","",""
"2015047961","0010","1","0","0","0","0","0","0","0","0","7","0","","02","5","2015","1","40.454755","-79.932541","0000","11","0","0","0","0","1","0","0","0","1","0","0","0","","","0","","1","","40 27:17.118","4","0","79 55:57.147","0","0","0","0","2301","0","0","0","N","0","0","0","1","02301","0","","5.0","","1","N","N","","0","","0","0","1","","0","N","","2","0","0","0","0","0","0","2","0","2","","","","N","","","","","","","","","",""
"2015046526","0935","2","0","0","0","0","0","0","0","0","4","0","","02","4","2015","4","40.422029","-80.048328","0934","11","0","0","0","0","0","0","0","0","1","0","0","0","","","0","","2","","40 25:19.306","3","2","80 02:53.980","0","0","0","0","2435","0","0","0","N","0","0","0","3","02435","0","","1.0","","1","N","N","","0","","0","0","0","","3","N","","2","0","0","0","0","0","0","2","0","2","","","","N","","","","","","","","","",""
"2015047739","0003","3","0","0","0","0","0","0","0","0","5","0","","02","5","2015","7","40.377794","-79.977097","0002","11","0","0","0","0","0","0","0","0","2","0","0","0","","","0","","0","","40 22:40.060","4","0","79 58:37.550","0","0","0","0","2413","0","0","0","N","0","0","0","1","02413","0","","1.0","","1","N","N","","0","","0","0","0","","0","Y","","3","0","0","0","0","0","0","2","0","3","","","","N","","","","","","","","","",""
"2015046245","1650","0","0","0","0","0","0","0","0","0","1","0","","02","4","2015","1","40.443263","-79.965212","1650","11","0","0","0","0","0","0","0","0","","0","0","0","","","0","","5","","40 26:35.746","","0","79 57:54.763","9","0","0","0","2301","0","0","0","N","0","0","0","3","02506","0","","1.0","","1","N","N","","0","","0","0","2","","2","","","2","0","0","0","0","0","3","2","0","2","","","","N","","","","","","","","","",""
"2015047804","1114","0","0","0","0","0","0","0","0","0","4","1","","02","4","2015","7","40.5816","-79.921764","1111","11","0","0","0","0","0","1","0","0","1","0","1","0","","","0","","1","","40 34:53.760","2","0","79 55:18.352","0","0","0","0","2207","0","0","0","N","0","0","0","3","02207","0","","1.0","","1","N","N","","1","","0","0","0","","3","N","","2","0","0","0","0","0","0","1","0","2","","","","N","","","","","","","","","",""
"2015046388","2109","1","0","0","0","0","0","0","0","0","0","0","","02","4","2015","4","40.391426","-80.060184","2106","11","0","0","0","0","0","0","0","0","2","0","0","0","","","0","","0","","40 23:29.132","2","0","80 03:36.662","0","0","0","0","2109","0","0","0","N","0","0","0","1","02109","0","","1.0","","1","N","N","","0","","0","0","0","","0","N","","1","0","0","0","0","0","0","2","0","1","","","","N","","","","","","","","","",""
"2015046389","0519","1","0","0","0","0","0","0","0","0","4","0","","02","4","2015","6","40.516983","-80.221407","0517","11","0","0","0","0","0","1","0","0","2","0","0","0","","","0","","1","","40 31:01.137","3","0","80 13:17.066","0","0","0","0","2213","0","0","0","N","0","0","0","2","02213","0","","1.0","","1","N","N","","1","","0","0","0","","2","N","","2","0","0","0","0","0","0","2","0","2","","","","N","","","","","","","","","",""
"2015045836","1925","2","0","0","0","0","0","0","0","0","4","0","","02","4","2015","1","40.374129","-79.97556","1922","11","0","0","0","0","0","0","0","1","","0","0","0","","","1","","3","","40 22:26.864","","0","79 58:32.016","8","0","0","0","2413","0","0","0","","0","0","0","2","02413","0","","1.0","","9","N","N","","0","","0","0","0","","3","","","2","1","0","0","0","1","0","2","0","2","","","","N","","","","","","","","","",""
"2015046514","0907","0","0","0","0","0","0","0","0","0","1","0","","02","4","2015","3","40.4638","-80.100408","0904","11","0","0","0","0","0","1","0","0","","0","0","0","","","1","","0","","40 27:49.680","","0","80 06:01.470","4","0","0","0","2126","0","0","0","N","0","0","0","2","02126","1","","1.0","","1","N","N","","1","","0","0","1","","0","","","2","1","0","0","0","0","0","2","0","2","","","","N","","","","","","","","","",""
"2015046528","0845","3","0","0","0","0","0","0","0","0","1","0","","02","4","2015","3","40.439673","-80.016983","0830","11","0","0","0","0","0","0","0","0","1","0","0","0","","","0","","0","","40 26:22.824","3","0","80 01:01.139","0","0","0","0","2301","0","0","0","N","0","0","0","3","02301","0","","1.0","","1","N","N","","0","","0","0","0","","0","N","","3","0","0","0","0","0","0","2","0","3","","","","N","","","","","","","","","",""
"2015047806","1035","1","0","0","0","0","0","0","0","0","1","0","","02","5","2015","7","40.497536","-79.882933","1032","11","0","0","0","0","0","1","0","0","","0","0","0","","","2","","0","","40 29:51.130","","0","79 52:58.560","8","0","0","0","2112","0","0","0","N","0","0","0","5","02112","0","","1.0","","1","N","N","","0","","0","0","2","","0","","","3","2","0","0","0","2","0","2","0","3","","","","N","","","","","","","","","",""
"2015046390","0616","1","0","0","0","0","0","0","0","0","99","0","","02","4","2015","1","40.508337","-80.249204","0616","11","0","0","0","0","0","0","0","0","","0","0","0","","","0","","0","","40 30:30.013","","0","80 14:57.133","0","0","0","0","2213","0","0","0","N","0","0","0","1","02213","0","","1.0","","1","N","N","","0","","0","0","0","","0","","","1","0","0","0","0","0","0","2","0","1","","","","N","","","","","","","","","",""
"2015045772","1239","2","0","0","0","0","0","0","0","0","4","0","","02","4","2015","7","40.450647","-79.905789","1238","11","0","0","0","0","0","0","1","0","1","0","0","0","","","1","","2","","40 27:02.329","4","0","79 54:20.839","4","0","0","0","2301","0","0","0","N","0","0","0","3","02301","1","","1.0","","1","N","N","","0","","0","0","0","","0","Y","","2","1","0","0","0","0","0","2","0","2","","","","N","","","","","","","","","",""
"2015047325","1600","1","0","0","0","0","0","0","0","0","4","0","","02","4","2015","4","40.347043","-79.952555","1556","11","0","0","0","0","0","0","0","1","","0","0","0","","","0","","3","","40 20:49.354","","0","79 57:09.198","0","0","0","0","2473","0","0","0","N","0","0","0","3","02473","0","","1.0","","1","N","N","","0","","0","0","1","","3","","","2","0","0","0","0","0","0","2","0","2","","","","N","","","","","","","","","",""
"2015046249","1406","1","0","0","0","0","0","0","0","0","1","0","","02","4","2015","1","40.503634","-80.222451","1403","11","0","0","0","0","0","1","0","0","2","0","0","0","","","2","","1","","40 30:13.083","2","0","80 13:20.825","4","0","0","0","2213","0","0","0","N","0","0","0","2","02213","1","","1.0","","1","N","N","","0","","0","0","0","","2","N","","2","2","0","0","0","1","0","2","1","2","","","","N","","","","","","","","","",""
"2015045852","0556","2","0","0","0","0","0","0","0","0","4","0","","02","4","2015","1","40.399119","-79.989006","0551","11","0","0","0","0","0","0","1","0","1","0","0","0","","","1","","0","","40 23:56.829","3","0","79 59:20.421","8","0","0","0","2301","0","0","0","N","0","0","0","1","02301","0","","5.0","","1","N","N","","0","","0","0","0","","0","Y","","2","1","0","0","0","1","0","2","0","2","","","","N","","","","","","","","","",""
"2015047744","2054","0","0","0","0","0","0","0","0","0","7","0","","02","4","2015","5","40.382678","-79.969861","2050","11","0","0","1","0","0","0","0","0","","0","0","0","","","0","","0","","40 22:57.640","","0","79 58:11.499","0","0","0","0","2413","0","0","0","N","0","0","0","1","02413","0","","4.0","","8","N","N","","0","","0","0","1","","0","","","1","0","0","0","0","0","0","2","0","1","","","","N","","","","","","","","","",""
"2015047036","1523","2","0","0","0","0","0","0","0","0","0","0","","02","4","2015","4","40.362505","-79.963392","1519","11","0","0","0","0","0","0","0","0","","0","0","0","","","0","","0","","40 21:45.017","","0","79 57:48.211","0","0","0","0","2403","0","0","0","N","0","0","0","3","02403","0","","1.0","","1","N","N","","0","","0","0","0","","0","","","2","0","1","0","0","0","0","2","0","2","","","","N","","","","","","","","","",""
"2015047857","1112","1","0","0","0","0","0","0","0","0","1","0","","02","4","2015","6","40.362301","-79.826096","1108","11","0","0","0","0","0","1","0","0","","0","0","0","","","0","","1","","40 21:44.283","","0","79 49:33.947","0","0","0","0","2111","0","0","0","N","0","0","0","4","02111","0","","1.0","","1","N","N","","1","","0","0","1","","2","","","3","0","0","0","0","0","0","2","0","3","","","","N","","","","","","","","","",""
"2015047262","0556","1","0","0","0","0","0","0","0","0","1","1","","02","4","2015","4","40.554393","-80.021334","0553","11","0","0","0","0","0","0","0","0","2","0","1","0","","","0","","1","","40 33:15.814","2","0","80 01:16.803","0","0","0","0","2108","0","0","0","N","0","0","0","2","02108","0","","1.0","","1","N","N","","0","","0","0","0","","2","N","","2","0","0","0","0","0","0","2","0","2","","","","N","","","","","","","","","",""
"2015047195","1045","0","0","0","0","0","0","0","0","0","1","0","","02","4","2015","4","40.495346","-79.976169","1037","11","0","0","0","0","1","1","0","0","","0","0","0","","","0","","3","","40 29:43.247","","0","79 58:34.209","0","0","0","0","2445","0","0","0","N","0","0","0","3","02118","0","","1.0","","1","N","N","","1","","0","0","0","","2","","","2","0","0","0","0","0","0","2","1","2","","","","N","","","","","","","","","",""
"2015047263","1220","2","0","0","0","0","0","0","0","0","4","0","","02","4","2015","4","40.376837","-80.066906","1216","11","0","0","0","0","0","1","1","0","2","0","0","0","","","1","","0","","40 22:36.614","4","0","80 04:00.862","8","0","0","0","2109","0","0","0","N","0","0","0","3","02109","0","","1.0","","1","N","N","","0","","0","0","0","","0","N","","2","1","0","0","0","1","0","2","0","2","","","","N","","","","","","","","","",""
"2015047487","1322","1","0","0","0","0","0","0","0","0","1","0","","02","5","2015","6","40.429179","-79.921213","1312","11","0","0","0","0","0","1","0","0","","0","0","0","","","0","","1","","40 25:45.044","","0","79 55:16.366","0","0","0","0","2301","0","0","0","N","0","0","0","4","02301","0","","1.0","","1","N","N","","0","","0","0","1","","2","","","2","0","0","0","0","0","0","2","0","2","","","","N","","","","","","","","","",""
"2015045477","2220","0","0","0","0","0","0","0","0","0","1","0","","02","4","2015","5","40.421017","-79.884411","2220","11","0","0","0","0","0","1","0","0","","0","0","0","","","0","","0","","40 25:15.661","","0","79 53:03.879","0","0","0","0","2463","0","0","0","N","0","0","0","2","02463","0","","1.0","","1","N","N","","1","","0","0","0","","0","","","2","0","0","0","0","0","0","2","0","2","","","","N","","","","","","","","","",""
"2015047342","2359","1","0","0","0","0","0","0","0","0","7","0","","02","4","2015","5","40.481501","-79.879949","2352","11","0","0","0","0","0","0","0","0","2","0","0","0","","","0","","0","","40 28:53.402","6","0","79 52:47.815","0","0","0","0","2113","0","0","0","N","0","0","0","1","02113","0","","5.0","","9","N","N","","0","","0","0","0","","0","Y","","1","0","0","0","0","0","0","2","0","1","","","","N","","","","","","","","","",""
"2015045856","1149","1","0","0","0","0","0","0","0","0","5","0","","02","4","2015","2","40.501714","-80.075648","1148","11","0","0","0","0","0","1","0","0","","0","0","0","","","0","","0","","40 30:06.171","","0","80 04:32.331","0","0","0","0","2405","0","0","0","N","0","0","0","2","02215","0","","1.0","","1","N","N","","1","","0","0","0","","0","","","2","0","0","0","0","0","0","2","0","2","","","","N","","","","","","","","","",""