"CRN","ARRIVAL_TM","AUTOMOBILE_COUNT","BELTED_DEATH_COUNT","BELTED_SUSP_SERIOUS_INJ_COUNT","BICYCLE_COUNT","BICYCLE_DEATH_COUNT","BICYCLE_SUSP_SERIOUS_INJ_COUNT","BUS_COUNT","CHLDPAS_DEATH_COUNT","CHLDPAS_SUSP_SERIOUS_INJ_COUNT","COLLISION_TYPE","COMM_VEH_COUNT","CONS_ZONE_SPD_LIM","COUNTY","CRASH_MONTH","CRASH_YEAR","DAY_OF_WEEK","DEC_LATITUDE","DEC_LONGITUDE","DISPATCH_TM","DISTRICT","DRIVER_COUNT_16YR","DRIVER_COUNT_17YR","DRIVER_COUNT_18YR","DRIVER_COUNT_19YR","DRIVER_COUNT_20YR","DRIVER_COUNT_50_64YR","DRIVER_COUNT_65_74YR","DRIVER_COUNT_75PLUS","EST_HRS_CLOSED","FATAL_COUNT","HEAVY_TRUCK_COUNT","HORSE_BUGGY_COUNT","HOUR_OF_DAY","ILLUMINATION","INJURY_COUNT","INTERSECTION_RELATED","INTERSECT_TYPE","LANE_CLOSED","LATITUDE","LN_CLOSE_DIR","LOCATION_TYPE","LONGITUDE","MAX_SEVERITY_LEVEL","MCYCLE_DEATH_COUNT","MCYCLE_SUSP_SERIOUS_INJ_COUNT","MOTORCYCLE_COUNT","MUNICIPALITY","NONMOTR_COUNT","NONMOTR_DEATH_COUNT","NONMOTR_SUSP_SERIOUS_INJ_COUNT","NTFY_HIWY_MAINT","PED_COUNT","PED_DEATH_COUNT","PED_SUSP_SERIOUS_INJ_COUNT","PERSON_COUNT","POLICE_AGCY","POSSIBLE_INJ_COUNT","RDWY_SURF_TYPE_CD","RELATION_TO_ROAD","ROADWAY_CLEARED","ROAD_CONDITION","SCH_BUS_IND","SCH_ZONE_IND","SECONDARY_CRASH","SMALL_TRUCK_COUNT","SPEC_JURIS_CD","SUSP_MINOR_INJ_COUNT","SUSP_SERIOUS_INJ_COUNT","SUV_COUNT","TCD_FUNC_CD","TCD_TYPE","TFC_DETOUR_IND","TIME_OF_DAY","TOTAL_UNITS","TOT_INJ_COUNT","UNBELTED_OCC_COUNT","UNB_DEATH_COUNT","UNB_SUSP_SERIOUS_INJ_COUNT","UNK_INJ_DEG_COUNT","UNK_INJ_PER_COUNT","URBAN_RURAL","VAN_COUNT","VEHICLE_COUNT","WEATHER1","WEATHER2","WORKERS_PRES","WORK_ZONE_IND","WORK_ZONE_LOC","WORK_ZONE_TYPE","WZ_CLOSE_DETOUR","WZ_FLAGGER","WZ_LAW_OFFCR_IND","WZ_LN_CLOSURE","WZ_MOVING","WZ_OTHER","WZ_SHLDER_MDN","WZ_WORKERS_INJ_KILLED"
"2015047748","0447","0","0","0","0","0","0","0","0","0","7","0","","02","5","2015","7","40.355249","-79.878484","0445","11","0","0","0","0","0","0","0","0","1","0","0","0","","","1","","0","","40 21:18.895","6","0","79 52:42.543","8","0","0","0","2423","0","0","0","N","0","0","0","2","02304","0","","2.0","","1","N","N","","0","","0","0","1","","6","N","","1","1","0","0","0","1","0","2","0","1","","","","N","","","","","","","","","",""
"2015047331","2110","2","0","0","0","0","0","0","0","0","1","0","","02","4","2015","5","40.448912","-79.932571","2104","11","0","0","0","0","0","0","0","0","1","0","0","0","","","1","","2","","40 26:56.083","3","0","79 55:57.255","4","0","0","0","2301","0","0","0","N","0","0","0","3","02301","1","","1.0","","9","N","N","","0","","0","0","0","","0","N","","2","1","0","0","0","0","0","2","0","2","","","","N","","","","","","","","","",""
"2015047052","0735","0","0","0","0","0","0","0","0","0","99","0","","02","4","2015","3","40.453404","-80.111406","0710","11","0","0","0","0","0","1","0","0","","0","0","0","","","0","","0","","40 27:12.255","","0","80 06:41.062","0","0","0","0","2115","0","0","0","N","0","0","0","1","68B03","0","","1.0","","1","N","N","","1","","0","0","0","","0","","","1","0","0","0","0","0","0","2","0","1","","","","N","","","","","","","","","",""
"2015047862","1420","2","0","0","0","0","0","0","0","0","4","0","","02","5","2015","7","40.367873","-79.964443","1415","11","0","0","0","0","0","0","0","0","","0","0","0","","","0","","0","","40 22:04.342","","0","79 57:51.994","9","0","0","0","2476","0","0","0","N","0","0","0","2","02476","0","","1.0","","1","N","N","","0","","0","0","0","","0","","","2","0","0","0","0","0","1","2","0","2","","","","N","","","","","","","","","",""
"2015046329","1729","2","0","0","0","0","0","0","0","0","4","0","","02","4","2015","2","40.490514","-79.905296","1727","11","0","1","0","0","0","1","0","0","","0","0","0","","","0","","2","","40 29:25.850","","0","79 54:19.067","0","0","0","0","2401","0","0","0","N","0","0","0","5","02401","0","","1.0","","1","N","N","","0","","0","0","0","","0","","","2","0","0","0","0","0","0","2","0","2","","","","N","","","","","","","","","",""
"2015047200","0720","1","0","0","0","0","0","0","0","0","7","0","","02","4","2015","5","40.393526","-80.093033","0718","11","0","0","0","0","0","0","0","1","","0","0","0","","","1","","2","","40 23:36.693","","0","80 05:34.917","4","0","0","0","2437","0","0","0","N","0","0","0","1","02437","1","","5.0","","1","N","N","","0","","0","0","0","","3","","","1","1","0","0","0","0","0","2","0","1","","","","N","","","","","","","","","",""
"2015047973","1248","1","0","0","0","0","0","0","0","0","1","0","","02","5","2015","7","40.37216","-80.033535","1247","11","0","0","0","0","1","0","0","0","","0","0","0","","","1","","0","","40 22:19.775","","0","80 02:00.727","4","0","0","0","2109","0","0","0","N","0","0","0","2","02109","1","","1.0","","1","N","N","","0","","0","0","1","","0","","","2","1","0","0","0","0","0","2","0","2","","","","N","","","","","","","","","",""
"2015046541","1100","2","0","0","0","0","0","0","0","0","4","0","","02","4","2015","3","40.391183","-79.996699","1054","11","0","0","0","0","0","1","0","0","2","0","0","0","","","2","","0","","40 23:28.258","4","0","79 59:48.115","4","0","0","0","2301","0","0","0","N","0","0","0","2","02301","2","","1.0","","1","N","N","","0","","0","0","0","","0","N","","2","2","0","0","0","0","0","2","0","2","","","","N","","","","","","","","","",""
"2015047346","2310","1","0","0","0","0","0","0","0","0","7","0","","02","4","2015","5","40.410609","-80.015243","2245","11","0","0","0","0","0","0","0","0","1","0","0","0","","","0","","0","","40 24:38.192","5","0","80 00:54.876","9","0","0","0","2301","0","0","0","N","0","0","0","1","02301","0","","2.0","","9","N","N","","0","","0","0","0","","0","N","","1","0","0","0","0","0","1","2","0","1","","","","N","","","","","","","","","",""
"2015045652","0009","0","0","0","0","0","0","0","0","0","7","0","","02","4","2015","7","40.440308","-80.079881","0009","11","0","0","0","0","0","0","0","0","","0","0","0","","","0","","0","","40 26:25.107","","0","80 04:47.573","0","0","0","0","2421","0","0","0","N","0","0","0","2","02421","0","","5.0","","1","N","N","","0","","0","0","1","","0","","","1","0","0","0","0","0","0","2","0","1","","","","N","","","","","","","","","",""
"2015047201","1318","1","0","0","0","0","0","0","0","0","1","0","","02","4","2015","5","40.438023","-79.913084","1308","11","0","0","0","0","0","0","0","0","2","0","0","0","","","0","","1","","40 26:16.882","5","0","79 54:47.102","0","0","0","0","2301","0","0","0","N","0","0","0","2","02301","0","","1.0","","1","N","N","","0","","0","0","1","","2","Y","","2","0","0","0","0","0","0","2","0","2","","","","N","","","","","","","","","",""
"2015045859","1315","1","0","0","0","0","0","0","0","0","2","0","25","02","4","2015","4","40.449207","-79.901303","1310","11","0","0","0","0","0","1","0","1","2","0","0","0","","","1","","1","","40 26:57.146","7","0","79 54:04.692","3","0","0","0","2301","0","0","0","N","0","0","0","3","02301","0","","1.0","","1","N","N","","0","","1","0","1","","2","Y","","3","1","0","0","0","0","0","2","1","3","","","Y","Y","4","1","","Y","Y","Y","","","",""
"2015046623","1944","2","0","0","0","0","0","0","0","0","1","0","","02","2","2015","6","40.429936","-80.028684","1931","11","0","0","0","0","0","1","0","0","","0","0","0","","","1","","7","","40 25:47.769","","2","80 01:43.261","4","0","0","0","2301","0","0","0","N","0","0","0","5","68B03","1","","1.0","","7","N","N","","0","","0","0","0","","0","","","2","1","2","0","0","0","0","2","0","2","","","","N","","","","","","","","","",""
"2015046624","1505","2","0","0","0","0","0","0","0","0","2","0","","02","4","2015","7","40.507231","-80.037067","1505","11","0","0","0","0","0","0","0","0","","0","0","0","","","0","","0","","40 30:26.033","","0","80 02:13.441","0","0","0","0","2116","0","0","0","Y","0","0","0","4","68B01","0","","1.0","","1","N","N","","0","","0","0","0","","0","","","2","0","0","0","0","0","0","2","0","2","","","","N","","","","","","","","","",""
"2015045642","2153","2","0","0","0","0","0","0","0","0","4","0","","02","4","2015","6","40.421943","-79.92884","2145","11","0","0","0","0","0","0","0","0","1","0","0","0","","","0","","1","","40 25:18.994","7","6","79 55:43.824","0","0","0","0","2301","0","0","0","N","0","0","0","4","02301","0","","1.0","","1","N","N","","0","","0","0","0","","3","Y","","2","0","0","0","0","0","0","2","0","2","","","","N","","","","","","","","","",""
"2015047118","1200","1","0","0","0","0","0","0","0","0","4","0","","02","4","2015","1","40.461375","-79.908688","1200","11","0","0","0","0","0","0","1","0","","0","0","0","","","0","","2","","40 27:40.950","","0","79 54:31.276","9","0","0","0","2301","0","0","0","N","0","0","0","8","02301","0","","1.0","","1","N","N","","0","","0","0","1","","0","","","2","0","0","0","0","0","5","2","0","2","","","","N","","","","","","","","","",""
"2015047704","1851","0","0","0","0","0","0","0","0","0","8","0","","02","5","2015","6","40.483234","-80.034454","1842","11","0","0","0","0","0","0","0","0","","0","0","0","","","1","","2","","40 28:59.642","","0","80 02:04.034","4","0","0","0","2301","1","0","0","N","1","0","0","2","02301","1","","1.0","","1","N","N","","0","","0","0","1","","3","","","2","1","0","0","0","0","0","2","0","1","","","","N","","","","","","","","","",""
"2015045786","1820","2","0","0","0","0","0","0","0","0","1","0","","02","4","2015","6","40.446513","-79.933223","1816","11","0","0","0","0","0","0","0","1","","0","0","0","","","0","","0","","40 26:47.445","","0","79 55:59.602","0","0","0","0","2301","0","0","0","N","0","0","0","1","02301","0","","1.0","","1","N","N","","0","","0","0","0","","3","","","2","0","0","0","0","0","0","2","0","2","","","","N","","","","","","","","","",""
"2015045798","1832","1","0","0","0","0","0","0","0","0","4","0","","02","4","2015","7","40.460225","-79.842236","1828","11","0","0","0","0","0","0","1","0","","0","0","0","","","0","","0","","40 27:36.810","","7","79 50:32.050","0","0","0","0","2113","0","0","0","N","0","0","0","2","02113","0","","1.0","","1","N","N","","0","","0","0","1","","8","","","2","0","0","0","0","0","0","2","0","2","","","","N","","","","","","","","","",""
"2015047337","2110","2","0","0","0","0","0","0","0","0","1","0","","02","4","2015","5","40.444202","-80.028173","2059","11","0","0","0","0","0","1","0","0","","0","0","0","","","0","","10","","40 26:39.126","","2","80 01:41.424","0","0","0","0","2301","0","0","0","N","0","0","0","4","02301","0","","1.0","","9","N","N","","1","","0","0","0","","2","","","3","0","0","0","0","0","0","2","0","3","","","","N","","","","","","","","","",""
"2015045643","0336","2","0","0","0","0","0","0","0","0","5","0","","02","4","2015","1","40.442181","-79.994981","0320","11","0","0","0","0","0","0","0","0","","0","0","0","","","0","","1","","40 26:31.851","","0","79 59:41.931","9","0","0","0","2301","0","0","0","N","0","0","0","4","02301","0","","1.0","","1","N","N","","0","","0","0","0","","2","","","2","0","0","0","0","0","1","2","0","2","","","","N","","","","","","","","","",""
"2015047119","0730","1","0","0","0","0","0","0","0","0","4","0","","02","4","2015","5","40.426292","-79.963576","0715","11","0","0","0","0","0","0","0","0","","0","0","0","","","0","","1","","40 25:34.651","","0","79 57:48.873","0","0","0","0","2301","0","0","0","N","0","0","0","2","02301","0","","1.0","","1","N","N","","0","","0","0","1","","2","","","2","0","0","0","0","0","0","2","0","2","","","","N","","","","","","","","","",""
"2015045934","1520","0","0","0","0","0","0","0","0","0","1","0","","02","4","2015","1","40.456775","-79.935679","1514","11","0","0","0","0","0","0","1","0","","0","0","0","","","1","","0","","40 27:24.389","","0","79 56:08.445","4","0","0","0","2301","0","0","0","N","0","0","0","2","02301","1","","1.0","","1","N","N","","0","","0","0","1","","0","","","2","1","0","0","0","0","0","2","0","2","","","","N","","","","","","","","","",""
"2015047767","1327","2","0","0","0","0","0","0","0","0","2","0","","02","4","2015","4","40.385399","-79.821905","1326","11","0","0","0","0","0","0","0","0","2","0","0","0","","","0","","2","","40 23:07.436","2","1","79 49:18.858","0","0","0","0","2111","0","0","0","N","0","0","0","2","02111","0","","1.0","","1","N","N","","0","","0","0","0","","0","Y","","2","0","0","0","0","0","0","2","0","2","","","","N","","","","","","","","","",""
"2015045935","1657","1","0","0","0","0","0","0","0","0","1","0","","02","4","2015","1","40.420717","-79.913919","1649","11","0","0","0","0","0","0","1","0","1","0","0","0","","","0","","0","","40 25:14.581","1","0","79 54:50.108","0","0","0","0","2301","0","0","0","N","0","0","0","2","02301","0","","1.0","","1","N","N","","0","","0","0","1","","0","N","","2","0","0","0","0","0","0","2","0","2","","","","N","","","","","","","","","",""
"2015046336","2240","2","0","0","0","0","0","0","0","0","4","0","","02","4","2015","4","40.437098","-79.955004","2230","11","0","0","0","0","0","0","0","0","1","0","0","0","","","1","","1","","40 26:13.552","2","0","79 57:18.014","8","0","0","0","2301","0","0","0","N","0","0","0","3","02301","0","","1.0","","1","N","N","","0","","0","0","0","","0","N","","2","1","0","0","0","1","0","2","0","2","","","","N","","","","","","","","","",""
"2015046477","2017","1","0","0","0","0","0","0","0","0","7","0","","02","4","2015","1","40.436908","-79.754219","1958","11","0","0","0","0","0","1","0","0","","0","0","0","","","0","","0","","40 26:12.870","","0","79 45:15.190","0","0","0","0","2446","0","0","0","N","0","0","0","1","68T09","0","","4.0","","1","N","N","","0","","0","0","0","","0","","","1","0","0","0","0","0","0","2","0","1","","","","N","","","","","","","","","",""
"2015047273","0827","0","0","0","0","0","0","0","0","0","1","1","","02","4","2015","2","40.433306","-79.870078","0739","11","0","0","0","0","0","0","0","0","","0","1","0","","","0","","0","","40 25:59.903","","0","79 52:12.282","0","0","0","0","2478","0","0","0","N","0","0","0","2","68B03","0","","1.0","","1","N","N","","0","","0","0","1","","0","","","2","0","0","0","0","0","0","2","0","2","","","","N","","","","","","","","","",""
"2015047866","1935","2","0","0","0","0","0","0","0","0","4","0","","02","5","2015","6","40.448507","-79.830671","1929","11","0","0","0","1","1","0","0","0","3","0","0","0","","","2","","2","","40 26:54.625","7","0","79 49:50.415","8","0","0","0","2113","0","0","0","N","0","0","0","3","02113","0","","1.0","","1","N","N","","0","","0","0","0","","3","Y","","2","2","0","0","0","2","0","2","0","2","","","","N","","","","","","","","","",""
"2015045948","0836","1","0","0","0","0","0","0","0","0","1","0","","02","3","2015","6","40.447188","-80.166309","0826","11","0","0","0","0","0","1","0","0","1","0","0","0","","","0","","7","","40 26:49.878","1","2","80 09:58.712","0","0","0","0","2115","0","0","0","N","0","0","0","2","68B03","0","","1.0","","1","N","N","","1","","0","0","0","","3","N","","2","0","0","0","0","0","0","2","0","2","","","","N","","","","","","","","","",""
"2015045646","0755","0","0","0","0","0","0","0","0","0","7","0","","02","4","2015","6","40.544483","-80.081914","0743","11","0","1","0","0","0","0","0","0","2","0","0","0","","","0","","0","","40 32:40.140","1","0","80 04:54.890","0","0","0","0","2215","0","0","0","N","0","0","0","3","02215","0","","2.0","","2","N","N","","0","","0","0","1","","0","Y","","1","0","0","0","0","0","0","2","0","1","","","","N","","","","","","","","","",""
"2015045719","1310","1","0","0","0","0","0","0","0","0","4","0","","02","4","2015","6","40.457237","-79.934066","1305","11","0","0","0","0","0","1","0","0","","0","0","0","","","1","","1","","40 27:26.053","","0","79 56:02.637","8","0","0","0","2301","0","0","0","N","0","0","0","3","02301","0","","1.0","","1","N","N","","0","","0","0","1","","2","","","2","1","0","0","0","1","0","2","0","2","","","","N","","","","","","","","","",""
"2015047710","1843","2","0","0","0","0","0","0","0","0","4","0","","02","5","2015","6","40.423046","-79.927582","1830","11","0","0","0","0","0","1","0","0","","0","0","0","","","1","","1","","40 25:22.965","","0","79 55:39.295","8","0","0","0","2301","0","0","0","N","0","0","0","2","02301","0","","1.0","","1","N","N","","0","","0","0","0","","2","","","2","1","0","0","0","1","0","2","0","2","","","","N","","","","","","","","","",""
"2015047274","0824","1","0","0","0","0","0","0","0","0","1","1","45","02","4","2015","4","40.417572","-80.056083","0805","11","0","0","0","0","0","0","1","0","","0","1","0","","","1","","0","","40 25:03.260","","0","80 03:21.899","8","0","0","0","2435","0","0","0","N","0","0","0","4","68B03","0","","1.0","","1","N","N","","1","","0","0","1","","0","","","4","1","1","0","0","1","0","2","0","4","","","N","Y","4","1","N","N","N","N","N","N","Y",""
"2015045937","1743","1","0","0","0","0","0","0","0","0","4","0","","02","4","2015","6","40.45208","-79.930982","1726","11","0","0","0","0","0","0","0","0","","0","0","0","","","0","","1","","40 27:07.488","","0","79 55:51.535","0","0","0","0","2301","0","0","0","N","0","0","0","6","02301","0","","1.0","","1","N","N","","0","","0","0","2","","2","","","3","0","0","0","0","0","0","2","0","3","","","","N","","","","","","","","","",""
"2015045720","1247","2","0","0","0","0","0","0","0","0","6","0","","02","4","2015","6","40.431124","-79.792084","1234","11","0","0","0","0","0","0","0","1","2","0","0","0","","","0","","2","","40 25:52.046","1","0","79 47:31.502","0","0","0","0","2446","0","0","0","N","0","0","0","3","02446","0","","1.0","","1","N","N","","0","","0","0","0","","2","N","","2","0","0","0","0","0","0","2","0","2","","","","N","","","","","","","","","",""
"2015047758","1117","1","0","0","0","0","0","0","0","0","7","0","90","02","5","2015","6","40.438802","-79.752134","1114","11","0","0","0","0","0","0","0","0","1","0","0","0","","","1","","0","","40 26:19.686","4","0","79 45:07.683","8","0","0","0","2446","0","0","0","Y","0","0","0","1","02446","0","","2.0","","1","N","N","","0","","0","0","0","","0","N","","1","1","0","0","0","1","0","2","0","1","","","Y","Y","4","1","","","N","","","Y","",""
"2015046339","2217","0","0","0","0","0","0","0","0","0","1","0","","02","4","2015","1","40.453472","-80.062661","2201","11","0","0","0","0","0","0","0","0","","0","0","0","","","0","","0","","40 27:12.499","","0","80 03:45.579","9","0","0","0","2301","0","0","0","N","0","0","0","1","02301","0","","6.0","","1","N","N","","1","","0","0","1","","0","","","2","0","0","0","0","0","1","2","0","2","","","","N","","","","","","","","","",""
"2015047935","1630","1","0","0","0","0","0","0","0","0","7","0","","02","5","2015","7","40.413503","-79.8166","1627","11","0","0","0","0","0","1","0","0","","0","0","0","","","0","","0","","40 24:48.610","","99","79 48:59.760","0","0","0","0","2467","0","0","0","N","0","0","0","2","02467","0","","2.0","","1","N","N","","0","","0","0","0","","0","","","1","0","0","0","0","0","0","2","0","1","","","","N","","","","","","","","","",""
"2015047124","0852","1","0","0","0","0","0","0","0","0","7","0","","02","4","2015","2","40.411546","-80.006444","0844","11","0","0","0","0","0","0","0","0","1","0","0","0","","","0","","0","","40 24:41.567","1","0","80 00:23.197","0","0","0","0","2301","0","0","0","N","0","0","0","1","02301","0","","1.0","","1","N","N","","0","","0","0","0","","0","N","","1","0","0","0","0","0","0","2","0","1","","","","N","","","","","","","","","",""
"2015045649","2037","1","0","0","0","0","0","0","0","0","7","0","","02","4","2015","6","40.421048","-80.000541","2034","11","0","0","0","1","0","0","0","0","","0","0","0","","","0","","1","","40 25:15.772","","0","80 00:01.947","0","0","0","0","2301","0","0","0","N","0","0","0","1","02301","0","","2.0","","1","N","N","","0","","0","0","0","","2","","","1","0","1","0","0","0","0","2","0","1","","","","N","","","","","","","","","",""
"2015046997","1505","2","0","0","0","0","0","0","0","0","1","0","","02","4","2015","4","40.576831","-79.778297","1503","11","0","0","1","0","0","1","0","0","","0","0","0","","","2","","1","","40 34:36.593","","0","79 46:41.868","8","0","0","0","2104","0","0","0","N","0","0","0","2","02104","0","","1.0","","1","N","N","","0","","0","0","0","","2","","","2","2","0","0","0","2","0","2","0","2","","","","N","","","","","","","","","",""
"2015047821","1445","1","0","0","0","0","0","0","0","0","7","0","","02","4","2015","4","40.363423","-79.826186","1443","11","0","0","0","0","0","0","0","0","2","0","0","0","","","1","","0","","40 21:48.321","5","0","79 49:34.271","8","0","0","0","2111","0","0","0","N","0","0","0","1","02111","0","","5.0","","1","N","N","","0","","0","0","0","","7","Y","","1","1","0","0","0","1","0","2","0","1","","","","N","","","","","","","","","",""
"2015046481","0439","2","0","0","0","0","0","0","0","0","5","0","","02","4","2015","3","40.334051","-79.891349","0437","11","0","0","0","0","0","0","0","0","","0","0","0","","","0","","0","","40 20:02.583","","0","79 53:28.856","9","0","0","0","2433","0","0","0","N","0","0","0","1","02433","0","","4.0","","1","N","N","","0","","0","0","0","","0","","","2","0","0","0","0","0","1","2","0","2","","","","N","","","","","","","","","",""
"2015046409","0938","0","0","0","0","0","0","0","0","0","7","0","","02","2","2015","1","40.420803","-80.041322","0938","11","0","0","0","0","0","1","0","0","1","0","0","0","","","0","","0","","40 25:14.891","3","0","80 02:28.758","0","0","0","0","2435","0","0","0","N","0","0","0","2","68B03","0","","3.0","","9","N","N","","0","","0","0","1","","0","N","","1","0","0","0","0","0","0","2","0","1","","","","N","","","","","","","","","",""
"2015045794","1509","2","0","0","0","0","0","0","0","0","2","0","","02","4","2015","7","40.284633","-79.844065","1505","11","0","0","0","0","0","0","0","0","2","0","0","0","","","1","","2","","40 17:04.679","6","0","79 50:38.633","4","0","0","0","2443","0","0","0","N","0","0","0","3","02443","1","","1.0","","1","N","N","","0","","0","0","0","","0","N","","2","1","0","0","0","0","0","1","0","2","","","","N","","","","","","","","","",""
"2015046482","0627","2","0","0","0","0","0","0","0","0","4","0","","02","4","2015","3","40.458637","-79.84298","0625","11","0","0","0","0","0","0","0","0","","0","0","0","","","0","","1","","40 27:31.094","","0","79 50:34.729","0","0","0","0","2113","0","0","0","N","0","0","0","2","02113","0","","1.0","","1","N","N","","0","","0","0","0","","0","","","2","0","0","0","0","0","0","2","0","2","","","","N","","","","","","","","","",""
"2015047984","1435","3","0","0","0","0","0","0","0","0","1","0","","02","4","2015","1","40.406015","-79.912237","1430","11","0","0","0","0","0","0","1","1","","0","0","0","","","0","","10","","40 24:21.653","","3","79 54:44.054","0","0","0","0","2438","0","0","0","Y","0","0","0","3","02438","0","","1.0","","1","N","N","","0","","0","0","0","","2","","","3","0","0","0","0","0","0","2","0","3","","","","N","","","","","","","","","",""
"2015045651","1148","2","0","0","0","0","0","0","0","0","5","0","","02","4","2015","7","40.395239","-79.881317","1144","11","0","0","0","0","0","0","0","1","","0","0","0","","","1","","0","","40 23:42.860","","0","79 52:52.740","3","0","0","0","2473","0","0","0","N","0","0","0","1","02473","0","","6.0","","1","N","N","","0","","1","0","0","","0","","","2","1","0","0","0","0","0","2","0","2","","","","N","","","","","","","","","",""
"2015047938","1916","1","0","0","0","0","0","0","0","0","1","0","","02","5","2015","7","40.458756","-79.823261","1914","11","0","0","0","0","0","0","0","0","","0","0","0","","","1","","0","","40 27:31.521","","0","79 49:23.739","8","0","0","0","2113","0","0","0","N","0","0","0","6","02113","0","","1.0","","1","N","N","","0","","0","0","1","","0","","","2","1","0","0","0","1","0","2","0","2","","","","N","","","","","","","","","",""
"2015046410","0745","1","0","0","0","0","0","0","0","0","1","0","","02","4","2015","3","40.403674","-80.106657","0745","11","0","0","0","0","0","2","0","0","1","0","0","0","","","1","","0","","40 24:13.228","1","0","80 06:23.966","4","0","0","0","2102","0","0","0","N","0","0","0","6","68B03","1","","1.0","","1","N","N","","1","","0","0","1","","0","N","","3","1","0","0","0","0","0","2","0","3","","","","N","","","","","","","","","",""
"2015047823","1205","1","0","0","0","0","0","0","0","0","4","0","","02","5","2015","7","40.407087","-80.034183","1200","11","0","0","0","1","0","0","0","0","2","0","0","0","","","1","","1","","40 24:25.512","7","0","80 02:03.059","8","0","0","0","2301","0","0","0","N","0","0","0","5","02301","0","","1.0","","1","N","N","","0","","0","0","1","","2","Y","","2","1","0","0","0","1","0","2","0","2","","","","N","","","","","","","","","",""
"2015045871","2007","1","0","0","0","0","0","0","0","0","7","0","","02","4","2015","5","40.348003","-80.153669","2003","11","0","0","0","1","0","0","0","0","","0","0","0","","","1","","0","","40 20:52.810","","0","80 09:13.210","8","0","0","0","2119","0","0","0","N","0","0","0","3","02119","0","","5.0","","1","N","N","","0","","0","0","0","","0","","","1","1","1","0","0","1","0","2","0","1","","","","N","","","","","","","","","",""
"2015047939","1845","0","0","0","0","0","0","1","0","0","8","1","","02","5","2015","7","40.461415","-79.924821","1844","11","0","0","0","0","0","0","0","0","","0","0","0","","","1","","1","","40 27:41.094","","0","79 55:29.355","4","0","0","0","2301","1","0","0","N","1","0","0","3","02503","1","","4.0","","1","N","N","","0","","0","0","0","","2","","","2","1","0","0","0","0","0","2","0","1","","","","N","","","","","","","","","",""
"2015046411","0704","0","0","0","0","0","0","0","0","0","1","0","45","02","4","2015","6","40.41189","-80.067995","0624","11","0","0","0","0","0","1","0","0","","0","0","0","","","0","","0","","40 24:42.804","","0","80 04:04.783","0","0","0","0","2435","0","0","0","N","0","0","0","2","68B03","0","","1.0","","9","N","N","","0","","0","0","2","","0","","","2","0","0","0","0","0","0","2","0","2","","","Y","Y","4","1","N","N","N","N","N","N","Y",""
"2015046485","1409","2","0","0","0","0","0","0","0","0","4","0","","02","4","2015","2","40.450559","-79.93008","1405","11","0","0","0","0","0","0","1","0","","0","0","0","","","2","","1","","40 27:02.012","","0","79 55:48.288","4","0","0","0","2301","0","0","0","N","0","0","0","4","02301","2","","1.0","","1","N","N","","0","","0","0","1","","3","","","3","2","0","0","0","0","0","2","0","3","","","","N","","","","","","","","","",""
"2015047001","2102","0","0","0","0","0","0","0","0","0","6","0","","02","4","2015","3","40.326328","-79.986869","2049","11","0","0","0","0","0","1","0","0","","0","0","0","","","0","","0","","40 19:34.780","","0","79 59:12.730","0","0","0","0","2219","0","0","0","N","0","0","0","2","02219","0","","1.0","","1","N","N","","1","","0","0","1","","3","","","2","0","0","0","0","0","0","2","0","2","","","","N","","","","","","","","","",""
"2015047940","2035","1","0","0","0","0","0","0","0","0","4","0","","02","4","2015","4","40.347486","-79.949042","2032","11","0","0","0","0","0","0","0","0","","0","0","0","","","0","","0","","40 20:50.950","","7","79 56:56.550","0","0","0","0","2473","0","0","0","N","0","0","0","2","02473","0","","1.0","","1","N","N","","1","","0","0","0","","3","","","2","0","0","0","0","0","0","2","0","2","","","","N","","","","","","","","","",""
"2015046412","1600","0","0","0","0","0","0","0","0","0","1","0","","02","4","2015","7","40.500031","-80.022931","1553","11","0","0","0","0","0","1","0","0","2","0","0","0","","","9","","0","","40 30:00.113","1","0","80 01:22.552","4","0","0","0","2116","0","0","0","N","0","0","0","14","68B03","7","","1.0","","1","N","N","","0","","0","0","4","","0","N","","4","9","0","0","0","2","0","2","0","4","","","","N","","","","","","","","","",""
"2015045873","1455","1","0","0","0","0","0","0","0","0","1","0","","02","4","2015","7","40.434169","-79.995845","1453","11","0","0","0","0","0","0","0","0","1","0","0","0","","","0","","6","","40 26:03.007","2","2","79 59:45.042","0","0","0","0","2301","0","0","0","Y","0","0","0","3","02301","0","","1.0","","1","N","N","","1","","0","0","1","","2","N","","3","0","0","0","0","0","0","2","0","3","","","","N","","","","","","","","","",""
"2015047764","1706","2","0","0","0","0","0","0","0","0","1","0","","02","4","2015","4","40.426045","-79.913558","1657","11","0","0","0","0","0","1","0","0","1","0","0","0","","","0","","0","","40 25:33.761","3","4","79 54:48.807","0","0","0","0","2301","0","0","0","N","0","0","0","5","68B03","0","","1.0","","1","N","N","","0","","0","0","2","","0","N","","4","0","1","0","0","0","0","2","0","4","","","","N","","","","","","","","","",""
"2015047779","1455","2","0","0","0","0","0","0","0","0","4","0","","02","4","2015","4","40.454369","-79.947668","1445","11","0","0","0","0","0","1","0","0","","0","0","0","","","2","","1","","40 27:15.727","","0","79 56:51.605","4","0","0","0","2301","0","0","0","N","0","0","0","2","02301","2","","1.0","","1","N","N","","0","","0","0","0","","2","","","2","2","0","0","0","0","0","2","0","2","","","","N","","","","","","","","","",""