"CRN","ARRIVAL_TM","AUTOMOBILE_COUNT","BELTED_DEATH_COUNT","BELTED_SUSP_SERIOUS_INJ_COUNT","BICYCLE_COUNT","BICYCLE_DEATH_COUNT","BICYCLE_SUSP_SERIOUS_INJ_COUNT","BUS_COUNT","CHLDPAS_DEATH_COUNT","CHLDPAS_SUSP_SERIOUS_INJ_COUNT","COLLISION_TYPE","COMM_VEH_COUNT","CONS_ZONE_SPD_LIM","COUNTY","CRASH_MONTH","CRASH_YEAR","DAY_OF_WEEK","DEC_LATITUDE","DEC_LONGITUDE","DISPATCH_TM","DISTRICT","DRIVER_COUNT_16YR","DRIVER_COUNT_17YR","DRIVER_COUNT_18YR","DRIVER_COUNT_19YR","DRIVER_COUNT_20YR","DRIVER_COUNT_50_64YR","DRIVER_COUNT_65_74YR","DRIVER_COUNT_75PLUS","EST_HRS_CLOSED","FATAL_COUNT","HEAVY_TRUCK_COUNT","HORSE_BUGGY_COUNT","HOUR_OF_DAY","ILLUMINATION","INJURY_COUNT","INTERSECTION_RELATED","INTERSECT_TYPE","LANE_CLOSED","LATITUDE","LN_CLOSE_DIR","LOCATION_TYPE","LONGITUDE","MAX_SEVERITY_LEVEL","MCYCLE_DEATH_COUNT","MCYCLE_SUSP_SERIOUS_INJ_COUNT","MOTORCYCLE_COUNT","MUNICIPALITY","NONMOTR_COUNT","NONMOTR_DEATH_COUNT","NONMOTR_SUSP_SERIOUS_INJ_COUNT","NTFY_HIWY_MAINT","PED_COUNT","PED_DEATH_COUNT","PED_SUSP_SERIOUS_INJ_COUNT","PERSON_COUNT","POLICE_AGCY","POSSIBLE_INJ_COUNT","RDWY_SURF_TYPE_CD","RELATION_TO_ROAD","ROADWAY_CLEARED","ROAD_CONDITION","SCH_BUS_IND","SCH_ZONE_IND","SECONDARY_CRASH","SMALL_TRUCK_COUNT","SPEC_JURIS_CD","SUSP_MINOR_INJ_COUNT","SUSP_SERIOUS_INJ_COUNT","SUV_COUNT","TCD_FUNC_CD","TCD_TYPE","TFC_DETOUR_IND","TIME_OF_DAY","TOTAL_UNITS","TOT_INJ_COUNT","UNBELTED_OCC_COUNT","UNB_DEATH_COUNT","UNB_SUSP_SERIOUS_INJ_COUNT","UNK_INJ_DEG_COUNT","UNK_INJ_PER_COUNT","URBAN_RURAL","VAN_COUNT","VEHICLE_COUNT","WEATHER1","WEATHER2","WORKERS_PRES","WORK_ZONE_IND","WORK_ZONE_LOC","WORK_ZONE_TYPE","WZ_CLOSE_DETOUR","WZ_FLAGGER","WZ_LAW_OFFCR_IND","WZ_LN_CLOSURE","WZ_MOVING","WZ_OTHER","WZ_SHLDER_MDN","WZ_WORKERS_INJ_KILLED"
"2015031941","2230","2","0","0","0","0","0","0","0","0","4","0","","02","3","2015","3","40.450231","-79.900503","2224","11","0","0","0","0","0","0","0","0","","0","0","0","","","0","","0","","40 27:00.831","","0","79 54:01.810","0","0","0","0","2301","0","0","0","N","0","0","0","3","02301","0","","6.0","","9","N","N","","0","","0","0","0","","0","","","2","0","0","0","0","0","0","2","0","2","","","","N","","","","","","","","","",""
"2015031264","0335","1","0","0","0","0","0","0","0","0","7","0","","02","3","2015","3","40.629942","-79.968718","0329","11","0","0","0","0","0","1","0","0","","0","0","0","","","0","","2","","40 37:47.792","","0","79 58:07.385","0","0","0","0","2217","0","0","0","Y","0","0","0","1","02505","0","","5.0","","2","N","N","","0","","0","0","0","","0","","","1","0","0","0","0","0","0","2","0","1","","","","N","","","","","","","","","",""
"2015032074","0723","2","0","0","0","0","0","0","0","0","4","0","","02","3","2015","7","40.410135","-80.082507","0719","11","1","0","0","0","0","0","0","0","1","0","0","0","","","0","","1","","40 24:36.487","1","99","80 04:57.026","0","0","0","0","2415","0","0","0","N","0","0","0","3","02415","0","","1.0","","9","N","N","","0","","0","0","0","","2","Y","","2","0","0","0","0","0","0","2","0","2","","","","N","","","","","","","","","",""
"2015046136","0208","3","0","0","0","0","0","0","0","0","4","0","","02","4","2015","1","40.427175","-79.989467","0208","11","0","0","0","0","0","0","0","0","1","0","0","0","","","0","","0","","40 25:37.830","6","0","79 59:22.080","0","0","0","0","2301","0","0","0","N","0","0","0","1","02301","0","","1.0","","1","N","N","","0","","0","0","0","","0","Y","","3","0","0","0","0","0","0","2","0","3","","","","N","","","","","","","","","",""
"2015047466","1030","1","0","1","0","0","0","1","0","0","2","1","","02","5","2015","6","40.452204","-79.909805","1023","11","0","0","0","0","0","1","0","0","2","0","0","0","","","4","","0","","40 27:07.934","7","0","79 54:35.297","2","0","0","0","2301","0","0","0","N","0","0","0","5","02503","3","","1.0","","1","N","N","","0","","0","1","0","","0","N","","2","4","0","0","0","0","0","2","0","2","","","","N","","","","","","","","","",""
"2015030489","1125","2","0","0","0","0","0","0","0","0","4","0","","02","3","2015","3","40.457842","-79.974246","1117","11","0","0","0","0","0","0","0","0","","0","0","0","","","0","","1","","40 27:28.231","","0","79 58:27.285","0","0","0","0","2301","0","0","0","","0","0","0","2","02301","0","","1.0","","9","","","","0","","0","0","0","","3","","","2","0","0","0","0","0","0","2","0","2","","","","N","","","","","","","","","",""
"2015031253","2029","2","0","0","0","0","0","0","0","0","1","0","","02","3","2015","4","40.407327","-79.890172","2022","11","0","0","0","0","0","0","0","0","1","0","0","0","","","1","","2","","40 24:26.378","3","0","79 53:24.619","4","0","0","0","2448","0","0","0","N","0","0","0","5","02448","1","","1.0","","1","N","N","","0","","0","0","0","","2","N","","2","1","2","0","0","0","0","2","0","2","","","","N","","","","","","","","","",""
"2015032089","1150","1","0","0","0","0","0","0","0","0","0","0","","02","3","2015","7","40.484224","-79.907886","1147","11","0","0","0","0","0","0","0","0","","0","0","0","","","0","","2","","40 29:03.206","","0","79 54:28.391","0","0","0","0","2301","0","0","0","N","0","0","0","1","02301","0","","1.0","","9","N","N","","0","","0","0","0","","0","","","1","0","0","0","0","0","0","2","0","1","","","","N","","","","","","","","","",""
"2015047467","1402","1","0","0","0","0","0","0","0","0","4","0","","02","4","2015","5","40.412481","-80.0103","1402","11","0","0","0","0","0","1","0","0","","0","0","0","","","0","","0","","40 24:44.930","","0","80 00:37.081","9","0","0","0","2301","0","0","0","N","0","0","0","3","02501","0","","1.0","","9","N","N","","0","","0","0","1","","0","","","2","0","0","0","0","0","1","2","0","2","","","","N","","","","","","","","","",""
"2015030490","0741","1","0","0","0","0","0","0","0","0","1","0","","02","3","2015","3","40.465976","-79.787408","0724","11","0","0","0","0","0","1","0","0","","0","0","0","","","1","","0","","40 27:57.513","","0","79 47:14.667","4","0","0","0","2113","0","0","0","N","0","0","0","3","02113","1","","1.0","","1","N","N","","0","","0","0","1","","0","","","2","1","0","0","0","0","0","2","0","2","","","","N","","","","","","","","","",""
"2015031254","0519","1","0","0","0","0","0","0","0","0","2","1","","02","3","2015","4","40.350108","-79.873769","0517","11","0","0","0","0","0","2","0","0","3","0","1","0","","","3","","0","","40 21:00.390","3","0","79 52:25.570","3","0","0","0","2304","0","0","0","N","0","0","0","3","02304","2","","1.0","","9","N","N","","0","","1","0","0","","0","Y","","2","3","0","0","0","0","0","2","0","2","","","","N","","","","","","","","","",""
"2015030505","1300","2","0","0","0","0","0","0","0","0","1","0","","02","3","2015","2","40.393362","-80.065751","1256","11","0","0","0","0","0","0","0","0","2","0","0","0","","","1","","0","","40 23:36.103","4","7","80 03:56.705","8","0","0","0","2117","0","0","0","N","0","0","0","3","02117","0","","1.0","","1","N","N","","0","","0","0","0","","0","N","","2","1","0","0","0","1","0","2","0","2","","","","N","","","","","","","","","",""
"2015031272","0228","1","0","0","0","0","0","0","0","0","7","0","","02","2","2015","5","40.393808","-79.900083","0226","11","0","0","0","0","0","0","0","0","1","0","0","0","","","0","","0","","40 23:37.710","5","0","79 54:00.300","0","0","0","0","2448","0","0","0","N","0","0","0","1","02448","0","","5.0","","1","N","N","","0","","0","0","0","","0","N","","1","0","0","0","0","0","0","2","0","1","","","","N","","","","","","","","","",""
"2015046815","0744","1","0","0","0","0","0","0","0","0","5","0","","02","4","2015","4","40.431724","-80.014568","0723","11","0","0","0","0","0","0","0","0","","0","0","0","","","0","","0","","40 25:54.208","","0","80 00:52.446","0","0","0","0","2301","0","0","0","N","0","0","0","1","02301","0","","6.0","","1","N","N","","1","","0","0","0","","0","","","2","0","0","0","0","0","0","2","0","2","","","","N","","","","","","","","","",""
"2015031951","1750","1","0","0","0","0","0","0","0","0","0","0","","02","3","2015","7","40.331345","-79.932751","1746","11","0","0","0","0","0","0","0","0","","0","0","0","","","0","","0","","40 19:52.842","","0","79 55:57.905","0","0","0","0","2473","0","0","0","N","0","0","0","3","02473","0","","1.0","","1","N","N","","0","","0","0","0","","0","","","1","0","0","0","0","0","0","2","0","1","","","","N","","","","","","","","","",""
"2015046143","0822","1","0","0","0","0","0","0","0","0","1","0","","02","4","2015","2","40.473086","-79.969076","0810","11","0","0","0","0","0","1","0","0","1","0","0","0","","","0","","0","","40 28:23.111","1","3","79 58:08.675","0","0","0","0","2301","0","0","0","N","0","0","0","2","02301","0","","1.0","","1","N","N","","0","","0","0","0","","2","N","","2","0","0","0","0","0","0","2","1","2","","","","N","","","","","","","","","",""
"2015032787","1957","1","0","0","0","0","0","0","0","0","5","0","","02","3","2015","2","40.443639","-80.04025","1950","11","0","0","0","0","0","0","0","0","2","0","0","0","","","0","","0","","40 26:37.100","6","0","80 02:24.900","0","0","0","0","2301","0","0","0","N","0","0","0","2","02301","0","","1.0","","1","N","N","","0","","0","0","1","","0","Y","","3","0","0","0","0","0","0","2","1","3","","","","N","","","","","","","","","",""
"2015032095","1016","0","0","0","0","0","0","0","0","0","4","0","","02","3","2015","7","40.378432","-79.989739","1015","11","0","0","0","0","0","0","0","1","2","0","0","0","","","3","","2","","40 22:42.355","1","0","79 59:23.061","8","0","0","0","2476","0","0","0","N","0","0","0","3","02476","0","","1.0","","9","N","N","","0","","0","0","1","","3","Y","","2","3","0","0","0","3","0","2","1","2","","","","N","","","","","","","","","",""
"2015030508","1345","1","0","0","0","0","0","0","0","0","4","0","","02","3","2015","6","40.437151","-79.998411","1341","11","0","0","0","0","0","0","0","0","1","0","0","0","","","2","","5","","40 26:13.743","4","2","79 59:54.279","8","0","0","0","2301","0","0","0","N","0","0","0","4","02301","0","","1.0","","1","N","N","","1","","0","0","0","","2","N","","2","2","0","0","0","2","0","2","0","2","","","","N","","","","","","","","","",""
"2015030718","2143","1","0","0","0","0","0","0","0","0","2","0","","02","3","2015","6","40.576384","-79.954493","2138","11","0","0","0","0","0","1","0","0","2","0","0","0","","","2","","0","","40 34:34.982","5","0","79 57:16.173","3","0","0","0","2207","0","0","0","Y","0","0","0","2","02207","0","","1.0","","2","N","N","","1","","1","0","0","","0","Y","","2","2","0","0","0","1","0","2","0","2","","","","N","","","","","","","","","",""
"2015046145","0751","1","0","0","0","0","0","0","0","0","4","0","","02","4","2015","2","40.387446","-80.090683","0749","11","0","0","0","0","0","0","0","0","","0","0","0","","","1","","0","","40 23:14.804","","7","80 05:26.459","8","0","0","0","2437","0","0","0","N","0","0","0","3","02437","0","","1.0","","1","N","N","","1","","0","0","0","","3","","","2","1","0","0","0","1","1","2","0","2","","","","N","","","","","","","","","",""
"2015032249","1435","1","0","0","0","0","0","0","0","0","4","1","","02","3","2015","2","40.403111","-79.908355","1430","11","0","0","0","0","0","1","0","0","","0","0","0","","","1","","1","","40 24:11.199","","0","79 54:30.078","4","0","0","0","2438","0","0","0","N","0","0","0","3","02438","1","","1.0","","1","N","N","","0","","0","0","0","","2","","","2","1","0","0","0","0","1","2","1","2","","","","N","","","","","","","","","",""
"2015045479","1716","1","0","0","0","0","0","0","0","0","0","0","","02","4","2015","6","40.465928","-79.949505","1702","11","0","0","0","0","0","1","0","0","","0","0","0","","","0","","2","","40 27:57.340","","0","79 56:58.218","0","0","0","0","2301","0","0","0","N","0","0","0","3","02301","0","","1.0","","1","N","N","","0","","0","0","2","","0","","","3","0","0","0","0","0","0","2","0","3","","","","N","","","","","","","","","",""
"2015046821","1242","2","0","0","0","0","0","0","0","0","4","0","","02","4","2015","3","40.347428","-79.950518","1239","11","0","0","0","0","0","1","0","0","1","0","0","0","","","0","","2","","40 20:50.742","5","0","79 57:01.865","0","0","0","0","2473","0","0","0","N","0","0","0","6","02473","0","","1.0","","1","N","N","","0","","0","0","0","","2","N","","2","0","0","0","0","0","0","2","0","2","","","","N","","","","","","","","","",""
"2015032809","1355","0","0","0","0","0","0","0","0","0","4","0","","02","3","2015","3","40.354827","-79.95625","1351","11","0","0","0","0","0","1","0","0","1","0","0","0","","","1","","3","","40 21:17.378","5","0","79 57:22.500","8","0","0","0","2473","0","0","0","N","0","0","0","2","02473","0","","1.0","","9","N","N","","0","","0","0","1","","3","N","","2","1","0","0","0","1","0","2","1","2","","","","N","","","","","","","","","",""
"2015031277","2320","3","0","0","0","0","0","0","0","0","1","0","","02","3","2015","5","40.456145","-79.915393","2310","11","0","0","0","0","0","1","0","0","","0","0","0","","","1","","1","","40 27:22.123","","0","79 54:55.416","8","0","0","0","2301","0","0","0","N","0","0","0","6","02301","0","","1.0","","2","N","N","","0","","0","0","0","","2","","","3","1","0","0","0","1","0","2","0","3","","","","N","","","","","","","","","",""
"2015046745","1540","1","0","0","0","0","0","0","0","0","1","0","","02","4","2015","2","40.376395","-80.067611","1533","11","0","0","0","1","0","1","0","0","","0","0","0","","","0","","2","","40 22:35.022","","0","80 04:03.399","0","0","0","0","2109","0","0","0","N","0","0","0","4","02109","0","","1.0","","1","N","N","","0","","0","0","2","","2","","","3","0","0","0","0","0","0","2","0","3","","","","N","","","","","","","","","",""
"2015045480","0845","1","0","0","1","0","0","0","0","0","4","0","","02","3","2015","2","40.405112","-79.908782","0845","11","0","0","0","0","0","0","0","0","","0","0","0","","","1","","1","","40 24:18.403","","0","79 54:31.615","8","0","0","0","2438","1","0","0","N","0","0","0","2","02438","0","","1.0","","1","N","N","","0","","0","0","0","","3","","","2","1","0","0","0","1","0","2","0","1","","","","N","","","","","","","","","",""
"2015030579","1714","1","0","0","0","0","0","0","0","0","5","0","","02","3","2015","3","40.466333","-79.994102","1710","11","0","0","0","0","0","0","0","0","","0","0","0","","","0","","0","","40 27:58.798","","0","79 59:38.767","0","0","0","0","2301","0","0","0","N","0","0","0","1","02301","0","","4.0","","1","N","N","","1","","0","0","0","","0","","","3","0","0","0","0","0","0","2","0","3","","","","N","","","","","","","","","",""
"2015046746","1533","1","0","0","0","0","0","0","0","0","5","0","","02","4","2015","2","40.375039","-80.071219","1526","11","0","0","0","0","0","0","0","1","2","0","0","0","","","0","","0","","40 22:30.140","6","0","80 04:16.390","0","0","0","0","2109","0","0","0","N","0","0","0","3","02109","0","","1.0","","1","N","N","","0","","0","0","1","","0","N","","2","0","0","0","0","0","0","2","0","2","","","","N","","","","","","","","","",""
"2015046758","0300","0","0","0","0","0","0","0","0","0","7","0","","02","4","2015","7","40.438114","-80.012799","0230","11","0","0","0","0","0","0","0","0","","0","0","0","","","0","","7","","40 26:17.212","","8","80 00:46.078","0","0","0","0","2301","0","0","0","N","0","0","0","1","68B03","0","","4.0","","1","N","N","","0","","0","0","1","","0","","","1","0","0","0","0","0","0","2","0","1","","","","N","","","","","","","","","",""
"2015032795","2024","1","0","0","0","0","0","0","0","0","6","1","","02","3","2015","2","40.448523","-79.899434","2019","11","0","0","0","0","0","2","0","0","2","0","1","0","","","2","","0","","40 26:54.681","5","0","79 53:57.963","4","0","0","0","2301","0","0","0","N","0","0","0","2","02301","1","","1.0","","1","N","N","","0","","0","0","0","","0","Y","","2","2","0","0","0","1","0","2","0","2","","","","N","","","","","","","","","",""
"2015031279","0116","0","0","0","0","0","0","0","0","0","7","0","","02","3","2015","5","40.328157","-79.856273","0111","11","0","0","0","0","0","0","0","0","","0","0","0","","","0","","2","","40 19:41.365","","0","79 51:22.582","0","0","0","0","2442","0","0","0","N","0","0","0","1","02442","0","","5.0","","1","N","N","","0","","0","0","1","","0","","","1","0","0","0","0","0","0","2","0","1","","","","N","","","","","","","","","",""
"2015046747","2330","1","0","0","0","0","0","0","0","0","7","0","","02","4","2015","1","40.367228","-80.015061","2329","11","0","0","0","0","0","0","0","0","1","0","0","0","","","1","","0","","40 22:02.020","6","0","80 00:54.220","2","0","0","0","2416","0","0","0","N","0","0","0","1","02416","0","","2.0","","1","N","N","","0","","0","1","0","","3","N","","1","1","1","0","1","0","0","2","0","1","","","","N","","","","","","","","","",""
"2015046825","0830","1","0","0","0","0","0","0","0","0","1","0","","02","4","2015","4","40.411004","-79.955525","0815","11","0","0","0","0","0","0","0","0","","0","0","0","","","0","","2","","40 24:39.614","","0","79 57:19.891","0","0","0","0","2301","0","0","0","N","0","0","0","2","02301","0","","1.0","","1","N","N","","0","","0","0","0","","2","","","2","0","0","0","0","0","0","2","1","2","","","","N","","","","","","","","","",""
"2015032873","1654","1","0","0","0","0","0","0","0","0","7","0","","02","2","2015","7","40.57598","-79.786424","1622","11","0","0","0","1","0","0","0","0","2","0","0","0","","","1","","0","","40 34:33.527","1","0","79 47:11.126","4","0","0","0","2104","0","0","0","Y","0","0","0","1","68G04","1","","3.0","","2","N","N","","0","","0","0","0","","0","N","","1","1","0","0","0","0","0","2","0","1","","","","N","","","","","","","","","",""
"2015030582","1432","1","0","0","0","0","0","0","0","0","1","0","","02","3","2015","6","40.55453","-80.02124","1427","11","0","1","0","0","0","1","0","0","1","0","0","0","","","0","","1","","40 33:16.307","1","0","80 01:16.463","0","0","0","0","2108","0","0","0","N","0","0","0","3","02108","0","","1.0","","1","N","N","","0","","0","0","1","","2","N","","2","0","0","0","0","0","0","2","0","2","","","","N","","","","","","","","","",""
"2015046685","2219","0","0","0","0","0","0","0","0","0","0","1","","02","4","2015","6","40.674218","-80.101644","2216","11","0","0","0","0","0","1","0","0","","0","1","0","","","0","","0","","40 40:27.185","","0","80 06:05.918","0","0","0","0","2212","0","0","0","N","0","0","0","1","68T02","0","","1.0","","1","N","N","","0","","0","0","0","","0","","","1","0","0","0","0","0","0","2","0","1","","","","N","","","","","","","","","",""
"2015030583","1620","1","0","0","0","0","0","0","0","0","4","0","","02","3","2015","7","40.560056","-80.008203","1615","11","0","0","1","0","0","0","0","0","","0","0","0","","","0","","2","","40 33:36.201","","0","80 00:29.530","0","0","0","0","2108","0","0","0","N","0","0","0","2","02108","0","","1.0","","1","N","N","","0","","0","0","1","","3","","","2","0","0","0","0","0","0","2","0","2","","","","N","","","","","","","","","",""
"2015032171","1738","2","0","0","0","0","0","0","0","0","4","0","","02","3","2015","7","40.473234","-79.84821","1733","11","0","0","0","0","0","1","1","0","2","0","0","0","","","1","","2","","40 28:23.641","1","0","79 50:53.556","3","0","0","0","2113","0","0","0","N","0","0","0","4","02113","0","","1.0","","1","N","N","","1","","1","0","0","","0","N","","3","1","0","0","0","0","0","2","0","3","","","","N","","","","","","","","","",""
"2015047495","2154","2","0","0","0","0","0","0","0","0","1","0","","02","4","2015","5","40.446476","-79.951885","2150","11","0","0","0","0","0","0","0","0","","0","0","0","","","0","","1","","40 26:47.313","","0","79 57:06.786","0","0","0","0","2301","0","0","0","N","0","0","0","2","02301","0","","1.0","","9","N","N","","0","","0","0","0","","2","","","2","0","0","0","0","0","0","2","0","2","","","","N","","","","","","","","","",""
"2015030584","1638","1","0","0","0","0","0","0","0","0","4","0","","02","3","2015","2","40.58826","-80.048719","1635","11","0","0","0","0","0","2","0","0","2","0","0","0","","","0","","2","","40 35:17.736","3","0","80 02:55.387","0","0","0","0","2108","0","0","0","N","0","0","0","4","02108","0","","1.0","","1","N","N","","0","","0","0","1","","0","N","","2","0","0","0","0","0","0","2","0","2","","","","N","","","","","","","","","",""
"2015047483","1752","2","0","0","0","0","0","0","0","0","1","0","","02","4","2015","3","40.615384","-80.095234","1744","11","0","0","1","0","0","0","0","0","1","0","0","0","","","0","","0","","40 36:55.381","3","3","80 05:42.841","0","0","0","0","2481","0","0","0","N","0","0","0","3","02481","0","","1.0","","1","N","N","","0","","0","0","1","","2","N","","3","0","1","0","0","0","0","2","0","3","","","","N","","","","","","","","","",""
"2015046156","0548","0","0","0","0","0","0","0","0","0","7","0","","02","4","2015","2","40.580467","-79.954074","0544","11","0","0","0","0","0","1","0","0","","0","0","0","","","1","","0","","40 34:49.680","","0","79 57:14.668","8","0","0","0","2207","0","0","0","N","0","0","0","1","02207","0","","5.0","","1","N","N","","1","","0","0","0","","0","","","1","1","1","0","0","1","0","2","0","1","","","","N","","","","","","","","","",""
"2015032816","0625","1","0","0","0","0","0","0","0","0","7","0","","02","3","2015","3","40.550649","-80.056546","0618","11","0","0","0","0","0","1","0","0","","0","0","0","","","1","","2","","40 33:02.336","","0","80 03:23.565","4","0","0","0","2116","0","0","0","","0","0","0","1","02116","1","","5.0","","2","","","","0","","0","0","0","","0","","","1","1","0","0","0","0","0","2","0","1","","","","N","","","","","","","","","",""
"2015046688","1950","1","0","0","0","0","0","0","0","0","99","0","","02","4","2015","1","40.512797","-79.792943","1931","11","0","0","0","0","0","1","0","0","1","0","0","0","","","0","","0","","40 30:46.068","4","0","79 47:34.596","0","0","0","0","2466","0","0","0","N","0","0","0","1","68T02","0","","1.0","","1","N","N","","0","","0","0","0","","0","N","","1","0","0","0","0","0","0","2","0","1","","","","N","","","","","","","","","",""
"2015047484","1226","1","0","0","0","0","0","0","0","0","8","0","","02","4","2015","1","40.363788","-79.984067","1225","11","0","0","0","0","0","0","0","0","1","0","0","0","","","1","","1","","40 21:49.637","1","0","79 59:02.640","8","0","0","0","2413","1","0","0","N","1","0","0","2","02413","0","","1.0","","1","N","N","","0","","0","0","0","","2","N","","2","1","0","0","0","1","0","2","0","1","","","","N","","","","","","","","","",""
"2015030517","1248","1","0","0","0","0","0","0","0","0","7","0","","02","3","2015","3","40.491615","-79.792986","1240","11","0","0","0","0","0","0","0","0","","0","0","0","","","1","","2","","40 29:29.813","","0","79 47:34.751","4","0","0","0","2113","0","0","0","N","0","0","0","1","02113","1","","2.0","","9","N","N","","0","","0","0","0","","0","","","1","1","0","0","0","0","0","2","0","1","","","","N","","","","","","","","","",""
"2015032108","0832","1","0","0","0","0","0","0","0","0","4","0","","02","3","2015","7","40.576692","-80.222432","0826","11","0","0","0","0","0","0","0","0","1","0","0","0","","","0","","2","","40 34:36.090","1","0","80 13:20.756","9","0","0","0","2441","0","0","0","N","0","0","0","7","02441","0","","1.0","","9","N","N","","0","","0","0","1","","2","N","","2","0","0","0","0","0","7","2","0","2","","","","N","","","","","","","","","",""
"2015047418","1628","0","0","0","0","0","0","0","0","0","8","0","","02","4","2015","5","40.363848","-79.842953","1626","11","0","0","0","0","0","0","0","0","","0","0","0","","","1","","1","","40 21:49.853","","0","79 50:34.629","8","0","0","0","2303","1","0","0","N","1","0","0","2","02303","0","","1.0","","1","N","N","","0","","0","0","1","","2","","","2","1","0","0","0","1","1","2","0","1","","","","N","","","","","","","","","",""
"2015030457","0846","2","0","0","0","0","0","0","0","0","1","0","","02","3","2015","1","40.512117","-80.103945","0844","11","0","0","0","0","0","0","0","0","1","0","0","0","","","0","","2","","40 30:43.621","2","0","80 06:14.202","0","0","0","0","2429","0","0","0","N","0","0","0","4","02215","0","","1.0","","1","N","N","","0","","0","0","0","","2","N","","3","0","0","0","0","0","0","2","1","3","","","","N","","","","","","","","","",""
"2015032040","1427","1","0","0","0","0","0","0","0","0","1","0","","02","3","2015","4","40.485774","-79.944622","1352","11","0","0","1","0","0","0","0","0","","0","0","0","","","0","","0","","40 29:08.786","","0","79 56:40.640","0","0","0","0","2301","0","0","0","N","0","0","0","4","02301","0","","1.0","","1","N","N","","0","","0","0","1","","0","","","2","0","0","0","0","0","0","2","0","2","","","","N","","","","","","","","","",""
"2015046833","0912","0","0","0","0","0","0","0","0","0","4","0","","02","4","2015","4","40.470881","-79.927312","0908","11","0","0","0","0","0","0","1","0","1","0","0","0","","","1","","1","","40 28:15.171","4","0","79 55:38.323","4","0","0","0","2301","0","0","0","N","0","0","0","2","02301","1","","1.0","","1","Y","N","","1","","0","0","0","","0","N","","2","1","0","0","0","0","0","2","1","2","","","","N","","","","","","","","","",""
"2015032041","0734","1","0","0","0","0","0","0","0","0","4","0","","02","3","2015","1","40.370467","-79.786268","0730","11","0","0","0","0","0","0","0","0","","0","0","0","","","1","","2","","40 22:13.681","","0","79 47:10.565","8","0","0","0","2111","0","0","0","N","0","0","0","2","02111","0","","1.0","","7","N","N","","0","","0","0","1","","2","","","2","1","0","0","0","1","0","2","0","2","","","","N","","","","","","","","","",""
"2015032113","0240","1","0","0","0","0","0","0","0","0","7","0","","02","3","2015","3","40.4691","-80.066202","0236","11","0","0","0","0","0","0","0","0","2","0","0","0","","","0","","0","","40 28:08.761","5","0","80 03:58.328","0","0","0","0","2444","0","0","0","","0","0","0","1","02444","0","","4.0","","1","N","N","","0","","0","0","0","","0","Y","","1","0","0","0","0","0","0","2","0","1","","","","N","","","","","","","","","",""
"2015046011","1510","1","0","0","0","0","0","0","0","0","1","0","","02","4","2015","1","40.667948","-80.024716","1507","11","0","0","0","0","0","0","0","0","","0","0","0","","","1","","2","","40 40:04.612","","0","80 01:28.978","3","0","0","1","2216","0","0","0","N","0","0","0","2","02505","0","","1.0","","1","N","N","","0","","1","0","0","","0","","","2","1","0","0","0","0","0","2","0","2","","","","N","","","","","","","","","",""
"2015046835","0906","1","0","0","0","0","0","0","0","0","1","0","","02","4","2015","4","40.455746","-79.910475","0901","11","0","0","0","0","0","1","0","0","","0","0","0","","","0","","1","","40 27:20.686","","0","79 54:37.709","0","0","0","0","2301","0","0","0","N","0","0","0","5","02301","0","","1.0","","1","N","N","","0","","0","0","2","","2","","","3","0","0","0","0","0","0","2","0","3","","","","N","","","","","","","","","",""
"2015031966","0207","0","0","0","0","0","0","0","0","0","7","0","","02","3","2015","7","40.445684","-80.03018","0152","11","0","0","0","1","0","0","0","0","","0","0","0","","","1","","3","","40 26:44.463","","0","80 01:48.649","4","0","0","0","2301","0","0","0","N","0","0","0","1","02301","1","","3.0","","1","N","N","","1","","0","0","0","","0","","","1","1","0","0","0","0","0","2","0","1","","","","N","","","","","","","","","",""
"2015031224","0246","2","0","0","0","0","0","0","0","0","5","0","","02","2","2015","7","40.393703","-79.792594","0245","11","0","0","0","0","0","0","0","0","","0","0","0","","","0","","0","","40 23:37.330","","0","79 47:33.340","0","0","0","0","2470","0","0","0","N","0","0","0","1","02424","0","","2.0","","1","N","N","","0","","0","0","0","","0","","","2","0","0","0","0","0","0","2","0","2","","","","N","","","","","","","","","",""
"2015031289","0508","0","0","0","0","0","0","0","0","0","8","0","","02","3","2015","5","40.448854","-79.964955","0500","11","0","0","0","0","0","0","0","0","1","0","0","0","","","1","","1","","40 26:55.874","2","0","79 57:53.838","8","0","0","0","2301","1","0","0","N","1","0","0","2","02301","0","","1.0","","1","N","N","","0","","0","0","1","","1","N","","2","1","0","0","0","1","0","2","0","1","","","","N","","","","","","","","","",""
"2015046013","1456","2","0","0","0","0","0","0","0","0","1","0","","02","4","2015","5","40.613509","-80.054649","1442","11","0","0","0","0","0","0","1","0","","0","0","0","","","0","","0","","40 36:48.631","","0","80 03:16.736","0","0","0","0","2216","0","0","0","N","0","0","0","2","02505","0","","1.0","","1","N","N","","0","","0","0","0","","0","","","2","0","0","0","0","0","0","1","0","2","","","","N","","","","","","","","","",""
"2015046693","1525","1","0","0","0","0","0","0","0","0","7","0","","02","4","2015","3","40.442357","-79.760073","1513","11","0","0","0","0","0","1","0","0","3","0","0","0","","","0","","2","","40 26:32.484","1","0","79 45:36.263","0","0","0","0","2446","0","0","0","N","0","0","0","4","02446","0","","4.0","","1","N","N","","1","","0","0","0","","0","Y","","2","0","0","0","0","0","0","2","0","2","","","","N","","","","","","","","","",""
"2015031967","0100","1","0","0","0","0","0","0","0","0","2","0","","02","3","2015","7","40.466667","-79.996862","0057","11","0","0","0","0","0","0","0","0","2","0","0","0","","","0","","0","","40 28:00.001","1","99","79 59:48.703","0","0","0","0","2301","0","0","0","N","0","0","0","1","02301","0","","6.0","","9","N","N","","1","","0","0","1","","0","Y","","3","0","0","0","0","0","0","2","0","3","","","","N","","","","","","","","","",""