"CRN","ARRIVAL_TM","AUTOMOBILE_COUNT","BELTED_DEATH_COUNT","BELTED_SUSP_SERIOUS_INJ_COUNT","BICYCLE_COUNT","BICYCLE_DEATH_COUNT","BICYCLE_SUSP_SERIOUS_INJ_COUNT","BUS_COUNT","CHLDPAS_DEATH_COUNT","CHLDPAS_SUSP_SERIOUS_INJ_COUNT","COLLISION_TYPE","COMM_VEH_COUNT","CONS_ZONE_SPD_LIM","COUNTY","CRASH_MONTH","CRASH_YEAR","DAY_OF_WEEK","DEC_LATITUDE","DEC_LONGITUDE","DISPATCH_TM","DISTRICT","DRIVER_COUNT_16YR","DRIVER_COUNT_17YR","DRIVER_COUNT_18YR","DRIVER_COUNT_19YR","DRIVER_COUNT_20YR","DRIVER_COUNT_50_64YR","DRIVER_COUNT_65_74YR","DRIVER_COUNT_75PLUS","EST_HRS_CLOSED","FATAL_COUNT","HEAVY_TRUCK_COUNT","HORSE_BUGGY_COUNT","HOUR_OF_DAY","ILLUMINATION","INJURY_COUNT","INTERSECTION_RELATED","INTERSECT_TYPE","LANE_CLOSED","LATITUDE","LN_CLOSE_DIR","LOCATION_TYPE","LONGITUDE","MAX_SEVERITY_LEVEL","MCYCLE_DEATH_COUNT","MCYCLE_SUSP_SERIOUS_INJ_COUNT","MOTORCYCLE_COUNT","MUNICIPALITY","NONMOTR_COUNT","NONMOTR_DEATH_COUNT","NONMOTR_SUSP_SERIOUS_INJ_COUNT","NTFY_HIWY_MAINT","PED_COUNT","PED_DEATH_COUNT","PED_SUSP_SERIOUS_INJ_COUNT","PERSON_COUNT","POLICE_AGCY","POSSIBLE_INJ_COUNT","RDWY_SURF_TYPE_CD","RELATION_TO_ROAD","ROADWAY_CLEARED","ROAD_CONDITION","SCH_BUS_IND","SCH_ZONE_IND","SECONDARY_CRASH","SMALL_TRUCK_COUNT","SPEC_JURIS_CD","SUSP_MINOR_INJ_COUNT","SUSP_SERIOUS_INJ_COUNT","SUV_COUNT","TCD_FUNC_CD","TCD_TYPE","TFC_DETOUR_IND","TIME_OF_DAY","TOTAL_UNITS","TOT_INJ_COUNT","UNBELTED_OCC_COUNT","UNB_DEATH_COUNT","UNB_SUSP_SERIOUS_INJ_COUNT","UNK_INJ_DEG_COUNT","UNK_INJ_PER_COUNT","URBAN_RURAL","VAN_COUNT","VEHICLE_COUNT","WEATHER1","WEATHER2","WORKERS_PRES","WORK_ZONE_IND","WORK_ZONE_LOC","WORK_ZONE_TYPE","WZ_CLOSE_DETOUR","WZ_FLAGGER","WZ_LAW_OFFCR_IND","WZ_LN_CLOSURE","WZ_MOVING","WZ_OTHER","WZ_SHLDER_MDN","WZ_WORKERS_INJ_KILLED"
"2015031225","2200","1","0","0","0","0","0","0","0","0","4","0","","02","3","2015","4","40.324493","-79.903963","2151","11","0","0","0","0","0","0","0","0","2","0","0","0","","","0","","0","","40 19:28.175","1","0","79 54:14.266","0","0","0","0","2473","0","0","0","N","0","0","0","4","02473","0","","1.0","","7","N","N","","2","","0","0","0","","0","N","","3","0","0","0","0","0","0","2","0","3","","","","N","","","","","","","","","",""
"2015032822","1612","2","0","0","0","0","0","0","0","0","4","0","","02","3","2015","5","40.211385","-79.841264","1608","11","0","0","0","0","0","1","0","0","3","0","0","0","","","2","","1","","40 12:40.987","2","0","79 50:28.551","8","0","0","0","2204","0","0","0","N","0","0","0","3","02204","0","","1.0","","1","N","N","","1","","0","0","0","","3","N","","3","2","1","0","0","2","0","2","0","3","","","","N","","","","","","","","","",""
"2015032115","0737","0","0","0","0","0","0","0","0","0","7","0","","02","3","2015","3","40.558179","-79.78203","0727","11","0","0","0","0","0","0","0","0","","0","0","0","","","0","","0","","40 33:29.445","","0","79 46:55.309","0","0","0","0","2121","0","0","0","N","0","0","0","1","02121","0","","5.0","","2","N","N","","1","","0","0","0","","0","","","1","0","0","0","0","0","0","1","0","1","","","","N","","","","","","","","","",""
"2015045953","0742","1","0","0","0","0","0","0","0","0","7","0","","02","4","2015","6","40.529289","-79.85053","0738","11","0","0","0","1","0","0","0","0","2","0","0","0","","","0","","0","","40 31:45.440","1","0","79 51:01.909","0","0","0","0","2208","0","0","0","N","0","0","0","1","68D02","0","","4.0","","1","N","N","","0","","0","0","0","","0","N","","1","0","0","0","0","0","0","2","0","1","","","","N","","","","","","","","","",""
"2015046014","1236","0","0","0","0","0","0","0","0","0","1","0","","02","4","2015","1","40.459477","-79.984706","1228","11","0","0","1","0","0","0","0","0","","0","0","0","","","0","","0","","40 27:34.118","","0","79 59:04.941","0","0","0","0","2301","0","0","0","N","0","0","0","3","02301","0","","1.0","","1","N","N","","0","","0","0","1","","0","","","3","0","0","0","0","0","0","2","2","3","","","","N","","","","","","","","","",""
"2015031980","0504","1","0","0","0","0","0","0","0","0","7","0","","02","3","2015","7","40.44938","-79.988309","0458","11","0","0","0","0","0","0","0","0","","0","0","0","","","0","","0","","40 26:57.768","","1","79 59:17.911","0","0","0","0","2301","0","0","0","N","0","0","0","1","02301","0","","3.0","","9","N","N","","0","","0","0","0","","0","","","1","0","0","0","0","0","0","2","0","1","","","","N","","","","","","","","","",""
"2015047360","0159","0","0","0","0","0","0","0","0","0","7","0","","02","5","2015","6","40.412149","-80.010783","0149","11","0","0","0","0","0","0","0","0","","0","0","0","","","0","","0","","40 24:43.735","","0","80 00:38.818","0","0","0","0","2301","0","0","0","Y","0","0","0","1","02301","0","","5.0","","9","N","N","","1","","0","0","0","","0","","","1","0","0","0","0","0","0","2","0","1","","","","N","","","","","","","","","",""
"2015045432","1610","2","0","0","0","0","0","0","0","0","4","0","","02","4","2015","6","40.460221","-79.842652","1604","11","0","0","0","0","0","0","0","0","2","0","0","0","","","2","","1","","40 27:36.794","2","0","79 50:33.548","4","0","0","0","2113","0","0","0","N","0","0","0","2","02113","1","","1.0","","1","N","N","","0","","0","0","0","","2","N","","2","2","0","0","0","1","0","2","0","2","","","","N","","","","","","","","","",""
"2015046167","0626","1","0","0","0","0","0","0","0","0","8","0","","02","4","2015","2","40.572128","-80.023504","0626","11","0","0","0","0","0","0","0","0","","0","0","0","","","1","","1","","40 34:19.660","","0","80 01:24.616","4","0","0","0","2108","1","0","0","N","1","0","0","2","02108","1","","1.0","","1","N","N","","0","","0","0","0","","2","","","2","1","0","0","0","0","0","2","0","1","","","","N","","","","","","","","","",""
"2015031981","2328","0","0","0","0","0","0","0","0","0","4","0","","02","3","2015","5","40.496131","-79.976872","2325","11","0","0","0","0","1","0","0","0","1","0","0","0","","","0","","1","","40 29:46.072","1","0","79 58:36.740","0","0","0","0","2118","0","0","0","N","0","0","0","2","02118","0","","1.0","","1","N","N","","0","","0","0","2","","3","Y","","2","0","0","0","0","0","0","2","0","2","","","","N","","","","","","","","","",""
"2015030463","0903","1","0","0","0","0","0","0","0","0","1","0","","02","3","2015","6","40.577743","-80.026821","0900","11","0","0","0","0","0","0","0","0","","0","0","0","","","0","","0","","40 34:39.874","","0","80 01:36.556","0","0","0","0","2108","0","0","0","N","0","0","0","2","02108","0","","1.0","","1","N","N","","0","","0","0","1","","0","","","2","0","0","0","0","0","0","2","0","2","","","","N","","","","","","","","","",""
"2015031227","1943","2","0","0","0","0","0","0","0","0","4","0","","02","3","2015","6","40.367003","-80.105439","1938","11","0","0","1","0","0","0","0","0","2","0","0","0","","","1","","0","","40 22:01.209","4","0","80 06:19.582","8","0","0","0","2102","0","0","0","N","0","0","0","2","02102","0","","1.0","","1","N","N","","0","","0","0","0","","0","Y","","2","1","1","0","0","1","0","2","0","2","","","","N","","","","","","","","","",""
"2015047361","1619","2","0","0","0","0","0","0","0","0","2","0","","02","4","2015","2","40.282253","-79.848718","1614","11","0","0","0","0","0","2","0","0","3","0","0","0","","","3","","0","","40 16:56.112","6","0","79 50:55.385","2","0","0","0","2443","0","0","0","N","0","0","0","4","02443","2","","1.0","","1","N","N","","0","","0","1","1","","0","Y","","3","3","0","0","0","0","1","1","0","3","","","","N","","","","","","","","","",""
"2015047506","1046","1","0","0","0","0","0","0","0","0","4","0","","02","5","2015","6","40.530039","-79.785455","1038","11","0","0","0","0","0","1","1","0","","0","0","0","","","2","","0","","40 31:48.139","","0","79 47:07.637","8","0","0","0","2466","0","0","0","N","0","0","0","3","02466","0","","1.0","","1","N","N","","0","","0","0","0","","0","","","2","2","0","0","0","2","0","1","1","2","","","","N","","","","","","","","","",""
"2015046168","0816","4","0","0","0","0","0","0","0","0","1","0","","02","4","2015","4","40.439932","-80.087754","0810","11","0","0","0","0","0","0","0","0","","0","0","0","","","0","","0","","40 26:23.755","","0","80 05:15.913","9","0","0","0","2115","0","0","0","N","0","0","0","4","02115","0","","1.0","","9","N","N","","0","","0","0","0","","0","","","4","0","1","0","0","0","1","2","0","4","","","","N","","","","","","","","","",""
"2015046839","0710","2","0","1","0","0","0","0","0","0","2","0","","02","4","2015","4","40.554044","-80.237289","0710","11","0","0","1","0","0","0","0","0","","0","0","0","","","1","","0","","40 33:14.560","","0","80 14:14.240","2","0","0","0","2103","0","0","0","N","0","0","0","1","02103","0","","1.0","","1","N","N","","0","","0","1","0","","0","","","2","1","0","0","0","0","0","2","0","2","","","","N","","","","","","","","","",""
"2015047425","1437","2","0","0","0","0","0","0","0","0","4","0","","02","4","2015","5","40.456485","-79.954801","1432","11","0","0","0","0","0","0","0","0","","0","0","0","","","1","","1","","40 27:23.345","","0","79 57:17.285","8","0","0","0","2301","0","0","0","N","0","0","0","2","02301","0","","1.0","","1","N","N","","0","","0","0","0","","2","","","2","1","0","0","0","1","1","2","0","2","","","","N","","","","","","","","","",""
"2015046169","1931","1","0","0","0","0","0","0","0","0","2","0","","02","4","2015","5","40.450208","-80.140079","1931","11","0","0","0","0","0","0","0","0","1","0","0","0","","","0","","2","","40 27:00.750","6","0","80 08:24.284","0","0","0","0","2115","0","0","0","N","0","0","0","2","02115","0","","1.0","","1","N","N","","0","","0","0","1","","2","N","","2","0","0","0","0","0","0","2","0","2","","","","N","","","","","","","","","",""
"2015031971","2333","2","0","0","0","0","0","0","0","0","1","0","","02","3","2015","6","40.450782","-80.013466","2330","11","0","0","0","0","0","0","0","0","1","0","0","0","","","0","","2","","40 27:02.814","2","0","80 00:48.476","0","0","0","0","2301","0","0","0","N","0","0","0","4","02301","0","","1.0","","9","N","N","","0","","0","0","0","","2","N","","2","0","0","0","0","0","0","2","0","2","","","","N","","","","","","","","","",""
"2015045496","2135","0","0","0","0","0","0","0","0","0","7","0","","02","3","2015","6","40.515895","-80.133656","2123","11","0","0","0","1","0","0","0","0","2","0","0","0","","","0","","0","","40 30:57.221","1","3","80 08:01.162","0","0","0","0","2434","0","0","0","N","0","0","0","3","68B03","0","","2.0","","2","N","N","","0","","0","0","1","","0","N","","1","0","0","0","0","0","0","2","0","1","","","","N","","","","","","","","","",""
"2015046170","1948","0","0","0","0","0","0","0","0","0","7","0","","02","4","2015","5","40.50424","-80.142366","1939","11","0","0","0","0","0","0","0","0","1","0","0","0","","","0","","0","","40 30:15.264","1","0","80 08:32.517","0","0","0","0","2115","0","0","0","N","0","0","0","1","02115","0","","2.0","","1","N","N","","1","","0","0","0","","0","N","","1","0","1","0","0","0","0","2","0","1","","","","N","","","","","","","","","",""
"2015032827","1523","1","0","0","0","0","0","0","0","0","1","0","","02","2","2015","2","40.500642","-80.222009","1520","11","0","0","0","0","0","2","0","0","1","0","0","0","","","0","","0","","40 30:02.310","2","0","80 13:19.234","0","0","0","0","2213","0","0","0","N","0","0","0","2","02213","0","","1.0","","1","N","N","","0","","0","0","1","","0","N","","2","0","0","0","0","0","0","2","0","2","","","","N","","","","","","","","","",""
"2015047428","0751","0","0","0","0","0","0","0","0","0","7","0","","02","3","2015","5","40.3529","-79.798865","0750","11","0","0","0","0","0","0","0","0","","0","0","0","","","1","","0","","40 21:10.440","","0","79 47:55.913","4","0","0","0","2477","0","0","0","N","0","0","0","2","02477","1","","5.0","","2","N","N","","0","","0","0","1","","0","","","1","1","0","0","0","0","0","2","0","1","","","","N","","","","","","","","","",""
"2015045423","1543","2","0","0","0","0","0","0","0","0","1","0","","02","4","2015","6","40.463276","-79.824099","1540","11","0","0","0","1","0","1","0","0","","0","0","0","","","1","","0","","40 27:47.793","","0","79 49:26.756","8","0","0","0","2113","0","0","0","N","0","0","0","2","02113","0","","1.0","","1","N","N","","0","","0","0","0","","0","","","2","1","0","0","0","1","0","2","0","2","","","","N","","","","","","","","","",""
"2015047509","2026","0","0","0","0","0","0","0","0","0","7","0","","02","4","2015","4","40.34216","-79.916939","2024","11","0","0","0","0","0","1","0","0","","0","0","0","","","2","","0","","40 20:31.776","","0","79 55:00.982","3","0","0","0","2473","0","0","0","N","0","0","0","4","02473","1","","5.0","","1","N","N","","0","","1","0","1","","0","","","1","2","2","0","0","0","0","2","0","1","","","","N","","","","","","","","","",""
"2015046171","1633","1","0","0","0","0","0","0","0","0","2","0","","02","4","2015","6","40.448948","-80.162827","1633","11","0","0","0","0","0","0","0","0","1","0","0","0","","","0","","1","","40 26:56.212","2","0","80 09:46.177","0","0","0","0","2115","0","0","0","N","0","0","0","4","02115","0","","1.0","","1","N","N","","0","","0","0","1","","0","N","","2","0","0","0","0","0","0","2","0","2","","","","N","","","","","","","","","",""
"2015031985","2340","2","0","0","0","0","0","0","0","0","4","0","","02","3","2015","5","40.384937","-80.043884","2335","11","0","0","0","0","0","0","1","0","2","0","0","0","","","0","","0","","40 23:05.774","1","0","80 02:37.981","0","0","0","0","2109","0","0","0","N","0","0","0","1","02109","0","","1.0","","1","N","N","","0","","0","0","0","","0","N","","2","0","0","0","0","0","0","2","0","2","","","","N","","","","","","","","","",""
"2015031232","1715","1","0","0","0","0","0","1","0","0","4","1","","02","3","2015","4","40.434968","-79.82207","1710","11","0","0","0","0","0","0","0","1","3","0","0","0","","","3","","2","","40 26:05.883","4","0","79 49:19.452","4","0","0","0","2124","0","0","0","N","0","0","0","5","02503","3","","1.0","","1","N","N","","0","","0","0","0","","3","Y","","2","3","0","0","0","0","0","2","0","2","","","","N","","","","","","","","","",""
"2015032828","2113","1","0","0","0","0","0","0","0","0","7","0","","02","3","2015","4","40.521903","-80.263839","2113","11","0","0","0","0","0","0","0","0","2","0","0","0","","","1","","0","","40 31:18.852","1","0","80 15:49.819","8","0","0","0","2213","0","0","0","N","0","0","0","1","02213","0","","4.0","","7","N","N","","0","","0","0","0","","0","N","","1","1","0","0","0","1","0","2","0","1","","","","N","","","","","","","","","",""
"2015047443","0855","1","0","0","0","0","0","0","0","0","5","0","","02","5","2015","6","40.458213","-79.943881","0850","11","0","0","0","0","0","0","0","0","","0","0","0","","","0","","0","","40 27:29.566","","0","79 56:37.971","0","0","0","0","2301","0","0","0","N","0","0","0","0","02301","0","","1.0","","1","N","N","","0","","0","0","0","","0","","","2","0","0","0","0","0","0","2","0","2","","","","N","","","","","","","","","",""
"2015046848","1055","2","0","0","0","0","0","0","0","0","5","0","","02","4","2015","4","40.399663","-79.989099","1042","11","0","0","0","0","0","0","0","0","","0","0","0","","","2","","0","","40 23:58.787","","0","79 59:20.756","3","0","0","0","2301","0","0","0","N","0","0","0","2","02301","1","","1.0","","1","N","N","","0","","1","0","1","","0","","","3","2","0","0","0","0","0","2","0","3","","","","N","","","","","","","","","",""
"2015031986","1426","1","0","0","0","0","0","0","0","0","1","0","","02","3","2015","5","40.464739","-80.195344","1420","11","0","0","0","0","0","2","0","0","","0","0","0","","","0","","0","","40 27:53.060","","0","80 11:43.240","0","0","0","0","2213","0","0","0","N","0","0","0","2","02213","0","","1.0","","1","N","N","","0","","0","0","1","","0","","","2","0","0","0","0","0","0","2","0","2","","","","N","","","","","","","","","",""
"2015032829","0625","1","0","0","0","0","0","0","0","0","7","0","","02","3","2015","3","40.500708","-80.181467","0621","11","0","0","0","0","0","1","0","0","","0","0","0","","","0","","0","","40 30:02.550","","0","80 10:53.280","0","0","0","0","2213","0","0","0","N","0","0","0","1","02213","0","","4.0","","2","N","N","","0","","0","0","0","","0","","","1","0","0","0","0","0","0","2","0","1","","","","N","","","","","","","","","",""
"2015046039","2235","0","0","0","0","0","0","0","0","0","0","0","","02","4","2015","1","40.489232","-79.926124","2230","11","0","0","1","0","0","0","0","0","1","0","0","0","","","1","","0","","40 29:21.234","6","0","79 55:34.046","4","0","0","1","2301","0","0","0","N","0","0","0","1","02301","1","","1.0","","98","N","N","","0","","0","0","0","","0","N","","1","1","0","0","0","0","0","2","0","1","","","","N","","","","","","","","","",""
"2015032830","1904","1","0","0","0","0","0","0","0","0","1","0","","02","3","2015","7","40.51911","-80.188366","1901","11","0","1","0","0","0","1","0","0","","0","0","0","","","1","","2","","40 31:08.795","","0","80 11:18.118","8","0","0","0","2213","0","0","0","N","0","0","0","3","02213","0","","1.0","","1","N","N","","0","","0","0","1","","0","","","2","1","0","0","0","1","0","2","0","2","","","","N","","","","","","","","","",""
"2015046023","1917","0","0","0","0","0","0","0","0","0","7","0","","02","4","2015","1","40.602442","-79.745039","1915","11","0","0","0","0","0","0","0","0","3","0","0","0","","","2","","0","","40 36:08.791","6","0","79 44:42.140","4","0","0","0","2464","0","0","0","N","0","0","0","4","02464","2","","2.0","","1","N","N","","1","","0","0","0","","3","Y","","1","2","1","0","0","0","0","2","0","1","","","","N","","","","","","","","","",""
"2015047432","1216","1","0","0","1","0","0","0","0","0","8","0","","02","4","2015","1","40.403605","-80.099716","1211","11","0","0","0","0","0","1","0","0","1","0","0","0","","","1","","1","","40 24:12.979","6","0","80 05:58.979","8","0","0","0","2102","1","0","0","N","0","0","0","2","02102","0","","1.0","","1","N","N","","0","","0","0","0","","3","N","","2","1","0","0","0","1","0","2","0","1","","","","N","","","","","","","","","",""
"2015032831","0217","1","0","0","0","0","0","0","0","0","7","0","","02","3","2015","7","40.511331","-80.150324","0214","11","0","0","0","0","0","0","0","0","3","0","0","0","","","1","","0","","40 30:40.793","5","0","80 09:01.168","2","0","0","0","2420","0","0","0","N","0","0","0","1","02420","0","","5.0","","1","N","N","","0","","0","1","0","","0","N","","1","1","1","0","1","0","0","2","0","1","","","","N","","","","","","","","","",""
"2015046718","2248","1","0","0","0","0","0","0","0","0","7","0","","02","4","2015","2","40.58975","-79.827425","2238","11","0","0","0","0","0","0","0","0","","0","0","0","","","0","","0","","40 35:23.100","","0","79 49:38.730","0","0","0","0","2209","0","0","0","N","0","0","0","1","02209","0","","5.0","","1","N","N","","0","","0","0","0","","0","","","1","0","0","0","0","0","0","1","0","1","","","","N","","","","","","","","","",""
"2015032057","0754","1","0","0","0","0","0","0","0","0","2","0","","02","3","2015","7","40.483524","-79.907876","0751","11","0","0","0","0","1","0","0","0","2","0","0","0","","","5","","0","","40 29:00.688","5","0","79 54:28.353","2","0","0","0","2301","0","0","0","N","0","0","0","5","02301","1","","1.0","","9","N","N","","0","","0","2","1","","0","Y","","3","5","0","0","0","2","0","2","1","3","","","","N","","","","","","","","","",""
"2015032127","1059","1","0","0","0","0","0","0","0","0","7","0","","02","3","2015","3","40.648936","-79.744421","1055","11","0","0","0","0","0","1","0","0","","0","0","0","","","2","","0","","40 38:56.171","","0","79 44:39.914","4","0","0","0","2202","0","0","0","N","0","0","0","2","02202","2","","4.0","","1","N","N","","0","","0","0","0","","0","","","1","2","0","0","0","0","0","1","0","1","","","","N","","","","","","","","","",""
"2015047369","2325","0","0","0","0","0","0","0","0","0","1","0","","02","2","2015","3","40.438972","-79.760505","2321","11","0","0","0","0","0","0","0","0","1","0","1","0","","","1","","1","","40 26:20.298","4","0","79 45:37.818","3","0","0","0","2446","0","0","0","N","0","0","0","3","02446","0","","1.0","","1","N","N","","0","","1","0","1","","2","N","","2","1","0","0","0","0","0","2","0","2","","","","N","","","","","","","","","",""
"2015046026","0057","1","0","0","0","0","0","0","0","0","7","0","","02","4","2015","7","40.486042","-80.053666","0053","11","0","0","0","0","0","0","0","0","2","0","0","0","","","0","","0","","40 29:09.750","2","0","80 03:13.197","0","0","0","0","2404","0","0","0","N","0","0","0","1","02404","0","","5.0","","1","N","N","","0","","0","0","0","","2","N","","1","0","0","0","0","0","0","2","0","1","","","","N","","","","","","","","","",""
"2015046707","1530","1","0","0","0","0","0","0","0","0","1","0","","02","4","2015","1","40.570466","-79.800565","1522","11","0","0","0","0","0","0","0","0","1","0","0","0","","","0","","1","","40 34:13.676","4","0","79 48:02.035","0","0","0","0","2206","0","0","0","N","0","0","0","3","02206","0","","1.0","","1","N","N","","1","","0","0","1","","2","N","","3","0","0","0","0","0","0","2","0","3","","","","N","","","","","","","","","",""
"2015047449","1058","0","0","0","0","0","0","0","0","0","4","0","","02","5","2015","6","40.457757","-79.819207","1043","11","0","0","0","0","0","0","0","0","","0","0","0","","","1","","1","","40 27:27.925","","0","79 49:09.145","4","0","0","0","2113","0","0","0","N","0","0","0","6","02113","1","","1.0","","1","N","N","","0","","0","0","2","","3","","","2","1","1","0","0","0","0","2","0","2","","","","N","","","","","","","","","",""
"2015030405","0800","2","0","0","0","0","0","0","0","0","5","0","","02","3","2015","3","40.423287","-79.856854","0757","11","0","0","0","0","0","1","0","0","2","0","0","0","","","2","","0","","40 25:23.832","4","0","79 51:24.676","4","0","0","0","2431","0","0","0","N","0","0","0","2","02431","2","","1.0","","1","N","N","","0","","0","0","0","","0","N","","2","2","1","0","0","0","0","2","0","2","","","","N","","","","","","","","","",""
"2015032846","1034","0","0","0","0","0","0","0","0","0","7","0","","02","1","2015","7","40.432036","-79.871527","1023","11","0","0","0","0","0","0","0","0","2","0","0","0","","","1","","0","","40 25:55.331","3","0","79 52:17.498","4","0","0","0","2411","0","0","0","N","0","0","0","1","68B03","1","","4.0","","9","N","N","","0","","0","0","1","","0","N","","1","1","0","0","0","0","0","2","0","1","","","","N","","","","","","","","","",""
"2015046044","2330","2","0","0","0","0","0","0","0","0","4","0","","02","4","2015","5","40.427799","-79.949171","2323","11","0","0","0","0","0","0","0","0","","0","0","0","","","0","","1","","40 25:40.076","","0","79 56:57.017","0","0","0","0","2301","0","0","0","N","0","0","0","3","02301","0","","1.0","","1","N","N","","0","","0","0","0","","3","","","2","0","0","0","0","0","0","2","0","2","","","","N","","","","","","","","","",""
"2015047450","1104","1","0","0","0","0","0","0","0","0","0","0","","02","5","2015","6","40.424597","-79.923948","1100","11","0","0","0","0","0","0","0","0","","0","0","0","","","1","","2","","40 25:28.549","","0","79 55:26.212","4","0","0","0","2301","0","0","0","N","0","0","0","3","02301","1","","1.0","","1","N","N","","0","","0","0","0","","0","","","1","1","1","0","0","0","0","2","0","1","","","","N","","","","","","","","","",""
"2015046856","1359","2","0","0","0","0","0","0","0","0","4","0","","02","4","2015","6","40.513786","-80.002669","1357","11","0","0","0","0","0","0","1","0","1","0","0","0","","","0","","1","","40 30:49.629","1","0","80 00:09.607","0","0","0","0","2116","0","0","0","N","0","0","0","2","02116","0","","1.0","","1","N","N","","0","","0","0","0","","3","N","","2","0","0","0","0","0","0","2","0","2","","","","N","","","","","","","","","",""
"2015047372","2338","1","0","0","0","0","0","0","0","0","7","0","","02","4","2015","5","40.453367","-79.979186","2332","11","0","0","0","0","0","0","0","1","","0","0","0","","","1","","10","","40 27:12.121","","0","79 58:45.069","3","0","0","0","2301","0","0","0","N","0","0","0","1","02301","0","","2.0","","9","N","N","","0","","1","0","0","","2","","","1","1","0","0","0","0","0","2","0","1","","","","N","","","","","","","","","",""
"2015046709","1733","1","0","0","0","0","0","0","0","0","4","0","","02","4","2015","3","40.598086","-80.077544","1733","11","0","0","0","0","0","1","0","0","","0","0","0","","","0","","2","","40 35:53.109","","0","80 04:39.158","0","0","0","0","2481","0","0","0","N","0","0","0","2","02481","0","","1.0","","1","N","N","","0","","0","0","1","","0","","","2","0","0","0","0","0","0","2","0","2","","","","N","","","","","","","","","",""
"2015046045","0310","2","0","0","0","0","0","0","0","0","1","0","","02","4","2015","1","40.453367","-79.979186","0304","11","0","0","0","0","0","0","0","0","1","0","0","0","","","1","","1","","40 27:12.121","3","0","79 58:45.069","4","0","0","0","2301","0","0","0","N","0","0","0","2","02301","1","","1.0","","1","N","N","","0","","0","0","0","","2","N","","2","1","0","0","0","0","0","2","0","2","","","","N","","","","","","","","","",""
"2015046857","1222","1","0","0","0","0","0","0","0","0","1","0","","02","4","2015","2","40.550494","-80.037209","1216","11","0","0","0","1","0","0","0","0","2","0","0","0","","","0","","3","","40 33:01.777","1","0","80 02:13.952","0","0","0","0","2108","0","0","0","N","0","0","0","3","02108","0","","1.0","","9","N","N","","0","","0","0","1","","0","N","","2","0","0","0","0","0","0","2","0","2","","","","N","","","","","","","","","",""
"2015032848","1024","1","0","0","0","0","0","0","0","0","1","2","","02","2","2015","3","40.425577","-79.910381","1008","11","0","0","0","0","0","0","1","0","3","0","2","0","","","2","","0","","40 25:32.077","3","4","79 54:37.371","4","0","0","0","2301","0","0","0","N","0","0","0","9","68B03","2","","1.0","","9","N","N","","2","","0","0","3","","0","N","","8","2","3","0","0","0","0","2","0","8","","","","N","","","","","","","","","",""
"2015047373","1310","0","0","0","0","0","0","0","0","0","4","2","40","02","4","2015","2","40.345644","-80.164959","1307","11","0","0","0","0","0","0","0","0","2","0","2","0","","","0","","0","","40 20:44.317","4","0","80 09:53.851","0","0","0","0","2119","0","0","0","N","0","0","0","2","02119","0","","1.0","","1","N","N","","0","","0","0","0","","0","N","","2","0","0","0","0","0","0","2","0","2","","","Y","Y","4","1","","","N","","","","",""
"2015047452","1755","2","0","0","0","0","0","0","0","0","4","0","","02","4","2015","4","40.590308","-79.947547","1751","11","0","0","0","0","0","0","1","0","","0","0","0","","","0","","0","","40 35:25.108","","0","79 56:51.169","0","0","0","0","2207","0","0","0","N","0","0","0","2","02207","0","","1.0","","1","N","N","","0","","0","0","0","","0","","","2","0","0","0","0","0","0","2","0","2","","","","N","","","","","","","","","",""
"2015046858","0800","1","0","0","0","0","0","0","0","0","1","0","","02","4","2015","3","40.571939","-80.036983","0759","11","0","0","0","0","0","1","0","1","","0","0","0","","","0","","2","","40 34:18.980","","0","80 02:13.139","0","0","0","0","2108","0","0","0","N","0","0","0","3","02108","0","","1.0","","1","N","N","","0","","0","0","0","","2","","","2","0","0","0","0","0","0","2","1","2","","","","N","","","","","","","","","",""
"2015032063","0842","0","0","0","0","0","0","0","0","0","0","0","","02","3","2015","6","40.22422","-79.820214","0834","11","0","0","0","0","0","0","0","0","3","0","0","0","","","2","","0","","40 13:27.192","5","0","79 49:12.772","8","0","0","1","2105","0","0","0","N","0","0","0","2","02105","0","","1.0","","2","N","N","","0","","0","0","0","","0","Y","","1","2","0","0","0","2","0","1","0","1","","","","N","","","","","","","","","",""
"2015032849","1614","1","0","0","0","0","0","0","0","0","1","0","","02","2","2015","4","40.425758","-79.911624","1534","11","0","0","0","0","0","3","0","0","","0","0","0","","","2","","0","","40 25:32.728","","4","79 54:41.845","3","0","0","0","2301","0","0","0","N","0","0","0","5","68B03","1","","1.0","","9","N","N","","2","","1","0","1","","0","","","5","2","0","0","0","0","0","2","1","5","","","","N","","","","","","","","","",""
"2015047374","0524","1","0","0","0","0","0","0","0","0","1","0","","02","5","2015","6","40.463481","-79.980744","0516","11","0","0","0","0","0","0","0","0","","0","0","0","","","0","","3","","40 27:48.532","","2","79 58:50.679","0","0","0","0","2301","0","0","0","N","0","0","0","2","02301","0","","1.0","","1","N","N","","1","","0","0","0","","0","","","2","0","0","0","0","0","0","2","0","2","","","","N","","","","","","","","","",""
"2015046047","0235","1","0","0","0","0","0","0","0","0","1","0","","02","4","2015","1","40.451737","-79.884745","0230","11","0","0","0","0","0","0","0","0","","0","0","0","","","0","","2","","40 27:06.253","","0","79 53:05.082","0","0","0","0","2301","0","0","0","N","0","0","0","1","02301","0","","1.0","","1","N","N","","1","","0","0","0","","0","","","4","0","0","0","0","0","0","2","1","4","","","","N","","","","","","","","","",""