"CRN","ARRIVAL_TM","AUTOMOBILE_COUNT","BELTED_DEATH_COUNT","BELTED_SUSP_SERIOUS_INJ_COUNT","BICYCLE_COUNT","BICYCLE_DEATH_COUNT","BICYCLE_SUSP_SERIOUS_INJ_COUNT","BUS_COUNT","CHLDPAS_DEATH_COUNT","CHLDPAS_SUSP_SERIOUS_INJ_COUNT","COLLISION_TYPE","COMM_VEH_COUNT","CONS_ZONE_SPD_LIM","COUNTY","CRASH_MONTH","CRASH_YEAR","DAY_OF_WEEK","DEC_LATITUDE","DEC_LONGITUDE","DISPATCH_TM","DISTRICT","DRIVER_COUNT_16YR","DRIVER_COUNT_17YR","DRIVER_COUNT_18YR","DRIVER_COUNT_19YR","DRIVER_COUNT_20YR","DRIVER_COUNT_50_64YR","DRIVER_COUNT_65_74YR","DRIVER_COUNT_75PLUS","EST_HRS_CLOSED","FATAL_COUNT","HEAVY_TRUCK_COUNT","HORSE_BUGGY_COUNT","HOUR_OF_DAY","ILLUMINATION","INJURY_COUNT","INTERSECTION_RELATED","INTERSECT_TYPE","LANE_CLOSED","LATITUDE","LN_CLOSE_DIR","LOCATION_TYPE","LONGITUDE","MAX_SEVERITY_LEVEL","MCYCLE_DEATH_COUNT","MCYCLE_SUSP_SERIOUS_INJ_COUNT","MOTORCYCLE_COUNT","MUNICIPALITY","NONMOTR_COUNT","NONMOTR_DEATH_COUNT","NONMOTR_SUSP_SERIOUS_INJ_COUNT","NTFY_HIWY_MAINT","PED_COUNT","PED_DEATH_COUNT","PED_SUSP_SERIOUS_INJ_COUNT","PERSON_COUNT","POLICE_AGCY","POSSIBLE_INJ_COUNT","RDWY_SURF_TYPE_CD","RELATION_TO_ROAD","ROADWAY_CLEARED","ROAD_CONDITION","SCH_BUS_IND","SCH_ZONE_IND","SECONDARY_CRASH","SMALL_TRUCK_COUNT","SPEC_JURIS_CD","SUSP_MINOR_INJ_COUNT","SUSP_SERIOUS_INJ_COUNT","SUV_COUNT","TCD_FUNC_CD","TCD_TYPE","TFC_DETOUR_IND","TIME_OF_DAY","TOTAL_UNITS","TOT_INJ_COUNT","UNBELTED_OCC_COUNT","UNB_DEATH_COUNT","UNB_SUSP_SERIOUS_INJ_COUNT","UNK_INJ_DEG_COUNT","UNK_INJ_PER_COUNT","URBAN_RURAL","VAN_COUNT","VEHICLE_COUNT","WEATHER1","WEATHER2","WORKERS_PRES","WORK_ZONE_IND","WORK_ZONE_LOC","WORK_ZONE_TYPE","WZ_CLOSE_DETOUR","WZ_FLAGGER","WZ_LAW_OFFCR_IND","WZ_LN_CLOSURE","WZ_MOVING","WZ_OTHER","WZ_SHLDER_MDN","WZ_WORKERS_INJ_KILLED"
"2015037452","","1","0","0","0","0","0","0","0","0","8","0","","02","3","2015","4","40.441291","-79.999597","","11","0","0","0","0","0","0","1","0","1","0","0","0","","","1","","0","","40 26:28.648","2","0","79 59:58.548","8","0","0","0","2301","1","0","0","N","1","0","0","2","02301","0","","1.0","","9","N","N","","0","","0","0","0","","0","N","","2","1","0","0","0","1","0","2","0","1","","","","N","","","","","","","","","",""
"2015037514","","2","0","0","0","0","0","0","0","0","4","0","","02","3","2015","2","40.430036","-79.985116","","11","0","0","0","0","0","0","0","0","","0","0","0","","","0","","0","","40 25:48.129","","7","79 59:06.417","0","0","0","0","2301","0","0","0","N","0","0","0","2","02301","0","","1.0","","1","N","N","","0","","0","0","0","","0","","","2","0","0","0","0","0","0","2","0","2","","","","N","","","","","","","","","",""
"2015038337","","1","0","0","0","0","0","0","0","0","4","0","","02","4","2015","4","40.460417","-79.842329","","11","0","0","0","0","0","1","0","0","","0","0","0","","","1","","2","","40 27:37.500","","0","79 50:32.383","8","0","0","0","2113","0","0","0","N","0","0","0","5","02113","0","","1.0","","1","N","N","","0","","0","0","1","","8","","","2","1","0","0","0","1","1","2","0","2","","","","N","","","","","","","","","",""
"2015037531","","1","0","0","0","0","0","0","0","0","2","1","","02","3","2015","6","","","","11","0","0","0","0","0","1","0","0","2","0","1","0","","","0","","0","","","1","0","","0","0","0","0","2403","0","0","0","N","0","0","0","2","02403","0","","1.0","","1","N","N","","0","","0","0","0","","0","N","","2","0","0","0","0","0","0","1","0","2","","","","N","","","","","","","","","",""
"2015036673","","0","0","0","0","0","0","0","0","0","1","0","","02","3","2015","4","40.291512","-80.029334","","11","0","0","0","0","0","1","0","0","2","0","0","0","","","0","","0","","40 17:29.443","2","0","80 01:45.602","0","0","0","0","2219","0","0","0","N","0","0","0","2","02219","0","","1.0","","1","N","N","","2","","0","0","0","","0","N","","2","0","0","0","0","0","0","2","0","2","","","","N","","","","","","","","","",""
"2015037453","","1","0","0","0","0","0","0","0","0","7","0","","02","3","2015","6","40.618432","-79.976248","","11","0","0","1","0","0","0","0","0","2","0","0","0","","","1","","0","","40 37:06.354","5","0","79 58:34.494","4","0","0","0","2217","0","0","0","N","0","0","0","1","02505","1","","5.0","","9","N","N","","0","","0","0","0","","0","Y","","1","1","0","0","0","0","0","2","0","1","","","","N","","","","","","","","","",""
"2015037532","","0","0","0","0","0","0","0","0","0","4","0","","02","3","2015","2","40.463998","-79.855182","","11","0","0","0","1","0","0","0","0","2","0","0","0","","","1","","2","","40 27:50.393","4","0","79 51:18.654","8","0","0","0","2113","0","0","0","N","0","0","0","3","02113","0","","1.0","","1","N","N","","0","","0","0","1","","0","N","","2","1","1","0","0","1","2","2","1","2","","","","N","","","","","","","","","",""
"2015037383","","2","0","0","0","0","0","0","0","0","1","0","","02","3","2015","1","40.382822","-79.879305","","11","0","0","0","1","0","0","0","0","","0","0","0","","","1","","2","","40 22:58.160","","0","79 52:45.497","3","0","0","0","2473","0","0","0","N","0","0","0","2","02473","0","","1.0","","1","N","N","","0","","1","0","0","","0","","","2","1","0","0","0","0","0","2","0","2","","","","N","","","","","","","","","",""
"2015037454","","0","0","0","0","0","0","0","0","0","5","0","","02","3","2015","2","40.450093","-79.987353","","11","0","0","0","0","0","0","0","0","","0","0","0","","","0","","0","","40 27:00.334","","0","79 59:14.470","0","0","0","0","2301","0","0","0","N","0","0","0","4","02301","0","","1.0","","1","N","N","","0","","0","0","2","","0","","","2","0","0","0","0","0","0","2","0","2","","","","N","","","","","","","","","",""
"2015039160","","0","0","0","0","0","0","0","0","0","4","0","","02","4","2015","7","40.440519","-80.238481","","11","0","0","0","0","0","0","0","0","","0","0","0","","","2","","1","","40 26:25.870","","0","80 14:18.530","8","0","0","0","2214","0","0","0","N","0","0","0","3","02214","0","","1.0","","1","N","N","","0","","0","0","1","","3","","","2","2","0","0","0","2","0","2","1","2","","","","N","","","","","","","","","",""
"2015037455","","1","0","0","0","0","0","0","0","0","1","0","","02","1","2015","5","40.379793","-79.808308","","11","0","0","0","0","0","0","0","0","2","0","0","0","","","0","","2","","40 22:47.253","3","0","79 48:29.908","0","0","0","0","2111","0","0","0","N","0","0","0","3","02111","0","","1.0","","1","N","N","","0","","0","0","1","","2","Y","","2","0","0","0","0","0","0","2","0","2","","","","N","","","","","","","","","",""
"2015036811","","1","0","0","0","0","0","0","0","0","4","0","","02","2","2015","4","40.378291","-79.804144","","11","0","0","0","0","0","1","0","0","","0","0","0","","","0","","2","","40 22:41.848","","0","79 48:14.918","0","0","0","0","2111","0","0","0","N","0","0","0","4","02111","0","","1.0","","1","N","N","","0","","0","0","1","","3","","","2","0","0","0","0","0","0","2","0","2","","","","N","","","","","","","","","",""
"2015037456","","1","0","0","0","0","0","0","0","0","7","0","","02","3","2015","2","40.469158","-79.859835","","11","0","0","0","0","0","0","1","0","","0","0","0","","","0","","0","","40 28:08.968","","0","79 51:35.407","0","0","0","0","2113","0","0","0","Y","0","0","0","1","02113","0","","2.0","","1","N","N","","0","","0","0","0","","0","","","1","0","0","0","0","0","0","2","0","1","","","","N","","","","","","","","","",""
"2015036812","","1","0","0","0","0","0","0","0","0","4","0","","02","3","2015","7","40.348083","-79.818694","","11","0","0","0","0","0","0","0","0","","0","0","0","","","1","","0","","40 20:53.100","","0","79 49:07.300","4","0","0","0","2477","0","0","0","N","0","0","0","1","02477","1","","2.0","","1","N","N","","0","","0","0","1","","0","","","2","1","0","0","0","0","0","2","0","2","","","","N","","","","","","","","","",""
"2015037386","","0","0","0","0","0","0","0","0","0","7","0","","02","3","2015","6","40.261831","-79.900915","","11","0","0","0","0","0","1","0","0","2","0","0","0","","","1","","0","","40 15:42.593","6","0","79 54:03.295","2","0","0","0","2204","0","0","0","N","0","0","0","1","02204","0","","2.0","","1","N","N","","0","","0","1","1","","0","Y","","1","1","1","0","1","0","0","1","0","1","","","","N","","","","","","","","","",""
"2015037457","","1","0","0","0","0","0","0","0","0","0","0","","02","3","2015","2","40.350157","-79.949045","","11","0","0","0","0","0","1","0","0","1","0","0","0","","","0","","0","","40 21:00.565","1","0","79 56:56.561","0","0","0","0","2473","0","0","0","N","0","0","0","1","02473","0","","2.0","","1","N","N","","0","","0","0","0","","0","N","","1","0","0","0","0","0","0","2","0","1","","","","N","","","","","","","","","",""
"2015039175","","2","0","0","0","0","0","0","0","0","1","0","","02","4","2015","7","40.429789","-80.024939","","11","0","0","0","0","0","0","0","0","","0","0","0","","","0","","7","","40 25:47.241","","2","80 01:29.782","0","0","0","0","2301","0","0","0","","0","0","0","3","02301","0","","1.0","","1","","","","0","","0","0","0","","0","","","2","0","0","0","0","0","0","2","0","2","","","","N","","","","","","","","","",""
"2015038273","","1","0","0","0","0","0","0","0","0","7","0","","02","4","2015","4","40.40175","-80.036333","","11","0","0","0","0","0","0","0","1","","0","0","0","","","0","","0","","40 24:06.300","","0","80 02:10.800","0","0","0","0","2301","0","0","0","N","0","0","0","1","02301","0","","5.0","","1","N","N","","0","","0","0","0","","0","","","1","0","0","0","0","0","0","2","0","1","","","","N","","","","","","","","","",""
"2015036814","","0","0","0","0","0","0","0","0","0","7","0","","02","3","2015","6","40.481314","-80.118015","","11","0","0","0","0","0","0","0","0","2","0","0","0","","","0","","0","","40 28:52.732","6","3","80 07:04.853","0","0","0","0","2126","0","0","0","N","0","0","0","1","02126","0","","4.0","","2","N","N","","1","","0","0","0","","0","Y","","1","0","0","0","0","0","0","2","0","1","","","","N","","","","","","","","","",""
"2015036965","","1","0","0","0","0","0","0","0","0","4","0","","02","3","2015","6","40.437305","-79.770834","","11","0","0","0","0","0","1","0","0","","0","0","0","","","0","","0","","40 26:14.298","","7","79 46:15.002","0","0","0","0","2446","0","0","0","N","0","0","0","2","02446","0","","1.0","","1","N","N","","0","","0","0","0","","3","","","2","0","0","0","0","0","0","2","1","2","","","","N","","","","","","","","","",""
"2015038274","","1","0","0","0","0","0","0","0","0","4","1","","02","3","2015","3","40.543025","-80.217738","","11","0","0","0","0","0","2","0","0","2","0","1","0","","","0","","2","","40 32:34.890","1","0","80 13:03.856","0","0","0","0","2213","0","0","0","N","0","0","0","5","02213","0","","1.0","","1","N","N","","0","","0","0","1","","3","N","","3","0","0","0","0","0","0","2","0","3","","","","N","","","","","","","","","",""
"2015036892","","1","0","0","0","0","0","0","0","0","2","0","","02","3","2015","7","40.463766","-79.93914","","11","0","0","0","0","0","0","0","0","3","0","0","0","","","0","","0","","40 27:49.556","3","0","79 56:20.905","0","0","0","0","2301","0","0","0","N","0","0","0","1","02301","0","","6.0","","1","N","N","","0","","0","0","2","","0","Y","","3","0","0","0","0","0","0","2","0","3","","","","N","","","","","","","","","",""
"2015037390","","0","0","0","0","0","0","0","0","0","8","0","","02","3","2015","7","40.438113","-79.774199","","11","0","0","0","0","0","0","0","0","","0","0","0","","","1","","2","","40 26:17.205","","0","79 46:27.115","4","0","0","0","2446","1","0","0","N","1","0","0","2","02446","1","","1.0","","1","N","N","","0","","0","0","0","","2","","","2","1","0","0","0","0","0","2","0","1","","","","N","","","","","","","","","",""
"2015038275","","0","0","0","0","0","0","0","0","0","1","0","","02","4","2015","4","40.438712","-79.751192","","11","0","0","0","0","0","0","0","0","","0","0","0","","","1","","0","","40 26:19.362","","0","79 45:04.290","8","0","0","1","2446","0","0","0","N","0","0","0","2","02446","0","","1.0","","1","N","N","","0","","0","0","1","","0","","","2","1","0","0","0","1","0","2","0","2","","","","N","","","","","","","","","",""
"2015037524","","0","0","0","0","0","0","0","0","0","4","0","","02","3","2015","7","40.46917","-80.066148","","11","0","0","0","0","0","1","0","0","2","0","0","0","","","0","","1","","40 28:09.012","5","0","80 03:58.132","0","0","0","0","2444","0","0","0","N","0","0","0","5","02444","0","","1.0","","1","N","N","","0","","0","0","2","","3","Y","","2","0","0","0","0","0","0","2","0","2","","","","N","","","","","","","","","",""
"2015039112","","2","0","0","0","0","0","0","0","0","4","0","","02","3","2015","7","40.452271","-79.980808","","11","0","0","0","0","0","0","0","0","","0","0","0","","","0","","2","","40 27:08.175","","0","79 58:50.908","0","0","0","0","2301","0","0","0","N","0","0","0","2","02301","0","","1.0","","1","N","N","","0","","0","0","0","","3","","","2","0","0","0","0","0","0","2","0","2","","","","N","","","","","","","","","",""
"2015038359","","2","0","0","0","0","0","0","0","0","1","0","","02","2","2015","5","40.4289","-79.932028","","11","0","0","0","0","0","1","0","0","","0","0","0","","","0","","6","","40 25:44.039","","2","79 55:55.300","0","0","0","0","2301","0","0","0","N","0","0","0","2","68B03","0","","1.0","","9","N","N","","0","","0","0","0","","3","","","2","0","0","0","0","0","0","2","0","2","","","","N","","","","","","","","","",""
"2015036893","","1","0","0","0","0","0","0","0","0","2","0","","02","3","2015","5","40.622064","-80.071871","","11","0","0","0","0","0","0","0","0","2","0","0","0","","","3","","0","","40 37:19.431","6","0","80 04:18.736","3","0","0","0","2212","0","0","0","N","0","0","0","4","02505","0","","1.0","","9","N","N","","0","","3","0","1","","0","N","","2","3","0","0","0","0","0","2","0","2","","","","N","","","","","","","","","",""
"2015036968","","1","0","0","0","0","0","0","0","0","2","0","","02","3","2015","6","40.478311","-80.044621","","11","0","0","0","0","0","1","0","0","1","0","0","0","","","3","","0","","40 28:41.918","6","3","80 02:40.636","4","0","0","0","2301","0","0","0","N","0","0","0","3","02301","3","","1.0","","2","N","N","","0","","0","0","1","","0","N","","2","3","0","0","0","0","0","2","0","2","","","","N","","","","","","","","","",""
"2015037540","","1","0","0","0","0","0","0","0","0","5","1","","02","3","2015","2","40.45815","-79.986631","","11","0","0","0","0","0","0","0","0","1","0","1","0","","","0","","0","","40 27:29.340","1","0","79 59:11.872","0","0","0","0","2301","0","0","0","N","0","0","0","2","02301","0","","1.0","","1","N","N","","0","","0","0","0","","0","N","","2","0","0","0","0","0","0","2","0","2","","","","N","","","","","","","","","",""
"2015038360","","1","0","0","0","0","0","0","0","0","7","0","","02","3","2015","5","40.429344","-79.94274","","11","0","0","0","0","0","0","0","0","","0","0","0","","","0","","0","","40 25:45.640","","0","79 56:33.863","0","0","0","0","2301","0","0","0","N","0","0","0","1","68B03","0","","2.0","","1","N","N","","0","","0","0","0","","0","","","1","0","0","0","0","0","0","2","0","1","","","","N","","","","","","","","","",""
"2015038361","","0","0","0","0","0","0","0","0","0","1","0","","02","3","2015","6","40.44866","-80.006623","","11","0","0","0","0","0","1","0","0","","0","0","0","","","1","","6","","40 26:55.176","","2","80 00:23.843","4","0","0","1","2301","0","0","0","N","0","0","0","2","68B03","1","","1.0","","1","N","N","","0","","0","0","1","","4","","","2","1","0","0","0","0","0","2","0","2","","","","N","","","","","","","","","",""
"2015036818","","1","0","0","0","0","0","0","0","0","7","0","","02","3","2015","6","40.481314","-80.118015","","11","0","0","0","0","0","0","0","0","2","0","0","0","","","0","","0","","40 28:52.732","6","3","80 07:04.853","0","0","0","0","2126","0","0","0","N","0","0","0","2","02126","0","","2.0","","2","N","N","","0","","0","0","0","","0","Y","","1","0","0","0","0","0","0","2","0","1","","","","N","","","","","","","","","",""
"2015037463","","2","0","0","0","0","0","0","0","0","1","0","","02","2","2015","4","40.388987","-79.830619","","11","0","0","0","0","0","0","0","0","5","0","0","0","","","1","","2","","40 23:20.353","6","0","79 49:50.228","3","0","0","0","2111","0","0","0","N","0","0","0","2","02111","0","","1.0","","1","N","N","","0","","1","0","0","","2","Y","","2","1","0","0","0","0","0","2","0","2","","","","N","","","","","","","","","",""
"2015037529","","0","0","0","0","0","0","0","0","0","4","0","","02","3","2015","6","40.368106","-80.103302","","11","1","0","0","0","0","0","0","0","2","0","0","0","","","0","","0","","40 22:05.181","4","7","80 06:11.888","0","0","0","0","2102","0","0","0","N","0","0","0","2","02102","0","","1.0","","9","N","N","","0","","0","0","2","","2","Y","","2","0","0","0","0","0","0","2","0","2","","","","N","","","","","","","","","",""
"2015038362","","1","0","0","0","0","0","0","0","0","1","0","","02","3","2015","6","40.435509","-79.867203","","11","0","0","0","0","0","1","0","0","2","0","0","0","","","1","","0","","40 26:07.832","4","0","79 52:01.930","4","0","0","0","2478","0","0","0","N","0","0","0","3","68B03","1","","1.0","","9","N","N","","0","","0","0","1","","0","N","","2","1","0","0","0","0","0","2","0","2","","","","N","","","","","","","","","",""
"2015037751","","1","0","0","0","0","0","0","0","0","1","0","","02","3","2015","2","40.607396","-80.052118","","11","0","0","1","0","0","0","1","0","","0","0","0","","","1","","0","","40 36:26.627","","0","80 03:07.624","4","0","0","0","2108","0","0","0","N","0","0","0","5","02108","1","","1.0","","9","N","N","","0","","0","0","2","","0","","","3","1","0","0","0","0","0","2","0","3","","","","N","","","","","","","","","",""
"2015037465","","0","0","0","0","0","0","0","0","0","1","0","","02","3","2015","5","40.337788","-79.807767","","11","0","0","0","0","0","1","0","0","","0","0","0","","","1","","0","","40 20:16.035","","0","79 48:27.960","8","0","0","0","2477","0","0","0","N","0","0","0","3","02477","0","","1.0","","1","N","N","","0","","0","0","3","","2","","","3","1","0","0","0","1","0","2","0","3","","","","N","","","","","","","","","",""
"2015038363","","1","0","0","0","0","0","0","0","0","1","0","","02","3","2015","2","40.439154","-79.861651","","11","0","0","0","0","0","1","0","0","","0","0","0","","","0","","0","","40 26:20.956","","0","79 51:41.944","0","0","0","0","2478","0","0","0","N","0","0","0","2","68B03","0","","1.0","","1","N","N","","0","","0","0","1","","0","","","2","0","0","0","0","0","0","2","0","2","","","","N","","","","","","","","","",""
"2015039101","","2","0","0","0","0","0","0","0","0","7","0","","02","4","2015","7","40.500775","-79.963514","","11","0","0","0","0","0","0","0","0","2","0","0","0","","","1","","2","","40 30:02.790","1","0","79 57:48.651","8","0","0","0","2118","0","0","0","N","0","0","0","1","02118","0","","5.0","","9","N","N","","0","","0","0","0","","0","N","","2","1","0","0","0","1","0","2","0","2","","","","N","","","","","","","","","",""
"2015038280","","1","0","0","0","0","0","0","0","0","2","0","","02","4","2015","4","40.443519","-79.841164","","11","0","0","0","0","0","1","1","0","2","0","1","0","","","2","","0","","40 26:36.670","7","0","79 50:28.191","3","0","0","0","2419","0","0","0","N","0","0","0","2","02419","0","","1.0","","1","N","N","","0","","2","0","0","","0","Y","","2","2","0","0","0","0","0","2","0","2","","","","N","","","","","","","","","",""
"2015036901","","1","0","0","0","0","0","0","0","0","7","0","","02","3","2015","7","40.474531","-80.005406","","11","0","0","0","0","0","0","0","0","1","0","0","0","","","2","","0","","40 28:28.312","3","2","80 00:19.463","4","0","0","0","2301","0","0","0","N","0","0","0","2","02301","2","","2.0","","1","N","N","","0","","0","0","0","","2","Y","","1","2","1","0","0","0","0","2","0","1","","","","N","","","","","","","","","",""
"2015037401","","2","0","0","0","0","0","0","0","0","4","0","","02","3","2015","2","40.425518","-79.926629","","11","0","0","0","0","0","2","0","0","1","0","0","0","","","1","","2","","40 25:31.864","1","0","79 55:35.865","3","0","0","0","2301","0","0","0","N","0","0","0","3","02301","0","","1.0","","1","N","N","","0","","1","0","0","","0","N","","2","1","0","0","0","0","0","2","0","2","","","","N","","","","","","","","","",""
"2015038992","","2","0","0","0","0","0","0","0","0","4","0","","02","4","2015","6","40.436667","-79.836628","","11","0","0","0","0","0","0","0","1","1","0","0","0","","","0","","1","","40 26:12.001","6","0","79 50:11.860","0","0","0","0","2419","0","0","0","N","0","0","0","7","02419","0","","1.0","","1","N","N","","0","","0","0","1","","3","N","","3","0","0","0","0","0","0","2","0","3","","","","N","","","","","","","","","",""
"2015038295","","2","0","0","0","0","0","0","0","0","4","0","","02","4","2015","4","40.456718","-79.906676","","11","0","0","0","0","0","0","0","0","1","0","0","0","","","1","","2","","40 27:24.184","6","0","79 54:24.033","4","0","0","0","2301","0","0","0","N","0","0","0","4","02301","1","","1.0","","1","N","N","","0","","0","0","0","","3","Y","","2","1","0","0","0","0","0","2","0","2","","","","N","","","","","","","","","",""
"2015039119","","1","0","0","0","0","0","0","0","0","4","0","","02","4","2015","6","40.374217","-79.982411","","11","0","0","0","0","0","2","0","0","","0","0","0","","","0","","0","","40 22:27.180","","7","79 58:56.678","0","0","0","0","2413","0","0","0","N","0","0","0","3","02413","0","","1.0","","1","N","N","","0","","0","0","1","","0","","","2","0","0","0","0","0","0","2","0","2","","","","N","","","","","","","","","",""
"2015036903","","2","0","0","0","0","0","0","0","0","5","0","","02","3","2015","4","40.455148","-79.922029","","11","0","0","0","0","0","0","0","0","","0","0","0","","","0","","0","","40 27:18.532","","0","79 55:19.304","0","0","0","0","2301","0","0","0","N","0","0","0","3","02301","0","","1.0","","1","N","N","","0","","0","0","1","","0","","","4","0","1","0","0","0","0","2","1","4","","","","N","","","","","","","","","",""
"2015037042","","2","0","0","0","0","0","0","0","0","5","0","","02","3","2015","7","40.458544","-80.01615","","11","0","0","0","0","0","0","0","0","2","0","0","0","","","0","","0","","40 27:30.757","7","0","80 00:58.139","0","0","0","0","2301","0","0","0","N","0","0","0","1","02301","0","","6.0","","1","N","N","","1","","0","0","1","","0","N","","4","0","0","0","0","0","0","2","0","4","","","","N","","","","","","","","","",""
"2015033526","","1","0","0","0","0","0","0","0","0","4","0","","02","3","2015","4","40.489479","-79.819853","","11","0","0","0","0","0","1","0","0","","0","0","0","","","0","","1","","40 29:22.124","","0","79 49:11.470","0","0","0","0","2113","0","0","0","N","0","0","0","2","02113","0","","1.0","","1","N","N","","0","","0","0","1","","3","","","2","0","0","0","0","0","0","2","0","2","","","","N","","","","","","","","","",""
"2015037056","","0","0","0","0","0","0","0","0","0","1","0","","02","3","2015","3","40.479225","-79.96637","","11","0","0","0","0","0","0","0","0","2","0","0","0","","","0","","6","","40 28:45.210","1","2","79 57:58.931","0","0","0","0","2118","0","0","0","N","0","0","0","2","02118","0","","1.0","","1","N","N","","0","","0","0","2","","0","N","","2","0","1","0","0","0","0","2","0","2","","","","N","","","","","","","","","",""
"2015038799","","1","0","0","0","0","0","0","0","0","99","0","","02","4","2015","5","40.33621","-79.980619","","11","0","0","0","0","0","1","0","0","1","0","0","0","","","0","","2","","40 20:10.356","3","0","79 58:50.228","0","0","0","0","2454","0","0","0","N","0","0","0","1","02454","0","","1.0","","1","N","N","","0","","0","0","0","","0","Y","","1","0","0","0","0","0","0","2","0","1","","","","N","","","","","","","","","",""
"2015033512","","0","0","0","0","0","0","0","0","0","4","0","","02","3","2015","4","40.197747","-79.894378","","11","0","0","0","0","0","0","0","0","2","0","0","0","","","0","","2","","40 11:51.888","2","0","79 53:39.759","0","0","0","0","2204","0","0","0","N","0","0","0","8","02204","0","","1.0","","1","N","N","","0","","0","0","1","","3","N","","2","0","0","0","0","0","0","2","1","2","","","","N","","","","","","","","","",""
"2015037911","","2","0","0","0","0","0","0","0","0","4","0","","02","3","2015","3","40.463586","-79.952975","","11","0","0","1","0","0","0","0","0","1","0","0","0","","","1","","1","","40 27:48.909","6","0","79 57:10.710","8","0","0","0","2301","0","0","0","N","0","0","0","3","02301","0","","1.0","","1","N","N","","0","","0","0","0","","2","N","","2","1","0","0","0","1","0","2","0","2","","","","N","","","","","","","","","",""
"2015035055","","1","0","0","0","0","0","0","0","0","4","0","","02","3","2015","2","40.409743","-80.085101","","11","0","0","0","0","0","2","0","0","","0","0","0","","","1","","1","","40 24:35.073","","0","80 05:06.364","8","0","0","0","2415","0","0","0","N","0","0","0","2","02415","0","","1.0","","1","N","N","","1","","0","0","0","","3","","","2","1","0","0","0","1","0","2","0","2","","","","N","","","","","","","","","",""
"2015035833","","1","0","0","0","0","0","0","0","0","4","0","","02","3","2015","5","40.413472","-80.042753","","11","0","0","0","0","0","0","0","0","2","0","0","0","","","1","","1","","40 24:48.499","6","0","80 02:33.910","4","0","0","0","2301","0","0","0","N","0","0","0","3","02301","1","","1.0","","1","N","N","","0","","0","0","1","","3","N","","2","1","0","0","0","0","0","2","0","2","","","","N","","","","","","","","","",""
"2015035834","","1","0","0","0","0","0","0","0","0","1","0","","02","3","2015","5","40.371798","-79.843755","","11","0","0","0","0","0","0","0","0","2","0","0","0","","","3","","2","","40 22:18.472","2","0","79 50:37.518","8","0","0","0","2303","0","0","0","N","0","0","0","3","02303","0","","1.0","","1","N","N","","1","","0","0","0","","2","N","","2","3","1","0","0","3","0","2","0","2","","","","N","","","","","","","","","",""
"2015037773","","0","0","0","0","0","0","0","0","0","7","0","","02","3","2015","7","40.525306","-79.941972","","11","0","0","0","0","0","0","0","0","2","0","0","0","","","1","","0","","40 31:31.100","5","0","79 56:31.100","8","0","0","0","2118","0","0","0","N","0","0","0","1","02118","0","","5.0","","1","N","N","","0","","0","0","1","","0","N","","1","1","0","0","0","1","0","2","0","1","","","","N","","","","","","","","","",""
"2015037127","","1","0","0","0","0","0","0","0","0","5","0","","02","3","2015","7","40.389431","-79.878311","","11","0","0","0","0","0","1","0","0","1","0","0","0","","","0","","0","","40 23:21.951","2","0","79 52:41.918","0","0","0","0","2473","0","0","0","N","0","0","0","2","02473","0","","1.0","","1","N","N","","1","","0","0","0","","0","Y","","2","0","0","0","0","0","0","2","0","2","","","","N","","","","","","","","","",""
"2015037900","","1","0","0","0","0","0","0","0","0","4","0","","02","3","2015","2","40.458613","-79.908014","","11","0","0","0","0","1","1","0","0","","0","0","0","","","0","","1","","40 27:31.005","","0","79 54:28.849","0","0","0","0","2301","0","0","0","N","0","0","0","5","02301","0","","1.0","","1","N","N","","0","","0","0","1","","2","","","2","0","0","0","0","0","0","2","0","2","","","","N","","","","","","","","","",""
"2015038803","","1","0","0","0","0","0","0","0","0","7","0","","02","4","2015","6","40.4922","-79.950166","","11","0","0","0","0","1","0","0","0","","0","0","0","","","0","","0","","40 29:31.919","","0","79 57:00.599","0","0","0","0","2430","0","0","0","N","0","0","0","2","02430","0","","2.0","","1","N","N","","0","","0","0","0","","0","","","1","0","0","0","0","0","0","2","0","1","","","","N","","","","","","","","","",""
"2015037274","","0","0","0","0","0","0","0","0","0","1","0","","02","3","2015","1","40.410444","-80.015599","","11","0","0","0","0","0","0","0","0","1","0","0","0","","","4","","2","","40 24:37.599","2","0","80 00:56.156","8","0","0","0","2301","0","0","0","N","0","0","0","5","02301","0","","1.0","","1","N","N","","0","","0","0","1","","2","N","","2","4","0","0","0","4","0","2","1","2","","","","N","","","","","","","","","",""
"2015035835","","1","0","0","0","0","0","0","0","0","7","0","","02","3","2015","5","40.530324","-80.003977","","11","0","0","0","0","0","0","0","0","1","0","0","0","","","0","","0","","40 31:49.165","3","0","80 00:14.316","0","0","0","0","2116","0","0","0","N","0","0","0","1","02116","0","","2.0","","2","N","N","","0","","0","0","0","","0","N","","1","0","0","0","0","0","0","2","0","1","","","","N","","","","","","","","","",""
"2015037060","","2","0","0","0","0","0","0","0","0","2","0","","02","3","2015","7","40.427971","-80.053703","","11","0","0","0","0","1","0","0","1","","0","0","0","","","0","","1","","40 25:40.696","","0","80 03:13.329","0","0","0","0","2301","0","0","0","N","0","0","0","3","02301","0","","1.0","","1","N","N","","0","","0","0","0","","2","","","2","0","0","0","0","0","0","2","0","2","","","","N","","","","","","","","","",""