"CRN","ARRIVAL_TM","AUTOMOBILE_COUNT","BELTED_DEATH_COUNT","BELTED_SUSP_SERIOUS_INJ_COUNT","BICYCLE_COUNT","BICYCLE_DEATH_COUNT","BICYCLE_SUSP_SERIOUS_INJ_COUNT","BUS_COUNT","CHLDPAS_DEATH_COUNT","CHLDPAS_SUSP_SERIOUS_INJ_COUNT","COLLISION_TYPE","COMM_VEH_COUNT","CONS_ZONE_SPD_LIM","COUNTY","CRASH_MONTH","CRASH_YEAR","DAY_OF_WEEK","DEC_LATITUDE","DEC_LONGITUDE","DISPATCH_TM","DISTRICT","DRIVER_COUNT_16YR","DRIVER_COUNT_17YR","DRIVER_COUNT_18YR","DRIVER_COUNT_19YR","DRIVER_COUNT_20YR","DRIVER_COUNT_50_64YR","DRIVER_COUNT_65_74YR","DRIVER_COUNT_75PLUS","EST_HRS_CLOSED","FATAL_COUNT","HEAVY_TRUCK_COUNT","HORSE_BUGGY_COUNT","HOUR_OF_DAY","ILLUMINATION","INJURY_COUNT","INTERSECTION_RELATED","INTERSECT_TYPE","LANE_CLOSED","LATITUDE","LN_CLOSE_DIR","LOCATION_TYPE","LONGITUDE","MAX_SEVERITY_LEVEL","MCYCLE_DEATH_COUNT","MCYCLE_SUSP_SERIOUS_INJ_COUNT","MOTORCYCLE_COUNT","MUNICIPALITY","NONMOTR_COUNT","NONMOTR_DEATH_COUNT","NONMOTR_SUSP_SERIOUS_INJ_COUNT","NTFY_HIWY_MAINT","PED_COUNT","PED_DEATH_COUNT","PED_SUSP_SERIOUS_INJ_COUNT","PERSON_COUNT","POLICE_AGCY","POSSIBLE_INJ_COUNT","RDWY_SURF_TYPE_CD","RELATION_TO_ROAD","ROADWAY_CLEARED","ROAD_CONDITION","SCH_BUS_IND","SCH_ZONE_IND","SECONDARY_CRASH","SMALL_TRUCK_COUNT","SPEC_JURIS_CD","SUSP_MINOR_INJ_COUNT","SUSP_SERIOUS_INJ_COUNT","SUV_COUNT","TCD_FUNC_CD","TCD_TYPE","TFC_DETOUR_IND","TIME_OF_DAY","TOTAL_UNITS","TOT_INJ_COUNT","UNBELTED_OCC_COUNT","UNB_DEATH_COUNT","UNB_SUSP_SERIOUS_INJ_COUNT","UNK_INJ_DEG_COUNT","UNK_INJ_PER_COUNT","URBAN_RURAL","VAN_COUNT","VEHICLE_COUNT","WEATHER1","WEATHER2","WORKERS_PRES","WORK_ZONE_IND","WORK_ZONE_LOC","WORK_ZONE_TYPE","WZ_CLOSE_DETOUR","WZ_FLAGGER","WZ_LAW_OFFCR_IND","WZ_LN_CLOSURE","WZ_MOVING","WZ_OTHER","WZ_SHLDER_MDN","WZ_WORKERS_INJ_KILLED"
"2015036002","","0","0","0","0","0","0","0","0","0","8","0","","02","3","2015","6","40.457366","-79.925179","","11","0","0","0","0","0","0","1","0","1","0","0","0","","","1","","2","","40 27:26.517","2","0","79 55:30.645","4","0","0","0","2301","1","0","0","N","1","0","0","2","02301","1","","1.0","","9","N","N","","0","","0","0","1","","2","Y","","2","1","0","0","0","0","0","2","0","1","","","","N","","","","","","","","","",""
"2015034527","","2","0","0","0","0","0","0","0","0","6","0","","02","3","2015","7","40.438023","-79.913084","","11","0","0","0","0","0","0","1","0","1","0","0","0","","","0","","1","","40 26:16.882","2","0","79 54:47.102","0","0","0","0","2301","0","0","0","N","0","0","0","4","02301","0","","1.0","","1","N","N","","0","","0","0","0","","2","N","","2","0","0","0","0","0","0","2","0","2","","","","N","","","","","","","","","",""
"2015033892","","1","0","0","0","0","0","0","0","0","2","0","","02","3","2015","4","40.318694","-79.986889","","11","0","0","0","0","1","0","0","0","","0","0","0","","","1","","0","","40 19:07.300","","0","79 59:12.800","4","0","0","0","2219","0","0","0","N","0","0","0","1","02219","1","","1.0","","1","N","N","","1","","0","0","0","","0","","","2","1","0","0","0","0","0","2","0","2","","","","N","","","","","","","","","",""
"2015033203","","2","0","0","0","0","0","0","0","0","4","0","","02","2","2015","3","40.405976","-79.886548","","11","0","0","0","0","0","0","0","0","2","0","0","0","","","2","","0","","40 24:21.515","5","0","79 53:11.573","3","0","0","0","2475","0","0","0","N","0","0","0","4","02475","0","","1.0","","1","N","N","","0","","2","0","0","","0","N","","2","2","0","0","0","0","0","2","0","2","","","","N","","","","","","","","","",""
"2015033905","","0","0","0","0","0","0","0","0","0","7","0","","02","3","2015","6","40.532077","-79.990291","","11","0","0","0","0","0","0","0","0","1","0","0","0","","","0","","0","","40 31:55.477","2","0","79 59:25.047","0","0","0","0","2116","0","0","0","N","0","0","0","1","02116","0","","5.0","","1","N","N","","1","","0","0","0","","0","N","","1","0","0","0","0","0","0","2","0","1","","","","N","","","","","","","","","",""
"2015035416","","1","0","0","0","0","0","0","0","0","7","0","","02","3","2015","3","40.457596","-79.989239","","11","0","0","0","0","0","0","0","0","","0","0","0","","","0","","3","","40 27:27.345","","0","79 59:21.260","0","0","0","0","2301","0","0","0","N","0","0","0","0","02301","0","","5.0","","1","N","N","","0","","0","0","0","","3","","","1","0","0","0","0","0","0","2","0","1","","","","N","","","","","","","","","",""
"2015033895","","2","0","0","0","0","0","0","0","0","1","0","","02","3","2015","5","40.544956","-79.972355","","11","0","0","0","0","0","1","0","0","2","0","0","0","","","0","","2","","40 32:41.840","5","0","79 58:20.478","0","0","0","0","2118","0","0","0","N","0","0","0","2","02118","0","","1.0","","1","N","N","","0","","0","0","0","","0","Y","","2","0","0","0","0","0","0","2","0","2","","","","N","","","","","","","","","",""
"2015035428","","0","0","0","0","0","0","0","0","0","7","0","","02","3","2015","3","40.490903","-79.884603","","11","0","0","0","0","0","0","0","0","1","0","1","0","","","1","","0","","40 29:27.249","4","0","79 53:04.572","4","0","0","0","2301","0","0","0","N","0","0","0","1","02301","1","","3.0","","1","N","N","","0","","0","0","0","","0","N","","1","1","0","0","0","0","0","2","0","1","","","","N","","","","","","","","","",""
"2015036008","","1","0","0","0","0","0","0","0","0","8","0","","02","3","2015","6","40.445075","-79.957312","","11","0","0","0","0","0","0","0","0","","0","0","0","","","1","","2","","40 26:42.270","","0","79 57:26.323","8","0","0","0","2301","1","0","0","N","1","0","0","2","02301","0","","1.0","","1","N","N","","0","","0","0","0","","0","","","2","1","0","0","0","1","0","2","0","1","","","","N","","","","","","","","","",""
"2015034611","","2","0","0","0","0","0","0","0","0","5","0","","02","3","2015","6","40.273125","-79.887275","","11","0","0","0","0","0","0","0","0","","0","0","0","","","1","","0","","40 16:23.250","","0","79 53:14.190","8","0","0","0","2428","0","0","0","N","0","0","0","2","02428","0","","5.0","","1","N","N","","0","","0","0","0","","0","","","2","1","0","0","0","1","0","2","0","2","","","","N","","","","","","","","","",""
"2015033209","","2","0","0","0","0","0","0","0","0","4","0","","02","3","2015","3","40.477598","-79.842736","","11","0","0","0","0","0","0","0","0","","0","0","0","","","0","","1","","40 28:39.352","","0","79 50:33.848","0","0","0","0","2113","0","0","0","N","0","0","0","3","02113","0","","1.0","","1","N","N","","0","","0","0","0","","3","","","2","0","0","0","0","0","0","2","0","2","","","","N","","","","","","","","","",""
"2015034598","","0","0","0","0","0","0","0","0","0","4","0","","02","3","2015","6","40.621649","-79.943472","","11","0","1","0","0","0","0","0","0","1","0","0","0","","","2","","0","","40 37:17.935","1","7","79 56:36.498","4","0","0","0","2217","0","0","0","N","0","0","0","3","02505","1","","1.0","","1","N","N","","0","","0","0","2","","0","N","","2","2","0","0","0","1","0","2","0","2","","","","N","","","","","","","","","",""
"2015034456","","2","0","0","0","0","0","0","0","0","4","0","","02","3","2015","7","40.476509","-80.031692","","11","0","0","0","0","0","0","0","0","","0","0","0","","","1","","1","","40 28:35.432","","0","80 01:54.091","4","0","0","0","2301","0","0","0","","0","0","0","3","02301","1","","1.0","","1","","","","0","","0","0","0","","2","","","2","1","0","0","0","0","0","2","0","2","","","","N","","","","","","","","","",""
"2015034535","","3","0","0","0","0","0","0","0","0","1","0","","02","3","2015","3","40.531799","-80.010441","","11","0","0","0","0","0","2","0","0","","0","0","0","","","0","","0","","40 31:54.478","","0","80 00:37.587","9","0","0","0","2116","0","0","0","N","0","0","0","3","02116","0","","1.0","","1","N","N","","0","","0","0","0","","0","","","3","0","0","0","0","0","1","2","0","3","","","","N","","","","","","","","","",""
"2015034599","","1","0","0","0","0","0","0","0","0","7","0","","02","3","2015","5","40.290932","-79.883944","","11","0","0","0","0","0","0","0","0","","0","0","0","","","0","","1","","40 17:27.355","","0","79 53:02.198","0","0","0","0","2302","0","0","0","N","0","0","0","1","02302","0","","9.0","","1","N","N","","0","","0","0","0","","0","","","1","0","0","0","0","0","0","2","0","1","","","","N","","","","","","","","","",""
"2015034613","","2","0","0","0","0","0","0","0","0","4","0","","02","3","2015","7","40.425806","-79.980833","","11","0","0","0","0","0","1","0","0","1","0","0","0","","","0","","0","","40 25:32.900","4","0","79 58:51.000","0","0","0","0","2301","0","0","0","N","0","0","0","2","02301","0","","1.0","","1","N","N","","0","","0","0","0","","0","N","","2","0","0","0","0","0","0","2","0","2","","","","N","","","","","","","","","",""
"2015035433","","0","0","0","0","0","0","0","0","0","0","1","","02","3","2015","2","40.35624","-80.044443","","11","0","0","0","0","0","1","0","0","2","0","1","0","","","0","","0","","40 21:22.463","3","0","80 02:39.996","0","0","0","0","2109","0","0","0","N","0","0","0","1","02109","0","","1.0","","1","N","N","","0","","0","0","0","","0","N","","1","0","0","0","0","0","0","2","0","1","","","","N","","","","","","","","","",""
"2015033566","","1","0","0","0","0","0","0","0","0","5","0","","02","3","2015","4","40.423817","-80.107914","","11","0","0","0","0","0","0","0","0","","0","0","0","","","1","","0","","40 25:25.742","","0","80 06:28.492","8","0","0","0","2115","0","0","0","N","0","0","0","2","68B03","0","","1.0","","7","N","N","","0","","0","0","1","","0","","","2","1","0","0","0","1","0","2","0","2","","","","N","","","","","","","","","",""
"2015036012","","1","0","0","0","0","0","0","0","0","5","1","","02","3","2015","6","40.436511","-79.975231","","11","0","0","0","0","0","1","1","0","1","0","1","0","","","1","","0","","40 26:11.440","4","0","79 58:30.832","4","0","0","0","2301","0","0","0","N","0","0","0","2","02301","1","","1.0","","1","N","N","","0","","0","0","0","","0","N","","2","1","0","0","0","0","0","2","0","2","","","","N","","","","","","","","","",""
"2015034536","","2","0","0","0","0","0","0","0","0","4","0","","02","3","2015","7","40.440907","-79.927795","","11","0","0","0","0","0","1","0","0","1","0","0","0","","","0","","1","","40 26:27.265","5","0","79 55:40.062","0","0","0","0","2301","0","0","0","N","0","0","0","4","02301","0","","1.0","","1","N","N","","0","","0","0","0","","2","Y","","2","0","0","0","0","0","0","2","0","2","","","","N","","","","","","","","","",""
"2015035434","","1","0","0","0","0","0","0","0","0","4","0","","02","3","2015","5","40.319971","-80.052885","","11","0","0","0","0","0","2","0","0","","0","0","0","","","1","","1","","40 19:11.895","","0","80 03:10.386","4","0","0","0","2407","0","0","0","N","0","0","0","2","02407","1","","1.0","","1","N","N","","0","","0","0","1","","3","","","2","1","0","0","0","0","0","2","0","2","","","","N","","","","","","","","","",""
"2015033567","","1","0","0","0","0","0","0","0","0","4","1","","02","3","2015","3","40.493359","-80.126565","","11","0","0","0","0","0","0","0","0","1","0","1","0","","","1","","0","","40 29:36.091","2","0","80 07:35.635","8","0","0","0","2115","0","0","0","N","0","0","0","2","68B03","0","","1.0","","1","N","N","","0","","0","0","0","","0","N","","2","1","0","0","0","1","0","2","0","2","","","","N","","","","","","","","","",""
"2015035942","","1","0","0","0","0","0","0","0","0","4","0","","02","3","2015","5","40.507343","-79.851647","","11","0","0","0","0","0","0","0","0","","0","0","0","","","1","","2","","40 30:26.433","","0","79 51:05.929","4","0","0","0","2112","0","0","0","N","0","0","0","2","02112","1","","1.0","","1","N","N","","1","","0","0","0","","2","","","2","1","0","0","0","0","0","2","0","2","","","","N","","","","","","","","","",""
"2015033715","","0","0","0","0","0","0","1","0","0","7","1","","02","3","2015","4","40.526613","-79.94988","","11","0","0","0","0","0","0","0","0","3","0","0","0","","","0","","0","","40 31:35.806","2","0","79 56:59.568","0","0","0","0","2118","0","0","0","Y","0","0","0","1","02118","0","","2.0","","1","N","N","","0","","0","0","0","","0","Y","","1","0","0","0","0","0","0","2","0","1","","","","N","","","","","","","","","",""
"2015034602","","3","0","0","0","0","0","0","0","0","1","0","","02","3","2015","3","40.48859","-79.90021","","11","0","0","0","0","0","0","0","0","","0","0","0","","","1","","0","","40 29:18.924","","0","79 54:00.757","4","0","0","0","2401","0","0","0","N","0","0","0","3","02401","1","","1.0","","9","N","N","","0","","0","0","0","","2","","","3","1","0","0","0","0","0","2","0","3","","","","N","","","","","","","","","",""
"2015035435","","1","0","0","0","0","0","0","0","0","1","0","","02","3","2015","5","40.327558","-80.030399","","11","0","0","0","0","0","1","0","0","","0","0","0","","","1","","2","","40 19:39.208","","0","80 01:49.436","4","0","0","0","2407","0","0","0","N","0","0","0","2","02407","1","","1.0","","1","N","N","","0","","0","0","1","","3","","","2","1","0","0","0","0","0","2","0","2","","","","N","","","","","","","","","",""
"2015033568","","0","0","0","0","0","0","0","0","0","1","0","45","02","3","2015","3","40.420882","-80.041925","","11","0","0","0","0","0","1","0","0","","0","1","0","","","0","","0","","40 25:15.175","","0","80 02:30.930","0","0","0","0","2435","0","0","0","N","0","0","0","4","68B03","0","","1.0","","1","N","N","","0","","0","0","2","","0","","","3","0","0","0","0","0","0","2","0","3","","","N","Y","4","1","N","N","N","N","N","N","Y",""
"2015035436","","1","0","0","0","0","0","0","0","0","7","0","","02","3","2015","6","40.33899","-80.002653","","11","0","0","0","0","0","0","0","0","4","0","0","0","","","1","","3","","40 20:20.364","6","0","80 00:09.550","4","0","0","0","2407","0","0","0","N","0","0","0","1","02407","1","","4.0","","1","N","N","","0","","0","0","0","","0","N","","1","1","0","0","0","0","0","2","0","1","","","","N","","","","","","","","","",""
"2015035945","","1","0","0","0","0","0","0","0","0","7","0","","02","3","2015","6","40.443611","-80.056389","","11","0","0","0","0","0","0","0","0","","0","0","0","","","0","","0","","40 26:37.000","","0","80 03:23.000","0","0","0","0","2301","0","0","0","N","0","0","0","0","02301","0","","4.0","","1","N","N","","0","","0","0","0","","0","","","1","0","0","0","0","0","0","2","0","1","","","","N","","","","","","","","","",""
"2015035437","","2","0","0","0","0","0","0","0","0","4","0","","02","3","2015","1","40.342918","-80.053184","","11","0","0","0","0","0","0","1","1","2","0","0","0","","","0","","1","","40 20:34.504","1","0","80 03:11.462","0","0","0","0","2407","0","0","0","N","0","0","0","3","02407","0","","1.0","","1","N","N","","0","","0","0","0","","2","N","","2","0","0","0","0","0","0","2","0","2","","","","N","","","","","","","","","",""
"2015033706","","1","0","0","0","0","0","0","0","0","7","0","","02","3","2015","5","40.315682","-80.095899","","11","0","0","0","0","0","0","0","0","","0","0","0","","","0","","0","","40 18:56.456","","0","80 05:45.235","0","0","0","0","2123","0","0","0","N","0","0","0","1","02123","0","","2.0","","1","N","Y","","0","","0","0","0","","0","","","1","0","0","0","0","0","0","2","0","1","","","","N","","","","","","","","","",""
"2015034605","","1","0","0","0","0","0","0","0","0","4","0","","02","3","2015","7","40.453915","-79.925969","","11","0","0","0","0","0","1","0","0","1","0","0","0","","","1","","0","","40 27:14.093","7","7","79 55:33.487","4","0","0","0","2301","0","0","0","N","0","0","0","2","02301","1","","2.0","","1","N","N","","1","","0","0","0","","0","N","","2","1","0","0","0","0","0","2","0","2","","","","N","","","","","","","","","",""
"2015033636","","1","0","0","0","0","0","0","0","0","7","0","","02","3","2015","5","40.412815","-79.844738","","11","0","0","0","0","0","0","0","0","2","0","0","0","","","2","","0","","40 24:46.135","4","0","79 50:41.055","4","0","0","0","2431","0","0","0","N","0","0","0","2","02431","2","","2.0","","1","N","N","","0","","0","0","0","","0","N","","1","2","0","0","0","0","0","2","0","1","","","","N","","","","","","","","","",""
"2015036018","","3","0","0","0","0","0","0","0","0","4","0","","02","3","2015","4","40.409566","-79.98772","","11","0","0","0","0","0","0","0","1","","0","0","0","","","0","","0","","40 24:34.437","","0","79 59:15.792","0","0","0","0","2447","0","0","0","N","0","0","0","1","02447","0","","1.0","","1","N","N","","2","","0","0","0","","0","","","5","0","1","0","0","0","0","2","0","5","","","","N","","","","","","","","","",""
"2015034475","","1","0","0","0","0","0","0","0","0","7","0","","02","3","2015","6","40.485639","-79.925556","","11","0","0","0","0","0","1","0","0","2","0","0","0","","","0","","0","","40 29:08.300","2","0","79 55:32.000","0","0","0","0","2301","0","0","0","N","0","0","0","1","02301","0","","1.0","","1","N","N","","0","","0","0","0","","0","N","","1","0","0","0","0","0","0","2","0","1","","","","N","","","","","","","","","",""
"2015034619","","1","0","0","0","0","0","0","0","0","7","0","","02","3","2015","7","40.599855","-80.083463","","11","0","0","0","0","0","0","0","0","","0","0","0","","","0","","1","","40 35:59.478","","0","80 05:00.466","0","0","0","0","2481","0","0","0","N","0","0","0","2","02481","0","","5.0","","1","N","N","","0","","0","0","0","","3","","","1","0","0","0","0","0","0","2","0","1","","","","N","","","","","","","","","",""
"2015035877","","0","0","0","0","0","0","0","0","0","99","0","","02","3","2015","4","40.421962","-79.854183","","11","0","0","0","0","0","0","0","0","","0","0","0","","","0","","0","","40 25:19.064","","0","79 51:15.060","0","0","0","0","2431","0","0","0","N","0","0","0","1","02431","0","","1.0","","1","N","N","","0","","0","0","1","","0","","","1","0","0","0","0","0","0","2","0","1","","","","N","","","","","","","","","",""
"2015036020","","1","0","0","0","0","0","0","0","0","4","0","","02","3","2015","5","40.61608","-79.72154","","11","0","0","0","0","0","0","1","0","","0","0","0","","","0","","2","","40 36:57.888","","0","79 43:17.544","0","0","0","0","2106","0","0","0","N","0","0","0","2","02106","0","","1.0","","9","N","N","","0","","0","0","0","","3","","","2","0","0","0","0","0","0","2","1","2","","","","N","","","","","","","","","",""
"2015033708","","1","0","0","0","0","0","0","0","0","2","0","","02","3","2015","5","40.450193","-80.107663","","11","0","0","0","0","0","0","2","0","2","0","0","0","","","1","","2","","40 27:00.696","7","0","80 06:27.587","4","0","0","0","2115","0","0","0","N","0","0","0","2","02126","1","","1.0","","1","N","N","","0","","0","0","1","","3","Y","","2","1","0","0","0","0","0","2","0","2","","","","N","","","","","","","","","",""
"2015034464","","1","0","0","0","0","0","0","0","0","1","0","","02","3","2015","6","40.683842","-80.027356","","11","0","1","1","0","0","0","0","0","","0","0","0","","","0","","0","","40 41:01.831","","0","80 01:38.481","0","0","0","0","2216","0","0","0","N","0","0","0","5","02505","0","","1.0","","9","N","N","","0","","0","0","0","","0","","","2","0","0","0","0","0","0","2","1","2","","","","N","","","","","","","","","",""
"2015034543","","0","0","0","0","0","0","0","0","0","5","0","","02","3","2015","7","40.428731","-79.915714","","11","0","0","0","0","0","0","0","0","1","0","0","0","","","1","","0","","40 25:43.431","5","0","79 54:56.570","4","0","0","0","2301","0","0","0","N","0","0","0","7","02301","1","","1.0","","1","N","N","","0","","0","0","1","","0","N","","2","1","0","0","0","0","0","2","1","2","","","","N","","","","","","","","","",""
"2015036021","","0","0","0","0","0","0","0","0","0","4","0","","02","3","2015","4","40.584069","-80.02802","","11","0","0","0","0","0","0","0","0","3","0","0","0","","","0","","2","","40 35:02.649","6","0","80 01:40.873","0","0","0","0","2108","0","0","0","N","0","0","0","2","02108","0","","1.0","","1","N","N","","0","","0","0","1","","3","N","","2","0","0","0","0","0","0","2","1","2","","","","N","","","","","","","","","",""
"2015034477","","2","0","0","0","0","0","0","0","0","1","0","","02","3","2015","3","40.403201","-80.05911","","11","0","0","0","0","0","0","0","0","","0","0","0","","","0","","0","","40 24:11.523","","0","80 03:32.797","0","0","0","0","2117","0","0","0","N","0","0","0","2","02117","0","","1.0","","1","N","N","","0","","0","0","0","","0","","","2","0","0","0","0","0","0","2","0","2","","","","N","","","","","","","","","",""
"2015034544","","1","0","0","0","0","0","0","0","0","99","0","","02","3","2015","7","40.564944","-79.859861","","11","0","0","0","0","0","1","0","0","","0","0","0","","","0","","0","","40 33:53.800","","0","79 51:35.500","0","0","0","0","2209","0","0","0","N","0","0","0","2","02209","0","","1.0","","1","N","N","","0","","0","0","0","","0","","","1","0","0","0","0","0","0","2","0","1","","","","N","","","","","","","","","",""
"2015034609","","1","0","0","0","0","0","0","0","0","6","0","","02","3","2015","7","40.478908","-80.043019","","11","0","0","0","0","0","0","0","0","1","0","0","0","","","0","","1","","40 28:44.067","1","0","80 02:34.868","0","0","0","0","2301","0","0","0","N","0","0","0","2","02301","0","","1.0","","1","N","N","","1","","0","0","0","","2","N","","2","0","0","0","0","0","0","2","0","2","","","","N","","","","","","","","","",""
"2015036022","","2","0","0","0","0","0","0","0","0","4","0","","02","3","2015","5","40.582227","-80.062891","","11","0","0","0","0","0","2","1","0","1","0","0","0","","","0","","1","","40 34:56.017","6","0","80 03:46.409","0","0","0","0","2108","0","0","0","N","0","0","0","5","02108","0","","1.0","","9","N","N","","0","","0","0","1","","3","N","","3","0","0","0","0","0","0","2","0","3","","","","N","","","","","","","","","",""
"2015035881","","1","0","0","0","0","0","0","0","0","8","0","","02","3","2015","2","40.448413","-79.934205","","11","0","0","0","0","0","1","0","0","","0","0","0","","","1","","2","","40 26:54.286","","0","79 56:03.138","8","0","0","0","2301","1","0","0","N","1","0","0","2","02301","0","","1.0","","1","N","N","","0","","0","0","0","","2","","","2","1","0","0","0","1","0","2","0","1","","","","N","","","","","","","","","",""
"2015035952","","1","0","0","0","0","0","0","0","0","0","0","","02","3","2015","6","40.481685","-79.873089","","11","0","0","0","0","0","1","0","0","","0","0","0","","","0","","0","","40 28:54.066","","0","79 52:23.121","0","0","0","0","2113","0","0","0","N","0","0","0","1","02113","0","","2.0","","9","N","N","","0","","0","0","0","","0","","","1","0","1","0","0","0","0","2","0","1","","","","N","","","","","","","","","",""
"2015036023","","1","0","0","0","0","0","0","0","0","4","0","","02","3","2015","7","40.448433","-80.158024","","11","0","0","0","1","0","0","0","0","","0","0","0","","","0","","1","","40 26:54.357","","0","80 09:28.887","0","0","0","0","2115","0","0","0","N","0","0","0","2","02115","0","","1.0","","9","N","N","","0","","0","0","1","","2","","","2","0","0","0","0","0","0","2","0","2","","","","N","","","","","","","","","",""
"2015034479","","2","0","0","0","0","0","0","0","0","1","0","","02","3","2015","5","40.422861","-80.03055","","11","0","0","0","0","0","0","0","0","","0","0","0","","","0","","6","","40 25:22.301","","0","80 01:49.980","0","0","0","0","2301","0","0","0","N","0","0","0","2","02301","0","","1.0","","1","N","N","","0","","0","0","0","","4","","","2","0","0","0","0","0","0","2","0","2","","","","N","","","","","","","","","",""
"2015033641","","1","0","0","0","0","0","0","0","0","7","0","","02","3","2015","4","40.61109","-79.952445","","11","0","0","0","0","0","1","0","0","1","0","0","0","","","2","","0","","40 36:39.923","5","0","79 57:08.802","8","0","0","0","2207","0","0","0","N","0","0","0","2","02207","0","","5.0","","1","N","N","","0","","0","0","0","","0","Y","","1","2","0","0","0","2","0","2","0","1","","","","N","","","","","","","","","",""
"2015036024","","0","0","0","0","0","0","0","0","0","1","1","","02","3","2015","2","40.499694","-80.175034","","11","0","1","0","0","0","0","0","0","2","0","1","0","","","0","","0","","40 29:58.897","1","0","80 10:30.122","0","0","0","0","2213","0","0","0","N","0","0","0","2","02213","0","","1.0","","1","N","N","","0","","0","0","0","","0","N","","2","0","1","0","0","0","0","2","1","2","","","","N","","","","","","","","","",""
"2015033923","","1","0","0","0","0","0","0","0","0","7","0","","02","3","2015","5","40.393448","-79.837051","","11","0","0","0","0","0","0","0","0","1","0","0","0","","","0","","0","","40 23:36.412","4","3","79 50:13.382","0","0","0","0","2425","0","0","0","N","0","0","0","1","02425","0","","3.0","","1","N","N","","0","","0","0","0","","0","N","","1","0","0","0","0","0","0","2","0","1","","","","N","","","","","","","","","",""
"2015035883","","2","0","0","0","0","0","0","0","0","4","0","","02","3","2015","5","40.402012","-80.000594","","11","0","0","0","0","0","1","0","0","","0","0","0","","","1","","1","","40 24:07.244","","0","80 00:02.139","3","0","0","0","2301","0","0","0","N","0","0","0","2","02301","0","","1.0","","9","N","N","","0","","1","0","0","","2","","","2","1","0","0","0","0","0","2","0","2","","","","N","","","","","","","","","",""
"2015034340","","0","0","0","0","0","0","0","0","0","7","0","","02","3","2015","6","40.474604","-80.005178","","11","0","0","0","0","0","0","0","0","","0","0","0","","","0","","5","","40 28:28.574","","2","80 00:18.642","0","0","0","0","2301","0","0","0","N","0","0","0","1","02301","0","","2.0","","1","N","N","","0","","0","0","1","","0","","","1","0","0","0","0","0","0","2","0","1","","","","N","","","","","","","","","",""
"2015036025","","1","0","0","0","0","0","0","0","0","4","0","","02","3","2015","6","40.519726","-80.217799","","11","0","0","0","0","0","0","0","0","","0","0","0","","","1","","1","","40 31:11.012","","0","80 13:04.075","8","0","0","0","2213","0","0","0","N","0","0","0","2","02213","0","","1.0","","1","N","N","","0","","0","0","1","","2","","","2","1","1","0","0","1","0","2","0","2","","","","N","","","","","","","","","",""
"2015034548","","0","0","0","0","0","0","0","0","0","2","0","","02","3","2015","7","40.485363","-80.009545","","11","0","0","0","0","0","1","0","0","2","0","0","0","","","0","","1","","40 29:07.307","1","0","80 00:34.363","0","0","0","0","2301","0","0","0","N","0","0","0","2","02301","0","","1.0","","1","N","N","","0","","0","0","2","","2","N","","2","0","0","0","0","0","0","2","0","2","","","","N","","","","","","","","","",""
"2015035381","","1","0","0","0","0","0","0","0","0","8","0","","02","3","2015","2","40.403023","-79.941947","","11","0","0","0","0","0","0","0","0","3","1","0","0","","","0","","0","","40 24:10.882","5","0","79 56:31.008","1","0","0","0","2301","1","1","0","N","1","1","0","2","02301","0","2","1.0","","1","N","N","","0","0","0","0","0","","0","Y","","2","0","0","0","0","0","0","2","0","1","","","","N","","","","","","","","","",""
"2015035956","","2","0","0","0","0","0","0","0","0","4","0","","02","3","2015","5","40.603276","-79.757344","","11","0","0","0","0","0","1","0","0","2","0","0","0","","","1","","1","","40 36:11.794","1","0","79 45:26.437","4","0","0","0","2464","0","0","0","N","0","0","0","3","02464","1","","1.0","","9","N","N","","1","","0","0","0","","0","Y","","3","1","0","0","0","0","0","2","0","3","","","","N","","","","","","","","","",""
"2015036026","","2","0","0","0","0","0","0","0","0","1","0","","02","3","2015","6","40.533267","-80.187606","","11","0","0","0","1","0","0","0","0","","0","0","0","","","0","","0","","40 31:59.761","","3","80 11:15.382","0","0","0","0","2213","0","0","0","N","0","0","0","2","02213","0","","1.0","","1","N","N","","0","","0","0","0","","0","","","2","0","0","0","0","0","0","2","0","2","","","","N","","","","","","","","","",""
"2015035382","","2","0","0","0","0","0","0","0","0","1","0","","02","3","2015","2","40.323294","-79.838703","","11","0","0","0","0","0","1","0","0","2","0","0","0","","","2","","0","","40 19:23.857","2","0","79 50:19.330","8","0","0","0","2304","0","0","0","N","0","0","0","4","02304","0","","1.0","","1","N","N","","0","","0","0","1","","0","N","","3","2","0","0","0","2","0","2","0","3","","","","N","","","","","","","","","",""
"2015036027","","2","0","0","0","0","0","0","0","0","1","0","","02","3","2015","7","40.33451","-80.051441","","11","0","0","0","0","0","1","0","0","","0","0","0","","","1","","0","","40 20:04.236","","0","80 03:05.187","4","0","0","0","2407","0","0","0","N","0","0","0","2","02407","1","","1.0","","9","N","N","","0","","0","0","0","","0","","","2","1","0","0","0","0","0","2","0","2","","","","N","","","","","","","","","",""
"2015034345","","1","0","0","0","0","0","0","0","0","99","0","","02","3","2015","6","40.460664","-79.932397","","11","0","0","0","0","0","0","0","0","","0","0","0","","","0","","1","","40 27:38.390","","0","79 55:56.629","9","0","0","0","2301","0","0","0","N","0","0","0","1","02301","0","","1.0","","1","N","N","","0","","0","0","0","","2","","","1","0","1","0","0","0","1","2","0","1","","","","N","","","","","","","","","",""