"CRN","ARRIVAL_TM","AUTOMOBILE_COUNT","BELTED_DEATH_COUNT","BELTED_SUSP_SERIOUS_INJ_COUNT","BICYCLE_COUNT","BICYCLE_DEATH_COUNT","BICYCLE_SUSP_SERIOUS_INJ_COUNT","BUS_COUNT","CHLDPAS_DEATH_COUNT","CHLDPAS_SUSP_SERIOUS_INJ_COUNT","COLLISION_TYPE","COMM_VEH_COUNT","CONS_ZONE_SPD_LIM","COUNTY","CRASH_MONTH","CRASH_YEAR","DAY_OF_WEEK","DEC_LATITUDE","DEC_LONGITUDE","DISPATCH_TM","DISTRICT","DRIVER_COUNT_16YR","DRIVER_COUNT_17YR","DRIVER_COUNT_18YR","DRIVER_COUNT_19YR","DRIVER_COUNT_20YR","DRIVER_COUNT_50_64YR","DRIVER_COUNT_65_74YR","DRIVER_COUNT_75PLUS","EST_HRS_CLOSED","FATAL_COUNT","HEAVY_TRUCK_COUNT","HORSE_BUGGY_COUNT","HOUR_OF_DAY","ILLUMINATION","INJURY_COUNT","INTERSECTION_RELATED","INTERSECT_TYPE","LANE_CLOSED","LATITUDE","LN_CLOSE_DIR","LOCATION_TYPE","LONGITUDE","MAX_SEVERITY_LEVEL","MCYCLE_DEATH_COUNT","MCYCLE_SUSP_SERIOUS_INJ_COUNT","MOTORCYCLE_COUNT","MUNICIPALITY","NONMOTR_COUNT","NONMOTR_DEATH_COUNT","NONMOTR_SUSP_SERIOUS_INJ_COUNT","NTFY_HIWY_MAINT","PED_COUNT","PED_DEATH_COUNT","PED_SUSP_SERIOUS_INJ_COUNT","PERSON_COUNT","POLICE_AGCY","POSSIBLE_INJ_COUNT","RDWY_SURF_TYPE_CD","RELATION_TO_ROAD","ROADWAY_CLEARED","ROAD_CONDITION","SCH_BUS_IND","SCH_ZONE_IND","SECONDARY_CRASH","SMALL_TRUCK_COUNT","SPEC_JURIS_CD","SUSP_MINOR_INJ_COUNT","SUSP_SERIOUS_INJ_COUNT","SUV_COUNT","TCD_FUNC_CD","TCD_TYPE","TFC_DETOUR_IND","TIME_OF_DAY","TOTAL_UNITS","TOT_INJ_COUNT","UNBELTED_OCC_COUNT","UNB_DEATH_COUNT","UNB_SUSP_SERIOUS_INJ_COUNT","UNK_INJ_DEG_COUNT","UNK_INJ_PER_COUNT","URBAN_RURAL","VAN_COUNT","VEHICLE_COUNT","WEATHER1","WEATHER2","WORKERS_PRES","WORK_ZONE_IND","WORK_ZONE_LOC","WORK_ZONE_TYPE","WZ_CLOSE_DETOUR","WZ_FLAGGER","WZ_LAW_OFFCR_IND","WZ_LN_CLOSURE","WZ_MOVING","WZ_OTHER","WZ_SHLDER_MDN","WZ_WORKERS_INJ_KILLED"
"2015041260","","3","0","0","0","0","0","0","0","0","1","0","","02","4","2015","7","40.449964","-79.903772","","11","0","0","0","0","0","1","0","1","2","0","0","0","","","0","","1","","40 26:59.871","7","0","79 54:13.579","0","0","0","0","2301","0","0","0","N","0","0","0","6","02301","0","","1.0","","1","N","N","","0","","0","0","1","","2","Y","","4","0","1","0","0","0","0","2","0","4","","","","N","","","","","","","","","",""
"2015039955","","1","0","0","0","0","0","0","0","0","7","0","","02","4","2015","3","40.491652","-79.908603","","11","0","0","0","0","0","0","0","0","","0","0","0","","","0","","0","","40 29:29.946","","2","79 54:30.972","0","0","0","0","2112","0","0","0","N","0","0","0","1","02112","0","","1.0","","9","N","N","","0","","0","0","0","","0","","","1","0","0","0","0","0","0","2","0","1","","","","N","","","","","","","","","",""
"2015042116","","2","0","0","0","0","0","0","0","0","4","0","","02","4","2015","2","40.4382","-79.779303","","11","0","0","0","0","0","0","0","0","","0","0","0","","","0","","2","","40 26:17.519","","0","79 46:45.490","0","0","0","0","2446","0","0","0","N","0","0","0","3","02446","0","","1.0","","1","N","N","","0","","0","0","0","","3","","","2","0","0","0","0","0","0","2","0","2","","","","N","","","","","","","","","",""
"2015041248","","1","0","0","0","0","0","0","0","0","4","0","","02","4","2015","6","40.370281","-79.997669","","11","0","0","0","0","0","1","0","0","","0","0","0","","","0","","2","","40 22:13.013","","0","79 59:51.607","0","0","0","0","2476","0","0","0","N","0","0","0","2","02476","0","","1.0","","1","N","N","","0","","0","0","1","","3","","","2","0","0","0","0","0","0","2","0","2","","","","N","","","","","","","","","",""
"2015040729","","5","0","1","0","0","0","0","0","0","4","0","","02","4","2015","5","40.4528","-79.928805","","11","0","0","0","0","0","0","0","0","2","0","0","0","","","2","","1","","40 27:10.080","1","0","79 55:43.698","2","0","0","0","2301","0","0","0","N","0","0","0","2","02301","1","","1.0","","1","N","N","","0","","0","1","3","","3","N","","8","2","0","0","0","0","0","2","0","8","","","","N","","","","","","","","","",""
"2015039681","","1","0","0","0","0","0","0","0","0","5","0","","02","3","2015","4","40.435888","-79.978194","","11","0","0","0","0","0","1","0","0","1","0","0","0","","","1","","0","","40 26:09.198","4","0","79 58:41.500","8","0","0","0","2301","0","0","0","N","0","0","0","3","68B03","0","","1.0","","6","N","N","","0","","0","0","1","","0","N","","2","1","0","0","0","1","0","2","0","2","","","","N","","","","","","","","","",""
"2015041553","","1","0","0","0","0","0","0","0","0","7","0","","02","4","2015","1","40.452489","-79.945898","","11","0","0","0","0","0","0","0","0","","0","0","0","","","0","","1","","40 27:08.960","","0","79 56:45.232","0","0","0","0","2301","0","0","0","N","0","0","0","1","02301","0","","5.0","","1","N","N","","0","","0","0","0","","0","","","1","0","0","0","0","0","0","2","0","1","","","","N","","","","","","","","","",""
"2015039682","","4","0","0","0","0","0","0","0","0","5","0","","02","3","2015","6","40.435721","-79.977116","","11","0","0","0","0","0","0","0","0","2","0","0","0","","","2","","0","","40 26:08.596","3","0","79 58:37.617","8","0","0","0","2301","0","0","0","N","0","0","0","6","68B03","0","","1.0","","1","N","N","","0","","0","0","2","","0","N","","6","2","0","0","0","2","0","2","0","6","","","","N","","","","","","","","","",""
"2015041487","","0","0","0","0","0","0","0","0","0","7","0","","02","4","2015","7","40.552359","-79.972618","","11","0","0","0","0","0","0","0","0","1","0","0","0","","","2","","0","","40 33:08.492","5","0","79 58:21.424","4","0","0","0","2118","0","0","0","N","0","0","0","2","02118","2","","5.0","","1","N","N","","0","","0","0","1","","0","Y","","1","2","0","0","0","0","0","2","0","1","","","","N","","","","","","","","","",""
"2015041557","","1","0","0","0","0","0","0","0","0","7","0","","02","4","2015","7","40.531356","-79.944461","","11","0","0","0","0","0","0","0","1","","0","0","0","","","1","","0","","40 31:52.881","","0","79 56:40.059","3","0","0","0","2118","0","0","0","N","0","0","0","1","02118","0","","2.0","","1","N","N","","0","","1","0","0","","0","","","1","1","0","0","0","0","0","2","0","1","","","","N","","","","","","","","","",""
"2015039683","","1","0","0","0","0","0","0","0","0","1","0","","02","4","2015","1","40.430032","-79.883822","","11","0","0","0","0","0","0","0","0","","0","0","0","","","0","","0","","40 25:48.115","","0","79 53:01.760","0","0","0","0","2426","0","0","0","N","0","0","0","3","68B03","0","","1.0","","1","N","N","","0","","0","0","1","","0","","","3","0","0","0","0","0","0","2","1","3","","","","N","","","","","","","","","",""
"2015039745","","2","0","0","0","0","0","0","0","0","4","0","","02","4","2015","7","40.438563","-79.760372","","11","0","0","0","0","0","1","0","0","2","0","0","0","","","1","","0","","40 26:18.827","1","0","79 45:37.339","8","0","0","0","2446","0","0","0","N","0","0","0","10","02446","0","","1.0","","1","N","N","","1","","0","0","1","","2","N","","4","1","0","0","0","1","0","2","0","4","","","","N","","","","","","","","","",""
"2015042120","","2","0","0","0","0","0","0","0","0","4","0","","02","4","2015","3","40.435008","-79.956014","","11","0","0","0","0","0","0","0","0","1","0","0","0","","","0","","2","","40 26:06.028","3","0","79 57:21.650","0","0","0","0","2301","0","0","0","N","0","0","0","3","02301","0","","1.0","","1","N","N","","0","","0","0","0","","3","N","","2","0","1","0","0","0","0","2","0","2","","","","N","","","","","","","","","",""
"2015039673","","1","0","0","0","0","0","0","0","0","2","0","","02","4","2015","4","40.514323","-80.163105","","11","0","1","0","0","0","0","1","0","","0","0","0","","","0","","1","","40 30:51.562","","0","80 09:47.178","0","0","0","0","2420","0","0","0","N","0","0","0","2","02420","0","","1.0","","1","N","N","","0","","0","0","1","","3","","","2","0","0","0","0","0","0","2","0","2","","","","N","","","","","","","","","",""
"2015039962","","1","0","0","0","0","0","0","0","0","0","0","","02","3","2015","1","40.387565","-79.960391","","11","0","0","1","0","0","0","0","0","2","0","0","0","","","1","","0","","40 23:15.234","4","0","79 57:37.407","8","0","0","0","2403","0","0","0","N","0","0","0","1","02403","0","","5.0","","2","N","N","","0","","0","0","0","","0","N","","1","1","0","0","0","1","0","2","0","1","","","","N","","","","","","","","","",""
"2015041269","","0","0","0","0","0","0","0","0","0","0","0","","02","4","2015","7","40.438167","-79.995972","","11","0","0","0","0","0","1","0","0","1","0","0","0","","","1","","0","","40 26:17.400","3","0","79 59:45.500","3","0","0","0","2301","0","0","0","N","0","0","0","2","02301","0","","1.0","","1","N","N","","0","","1","0","1","","0","N","","1","1","1","0","0","0","0","2","0","1","","","","N","","","","","","","","","",""
"2015042175","","2","0","0","0","0","0","0","0","0","1","0","","02","4","2015","4","40.449161","-80.024947","","11","0","0","0","0","0","1","0","0","1","0","0","0","","","2","","0","","40 26:56.981","3","0","80 01:29.809","3","0","0","0","2301","0","0","0","N","0","0","0","3","02301","0","","1.0","","1","N","N","","0","","2","0","0","","0","N","","2","2","0","0","0","0","0","2","0","2","","","","N","","","","","","","","","",""
"2015039832","","2","0","0","0","0","0","0","0","0","1","0","","02","4","2015","3","40.365455","-79.84218","","11","0","0","0","0","0","0","1","0","","0","0","0","","","0","","6","","40 21:55.638","","0","79 50:31.848","0","0","0","0","2303","0","0","0","N","0","0","0","2","02303","0","","1.0","","1","N","N","","0","","0","0","0","","4","","","2","0","0","0","0","0","0","2","0","2","","","","N","","","","","","","","","",""
"2015039209","","1","0","0","0","0","0","0","0","0","4","0","","02","4","2015","6","40.415643","-80.011131","","11","0","0","0","0","0","0","0","0","","0","0","0","","","2","","2","","40 24:56.314","","0","80 00:40.071","4","0","0","0","2301","0","0","0","N","0","0","0","2","02301","2","","1.0","","1","N","N","","0","","0","0","1","","2","","","2","2","0","0","0","0","0","2","0","2","","","","N","","","","","","","","","",""
"2015039423","","1","0","0","0","0","0","0","0","0","0","0","","02","4","2015","7","40.419731","-80.103712","","11","0","0","0","0","0","0","1","0","","0","0","0","","","3","","6","","40 25:11.030","","0","80 06:13.362","8","0","0","0","2115","0","0","0","N","0","0","0","4","68B03","0","","1.0","","1","N","N","","0","","0","0","0","","0","","","2","3","0","0","0","3","0","2","1","2","","","","N","","","","","","","","","",""
"2015042177","","1","0","0","0","0","0","0","0","0","4","0","","02","4","2015","2","40.368119","-80.028093","","11","0","0","0","0","0","0","2","0","2","0","0","0","","","0","","0","","40 22:05.230","4","7","80 01:41.133","0","0","0","0","2109","0","0","0","N","0","0","0","2","02109","0","","1.0","","1","N","N","","0","","0","0","1","","0","N","","2","0","0","0","0","0","0","2","0","2","","","","N","","","","","","","","","",""
"2015040041","","1","0","0","0","0","0","0","0","0","7","0","","02","3","2015","7","40.34802","-80.010515","","11","0","0","0","0","0","0","0","0","","0","0","0","","","1","","0","","40 20:52.873","","0","80 00:37.853","3","0","0","0","2407","0","0","0","N","0","0","0","1","02407","0","","4.0","","1","N","N","","0","","1","0","0","","3","","","1","1","0","0","0","0","0","2","0","1","","","","N","","","","","","","","","",""
"2015039835","","1","0","0","0","0","0","0","0","0","4","0","","02","4","2015","2","40.65526","-80.088601","","11","0","0","0","0","0","0","0","0","","0","0","0","","","0","","2","","40 39:18.937","","0","80 05:18.965","0","0","0","0","2212","0","0","0","N","0","0","0","2","02505","0","","1.0","","1","N","N","","1","","0","0","0","","3","","","2","0","0","0","0","0","0","2","0","2","","","","N","","","","","","","","","",""
"2015042178","","0","0","0","0","0","0","0","0","0","4","0","","02","4","2015","7","40.516312","-80.197355","","11","0","0","1","0","0","0","0","0","1","0","0","0","","","0","","2","","40 30:58.723","2","0","80 11:50.478","0","0","0","0","2213","0","0","0","N","0","0","0","3","02213","0","","1.0","","1","N","N","","1","","0","0","1","","3","N","","2","0","0","0","0","0","0","2","0","2","","","","N","","","","","","","","","",""
"2015039979","","0","0","0","0","0","0","0","0","0","4","1","","02","4","2015","3","40.278492","-79.855916","","11","0","0","0","0","0","1","0","1","","0","0","0","","","0","","2","","40 16:42.572","","0","79 51:21.296","0","0","0","0","2105","0","0","0","N","0","0","0","3","02105","0","","1.0","","1","Y","N","","0","","0","0","1","","3","","","2","0","0","0","0","0","0","1","1","2","","","","N","","","","","","","","","",""
"2015040042","","1","0","0","0","0","0","0","0","0","4","0","","02","3","2015","3","40.36943","-80.031404","","11","0","0","0","0","0","0","0","0","","0","0","0","","","1","","0","","40 22:09.948","","0","80 01:53.055","4","0","0","0","2416","0","0","0","N","0","0","0","3","02416","1","","1.0","","1","N","N","","0","","0","0","1","","0","","","2","1","0","0","0","0","0","2","0","2","","","","N","","","","","","","","","",""
"2015040806","","1","0","0","0","0","0","0","0","0","2","0","","02","4","2015","6","40.514023","-79.95905","","11","0","0","0","0","0","0","0","0","","0","0","0","","","0","","0","","40 30:50.484","","0","79 57:32.580","0","0","0","0","2118","0","0","0","N","0","0","0","2","02118","0","","1.0","","9","N","N","","0","","0","0","1","","0","","","2","0","0","0","0","0","0","2","0","2","","","","N","","","","","","","","","",""
"2015041648","","1","0","0","0","0","0","1","0","0","5","1","","02","4","2015","2","40.441609","-80.005075","","11","0","0","0","0","0","1","0","0","","0","0","0","","","0","","3","","40 26:29.791","","0","80 00:18.271","0","0","0","0","2301","0","0","0","N","0","0","0","2","02503","0","","1.0","","1","N","N","","0","","0","0","0","","0","","","2","0","0","0","0","0","0","2","0","2","","","","N","","","","","","","","","",""
"2015039754","","1","0","0","0","0","0","0","0","0","2","0","","02","4","2015","7","40.448382","-79.945704","","11","0","0","0","0","0","0","0","0","","0","0","0","","","0","","0","","40 26:54.175","","0","79 56:44.534","9","0","0","0","2301","0","0","0","N","0","0","0","1","02301","0","","6.0","","1","N","N","","0","","0","0","0","","0","","","2","0","0","0","0","0","1","2","0","2","","","","N","","","","","","","","","",""
"2015042191","","0","0","0","0","0","0","0","0","0","7","0","","02","4","2015","4","40.518484","-80.134755","","11","0","0","0","0","0","1","0","0","1","0","0","0","","","0","","3","","40 31:06.544","2","0","80 08:05.117","0","0","0","0","2434","0","0","0","N","0","0","0","1","68B03","0","","3.0","","9","N","N","","0","","0","0","1","","0","N","","1","0","0","0","0","0","0","2","0","1","","","","N","","","","","","","","","",""
"2015039980","","0","0","0","0","0","0","0","0","0","7","0","","02","4","2015","2","40.464054","-79.75895","","11","0","0","0","0","0","0","1","0","","0","0","0","","","1","","0","","40 27:50.595","","0","79 45:32.221","4","0","0","0","2466","0","0","0","N","0","0","0","1","02466","1","","5.0","","1","N","N","","0","","0","0","1","","0","","","1","1","0","0","0","0","0","2","0","1","","","","N","","","","","","","","","",""
"2015040740","","2","0","0","0","0","0","0","0","0","1","0","45","02","3","2015","5","40.41336","-80.080681","","11","0","0","0","0","0","2","0","0","2","0","0","0","","","0","","0","","40 24:48.097","4","3","80 04:50.451","0","0","0","0","2415","0","0","0","N","0","0","0","5","68B03","0","","1.0","","1","N","N","","0","","0","0","1","","0","N","","3","0","0","0","0","0","0","2","0","3","","","Y","Y","4","1","N","N","N","N","N","N","Y",""
"2015040043","","1","0","0","0","0","0","0","0","0","4","0","","02","4","2015","4","40.366467","-80.014111","","11","0","0","0","0","0","0","0","0","","0","0","0","","","0","","0","","40 21:59.280","","0","80 00:50.799","0","0","0","0","2416","0","0","0","N","0","0","0","2","02416","0","","1.0","","1","N","N","","1","","0","0","0","","0","","","2","0","0","0","0","0","0","2","0","2","","","","N","","","","","","","","","",""
"2015041649","","0","0","0","0","0","0","0","0","0","4","0","","02","4","2015","1","40.338931","-79.960406","","11","0","0","0","0","0","1","0","1","1","0","0","0","","","1","","1","","40 20:20.150","1","0","79 57:37.463","3","0","0","1","2454","0","0","0","N","0","0","0","2","02454","0","","1.0","","1","N","N","","1","","1","0","0","","2","Y","","2","1","0","0","0","0","0","2","0","2","","","","N","","","","","","","","","",""
"2015041277","","0","0","0","0","0","0","0","0","0","1","0","","02","4","2015","7","40.4755","-80.086333","","11","0","0","0","0","0","0","0","0","","0","0","0","","","1","","0","","40 28:31.800","","0","80 05:10.800","8","0","0","0","2126","0","0","0","N","0","0","0","2","02126","0","","1.0","","1","N","N","","1","","0","0","1","","0","","","2","1","0","0","0","1","0","2","0","2","","","","N","","","","","","","","","",""
"2015042066","","0","0","0","0","0","0","0","0","0","7","0","","02","4","2015","1","40.429267","-79.999168","","11","0","0","0","1","0","0","0","0","","0","0","0","","","0","N","0","","40 25:45.360","","0","79 59:57.005","0","0","0","0","2301","0","0","0","N","0","0","0","1","02301","0","","2.0","","1","N","N","","1","","0","0","0","","0","","","1","0","0","0","0","0","0","2","0","1","","","","N","","","","","","","","","",""
"2015040741","","1","0","0","0","0","0","0","0","0","1","0","","02","4","2015","1","40.431222","-79.872759","","11","0","0","0","0","0","1","0","0","","0","0","0","","","0","","0","","40 25:52.399","","0","79 52:21.932","0","0","0","0","2478","0","0","0","N","0","0","0","4","68B03","0","","1.0","","1","N","N","","0","","0","0","1","","0","","","2","0","0","0","0","0","0","2","0","2","","","","N","","","","","","","","","",""
"2015039279","","2","0","0","0","0","0","0","0","0","4","0","","02","4","2015","1","40.42418","-79.970407","","11","0","0","0","0","0","0","0","1","","0","0","0","","","1","","2","","40 25:27.048","","0","79 58:13.465","8","0","0","0","2301","0","0","0","N","0","0","0","2","02301","0","","1.0","","1","N","N","","0","","0","0","0","","3","","","2","1","0","0","0","1","0","2","0","2","","","","N","","","","","","","","","",""
"2015040808","","0","0","0","0","0","0","0","0","0","7","0","","02","4","2015","6","40.526033","-79.703953","","11","0","1","0","0","0","0","0","0","3","0","0","0","","","1","","0","","40 31:33.720","3","0","79 42:14.230","4","0","0","0","2466","0","0","0","N","0","0","0","1","02466","1","","5.0","","9","N","N","","1","","0","0","0","","0","N","","1","1","0","0","0","0","0","1","0","1","","","","N","","","","","","","","","",""
"2015040453","","1","0","0","0","0","0","0","0","0","1","0","","02","4","2015","4","40.437625","-79.77","","11","0","0","0","0","0","0","0","0","1","0","0","0","","","0","","0","","40 26:15.450","2","0","79 46:12.000","0","0","0","0","2446","0","0","0","N","0","0","0","3","02446","0","","1.0","","1","N","N","","0","","0","0","0","","0","N","","2","0","1","0","0","0","0","2","1","2","","","","N","","","","","","","","","",""
"2015040522","","3","0","0","0","0","0","0","0","0","4","0","","02","4","2015","5","40.439147","-79.962119","","11","0","0","0","0","0","1","0","0","1","0","0","0","","","0","","2","","40 26:20.929","5","0","79 57:43.628","0","0","0","0","2301","0","0","0","N","0","0","0","2","02301","0","","1.0","","1","N","N","","0","","0","0","0","","2","N","","3","0","0","0","0","0","0","2","0","3","","","","N","","","","","","","","","",""
"2015041368","","1","0","0","0","0","0","0","0","0","4","0","","02","4","2015","1","40.457215","-79.997827","","11","0","0","0","0","0","1","0","0","","0","0","0","","","0","","1","","40 27:25.975","","0","79 59:52.178","0","0","0","0","2301","0","0","0","N","0","0","0","5","02301","0","","1.0","","1","N","N","","0","","0","0","1","","2","","","2","0","0","0","0","0","0","2","0","2","","","","N","","","","","","","","","",""
"2015039982","","1","0","0","0","0","0","0","0","0","4","0","","02","4","2015","3","40.485102","-80.012521","","11","0","0","0","0","0","0","0","0","","0","0","0","","","0","","0","","40 29:06.367","","0","80 00:45.075","0","0","0","0","2301","0","0","0","N","0","0","0","1","02301","0","","6.0","","1","N","N","","0","","0","0","1","","0","","","2","0","0","0","0","0","0","2","0","2","","","","N","","","","","","","","","",""
"2015040742","","1","0","0","0","0","0","0","0","0","1","0","","02","4","2015","4","40.429605","-80.028221","","11","0","0","0","0","0","2","0","0","","0","0","0","","","1","","0","","40 25:46.578","","0","80 01:41.594","8","0","0","0","2301","0","0","0","N","0","0","0","2","68B03","0","","1.0","","1","N","N","","0","","0","0","1","","0","","","2","1","0","0","0","1","0","2","0","2","","","","N","","","","","","","","","",""
"2015039280","","0","0","0","0","0","0","0","0","0","1","0","","02","4","2015","7","40.446322","-79.848397","","11","0","0","0","0","0","1","0","0","","0","0","0","","","0","","6","","40 26:46.759","","2","79 50:54.228","0","0","0","0","2419","0","0","0","N","0","0","0","2","02419","0","","1.0","","1","N","N","","1","","0","0","1","","4","","","2","0","0","0","0","0","0","2","0","2","","","","N","","","","","","","","","",""
"2015041515","","2","0","0","0","0","0","0","0","0","2","0","","02","4","2015","1","40.465975","-79.949853","","11","0","0","0","0","0","0","0","0","","0","0","0","","","3","","0","","40 27:57.509","","0","79 56:59.472","4","0","0","0","2301","0","0","0","N","0","0","0","4","02301","3","","4.0","","1","N","N","","0","","0","0","0","","0","","","2","3","2","0","0","0","0","2","0","2","","","","N","","","","","","","","","",""
"2015040810","","1","0","0","0","0","0","0","0","0","7","0","","02","3","2015","3","40.301206","-80.047936","","11","0","0","0","0","0","1","0","0","","0","0","0","","","0","","0","","40 18:04.340","","0","80 02:52.568","0","0","0","0","2407","0","0","0","N","0","0","0","3","02407","0","","4.0","","1","N","N","","0","","0","0","0","","0","","","1","0","0","0","0","0","0","2","0","1","","","","N","","","","","","","","","",""
"2015041281","","2","0","0","0","0","0","0","0","0","4","0","","02","4","2015","7","40.452476","-80.172505","","11","0","0","0","0","0","0","0","0","2","0","0","0","","","1","","1","","40 27:08.912","4","2","80 10:21.017","8","0","0","0","2214","0","0","0","N","0","0","0","2","02214","0","","1.0","","1","N","N","","0","","0","0","0","","2","Y","","2","1","0","0","0","1","0","2","0","2","","","","N","","","","","","","","","",""
"2015042069","","1","0","0","0","0","0","0","0","0","8","0","","02","4","2015","3","40.435836","-79.958432","","11","0","0","0","0","0","0","0","0","2","0","0","0","","","1","","0","","40 26:09.011","3","0","79 57:30.356","3","0","0","0","2301","1","0","0","N","1","0","0","2","02301","0","","1.0","","1","N","N","","0","","1","0","0","","0","N","","2","1","0","0","0","0","0","2","0","1","","","","N","","","","","","","","","",""
"2015040524","","1","0","0","1","0","0","0","0","0","4","0","","02","4","2015","5","40.477569","-79.950424","","11","0","0","0","0","0","0","1","0","","0","0","0","","","1","","2","","40 28:39.248","","0","79 57:01.526","4","0","0","0","2301","1","0","0","N","0","0","0","2","02301","1","","1.0","","1","N","N","","0","","0","0","0","","0","","","2","1","0","0","0","0","0","2","0","1","","","","N","","","","","","","","","",""
"2015039842","","1","0","0","0","0","0","0","0","0","1","0","","02","4","2015","3","40.475143","-79.822111","","11","0","0","0","0","0","0","0","0","2","0","0","0","","","3","","2","","40 28:30.515","3","0","79 49:19.599","3","0","0","0","2113","0","0","0","N","0","0","0","4","02113","0","","1.0","","1","N","N","","0","","1","0","1","","0","Y","","2","3","0","0","0","2","0","2","0","2","","","","N","","","","","","","","","",""
"2015040678","","0","0","0","0","0","0","0","0","0","4","0","","02","4","2015","5","40.439328","-80.034513","","11","0","0","0","0","0","1","0","0","","0","0","0","","","0","","0","","40 26:21.580","","0","80 02:04.246","0","0","0","0","2301","0","0","0","N","0","0","0","2","02301","0","","1.0","","9","N","N","","0","","0","0","2","","0","","","2","0","0","0","0","0","0","2","0","2","","","","N","","","","","","","","","",""
"2015042070","","1","0","0","0","0","0","0","0","0","7","0","","02","4","2015","3","40.45575","-79.881417","","11","0","0","0","0","0","0","0","0","3","0","0","0","","","0","","0","","40 27:20.700","6","0","79 52:53.100","0","0","0","0","2301","0","0","0","N","0","0","0","2","02301","0","","5.0","","1","N","N","","0","","0","0","0","","0","Y","","1","0","0","0","0","0","0","2","0","1","","","","N","","","","","","","","","",""
"2015040525","","1","0","0","0","0","0","0","0","0","1","0","","02","4","2015","3","40.444446","-79.948688","","11","0","0","0","0","0","1","0","0","2","0","0","0","","","0","","1","","40 26:40.004","6","0","79 56:55.276","0","0","0","0","2301","0","0","0","N","0","0","0","3","02301","0","","1.0","","1","N","N","","1","","0","0","0","","2","N","","3","0","0","0","0","0","0","2","1","3","","","","N","","","","","","","","","",""
"2015042196","","1","0","0","0","0","0","0","0","0","0","0","","02","4","2015","3","40.59454","-79.771075","","11","0","0","0","0","0","1","0","0","","0","0","0","","","0","","0","","40 35:40.345","","0","79 46:15.869","0","0","0","0","2104","0","0","0","N","0","0","0","2","68D02","0","","1.0","","1","N","N","","0","","0","0","1","","0","","","2","0","0","0","0","0","0","2","0","2","","","","N","","","","","","","","","",""
"2015041213","","2","0","0","0","0","0","0","0","0","4","0","","02","4","2015","7","40.45004","-80.183303","","11","0","0","0","0","0","0","1","0","","0","0","0","","","0","","1","","40 27:00.144","","0","80 10:59.890","0","0","0","0","2214","0","0","0","N","0","0","0","2","02214","0","","1.0","","1","N","N","","0","","0","0","0","","2","","","2","0","0","0","0","0","0","2","0","2","","","","N","","","","","","","","","",""
"2015042071","","1","0","0","0","0","0","0","0","0","7","0","","02","4","2015","5","40.509799","-80.242216","","11","0","0","0","0","0","1","0","0","1","0","0","0","","","1","","0","","40 30:35.278","4","0","80 14:31.978","4","0","0","0","2213","0","0","0","N","0","0","0","1","02213","1","","4.0","","9","N","N","","0","","0","0","0","","0","N","","1","1","0","0","0","0","0","2","0","1","","","","N","","","","","","","","","",""
"2015041506","","1","0","0","0","0","0","0","0","0","2","0","","02","4","2015","5","40.371838","-79.843671","","11","0","0","0","0","0","0","1","0","3","0","0","0","","","4","","2","","40 22:18.618","2","0","79 50:37.217","8","0","0","0","2303","0","0","0","N","0","0","0","4","02303","0","","1.0","","9","N","N","","0","","0","0","1","","2","Y","","2","4","1","0","0","4","0","2","0","2","","","","N","","","","","","","","","",""
"2015042072","","1","0","0","0","0","0","0","0","0","6","0","","02","4","2015","6","40.542223","-80.235126","","11","0","0","0","0","0","0","0","1","2","0","0","0","","","0","","0","","40 32:32.002","6","0","80 14:06.454","0","0","0","0","2213","0","0","0","N","0","0","0","2","02213","0","","1.0","","1","N","N","","1","","0","0","0","","0","N","","2","0","0","0","0","0","0","2","0","2","","","","N","","","","","","","","","",""
"2015039764","","2","0","0","0","0","0","0","0","0","4","0","","02","4","2015","3","40.447642","-79.827579","","11","0","0","0","0","0","0","1","0","2","0","0","0","","","1","","0","","40 26:51.511","2","0","79 49:39.286","3","0","0","0","2113","0","0","0","N","0","0","0","2","02113","0","","1.0","","9","N","N","","0","","1","0","0","","0","Y","","2","1","0","0","0","0","0","2","0","2","","","","N","","","","","","","","","",""
"2015039221","","0","0","0","0","0","0","0","0","0","7","0","","02","4","2015","7","40.459644","-79.873996","","11","0","0","0","0","0","0","0","0","2","0","0","0","","","0","","2","","40 27:34.719","1","0","79 52:26.386","0","0","0","0","2301","0","0","0","N","0","0","0","1","02301","0","","5.0","","1","N","N","","0","","0","0","1","","0","N","","1","0","0","0","0","0","0","2","0","1","","","","N","","","","","","","","","",""
"2015040460","","1","0","0","0","0","0","0","0","0","4","0","","02","4","2015","4","40.337466","-79.808754","","11","0","0","0","0","0","0","0","1","","0","0","0","","","0","","10","","40 20:14.876","","7","79 48:31.516","0","0","0","0","2477","0","0","0","N","0","0","0","2","02477","0","","1.0","","1","N","N","","0","","0","0","1","","0","","","2","0","0","0","0","0","0","2","0","2","","","","N","","","","","","","","","",""
"2015041285","","1","0","0","0","0","0","0","0","0","4","0","","02","4","2015","7","40.432375","-79.864854","","11","0","0","0","0","0","1","0","0","2","0","0","0","","","3","","1","","40 25:56.549","4","0","79 51:53.473","4","0","0","0","2431","0","0","0","N","0","0","0","4","02431","3","","1.0","","1","N","N","","0","","0","0","1","","2","N","","2","3","0","0","0","0","0","2","0","2","","","","N","","","","","","","","","",""