"CRN","ARRIVAL_TM","AUTOMOBILE_COUNT","BELTED_DEATH_COUNT","BELTED_SUSP_SERIOUS_INJ_COUNT","BICYCLE_COUNT","BICYCLE_DEATH_COUNT","BICYCLE_SUSP_SERIOUS_INJ_COUNT","BUS_COUNT","CHLDPAS_DEATH_COUNT","CHLDPAS_SUSP_SERIOUS_INJ_COUNT","COLLISION_TYPE","COMM_VEH_COUNT","CONS_ZONE_SPD_LIM","COUNTY","CRASH_MONTH","CRASH_YEAR","DAY_OF_WEEK","DEC_LATITUDE","DEC_LONGITUDE","DISPATCH_TM","DISTRICT","DRIVER_COUNT_16YR","DRIVER_COUNT_17YR","DRIVER_COUNT_18YR","DRIVER_COUNT_19YR","DRIVER_COUNT_20YR","DRIVER_COUNT_50_64YR","DRIVER_COUNT_65_74YR","DRIVER_COUNT_75PLUS","EST_HRS_CLOSED","FATAL_COUNT","HEAVY_TRUCK_COUNT","HORSE_BUGGY_COUNT","HOUR_OF_DAY","ILLUMINATION","INJURY_COUNT","INTERSECTION_RELATED","INTERSECT_TYPE","LANE_CLOSED","LATITUDE","LN_CLOSE_DIR","LOCATION_TYPE","LONGITUDE","MAX_SEVERITY_LEVEL","MCYCLE_DEATH_COUNT","MCYCLE_SUSP_SERIOUS_INJ_COUNT","MOTORCYCLE_COUNT","MUNICIPALITY","NONMOTR_COUNT","NONMOTR_DEATH_COUNT","NONMOTR_SUSP_SERIOUS_INJ_COUNT","NTFY_HIWY_MAINT","PED_COUNT","PED_DEATH_COUNT","PED_SUSP_SERIOUS_INJ_COUNT","PERSON_COUNT","POLICE_AGCY","POSSIBLE_INJ_COUNT","RDWY_SURF_TYPE_CD","RELATION_TO_ROAD","ROADWAY_CLEARED","ROAD_CONDITION","SCH_BUS_IND","SCH_ZONE_IND","SECONDARY_CRASH","SMALL_TRUCK_COUNT","SPEC_JURIS_CD","SUSP_MINOR_INJ_COUNT","SUSP_SERIOUS_INJ_COUNT","SUV_COUNT","TCD_FUNC_CD","TCD_TYPE","TFC_DETOUR_IND","TIME_OF_DAY","TOTAL_UNITS","TOT_INJ_COUNT","UNBELTED_OCC_COUNT","UNB_DEATH_COUNT","UNB_SUSP_SERIOUS_INJ_COUNT","UNK_INJ_DEG_COUNT","UNK_INJ_PER_COUNT","URBAN_RURAL","VAN_COUNT","VEHICLE_COUNT","WEATHER1","WEATHER2","WORKERS_PRES","WORK_ZONE_IND","WORK_ZONE_LOC","WORK_ZONE_TYPE","WZ_CLOSE_DETOUR","WZ_FLAGGER","WZ_LAW_OFFCR_IND","WZ_LN_CLOSURE","WZ_MOVING","WZ_OTHER","WZ_SHLDER_MDN","WZ_WORKERS_INJ_KILLED"
"2015041711","","1","0","0","0","0","0","0","0","0","4","0","","02","4","2015","2","40.437614","-79.77005","","11","0","0","0","0","0","0","0","0","1","0","0","0","","","0","","0","","40 26:15.410","1","0","79 46:12.180","0","0","0","0","2446","0","0","0","N","0","0","0","2","02446","0","","1.0","","1","N","N","","1","","0","0","0","","0","N","","2","0","0","0","0","0","0","2","0","2","","","","N","","","","","","","","","",""
"2015041071","","2","0","0","0","0","0","0","0","0","1","0","","02","4","2015","5","40.435685","-80.157403","","11","0","0","0","0","0","1","0","0","","0","0","0","","","0","","0","","40 26:08.465","","0","80 09:26.650","0","0","0","0","2115","0","0","0","N","0","0","0","2","02501","0","","1.0","","9","N","N","","0","","0","0","0","","0","","","2","0","0","0","0","0","0","1","0","2","","","","N","","","","","","","","","",""
"2015044971","","1","0","0","0","0","0","0","0","0","1","0","","02","4","2015","5","40.472504","-79.972805","","11","0","0","0","0","0","0","0","0","","0","0","0","","","0","","0","","40 28:21.016","","0","79 58:22.097","0","0","0","0","2301","0","0","0","N","0","0","0","3","02301","0","","1.0","","1","N","N","","0","","0","0","1","","0","","","2","0","0","0","0","0","0","2","0","2","","","","N","","","","","","","","","",""
"2015039262","","0","0","0","0","0","0","0","0","0","7","1","","02","3","2015","3","40.393345","-79.80636","","11","0","0","0","0","0","1","0","0","2","0","1","0","","","0","","3","","40 23:36.041","5","0","79 48:22.896","0","0","0","0","2479","0","0","0","N","0","0","0","1","02111","0","","5.0","","1","N","N","","0","","0","0","0","","0","N","","1","0","0","0","0","0","0","2","0","1","","","","N","","","","","","","","","",""
"2015039410","","1","0","0","0","0","0","0","0","0","7","0","","02","3","2015","3","40.47321","-79.71329","","11","0","0","0","0","1","0","0","0","","0","0","0","","","1","","0","","40 28:23.556","","0","79 42:47.844","8","0","0","0","2466","0","0","0","N","0","0","0","2","02466","0","","4.0","","1","N","N","","0","","0","0","1","","3","","","2","1","1","0","0","1","0","2","0","2","","","","N","","","","","","","","","",""
"2015039263","","0","0","0","0","0","0","0","0","0","4","0","","02","4","2015","7","40.440425","-79.994868","","11","0","0","0","0","0","1","1","0","1","0","0","0","","","3","","1","","40 26:25.530","2","0","79 59:41.524","4","0","0","0","2301","0","0","0","N","0","0","0","4","02301","2","","1.0","","1","N","N","","0","","0","0","2","","2","N","","2","3","3","0","0","1","0","2","0","2","","","","N","","","","","","","","","",""
"2015040029","","1","0","0","0","0","0","0","0","0","7","0","","02","4","2015","4","40.380566","-79.966629","","11","0","0","0","0","0","0","0","0","","0","0","0","","","1","","0","","40 22:50.037","","0","79 57:59.864","3","0","0","0","2403","0","0","0","N","0","0","0","1","02403","0","","2.0","","9","N","N","","0","","1","0","0","","0","","","1","1","1","0","0","0","0","2","0","1","","","","N","","","","","","","","","",""
"2015041713","","2","0","0","0","0","0","0","0","0","7","0","","02","4","2015","6","40.464975","-80.072993","","11","0","0","0","0","0","1","0","0","2","0","0","0","","","0","","0","","40 27:53.910","6","0","80 04:22.774","0","0","0","0","2444","0","0","0","N","0","0","0","2","02444","0","","5.0","","1","N","N","","0","","0","0","0","","0","N","","2","0","1","0","0","0","0","2","0","2","","","","N","","","","","","","","","",""
"2015041842","","0","0","0","0","0","0","0","0","0","4","0","","02","4","2015","3","40.456421","-79.891913","","11","0","0","0","0","0","0","0","0","","0","0","0","","","0","","1","","40 27:23.115","","0","79 53:30.886","0","0","0","0","2301","0","0","0","N","0","0","0","4","02301","0","","1.0","","9","N","N","","1","","0","0","1","","2","","","3","0","0","0","0","0","0","2","1","3","","","","N","","","","","","","","","",""
"2015040299","","1","0","0","0","0","0","0","0","0","7","0","","02","4","2015","4","40.51201","-79.833641","","11","0","0","0","1","0","0","0","0","2","0","0","0","","","0","","0","","40 30:43.235","1","0","79 50:01.109","0","0","0","0","2113","0","0","0","N","0","0","0","2","02113","0","","5.0","","9","N","N","","0","","0","0","0","","0","N","","1","0","0","0","0","0","0","2","0","1","","","","N","","","","","","","","","",""
"2015041855","","1","0","0","0","0","0","0","0","0","7","0","","02","4","2015","3","40.460141","-79.866306","","11","0","0","0","0","0","0","0","0","2","0","0","0","","","2","","0","","40 27:36.508","1","0","79 51:58.701","3","0","0","0","2113","0","0","0","N","0","0","0","2","02113","0","","5.0","","1","N","N","","0","","2","0","0","","0","Y","","1","2","2","0","0","0","0","2","0","1","","","","N","","","","","","","","","",""
"2015041074","","1","0","0","0","0","0","0","0","0","4","0","","02","4","2015","6","40.347643","-79.947298","","11","0","0","0","0","0","0","0","0","2","0","0","0","","","1","","1","","40 20:51.514","2","0","79 56:50.272","4","0","0","0","2473","0","0","0","N","0","0","0","3","02473","1","","1.0","","1","N","N","","1","","0","0","0","","3","Y","","2","1","0","0","0","0","0","2","0","2","","","","N","","","","","","","","","",""
"2015044973","","0","0","0","0","0","0","0","0","0","5","0","","02","4","2015","5","40.472767","-79.929308","","11","0","0","0","0","0","1","0","0","1","0","0","0","","","0","","0","","40 28:21.961","4","0","79 55:45.508","0","0","0","0","2301","0","0","0","N","0","0","0","4","02301","0","","1.0","","1","Y","N","","0","","0","0","1","","0","Y","","2","0","0","0","0","0","0","2","1","2","","","","N","","","","","","","","","",""
"2015039396","","1","0","0","0","0","0","0","0","0","7","0","","02","4","2015","7","40.451936","-79.943393","","11","0","0","0","0","0","0","0","0","","0","0","0","","","0","","0","","40 27:06.968","","0","79 56:36.213","9","0","0","0","2301","0","0","0","N","0","0","0","1","02301","0","","5.0","","1","N","N","","0","","0","0","0","","0","","","2","0","0","0","0","0","1","2","0","2","","","","N","","","","","","","","","",""
"2015041075","","1","0","0","0","0","0","0","0","0","7","0","","02","4","2015","6","40.419046","-79.975664","","11","0","0","0","0","0","0","0","1","","0","0","0","","","0","","2","","40 25:08.565","","0","79 58:32.390","0","0","0","0","2301","0","0","0","N","0","0","0","1","02301","0","","1.0","","1","N","N","","0","","0","0","0","","0","","","1","0","0","0","0","0","0","2","0","1","","","","N","","","","","","","","","",""
"2015041568","","3","0","0","0","0","0","0","0","0","1","0","","02","3","2015","4","40.428346","-79.955371","","11","0","0","0","0","0","0","0","0","2","0","0","0","","","0","","0","","40 25:42.047","4","0","79 57:19.337","0","0","0","0","2301","0","0","0","N","0","0","0","4","68B03","0","","1.0","","1","N","N","","0","","0","0","0","","0","N","","4","0","0","0","0","0","0","2","1","4","","","","N","","","","","","","","","",""
"2015040169","","4","0","0","0","0","0","0","0","0","7","0","","02","4","2015","4","40.402973","-79.881648","","11","0","0","0","0","0","0","1","0","3","0","0","0","","","1","","2","","40 24:10.702","5","3","79 52:53.931","8","0","0","0","2475","0","0","0","Y","0","0","0","1","02475","0","","5.0","","1","N","N","","0","","0","0","1","","2","Y","","5","1","0","0","0","1","0","2","0","5","","","","N","","","","","","","","","",""
"2015041844","","0","0","0","0","0","0","0","0","0","7","0","","02","4","2015","3","40.40291","-80.068592","","11","0","0","0","0","0","0","0","0","","0","0","0","","","0","","0","","40 24:10.477","","0","80 04:06.932","9","0","0","0","2415","0","0","0","N","0","0","0","1","02415","0","","5.0","","9","N","N","","0","","0","0","0","","0","","","1","0","0","0","0","0","1","2","1","1","","","","N","","","","","","","","","",""
"2015039541","","3","0","0","0","0","0","0","0","0","1","0","","02","3","2015","2","40.429656","-79.892091","","11","0","0","0","0","0","0","0","0","","0","0","0","","","0","","2","","40 25:46.763","","0","79 53:31.527","9","0","0","0","2426","0","0","0","N","0","0","0","1","02426","0","","2.0","","1","N","N","","0","","0","0","0","","0","","","3","0","0","0","0","0","1","2","0","3","","","","N","","","","","","","","","",""
"2015041857","","1","0","0","0","0","0","0","0","0","1","0","","02","4","2015","7","40.518452","-80.222719","","11","0","0","0","0","0","1","0","1","","0","0","0","","","1","","0","","40 31:06.426","","0","80 13:21.789","4","0","0","0","2213","0","0","0","N","0","0","0","2","02213","1","","1.0","","1","N","N","","0","","0","0","0","","0","","","2","1","0","0","0","0","0","2","1","2","","","","N","","","","","","","","","",""
"2015044975","","2","0","0","0","0","0","0","0","0","2","0","","02","4","2015","5","40.466825","-79.803623","","11","0","0","0","0","0","0","0","0","1","0","0","0","","","2","","0","","40 28:00.570","6","0","79 48:13.042","8","0","0","0","2113","0","0","0","N","0","0","0","4","02113","0","","1.0","","1","N","N","","0","","0","0","0","","0","Y","","2","2","2","0","0","2","0","2","0","2","","","","N","","","","","","","","","",""
"2015041569","","0","0","0","0","0","0","0","0","0","5","0","","02","3","2015","4","40.428346","-79.955371","","11","0","0","0","0","0","0","0","0","2","0","0","0","","","0","","0","","40 25:42.047","4","0","79 57:19.337","0","0","0","0","2301","0","0","0","N","0","0","0","1","68B03","0","","1.0","","1","N","N","","0","","0","0","0","","0","N","","2","0","0","0","0","0","0","2","1","2","","","","N","","","","","","","","","",""
"2015040170","","1","0","0","0","0","0","0","0","0","4","0","","02","4","2015","4","40.39182","-80.016755","","11","0","0","0","0","0","1","0","0","1","0","0","0","","","1","","1","","40 23:30.552","1","0","80 01:00.318","8","0","0","0","2301","0","0","0","N","0","0","0","3","02301","0","","1.0","","1","N","N","","0","","0","0","0","","2","Y","","2","1","0","0","0","1","0","2","1","2","","","","N","","","","","","","","","",""
"2015044212","","0","0","0","0","0","0","0","0","0","7","0","","02","2","2015","5","40.438272","-80.012491","","11","0","0","0","0","0","0","0","0","1","0","0","0","","","1","","0","","40 26:17.778","4","3","80 00:44.968","8","0","0","0","2301","0","0","0","N","0","0","0","1","68B03","0","","2.0","","9","N","N","","0","","0","0","1","","0","N","","1","1","0","0","0","1","0","2","0","1","","","","N","","","","","","","","","",""
"2015041570","","1","0","0","0","0","0","0","0","0","7","0","","02","4","2015","3","40.434831","-79.983085","","11","0","0","0","0","0","0","0","0","","0","0","0","","","1","","0","","40 26:05.392","","0","79 58:59.105","8","0","0","0","2301","0","0","0","Y","0","0","0","1","68B03","0","","4.0","","1","N","N","","0","","0","0","0","","0","","","1","1","1","0","0","1","0","2","0","1","","","","N","","","","","","","","","",""
"2015039267","","0","0","0","0","0","0","0","0","0","4","0","","02","4","2015","7","40.447791","-79.937289","","11","0","0","0","0","0","0","0","0","2","0","0","0","","","1","","2","","40 26:52.047","6","0","79 56:14.240","2","0","1","1","2301","0","0","0","N","0","0","0","2","02301","0","","1.0","","1","N","N","","0","","0","1","1","","2","Y","","2","1","0","0","0","0","0","2","0","2","","","","N","","","","","","","","","",""
"2015040797","","1","0","0","0","0","0","0","0","0","8","0","","02","4","2015","5","40.341825","-79.945469","","11","0","0","0","0","0","0","0","1","1","0","0","0","","","1","","0","","40 20:30.570","5","7","79 56:43.690","8","0","0","0","2473","1","0","0","N","1","0","0","2","02473","0","","1.0","","1","N","N","","0","","0","0","0","","0","Y","","2","1","0","0","0","1","0","2","0","1","","","","N","","","","","","","","","",""
"2015041635","","1","0","0","0","0","0","0","0","0","6","1","","02","4","2015","6","40.447776","-79.849374","","11","0","0","0","0","0","1","0","0","2","0","1","0","","","0","","2","","40 26:51.992","1","0","79 50:57.747","0","0","0","0","2419","0","0","0","N","0","0","0","3","02419","0","","1.0","","1","N","N","","0","","0","0","0","","0","N","","2","0","0","0","0","0","0","2","0","2","","","","N","","","","","","","","","",""
"2015041705","","1","0","0","0","0","0","0","0","0","1","0","","02","4","2015","2","40.475266","-80.058495","","11","0","0","0","0","0","0","0","0","","0","0","0","","","2","","7","","40 28:30.957","","3","80 03:30.581","3","0","0","0","2122","0","0","0","N","0","0","0","3","02444","0","","1.0","","1","N","N","","0","","2","0","1","","3","","","2","2","0","0","0","0","0","2","0","2","","","","N","","","","","","","","","",""
"2015040318","","1","0","0","0","0","0","0","0","0","4","1","","02","4","2015","4","40.537805","-79.834622","","11","0","0","0","0","0","0","0","0","2","0","1","0","","","0","","2","","40 32:16.097","1","0","79 50:04.640","0","0","0","0","2208","0","0","0","N","0","0","0","2","02208","0","","1.0","","9","N","N","","0","","0","0","0","","2","N","","2","0","0","0","0","0","0","2","0","2","","","","N","","","","","","","","","",""
"2015044213","","0","0","0","0","0","0","0","0","0","1","0","","02","2","2015","6","40.420888","-80.047606","","11","0","0","0","1","0","0","0","0","","0","0","0","","","1","","0","","40 25:15.195","","0","80 02:51.380","4","0","0","0","2435","0","0","0","N","0","0","0","4","68B03","1","","1.0","","1","N","N","","0","","0","0","2","","0","","","2","1","0","0","0","0","0","2","0","2","","","","N","","","","","","","","","",""
"2015041571","","1","0","0","0","0","0","0","0","0","1","0","","02","4","2015","5","40.438895","-80.152605","","11","0","0","0","0","0","1","0","0","","0","0","0","","","0","","0","","40 26:20.023","","0","80 09:09.379","0","0","0","0","2115","0","0","0","N","0","0","0","2","68B03","0","","1.0","","1","N","N","","1","","0","0","0","","0","","","2","0","0","0","0","0","0","2","0","2","","","","N","","","","","","","","","",""
"2015041706","","1","0","0","0","0","0","0","0","0","1","0","","02","4","2015","2","40.434472","-79.989778","","11","0","0","0","0","0","0","0","0","","0","0","0","","","0","","1","","40 26:04.100","","3","79 59:23.200","0","0","0","0","2301","0","0","0","N","0","0","0","2","02301","0","","1.0","","1","N","N","","0","","0","0","1","","2","","","2","0","0","0","0","0","0","2","0","2","","","","N","","","","","","","","","",""
"2015044214","","1","0","0","0","0","0","0","0","0","7","0","","02","4","2015","6","40.428237","-79.927841","","11","0","0","0","0","0","0","0","0","","0","0","0","","","0","","0","","40 25:41.652","","4","79 55:40.229","0","0","0","0","2301","0","0","0","Y","0","0","0","1","68B03","0","","3.0","","9","N","N","","0","","0","0","0","","0","","","1","0","0","0","0","0","0","2","0","1","","","","N","","","","","","","","","",""
"2015039418","","2","0","0","0","0","0","0","0","0","1","0","","02","3","2015","5","40.426376","-79.88975","","11","0","0","0","0","0","1","0","0","","0","0","0","","","0","","0","","40 25:34.953","","0","79 53:23.099","0","0","0","0","2426","0","0","0","N","0","0","0","3","02426","0","","1.0","","1","N","N","","0","","0","0","0","","2","","","2","0","0","0","0","0","0","2","0","2","","","","N","","","","","","","","","",""
"2015044215","","1","0","0","0","0","0","0","0","0","7","0","","02","4","2015","5","40.425465","-79.909605","","11","0","0","0","0","0","1","0","0","","0","0","0","","","0","","0","","40 25:31.673","","0","79 54:34.578","0","0","0","0","2301","0","0","0","Y","0","0","0","1","68B03","0","","4.0","","9","N","N","","0","","0","0","0","","0","","","1","0","0","0","0","0","0","2","0","1","","","","N","","","","","","","","","",""
"2015040036","","1","0","0","0","0","0","0","0","0","0","0","","02","4","2015","4","40.432472","-79.915167","","11","0","0","0","0","0","0","0","0","1","0","0","0","","","0","","0","","40 25:56.900","1","0","79 54:54.600","0","0","0","0","2301","0","0","0","N","0","0","0","1","02301","0","","1.0","","9","N","N","","0","","0","0","0","","0","N","","1","0","0","0","0","0","0","2","0","1","","","","N","","","","","","","","","",""
"2015040109","","0","0","0","0","0","0","0","0","0","8","0","","02","3","2015","1","40.390863","-79.809978","","11","0","0","0","0","0","0","0","0","1","1","0","0","","","0","","1","","40 23:27.106","7","0","79 48:35.920","1","0","0","0","2479","1","1","0","N","1","1","0","3","02111","0","2","1.0","","1","N","N","","0","0","0","0","1","","3","Y","","2","0","0","0","0","0","0","2","0","1","","","","N","","","","","","","","","",""
"2015040321","","1","0","0","0","0","0","0","0","0","4","0","","02","4","2015","4","40.444202","-80.028173","","11","0","0","0","0","0","0","0","0","","0","0","0","","","1","","1","","40 26:39.126","","3","80 01:41.424","8","0","0","0","2301","0","0","0","N","0","0","0","3","02301","0","","1.0","","9","N","N","","0","","0","0","1","","2","","","2","1","0","0","0","1","0","2","0","2","","","","N","","","","","","","","","",""
"2015044216","","0","0","0","0","0","0","0","0","0","1","0","","02","4","2015","6","40.421289","-80.104426","","11","0","0","0","0","0","0","0","0","1","0","0","0","","","0","","0","","40 25:16.639","1","0","80 06:15.932","0","0","0","0","2115","0","0","0","N","0","0","0","2","68B03","0","","1.0","","9","N","N","","0","","0","0","2","","0","N","","2","0","0","0","0","0","0","2","0","2","","","","N","","","","","","","","","",""
"2015044980","","1","0","0","0","0","0","0","0","0","4","0","","02","4","2015","5","40.58144","-80.08293","","11","0","0","0","0","0","0","0","0","1","0","0","0","","","1","","2","","40 34:53.183","1","0","80 04:58.548","4","0","0","0","2481","0","0","0","N","0","0","0","3","02481","1","","1.0","","1","N","N","","0","","0","0","2","","3","N","","3","1","0","0","0","0","0","2","0","3","","","","N","","","","","","","","","",""
"2015039271","","3","0","0","0","0","0","0","0","0","1","0","","02","4","2015","4","40.369097","-79.782604","","11","0","0","0","0","0","0","0","0","2","0","0","0","","","1","","0","","40 22:08.749","1","0","79 46:57.374","4","0","0","0","2111","0","0","0","N","0","0","0","4","02111","1","","1.0","","1","N","N","","0","","0","0","0","","2","N","","3","1","3","0","0","0","0","2","0","3","","","","N","","","","","","","","","",""
"2015040110","","0","0","0","0","0","0","0","0","0","7","0","","02","4","2015","3","40.274761","-79.89322","","11","0","0","0","0","0","0","0","0","1","0","0","0","","","0","","0","","40 16:29.139","2","0","79 53:35.591","0","0","0","0","2440","0","0","0","Y","0","0","0","1","02440","0","","4.0","","9","N","N","","1","","0","0","0","","0","N","","1","0","0","0","0","0","0","2","0","1","","","","N","","","","","","","","","",""
"2015039486","","1","0","0","0","0","0","0","0","0","0","0","","02","4","2015","1","40.627893","-79.719262","","11","0","0","0","0","0","0","0","0","1","0","0","0","","","1","","1","","40 37:40.413","1","0","79 43:09.343","4","0","0","1","2106","0","0","0","N","0","0","0","5","02106","1","","1.0","","1","N","N","","0","","0","0","0","","0","N","","2","1","0","0","0","0","0","2","0","2","","","","N","","","","","","","","","",""
"2015041088","","0","0","0","0","0","0","0","0","0","4","0","","02","4","2015","6","40.432873","-79.936537","","11","0","0","0","0","0","0","0","0","","0","0","0","","","0","","1","","40 25:58.342","","0","79 56:11.533","0","0","0","0","2301","0","0","0","N","0","0","0","3","02301","0","","1.0","","1","N","N","","0","","0","0","2","","2","","","2","0","0","0","0","0","0","2","0","2","","","","N","","","","","","","","","",""
"2015039487","","1","0","0","0","0","0","0","0","0","4","0","","02","4","2015","6","40.586853","-80.041629","","11","0","0","0","0","0","1","0","0","","0","0","0","","","1","","1","","40 35:12.669","","0","80 02:29.866","4","0","0","0","2108","0","0","0","N","0","0","0","3","02108","1","","1.0","","9","N","N","","0","","0","0","1","","2","","","2","1","0","0","0","0","0","2","0","2","","","","N","","","","","","","","","",""
"2015040323","","0","0","0","0","0","0","0","0","0","7","0","","02","4","2015","4","40.428583","-79.949306","","11","0","0","0","0","0","0","0","0","2","0","0","0","","","0","","0","","40 25:42.900","1","0","79 56:57.500","0","0","0","0","2301","0","0","0","N","0","0","0","1","02301","0","","4.0","","1","N","N","","1","","0","0","0","","0","N","","1","0","0","0","0","0","0","2","0","1","","","","N","","","","","","","","","",""
"2015040113","","0","0","0","0","0","0","0","0","0","1","0","","02","4","2015","4","40.332074","-79.997655","","11","0","0","0","0","0","1","0","0","1","0","0","0","","","0","","0","","40 19:55.466","2","0","79 59:51.558","0","0","0","0","2219","0","0","0","N","0","0","0","2","02219","0","","1.0","","9","N","N","","2","","0","0","0","","0","N","","2","0","0","0","0","0","0","2","0","2","","","","N","","","","","","","","","",""
"2015041090","","2","0","0","0","0","0","0","0","0","1","0","","02","4","2015","6","40.546161","-79.972381","","11","0","0","0","0","1","1","0","0","1","0","0","0","","","2","","2","","40 32:46.178","1","0","79 58:20.573","4","0","0","0","2118","0","0","0","N","0","0","0","2","02118","2","","1.0","","1","N","N","","0","","0","0","0","","0","N","","2","2","0","0","0","0","0","2","0","2","","","","N","","","","","","","","","",""
"2015044984","","1","0","0","0","0","0","0","0","0","1","0","","02","4","2015","5","40.448636","-79.899605","","11","0","0","0","0","0","0","0","0","","0","0","0","","","0","","0","","40 26:55.091","","0","79 53:58.578","0","0","0","0","2301","0","0","0","N","0","0","0","3","02301","0","","1.0","","1","N","N","","1","","0","0","0","","0","","","2","0","1","0","0","0","0","2","0","2","","","","N","","","","","","","","","",""
"2015040325","","1","0","0","0","0","0","0","0","0","7","0","","02","4","2015","4","40.481146","-80.068951","","11","0","0","0","0","0","0","0","0","1","0","0","0","","","1","","0","","40 28:52.127","1","0","80 04:08.225","4","0","0","0","2122","0","0","0","N","0","0","0","1","02122","1","","5.0","","1","N","N","","0","","0","0","0","","0","N","","1","1","0","0","0","0","0","2","0","1","","","","N","","","","","","","","","",""
"2015044985","","0","0","0","0","0","0","0","0","0","4","0","","02","4","2015","4","40.578041","-79.953693","","11","0","0","0","0","0","1","1","0","2","0","0","0","","","1","","2","","40 34:40.947","1","0","79 57:13.296","8","0","0","0","2207","0","0","0","N","0","0","0","2","02207","0","","1.0","","9","N","N","","0","","0","0","2","","0","N","","2","1","0","0","0","1","0","2","0","2","","","","N","","","","","","","","","",""
"2015043539","","1","0","0","0","0","0","0","0","0","7","0","","02","4","2015","5","40.598556","-79.953039","","11","0","0","1","0","0","0","0","0","2","0","0","0","","","0","","0","","40 35:54.800","3","0","79 57:10.940","0","0","0","0","2207","0","0","0","N","0","0","0","1","02207","0","","2.0","","9","N","N","","0","","0","0","0","","0","N","","1","0","0","0","0","0","0","2","0","1","","","","N","","","","","","","","","",""
"2015044987","","2","0","0","0","0","0","0","0","0","1","0","","02","4","2015","5","40.442304","-80.023217","","11","0","0","0","0","0","0","0","0","","0","0","0","","","1","","0","","40 26:32.296","","0","80 01:23.581","8","0","0","0","2301","0","0","0","N","0","0","0","2","02301","0","","1.0","","1","N","N","","0","","0","0","0","","0","","","2","1","0","0","0","1","0","2","0","2","","","","N","","","","","","","","","",""
"2015040180","","1","0","0","0","0","0","0","0","0","7","0","","02","4","2015","4","40.512259","-79.892936","","11","0","0","0","0","0","0","0","0","","0","0","0","","","0","","0","","40 30:44.132","","0","79 53:34.568","0","0","0","0","2432","0","0","0","N","0","0","0","2","02432","0","","5.0","","1","N","N","","0","","0","0","0","","0","","","1","0","0","0","0","0","0","2","0","1","","","","N","","","","","","","","","",""
"2015039503","","0","0","0","0","0","0","1","0","0","8","1","","02","4","2015","2","40.446492","-79.982452","","11","0","0","0","0","0","1","0","0","","0","0","0","","","1","","2","","40 26:47.371","","0","79 58:56.827","4","0","0","0","2301","1","0","0","N","1","0","0","7","02503","1","","1.0","","1","N","N","","0","","0","0","0","","3","","","2","1","0","0","0","0","0","2","0","1","","","","N","","","","","","","","","",""
"2015042694","","2","0","0","0","0","0","0","0","0","5","0","","02","4","2015","5","40.347651","-80.092299","","11","0","0","0","0","0","0","0","1","2","0","0","0","","","1","","0","","40 20:51.544","2","0","80 05:32.276","3","0","0","0","2123","0","0","0","N","0","0","0","3","02123","0","","1.0","","9","N","N","","0","","1","0","0","","0","N","","2","1","0","0","0","0","0","2","0","2","","","","N","","","","","","","","","",""
"2015039566","","1","0","0","0","0","0","0","0","0","1","0","","02","4","2015","5","40.526027","-80.130691","","11","0","0","0","0","0","0","0","0","","0","0","0","","","0","","0","","40 31:33.697","","0","80 07:50.488","0","0","0","0","2125","0","0","0","N","0","0","0","2","68B03","0","","1.0","","9","N","N","","0","","0","0","1","","0","","","2","0","0","0","0","0","0","2","0","2","","","","N","","","","","","","","","",""
"2015040329","","1","0","0","0","0","0","0","0","0","7","0","","02","4","2015","5","40.410264","-80.091438","","11","0","0","0","0","1","0","0","0","2","0","0","0","","","0","","1","","40 24:36.950","7","0","80 05:29.176","0","0","0","0","2415","0","0","0","N","0","0","0","1","02415","0","","5.0","","1","N","N","","0","","0","0","0","","0","Y","","1","0","0","0","0","0","0","2","0","1","","","","N","","","","","","","","","",""
"2015042696","","2","0","0","0","0","0","0","0","0","4","0","","02","4","2015","5","40.435126","-79.956406","","11","0","0","0","0","0","1","0","0","","0","0","0","","","1","","1","","40 26:06.452","","0","79 57:23.060","8","0","0","0","2301","0","0","0","N","0","0","0","3","02301","0","","1.0","","9","N","N","","0","","0","0","0","","2","","","2","1","0","0","0","1","0","2","0","2","","","","N","","","","","","","","","",""
"2015043473","","1","0","0","0","0","0","0","0","0","5","0","","02","4","2015","7","40.265241","-79.879252","","11","0","0","0","0","0","2","0","0","","0","0","0","","","0","","0","","40 15:54.869","","0","79 52:45.306","0","0","0","0","2105","0","0","0","N","0","0","0","2","02105","0","","1.0","","1","N","N","","1","","0","0","0","","0","","","2","0","0","0","0","0","0","1","0","2","","","","N","","","","","","","","","",""
"2015041651","","2","0","0","0","0","0","0","0","0","4","0","","02","4","2015","2","40.453146","-80.020691","","11","0","0","0","0","0","0","0","0","","0","0","0","","","1","","1","","40 27:11.325","","0","80 01:14.487","8","0","0","0","2301","0","0","0","N","0","0","0","3","02301","0","","1.0","","1","N","N","","0","","0","0","0","","3","","","2","1","0","0","0","1","0","2","0","2","","","","N","","","","","","","","","",""
"2015040106","","0","0","0","0","0","0","0","0","0","4","0","","02","4","2015","3","40.221784","-79.897439","","11","0","0","0","0","0","1","0","0","","0","0","0","","","0","","0","","40 13:18.422","","0","79 53:50.780","0","0","0","0","2204","0","0","0","N","0","0","0","2","02204","0","","2.0","","9","N","N","","1","","0","0","1","","0","","","2","0","1","0","0","0","0","1","0","2","","","","N","","","","","","","","","",""