"CRN","ARRIVAL_TM","AUTOMOBILE_COUNT","BELTED_DEATH_COUNT","BELTED_SUSP_SERIOUS_INJ_COUNT","BICYCLE_COUNT","BICYCLE_DEATH_COUNT","BICYCLE_SUSP_SERIOUS_INJ_COUNT","BUS_COUNT","CHLDPAS_DEATH_COUNT","CHLDPAS_SUSP_SERIOUS_INJ_COUNT","COLLISION_TYPE","COMM_VEH_COUNT","CONS_ZONE_SPD_LIM","COUNTY","CRASH_MONTH","CRASH_YEAR","DAY_OF_WEEK","DEC_LATITUDE","DEC_LONGITUDE","DISPATCH_TM","DISTRICT","DRIVER_COUNT_16YR","DRIVER_COUNT_17YR","DRIVER_COUNT_18YR","DRIVER_COUNT_19YR","DRIVER_COUNT_20YR","DRIVER_COUNT_50_64YR","DRIVER_COUNT_65_74YR","DRIVER_COUNT_75PLUS","EST_HRS_CLOSED","FATAL_COUNT","HEAVY_TRUCK_COUNT","HORSE_BUGGY_COUNT","HOUR_OF_DAY","ILLUMINATION","INJURY_COUNT","INTERSECTION_RELATED","INTERSECT_TYPE","LANE_CLOSED","LATITUDE","LN_CLOSE_DIR","LOCATION_TYPE","LONGITUDE","MAX_SEVERITY_LEVEL","MCYCLE_DEATH_COUNT","MCYCLE_SUSP_SERIOUS_INJ_COUNT","MOTORCYCLE_COUNT","MUNICIPALITY","NONMOTR_COUNT","NONMOTR_DEATH_COUNT","NONMOTR_SUSP_SERIOUS_INJ_COUNT","NTFY_HIWY_MAINT","PED_COUNT","PED_DEATH_COUNT","PED_SUSP_SERIOUS_INJ_COUNT","PERSON_COUNT","POLICE_AGCY","POSSIBLE_INJ_COUNT","RDWY_SURF_TYPE_CD","RELATION_TO_ROAD","ROADWAY_CLEARED","ROAD_CONDITION","SCH_BUS_IND","SCH_ZONE_IND","SECONDARY_CRASH","SMALL_TRUCK_COUNT","SPEC_JURIS_CD","SUSP_MINOR_INJ_COUNT","SUSP_SERIOUS_INJ_COUNT","SUV_COUNT","TCD_FUNC_CD","TCD_TYPE","TFC_DETOUR_IND","TIME_OF_DAY","TOTAL_UNITS","TOT_INJ_COUNT","UNBELTED_OCC_COUNT","UNB_DEATH_COUNT","UNB_SUSP_SERIOUS_INJ_COUNT","UNK_INJ_DEG_COUNT","UNK_INJ_PER_COUNT","URBAN_RURAL","VAN_COUNT","VEHICLE_COUNT","WEATHER1","WEATHER2","WORKERS_PRES","WORK_ZONE_IND","WORK_ZONE_LOC","WORK_ZONE_TYPE","WZ_CLOSE_DETOUR","WZ_FLAGGER","WZ_LAW_OFFCR_IND","WZ_LN_CLOSURE","WZ_MOVING","WZ_OTHER","WZ_SHLDER_MDN","WZ_WORKERS_INJ_KILLED"
"2015040120","","2","0","0","0","0","0","0","0","0","4","0","","02","4","2015","3","40.417277","-79.974532","","11","0","0","0","0","0","1","0","0","","0","0","0","","","0","","1","","40 25:02.197","","0","79 58:28.315","0","0","0","0","2301","0","0","0","N","0","0","0","2","02301","0","","1.0","","1","N","N","","0","","0","0","1","","3","","","3","0","1","0","0","0","0","2","0","3","","","","N","","","","","","","","","",""
"2015041652","","1","0","0","0","0","0","0","0","0","5","0","","02","4","2015","2","40.462482","-79.927828","","11","0","0","0","0","0","0","0","0","2","0","0","0","","","2","","1","","40 27:44.935","2","0","79 55:40.180","8","0","0","0","2301","0","0","0","N","0","0","0","4","02301","0","","1.0","","1","N","N","","0","","0","0","1","","2","Y","","2","2","0","0","0","2","2","2","0","2","","","","N","","","","","","","","","",""
"2015040823","","0","0","0","0","0","0","0","0","0","6","0","","02","4","2015","6","40.461539","-79.922185","","11","0","0","0","0","0","0","0","0","2","0","0","0","","","0","","1","","40 27:41.539","3","0","79 55:19.866","9","0","0","0","2301","0","0","0","N","0","0","0","8","02301","0","","1.0","","9","N","N","","0","","0","0","2","","2","Y","","2","0","0","0","0","0","3","2","0","2","","","","N","","","","","","","","","",""
"2015040122","","1","0","0","0","0","0","0","0","0","5","1","","02","4","2015","4","40.459451","-79.920331","","11","0","0","0","0","0","0","0","0","1","0","1","0","","","0","","0","","40 27:34.022","3","0","79 55:13.193","0","0","0","0","2301","0","0","0","N","0","0","0","2","02301","0","","1.0","","1","N","N","","0","","0","0","0","","0","N","","2","0","0","0","0","0","0","2","0","2","","","","N","","","","","","","","","",""
"2015041655","","1","0","0","0","0","0","0","0","0","4","1","","02","4","2015","2","40.465926","-79.949149","","11","0","0","0","0","0","0","0","1","2","0","1","0","","","0","","0","","40 27:57.333","3","0","79 56:56.936","0","0","0","0","2301","0","0","0","N","0","0","0","2","02301","0","","1.0","","1","N","N","","0","","0","0","0","","0","Y","","2","0","0","0","0","0","0","2","0","2","","","","N","","","","","","","","","",""
"2015040965","","2","0","0","0","0","0","0","0","0","2","0","","02","4","2015","3","40.353945","-80.114894","","11","0","0","0","0","0","1","0","0","","0","0","0","","","0","","0","","40 21:14.202","","0","80 06:53.620","0","0","0","0","2119","0","0","0","N","0","0","0","2","02119","0","","1.0","","1","N","N","","0","","0","0","0","","0","","","2","0","0","0","0","0","0","2","0","2","","","","N","","","","","","","","","",""
"2015041876","","0","0","0","0","0","0","0","0","0","4","1","","02","2","2015","3","40.429037","-79.888026","","11","0","0","0","0","0","0","0","0","3","0","1","0","","","1","","6","","40 25:44.533","3","2","79 53:16.895","4","0","0","0","2426","0","0","0","N","0","0","0","4","68B03","1","","1.0","","6","N","N","","0","","0","0","1","","4","N","","2","1","0","0","0","0","0","2","0","2","","","","N","","","","","","","","","",""
"2015041656","","1","0","0","0","0","0","0","0","0","1","0","","02","4","2015","2","40.482744","-79.851472","","11","0","0","0","0","0","1","0","0","1","0","0","0","","","1","","0","","40 28:57.878","5","0","79 51:05.300","4","0","0","0","2113","0","0","0","N","0","0","0","2","02113","1","","1.0","","1","N","N","","0","","0","0","1","","0","N","","2","1","0","0","0","0","0","2","0","2","","","","N","","","","","","","","","",""
"2015040966","","2","0","0","0","0","0","0","0","0","4","0","","02","4","2015","6","40.453376","-79.980689","","11","0","0","0","0","0","1","0","0","1","0","0","0","","","0","","1","","40 27:12.153","4","0","79 58:50.480","0","0","0","0","2301","0","0","0","N","0","0","0","2","02301","0","","1.0","","1","N","N","","0","","0","0","0","","3","N","","2","0","0","0","0","0","0","2","0","2","","","","N","","","","","","","","","",""
"2015041877","","1","0","0","0","0","0","0","0","0","7","0","","02","3","2015","1","40.444674","-79.772606","","11","0","0","0","0","0","0","0","0","3","0","0","0","","","0","","0","","40 26:40.825","3","0","79 46:21.380","0","0","0","0","2446","0","0","0","N","0","0","0","1","68B03","0","","2.0","","6","N","N","","0","","0","0","0","","0","N","","1","0","0","0","0","0","0","2","0","1","","","","N","","","","","","","","","",""
"2015039285","","1","0","0","0","0","0","0","0","0","7","0","","02","4","2015","1","40.349245","-79.964177","","11","0","0","0","0","0","0","0","1","","0","0","0","","","1","","2","","40 20:57.282","","0","79 57:51.037","8","0","0","0","2403","0","0","0","N","0","0","0","1","02403","0","","5.0","","1","N","N","","0","","0","0","0","","0","","","1","1","0","0","0","1","0","2","0","1","","","","N","","","","","","","","","",""
"2015041657","","1","0","0","0","0","0","0","0","0","4","0","","02","4","2015","4","40.447687","-80.164319","","11","0","0","0","0","0","0","0","0","","0","0","0","","","1","","2","","40 26:51.672","","2","80 09:51.547","4","0","0","0","2115","0","0","0","N","0","0","0","2","02115","1","","1.0","","1","N","N","","0","","0","0","1","","2","","","2","1","0","0","0","0","0","2","0","2","","","","N","","","","","","","","","",""
"2015041808","","0","0","0","0","0","0","0","0","0","1","0","","02","4","2015","2","40.649526","-80.077583","","11","0","0","1","0","0","0","0","0","","0","0","0","","","0","","0","","40 38:58.292","","0","80 04:39.298","0","0","0","0","2212","0","0","0","N","0","0","0","2","02505","0","","1.0","","1","N","N","","1","","0","0","1","","0","","","2","0","0","0","0","0","0","2","0","2","","","","N","","","","","","","","","",""
"2015041878","","3","0","0","0","0","0","0","0","0","1","0","","02","3","2015","3","40.414647","-80.1043","","11","0","0","0","0","0","2","1","0","","0","0","0","","","0","","0","","40 24:52.728","","0","80 06:15.481","0","0","0","0","2115","0","0","0","N","0","0","0","4","68B03","0","","1.0","","1","N","N","","0","","0","0","1","","0","","","4","0","0","0","0","0","0","2","0","4","","","","N","","","","","","","","","",""
"2015040335","","0","0","0","0","0","0","0","0","0","1","0","","02","3","2015","5","40.392497","-79.898976","","11","0","0","0","0","0","0","0","0","2","0","0","0","","","0","","0","","40 23:32.989","3","0","79 53:56.313","0","0","0","0","2448","0","0","0","N","0","0","0","1","02448","0","","4.0","","1","N","N","","2","","0","0","0","","0","N","","2","0","0","0","0","0","0","2","0","2","","","","N","","","","","","","","","",""
"2015041658","","0","0","0","0","0","0","0","0","0","4","0","","02","4","2015","4","40.449389","-80.107489","","11","0","0","0","0","0","1","0","0","1","0","0","0","","","0","","1","","40 26:57.801","4","0","80 06:26.960","0","0","0","0","2115","0","0","0","Y","0","0","0","3","02115","0","","1.0","","1","N","N","","0","","0","0","2","","2","N","","2","0","0","0","0","0","0","2","0","2","","","","N","","","","","","","","","",""
"2015041879","","1","0","0","0","0","0","0","0","0","4","0","","02","4","2015","5","40.42793","-79.890663","","11","0","0","0","1","0","0","1","0","2","0","0","0","","","0","","7","","40 25:40.549","4","2","79 53:26.387","0","0","0","0","2426","0","0","0","N","0","0","0","2","68B03","0","","1.0","","9","N","N","","0","","0","0","1","","4","N","","2","0","0","0","0","0","0","2","0","2","","","","N","","","","","","","","","",""
"2015041672","","1","0","0","0","0","0","0","0","0","7","0","","02","4","2015","2","40.468869","-80.097819","","11","0","0","0","0","0","0","0","1","1","0","0","0","","","1","","0","","40 28:07.928","6","0","80 05:52.148","8","0","0","0","2126","0","0","0","N","0","0","0","1","02126","0","","4.0","","1","N","N","","0","","0","0","0","","0","N","","1","1","0","0","0","1","0","2","0","1","","","","N","","","","","","","","","",""
"2015040969","","2","0","0","0","0","0","0","0","0","4","0","","02","4","2015","6","40.395791","-80.033165","","11","0","0","0","0","0","0","1","0","1","0","0","0","","","0","","2","","40 23:44.847","2","1","80 01:59.395","0","0","0","0","2301","0","0","0","N","0","0","0","2","02301","0","","1.0","","1","N","N","","0","","0","0","0","","2","Y","","2","0","0","0","0","0","0","2","0","2","","","","N","","","","","","","","","",""
"2015041880","","0","0","0","0","0","0","0","0","0","1","0","","02","4","2015","4","40.434928","-79.966143","","11","0","0","0","0","0","0","0","0","","0","0","0","","","0","","0","","40 26:05.739","","0","79 57:58.116","0","0","0","0","2301","0","0","0","N","0","0","0","4","68B03","0","","1.0","","9","N","N","","1","","0","0","1","","0","","","2","0","0","0","0","0","0","2","0","2","","","","N","","","","","","","","","",""
"2015041590","","0","0","0","0","0","0","0","0","0","0","0","","02","4","2015","7","40.583275","-79.872712","","11","0","0","0","0","0","0","1","0","1","0","0","0","","","0","","0","","40 34:59.789","4","0","79 52:21.763","0","0","0","0","2209","0","0","0","N","0","0","0","2","68T02","0","","4.0","","1","N","N","","0","","0","0","1","","0","N","","1","0","0","0","0","0","0","2","0","1","","","","N","","","","","","","","","",""
"2015039365","","1","0","0","0","0","0","0","0","0","1","0","","02","4","2015","1","40.492907","-80.306229","","11","0","0","0","0","1","0","0","0","","0","0","0","","","2","","2","","40 29:34.465","","0","80 18:22.424","3","0","0","0","2203","0","0","0","N","0","0","0","4","02203","0","","1.0","","1","N","N","","0","","2","0","1","","0","","","2","2","1","0","0","0","0","2","0","2","","","","N","","","","","","","","","",""
"2015041881","","1","0","0","0","0","0","0","0","0","1","0","","02","4","2015","6","40.427456","-79.921957","","11","0","0","0","0","0","1","0","0","","0","0","0","","","0","","0","","40 25:38.841","","4","79 55:19.044","9","0","0","0","2301","0","0","0","N","0","0","0","2","68B03","0","","1.0","","1","N","N","","0","","0","0","1","","0","","","2","0","0","0","0","0","1","2","0","2","","","","N","","","","","","","","","",""
"2015041882","","0","0","0","0","0","0","0","0","0","1","0","","02","4","2015","6","40.425745","-79.90148","","11","0","0","0","0","0","1","0","0","","0","0","0","","","0","","0","","40 25:32.681","","0","79 54:05.329","0","0","0","0","2301","0","0","0","N","0","0","0","2","68B03","0","","1.0","","1","N","N","","1","","0","0","1","","0","","","2","0","0","0","0","0","0","2","0","2","","","","N","","","","","","","","","",""
"2015041107","","1","0","0","0","0","0","0","0","0","5","0","","02","4","2015","7","40.463121","-79.951855","","11","0","0","0","0","0","1","0","0","","0","0","0","","","0","","2","","40 27:47.235","","0","79 57:06.678","0","0","0","0","2301","0","0","0","N","0","0","0","3","02301","0","","1.0","","1","N","N","","0","","0","0","1","","1","","","2","0","0","0","0","0","0","2","0","2","","","","N","","","","","","","","","",""
"2015041675","","2","0","0","0","0","0","0","0","0","4","0","","02","4","2015","2","40.435788","-79.996654","","11","0","0","1","0","0","1","0","0","","0","0","0","","","0","","1","","40 26:08.836","","0","79 59:47.954","0","0","0","0","2301","0","0","0","N","0","0","0","3","02301","0","","1.0","","1","N","N","","0","","0","0","0","","0","","","2","0","0","0","0","0","0","2","0","2","","","","N","","","","","","","","","",""
"2015041883","","2","0","0","0","0","0","0","0","0","5","0","","02","4","2015","6","40.424005","-80.10903","","11","0","0","0","0","0","0","0","0","","0","0","0","","","0","","6","","40 25:26.418","","2","80 06:32.508","0","0","0","0","2115","0","0","0","","0","0","0","2","68B03","0","","1.0","","1","N","N","","0","","0","0","0","","0","","","2","0","0","0","0","0","0","2","0","2","","","","N","","","","","","","","","",""
"2015041108","","1","0","0","0","0","0","0","0","0","4","0","","02","4","2015","7","40.429267","-79.999168","","11","0","0","0","0","0","0","0","0","2","0","0","0","","","1","","1","","40 25:45.362","1","3","79 59:57.003","4","0","0","0","2301","0","0","0","Y","0","0","0","3","02301","1","","1.0","","1","N","N","","1","","0","0","0","","2","Y","","2","1","0","0","0","0","0","2","0","2","","","","N","","","","","","","","","",""
"2015041884","","1","0","0","0","0","0","0","0","0","7","0","","02","4","2015","1","40.427975","-79.890008","","11","0","0","0","0","0","0","0","0","","0","0","0","","","0","","0","","40 25:40.709","","0","79 53:24.030","0","0","0","0","2426","0","0","0","N","0","0","0","1","68B03","0","","4.0","","1","N","N","","0","","0","0","0","","0","","","1","0","0","0","0","0","0","2","0","1","","","","N","","","","","","","","","",""
"2015039293","","2","0","0","0","0","0","0","0","0","4","0","","02","3","2015","2","40.524257","-79.988675","","11","0","0","0","0","1","1","0","0","1","0","0","0","","","0","","1","","40 31:27.325","1","0","79 59:19.230","0","0","0","0","2116","0","0","0","N","0","0","0","3","02116","0","","1.0","","1","N","N","","0","","0","0","0","","3","N","","2","0","0","0","0","0","0","2","0","2","","","","N","","","","","","","","","",""
"2015040134","","0","0","0","0","0","0","0","0","0","1","0","","02","4","2015","4","40.449251","-80.044551","","11","0","0","0","0","0","1","0","0","1","0","0","0","","","1","","0","","40 26:57.303","2","0","80 02:40.383","8","0","0","0","2301","0","0","0","N","0","0","0","3","02301","0","","1.0","","9","N","N","","0","","0","0","2","","0","N","","2","1","0","0","0","1","0","2","0","2","","","","N","","","","","","","","","",""
"2015039452","","1","0","0","0","0","0","0","0","0","7","0","","02","4","2015","2","40.41859","-80.010435","","11","0","0","0","0","0","0","0","0","4","0","0","0","","","0","","0","","40 25:06.923","1","0","80 00:37.565","0","0","0","0","2301","0","0","0","N","0","0","0","1","02301","0","","4.0","","1","N","N","","0","","0","0","0","","0","N","","1","0","0","0","0","0","0","2","0","1","","","","N","","","","","","","","","",""
"2015041678","","1","0","0","0","0","0","1","0","0","5","1","","02","4","2015","7","40.460882","-79.915177","","11","0","0","0","0","0","0","0","0","","0","0","0","","","1","","1","","40 27:39.175","","0","79 54:54.637","4","0","0","0","2301","0","0","0","N","0","0","0","2","02503","1","","1.0","","1","N","N","","0","","0","0","0","","2","","","2","1","1","0","0","0","0","2","0","2","","","","N","","","","","","","","","",""
"2015039372","","1","0","0","0","0","0","0","0","0","1","0","","02","3","2015","1","40.599846","-79.930571","","11","0","1","0","0","0","1","0","0","1","0","0","0","","","0","","0","","40 35:59.446","2","0","79 55:50.057","0","0","0","0","2207","0","0","0","N","0","0","0","3","02207","0","","1.0","","1","N","N","","0","","0","0","1","","0","N","","2","0","0","0","0","0","0","2","0","2","","","","N","","","","","","","","","",""
"2015039454","","2","0","0","0","0","0","0","0","0","1","0","","02","4","2015","2","40.449187","-80.02531","","11","0","0","0","0","0","0","0","0","","0","0","0","","","1","","10","","40 26:57.072","","8","80 01:31.116","4","0","0","0","2301","0","0","0","N","0","0","0","4","02301","1","","1.0","","1","N","N","","1","","0","0","0","","0","","","3","1","0","0","0","0","0","2","0","3","","","","N","","","","","","","","","",""
"2015040216","","2","0","0","0","0","0","0","0","0","4","0","","02","4","2015","4","40.41796","-79.88013","","11","0","0","0","0","0","1","0","0","1","0","0","0","","","0","","2","","40 25:04.656","1","0","79 52:48.468","0","0","0","0","2463","0","0","0","N","0","0","0","2","02463","0","","1.0","","9","N","N","","0","","0","0","0","","3","N","","2","0","0","0","0","0","0","2","0","2","","","","N","","","","","","","","","",""
"2015041609","","0","0","0","0","0","0","0","0","0","1","0","","02","4","2015","7","40.553459","-79.971254","","11","0","0","0","0","0","1","0","0","","0","0","0","","","0","","2","","40 33:12.454","","0","79 58:16.516","0","0","0","0","2118","0","0","0","N","0","0","0","3","02118","0","","1.0","","1","N","N","","0","","0","0","2","","0","","","2","0","0","0","0","0","0","2","0","2","","","","N","","","","","","","","","",""
"2015039310","","1","0","0","0","0","0","0","0","0","4","0","","02","4","2015","7","40.46212","-79.940382","","11","0","0","0","0","0","0","0","0","","0","0","0","","","1","","1","","40 27:43.632","","0","79 56:25.375","8","0","0","1","2301","0","0","0","N","0","0","0","3","02301","0","","1.0","","1","N","N","","0","","0","0","0","","3","","","2","1","0","0","0","1","0","2","0","2","","","","N","","","","","","","","","",""
"2015039373","","1","0","0","0","0","0","0","0","0","7","0","","02","4","2015","7","40.475661","-80.060467","","11","0","0","0","0","0","1","0","0","2","0","0","0","","","0","","3","","40 28:32.380","6","0","80 03:37.680","0","0","0","0","2444","0","0","0","N","0","0","0","1","02444","0","","4.0","","1","N","N","","0","","0","0","0","","0","Y","","1","0","0","0","0","0","0","2","0","1","","","","N","","","","","","","","","",""
"2015040138","","0","0","0","0","0","0","0","0","0","5","0","","02","4","2015","4","40.440618","-79.993058","","11","0","0","0","0","0","0","0","0","","0","0","0","","","1","","6","","40 26:26.223","","2","79 59:35.008","4","0","0","0","2301","0","0","0","N","0","0","0","3","02301","1","","1.0","","1","N","N","","1","","0","0","0","","0","","","2","1","0","0","0","0","0","2","1","2","","","","N","","","","","","","","","",""
"2015039374","","0","0","0","0","0","0","0","0","0","7","0","","02","4","2015","1","40.410444","-80.015599","","11","0","0","0","0","0","1","0","0","1","0","0","0","","","1","","3","","40 24:37.599","2","0","80 00:56.156","3","0","0","1","2301","0","0","0","N","0","0","0","1","02301","0","","1.0","","1","N","N","","0","","1","0","0","","2","N","","1","1","0","0","0","0","0","2","0","1","","","","N","","","","","","","","","",""
"2015040139","","1","0","0","0","0","0","0","0","0","4","0","","02","4","2015","4","40.435421","-79.984437","","11","0","0","0","0","0","0","0","0","2","0","0","0","","","0","","2","","40 26:07.514","4","0","79 59:03.974","0","0","0","0","2301","0","0","0","N","0","0","0","2","02301","0","","1.0","","1","N","N","","0","","0","0","0","","3","N","","2","0","0","0","0","0","0","2","1","2","","","","N","","","","","","","","","",""
"2015042661","","1","0","0","0","0","0","0","0","0","4","0","","02","4","2015","5","40.340644","-79.940451","","11","0","0","0","0","0","0","1","0","","0","0","0","","","0","","2","","40 20:26.319","","0","79 56:25.622","0","0","0","0","2473","0","0","0","N","0","0","0","2","02473","0","","1.0","","9","N","N","","0","","0","0","1","","3","","","2","0","0","0","0","0","0","2","0","2","","","","N","","","","","","","","","",""
"2015041821","","2","0","0","0","0","0","0","0","0","4","0","","02","4","2015","1","40.527132","-79.950268","","11","0","0","0","0","0","0","1","0","1","0","0","0","","","1","","2","","40 31:37.675","1","0","79 57:00.965","3","0","0","0","2118","0","0","0","Y","0","0","0","2","02118","0","","1.0","","1","N","N","","0","","1","0","0","","2","N","","2","1","0","0","0","0","0","2","0","2","","","","N","","","","","","","","","",""
"2015039313","","2","0","0","0","0","0","0","0","0","6","0","","02","4","2015","1","40.357662","-79.999655","","11","0","0","0","0","0","0","0","2","2","0","0","0","","","0","","1","","40 21:27.582","1","0","79 59:58.758","0","0","0","0","2476","0","0","0","N","0","0","0","3","02476","0","","1.0","","1","N","N","","0","","0","0","0","","2","N","","2","0","0","0","0","0","0","2","0","2","","","","N","","","","","","","","","",""
"2015041823","","1","0","0","0","0","0","0","0","0","1","0","","02","4","2015","2","40.458095","-79.960057","","11","0","0","0","0","0","0","0","0","1","0","0","0","","","0","","0","","40 27:29.141","3","0","79 57:36.206","0","0","0","0","2301","0","0","0","N","0","0","0","3","02301","0","","1.0","","1","N","N","","0","","0","0","1","","0","N","","2","0","0","0","0","0","0","2","0","2","","","","N","","","","","","","","","",""
"2015039301","","0","0","0","0","0","0","0","0","0","1","0","","02","4","2015","7","40.401308","-80.063113","","11","0","0","0","0","0","0","0","0","1","0","0","0","","","1","","2","","40 24:04.710","1","0","80 03:47.205","4","0","0","0","2117","0","0","0","N","0","0","0","7","02117","1","","1.0","","1","N","N","","0","","0","0","3","","0","N","","3","1","0","0","0","0","0","2","0","3","","","","N","","","","","","","","","",""
"2015039377","","0","0","0","0","0","0","0","0","0","4","0","","02","4","2015","1","40.386133","-80.214985","","11","0","0","0","0","0","0","0","1","","0","0","0","","","1","","1","","40 23:10.078","","0","80 12:53.946","3","0","0","1","2214","0","0","0","N","0","0","0","3","02214","0","","1.0","","1","N","N","","0","","1","0","1","","3","","","2","1","0","0","0","0","0","2","0","2","","","","N","","","","","","","","","",""
"2015039460","","0","0","0","0","0","0","0","0","0","7","0","","02","4","2015","2","40.248221","-79.84041","","11","0","0","0","0","0","0","0","0","","0","0","0","","","1","","0","","40 14:53.597","","0","79 50:25.477","4","0","0","0","2105","0","0","0","N","0","0","0","1","02105","1","","5.0","","1","N","N","","0","","0","0","1","","0","","","1","1","0","0","0","0","0","1","0","1","","","","N","","","","","","","","","",""
"2015041826","","1","0","0","0","0","0","0","0","0","4","0","90","02","4","2015","5","40.667154","-80.102148","","11","0","0","0","0","0","0","1","0","2","0","0","0","","","0","","1","","40 40:01.754","2","0","80 06:07.732","9","0","0","0","2212","0","0","0","N","0","0","0","2","02505","0","","1.0","","9","N","N","","0","","0","0","0","","2","N","","2","0","0","0","0","0","1","2","0","2","","","N","Y","1","1","Y","","N","","","","",""
"2015040283","","2","0","0","0","0","0","0","0","0","1","0","","02","4","2015","4","40.33086","-80.069018","","11","0","0","0","0","0","0","0","0","","0","0","0","","","0","","0","","40 19:51.096","","0","80 04:08.465","0","0","0","0","2123","0","0","0","N","0","0","0","2","02123","0","","1.0","","9","N","N","","0","","0","0","0","","0","","","2","0","0","0","0","0","0","2","0","2","","","","N","","","","","","","","","",""
"2015041615","","2","0","0","0","0","0","0","0","0","4","0","","02","4","2015","1","40.447953","-79.781766","","11","0","0","0","0","0","0","0","0","1","0","0","0","","","1","","2","","40 26:52.630","4","0","79 46:54.357","8","0","0","0","2446","0","0","0","N","0","0","0","5","02446","0","","1.0","","1","N","N","","0","","0","0","0","","3","N","","2","1","0","0","0","1","0","2","0","2","","","","N","","","","","","","","","",""
"2015039527","","1","0","0","0","0","0","0","0","0","7","0","","02","4","2015","1","40.44113","-80.004041","","11","0","0","0","0","0","0","0","0","","0","0","0","","","0","","1","","40 26:28.068","","0","80 00:14.547","0","0","0","0","2301","0","0","0","N","0","0","0","1","02301","0","","3.0","","1","N","N","","0","","0","0","0","","2","","","1","0","0","0","0","0","0","2","0","1","","","","N","","","","","","","","","",""
"2015040284","","1","0","0","0","0","0","0","0","0","4","0","","02","4","2015","4","40.432576","-80.030035","","11","0","0","0","0","1","0","0","0","1","0","0","0","","","0","","2","","40 25:57.273","5","0","80 01:48.126","0","0","0","0","2301","0","0","0","N","0","0","0","2","02301","0","","1.0","","9","N","N","","0","","0","0","0","","0","N","","2","0","0","0","0","0","0","2","1","2","","","","N","","","","","","","","","",""
"2015041893","","1","0","0","0","0","0","0","0","0","7","0","","02","4","2015","5","40.492747","-79.898109","","11","0","0","0","0","0","0","0","0","2","0","0","0","","","0","","0","","40 29:33.890","1","0","79 53:53.191","0","0","0","0","2401","0","0","0","N","0","0","0","3","68D02","0","","4.0","","1","N","N","","0","","0","0","1","","0","N","","2","0","0","0","0","0","0","2","0","2","","","","N","","","","","","","","","",""
"2015044959","","2","0","0","0","0","0","0","0","0","1","0","","02","4","2015","7","40.39067","-79.869136","","11","0","0","1","0","0","0","0","0","1","0","0","0","","","1","","2","","40 23:26.412","1","0","79 52:08.889","3","0","0","0","2473","0","0","0","N","0","0","0","3","02473","0","","1.0","","1","N","N","","0","","1","0","0","","2","N","","2","1","0","0","0","0","0","2","0","2","","","","N","","","","","","","","","",""
"2015040845","","1","0","0","0","0","0","0","0","0","1","0","","02","4","2015","6","40.465809","-79.838699","","11","0","1","0","0","0","0","0","0","","0","0","0","","","0","","10","","40 27:56.914","","0","79 50:19.317","0","0","0","0","2113","0","0","0","N","0","0","0","3","02113","0","","1.0","","1","N","N","","0","","0","0","1","","0","","","2","0","0","0","0","0","0","2","0","2","","","","N","","","","","","","","","",""
"2015041895","","2","0","0","0","0","0","0","0","0","1","0","","02","4","2015","3","40.494329","-79.904106","","11","0","0","0","0","0","1","0","0","","0","0","0","","","0","","0","","40 29:39.586","","0","79 54:14.783","0","0","0","0","2401","0","0","0","N","0","0","0","3","68D02","0","","1.0","","9","N","N","","1","","0","0","0","","0","","","3","0","0","0","0","0","0","2","0","3","","","","N","","","","","","","","","",""
"2015040300","","1","0","0","0","0","0","0","0","0","1","0","","02","4","2015","4","40.450499","-79.927503","","11","0","0","0","0","0","1","0","0","1","0","0","0","","","1","","2","","40 27:01.796","3","0","79 55:39.010","8","0","0","0","2301","0","0","0","N","0","0","0","3","02301","0","","1.0","","1","N","N","","0","","0","0","1","","2","N","","2","1","0","0","0","1","0","2","0","2","","","","N","","","","","","","","","",""
"2015041060","","2","0","0","0","0","0","0","0","0","1","0","","02","4","2015","6","40.411971","-79.92026","","11","0","0","0","0","0","0","1","0","2","0","0","0","","","2","","10","","40 24:43.095","1","3","79 55:12.936","4","0","0","0","2301","0","0","0","N","0","0","0","5","02301","2","","1.0","","1","N","N","","0","","0","0","2","","0","Y","","4","2","0","0","0","0","0","2","0","4","","","","N","","","","","","","","","",""
"2015041896","","2","0","0","0","0","0","0","0","0","1","0","","02","4","2015","4","40.497033","-79.921331","","11","0","0","0","0","0","1","0","0","2","0","0","0","","","1","","0","","40 29:49.317","1","0","79 55:16.790","4","0","0","0","2461","0","0","0","N","0","0","0","3","68D02","1","","1.0","","1","N","N","","0","","0","0","0","","0","N","","3","1","0","0","0","0","0","2","1","3","","","","N","","","","","","","","","",""
"2015040302","","2","0","0","0","0","0","0","0","0","4","0","","02","4","2015","4","40.444904","-79.993896","","11","0","0","0","0","0","1","0","0","","0","0","0","","","0","","1","","40 26:41.654","","0","79 59:38.025","0","0","0","0","2301","0","0","0","N","0","0","0","2","02301","0","","1.0","","1","N","N","","0","","0","0","0","","2","","","2","0","0","0","0","0","0","2","0","2","","","","N","","","","","","","","","",""
"2015042667","","1","0","0","0","0","0","0","0","0","4","0","","02","4","2015","3","40.43708","-79.998329","","11","0","0","0","0","0","1","0","0","","0","0","0","","","0","","1","","40 26:13.487","","0","79 59:53.986","0","0","0","0","2301","0","0","0","","0","0","0","17","02301","0","","1.0","","9","","","","0","","0","0","0","","2","","","2","0","15","0","0","0","0","2","1","2","","","","N","","","","","","","","","",""