"CRN","ARRIVAL_TM","AUTOMOBILE_COUNT","BELTED_DEATH_COUNT","BELTED_SUSP_SERIOUS_INJ_COUNT","BICYCLE_COUNT","BICYCLE_DEATH_COUNT","BICYCLE_SUSP_SERIOUS_INJ_COUNT","BUS_COUNT","CHLDPAS_DEATH_COUNT","CHLDPAS_SUSP_SERIOUS_INJ_COUNT","COLLISION_TYPE","COMM_VEH_COUNT","CONS_ZONE_SPD_LIM","COUNTY","CRASH_MONTH","CRASH_YEAR","DAY_OF_WEEK","DEC_LATITUDE","DEC_LONGITUDE","DISPATCH_TM","DISTRICT","DRIVER_COUNT_16YR","DRIVER_COUNT_17YR","DRIVER_COUNT_18YR","DRIVER_COUNT_19YR","DRIVER_COUNT_20YR","DRIVER_COUNT_50_64YR","DRIVER_COUNT_65_74YR","DRIVER_COUNT_75PLUS","EST_HRS_CLOSED","FATAL_COUNT","HEAVY_TRUCK_COUNT","HORSE_BUGGY_COUNT","HOUR_OF_DAY","ILLUMINATION","INJURY_COUNT","INTERSECTION_RELATED","INTERSECT_TYPE","LANE_CLOSED","LATITUDE","LN_CLOSE_DIR","LOCATION_TYPE","LONGITUDE","MAX_SEVERITY_LEVEL","MCYCLE_DEATH_COUNT","MCYCLE_SUSP_SERIOUS_INJ_COUNT","MOTORCYCLE_COUNT","MUNICIPALITY","NONMOTR_COUNT","NONMOTR_DEATH_COUNT","NONMOTR_SUSP_SERIOUS_INJ_COUNT","NTFY_HIWY_MAINT","PED_COUNT","PED_DEATH_COUNT","PED_SUSP_SERIOUS_INJ_COUNT","PERSON_COUNT","POLICE_AGCY","POSSIBLE_INJ_COUNT","RDWY_SURF_TYPE_CD","RELATION_TO_ROAD","ROADWAY_CLEARED","ROAD_CONDITION","SCH_BUS_IND","SCH_ZONE_IND","SECONDARY_CRASH","SMALL_TRUCK_COUNT","SPEC_JURIS_CD","SUSP_MINOR_INJ_COUNT","SUSP_SERIOUS_INJ_COUNT","SUV_COUNT","TCD_FUNC_CD","TCD_TYPE","TFC_DETOUR_IND","TIME_OF_DAY","TOTAL_UNITS","TOT_INJ_COUNT","UNBELTED_OCC_COUNT","UNB_DEATH_COUNT","UNB_SUSP_SERIOUS_INJ_COUNT","UNK_INJ_DEG_COUNT","UNK_INJ_PER_COUNT","URBAN_RURAL","VAN_COUNT","VEHICLE_COUNT","WEATHER1","WEATHER2","WORKERS_PRES","WORK_ZONE_IND","WORK_ZONE_LOC","WORK_ZONE_TYPE","WZ_CLOSE_DETOUR","WZ_FLAGGER","WZ_LAW_OFFCR_IND","WZ_LN_CLOSURE","WZ_MOVING","WZ_OTHER","WZ_SHLDER_MDN","WZ_WORKERS_INJ_KILLED"
"2015042372","1623","1","0","0","0","0","0","0","0","0","1","0","","02","4","2015","4","40.462239","-79.905569","1611","11","0","0","0","0","0","1","0","0","1","0","0","0","","","0","","2","","40 27:44.061","1","0","79 54:20.047","0","0","0","0","2301","0","0","0","N","0","0","0","2","02301","0","","1.0","","1","N","N","","1","","0","0","0","","0","N","","2","0","0","0","0","0","0","2","0","2","","","","N","","","","","","","","","",""
"2015044798","0933","1","0","0","0","0","0","0","0","0","7","0","","02","4","2015","4","40.496037","-80.20726","0926","11","0","0","0","0","0","0","0","0","","0","0","0","","","0","","0","","40 29:45.732","","0","80 12:26.137","0","0","0","0","2213","0","0","0","N","0","0","0","1","02213","0","","4.0","","8","N","N","","0","","0","0","0","","0","","","1","0","0","0","0","0","0","2","0","1","","","","N","","","","","","","","","",""
"2015044379","0525","1","0","0","0","0","0","0","0","0","4","0","","02","4","2015","5","40.451227","-80.108792","0520","11","0","0","0","0","0","1","0","0","","0","0","0","","","0","","0","","40 27:04.416","","0","80 06:31.650","0","0","0","0","2115","0","0","0","N","0","0","0","2","02115","0","","1.0","","1","N","N","","1","","0","0","0","","0","","","2","0","0","0","0","0","0","2","0","2","","","","N","","","","","","","","","",""
"2015044503","1909","1","0","0","0","0","0","0","0","0","8","0","","02","4","2015","3","40.496004","-80.256518","1908","11","0","0","1","0","0","0","0","0","2","0","0","0","","","2","","0","","40 29:45.614","1","0","80 15:23.464","3","0","0","0","2203","1","0","0","N","1","0","0","5","02501","0","","6.0","","1","N","N","","0","","2","0","0","","0","N","","3","2","0","0","0","0","0","2","1","2","","","","N","","","","","","","","","",""
"2015042362","1901","1","0","0","0","0","0","0","0","0","7","0","","02","4","2015","4","40.583635","-79.777874","1859","11","0","0","0","0","0","0","0","0","2","0","0","0","","","1","","0","","40 35:01.087","1","0","79 46:40.345","3","0","0","0","2104","0","0","0","N","0","0","0","1","02104","0","","5.0","","1","N","N","","0","","1","0","0","","6","N","","1","1","0","0","0","0","0","2","0","1","","","","N","","","","","","","","","",""
"2015044380","1133","1","0","0","0","0","0","0","0","0","1","0","","02","4","2015","6","40.44776","-80.163967","1127","11","0","0","1","0","0","0","0","0","2","0","0","0","","","0","","2","","40 26:51.935","4","0","80 09:50.282","0","0","0","0","2115","0","0","0","N","0","0","0","3","02115","0","","1.0","","1","N","N","","0","","0","0","1","","2","N","","2","0","0","0","0","0","0","2","0","2","","","","N","","","","","","","","","",""
"2015043616","2257","1","0","0","0","0","0","0","0","0","7","0","","02","4","2015","6","40.666426","-80.032678","2255","11","0","0","0","0","0","1","0","0","3","0","0","0","","","0","","0","","40 39:59.135","5","0","80 01:57.639","0","0","0","0","2216","0","0","0","Y","0","0","0","1","02505","0","","2.0","","1","N","N","","0","","0","0","0","","0","N","","1","0","0","0","0","0","0","2","0","1","","","","N","","","","","","","","","",""
"2015043122","1640","1","0","0","0","0","0","0","0","0","1","0","","02","4","2015","5","40.596978","-79.754924","1627","11","0","1","0","1","0","0","0","0","1","0","0","0","","","0","","0","","40 35:49.119","2","0","79 45:17.725","0","0","0","0","2464","0","0","0","N","0","0","0","3","64305","0","","1.0","","9","N","N","","0","","0","0","1","","0","N","","2","0","0","0","0","0","0","2","0","2","","","","N","","","","","","","","","",""
"2015044381","1452","1","0","0","0","0","0","0","0","0","0","0","","02","4","2015","6","40.453738","-80.171738","1443","11","0","0","0","0","0","0","1","0","2","0","0","0","","","0","","2","","40 27:13.455","1","0","80 10:18.258","0","0","0","0","2115","0","0","0","N","0","0","0","2","02115","0","","1.0","","1","N","N","","1","","0","0","0","","2","N","","3","0","1","0","0","0","0","2","0","2","","","","N","","","","","","","","","",""
"2015045325","1908","0","0","0","0","0","0","0","0","0","2","0","","02","4","2015","5","40.431021","-79.848803","1905","11","0","0","0","0","0","0","1","0","3","0","0","0","","","4","","0","","40 25:51.675","6","0","79 50:55.690","3","0","0","0","2431","0","0","0","Y","0","0","0","4","02431","0","","1.0","","1","N","N","","0","","4","0","1","","0","Y","","2","4","0","0","0","0","0","2","1","2","","","","N","","","","","","","","","",""
"2015042298","1403","2","0","0","0","0","0","0","0","0","1","0","","02","4","2015","2","40.629237","-79.933239","1400","11","0","0","0","0","0","0","0","1","","0","0","0","","","0","","2","","40 37:45.252","","0","79 55:59.662","0","0","0","0","2217","0","0","0","N","0","0","0","2","02505","0","","1.0","","1","N","N","","0","","0","0","0","","0","","","2","0","0","0","0","0","0","2","0","2","","","","N","","","","","","","","","",""
"2015043828","0602","0","0","0","0","0","0","0","0","0","7","0","","02","4","2015","2","40.484747","-79.908346","0559","11","0","0","0","0","0","0","0","0","1","0","0","0","","","0","","0","","40 29:05.088","4","0","79 54:30.047","0","0","0","0","2301","0","0","0","N","0","0","0","1","02301","0","","5.0","","9","N","N","","1","","0","0","0","","0","N","","1","0","0","0","0","0","0","2","0","1","","","","N","","","","","","","","","",""
"2015043475","0907","0","0","0","0","0","0","0","0","0","7","0","","02","4","2015","7","40.259861","-79.837241","0857","11","0","0","0","0","0","0","0","0","2","0","0","0","","","1","","0","","40 15:35.499","5","0","79 50:14.067","4","0","0","0","2105","0","0","0","N","0","0","0","1","02105","1","","2.0","","1","N","N","","0","","0","0","1","","0","Y","","1","1","1","0","0","0","0","1","0","1","","","","N","","","","","","","","","",""
"2015045074","1751","2","0","0","0","0","0","0","0","0","4","0","","02","4","2015","4","40.458506","-79.901136","1741","11","0","0","0","0","0","0","0","0","","0","0","0","","","0","","1","","40 27:30.621","","0","79 54:04.089","9","0","0","0","2301","0","0","0","N","0","0","0","4","02301","0","","1.0","","1","N","N","","0","","0","0","0","","2","","","2","0","0","0","0","0","1","2","0","2","","","","N","","","","","","","","","",""
"2015044382","1006","1","0","0","0","0","0","0","0","0","1","0","","02","4","2015","3","40.526498","-80.208771","1003","11","0","0","0","0","0","0","1","0","2","0","0","0","","","1","","0","","40 31:35.392","2","0","80 12:31.576","4","0","0","0","2213","0","0","0","N","0","0","0","2","02213","1","","1.0","","1","N","N","","0","","0","0","1","","0","N","","2","1","0","0","0","0","0","2","0","2","","","","N","","","","","","","","","",""
"2015045259","0829","2","0","0","0","0","0","0","0","0","1","0","","02","4","2015","6","40.435847","-79.895992","0816","11","0","0","0","0","0","1","0","0","","0","0","0","","","0","","1","","40 26:09.049","","0","79 53:45.571","0","0","0","0","2301","0","0","0","N","0","0","0","2","02301","0","","1.0","","1","N","N","","0","","0","0","0","","0","","","2","0","0","0","0","0","0","2","0","2","","","","N","","","","","","","","","",""
"2015043683","1226","2","0","0","0","0","0","0","0","0","4","0","","02","4","2015","1","40.627331","-80.02726","1221","11","0","0","0","0","0","0","0","1","","0","0","0","","","0","","2","","40 37:38.392","","0","80 01:38.136","0","0","0","0","2216","0","0","0","N","0","0","0","2","02505","0","","1.0","","1","N","N","","0","","0","0","0","","3","","","2","0","0","0","0","0","0","1","0","2","","","","N","","","","","","","","","",""
"2015044383","1826","1","0","0","0","0","0","0","0","0","4","0","","02","4","2015","5","40.498619","-80.207822","1824","11","1","0","0","0","0","0","0","0","1","0","0","0","","","0","","1","","40 29:55.030","2","0","80 12:28.158","0","0","0","0","2213","0","0","0","N","0","0","0","3","02213","0","","1.0","","9","N","N","","1","","0","0","0","","3","N","","2","0","0","0","0","0","0","2","0","2","","","","N","","","","","","","","","",""
"2015043684","1305","1","0","0","0","0","0","0","0","0","3","0","","02","4","2015","1","40.436245","-79.918551","1305","11","0","0","0","0","0","0","1","0","","0","0","0","","","1","","0","","40 26:10.483","","0","79 55:06.784","4","0","0","0","2301","0","0","0","N","0","0","0","2","02301","1","","1.0","","1","N","N","","0","","0","0","0","","0","","","2","1","0","0","0","0","0","2","1","2","","","","N","","","","","","","","","",""
"2015043830","1408","2","0","0","0","0","0","0","0","0","4","0","","02","4","2015","5","40.386268","-80.048193","1403","11","0","0","0","0","0","0","0","1","1","0","0","0","","","1","","2","","40 23:10.564","3","0","80 02:53.494","4","0","0","0","2109","0","0","0","N","0","0","0","3","02109","1","","1.0","","9","N","N","","0","","0","0","0","","3","N","","2","1","0","0","0","0","0","2","0","2","","","","N","","","","","","","","","",""
"2015045076","0927","1","0","0","0","0","0","0","0","0","7","0","","02","4","2015","3","40.359013","-80.04931","0924","11","0","0","0","0","0","0","0","0","1","0","0","0","","","0","","0","","40 21:32.447","1","0","80 02:57.515","0","0","0","0","2109","0","0","0","N","0","0","0","1","02109","0","","4.0","","1","N","N","","0","","0","0","0","","0","N","","1","0","1","0","0","0","0","2","0","1","","","","N","","","","","","","","","",""
"2015044384","1033","0","0","0","0","0","0","0","0","0","7","0","","02","4","2015","5","40.345215","-80.014702","1029","11","0","0","0","0","0","0","0","0","1","0","0","0","","","1","","0","","40 20:42.775","5","0","80 00:52.926","8","0","0","0","2407","0","0","0","N","0","0","0","1","02407","0","","4.0","","1","N","N","","0","","0","0","1","","0","N","","1","1","0","0","0","1","0","2","0","1","","","","N","","","","","","","","","",""
"2015043061","2240","1","0","0","0","0","0","0","0","0","4","0","","02","4","2015","1","40.367576","-80.066581","2236","11","0","2","0","0","0","0","0","0","2","0","0","0","","","2","","1","","40 22:03.273","5","0","80 03:59.691","4","0","0","0","2109","0","0","0","N","0","0","0","2","02109","2","","1.0","","1","N","N","","1","","0","0","0","","3","Y","","2","2","0","0","0","0","0","2","0","2","","","","N","","","","","","","","","",""
"2015043831","1458","2","0","0","0","0","0","0","0","0","1","0","","02","4","2015","5","40.364431","-80.022628","1455","11","0","0","0","0","0","0","1","0","","0","0","0","","","1","","1","","40 21:51.951","","0","80 01:21.459","4","0","0","0","2416","0","0","0","N","0","0","0","3","02416","1","","1.0","","9","N","N","","0","","0","0","0","","2","","","3","1","0","0","0","0","0","2","1","3","","","","N","","","","","","","","","",""
"2015045077","1345","1","0","0","0","0","0","0","0","0","4","0","","02","4","2015","3","40.364675","-80.048182","1341","11","0","0","0","0","0","1","0","1","2","0","0","0","","","2","","1","","40 21:52.830","2","0","80 02:53.456","4","0","0","0","2109","0","0","0","N","0","0","0","2","02109","2","","1.0","","1","N","N","","0","","0","0","1","","2","Y","","2","2","0","0","0","0","0","2","0","2","","","","N","","","","","","","","","",""
"2015044385","1722","1","0","0","0","0","0","0","0","0","1","0","","02","4","2015","5","40.339526","-80.051824","1719","11","1","0","0","0","0","1","0","0","","0","0","0","","","0","","0","","40 20:22.294","","0","80 03:06.568","0","0","0","0","2407","0","0","0","N","0","0","0","4","02407","0","","1.0","","1","N","N","","1","","0","0","0","","0","","","2","0","0","0","0","0","0","2","0","2","","","","N","","","","","","","","","",""
"2015044509","2022","0","0","0","0","0","0","0","0","0","8","0","","02","4","2015","3","40.448413","-79.934205","2010","11","0","0","0","0","0","0","0","0","","0","0","0","","","1","","10","","40 26:54.286","","7","79 56:03.138","8","0","0","0","2301","1","0","0","N","1","0","0","2","02301","0","","4.0","","1","N","N","","0","","0","0","1","","0","","","2","1","0","0","0","1","1","2","0","1","","","","N","","","","","","","","","",""
"2015045078","1405","1","0","0","0","0","0","0","0","0","7","0","","02","1","2015","4","40.365079","-80.11503","1405","11","0","0","1","0","0","0","0","0","2","0","0","0","","","1","","0","","40 21:54.283","6","0","80 06:54.109","4","0","0","0","2414","0","0","0","N","0","0","0","1","02414","1","","2.0","","7","N","N","","1","","0","0","0","","0","Y","","2","1","0","0","0","0","0","2","0","2","","","","N","","","","","","","","","",""
"2015044386","1053","2","0","0","0","0","0","0","0","0","1","0","","02","4","2015","1","40.341178","-80.016828","1051","11","0","0","0","1","0","0","0","0","","0","0","0","","","1","","0","","40 20:28.240","","0","80 01:00.580","8","0","0","0","2407","0","0","0","N","0","0","0","4","02407","0","","1.0","","1","N","N","","0","","0","0","0","","0","","","2","1","0","0","0","1","0","2","0","2","","","","N","","","","","","","","","",""
"2015045198","0236","0","0","0","0","0","0","0","0","0","1","0","","02","4","2015","6","40.437663","-79.97255","0234","11","0","0","0","0","0","0","0","0","2","0","0","0","","","1","","2","","40 26:15.588","4","3","79 58:21.180","8","0","0","0","2301","0","0","0","N","0","0","0","7","02301","0","","1.0","","1","N","N","","0","","0","0","1","","2","N","","2","1","0","0","0","1","0","2","0","2","","","","N","","","","","","","","","",""
"2015043762","1740","3","0","0","0","0","0","0","0","0","1","0","","02","4","2015","7","40.345876","-80.114071","1734","11","0","0","0","0","0","1","0","0","","0","0","0","","","0","","0","","40 20:45.152","","0","80 06:50.654","0","0","0","0","2119","0","0","0","N","0","0","0","6","02119","0","","1.0","","1","N","N","","0","","0","0","0","","0","","","3","0","0","0","0","0","0","2","0","3","","","","N","","","","","","","","","",""
"2015045079","2351","2","0","0","0","0","0","0","0","0","8","0","","02","1","2015","2","40.358215","-80.105251","2346","11","0","0","0","0","0","0","0","0","2","0","0","0","","","1","","0","","40 21:29.574","6","0","80 06:18.902","3","0","0","0","2414","1","0","0","N","1","0","0","2","02414","0","","2.0","","1","N","N","","0","","1","0","1","","0","N","","4","1","0","0","0","0","0","2","0","3","","","","N","","","","","","","","","",""
"2015043688","1619","3","0","0","0","0","0","0","0","0","1","0","","02","4","2015","6","40.533062","-80.010885","1605","11","0","0","0","0","0","1","0","0","2","0","0","0","","","0","","0","","40 31:59.023","1","0","80 00:39.186","0","0","0","0","2116","0","0","0","N","0","0","0","6","02116","0","","1.0","","1","N","N","","0","","0","0","0","","2","N","","3","0","0","0","0","0","0","2","0","3","","","","N","","","","","","","","","",""
"2015042997","1703","2","0","0","0","0","0","0","0","0","1","0","","02","4","2015","5","40.404047","-79.883327","1658","11","0","0","0","0","0","2","0","0","","0","0","0","","","1","","2","","40 24:14.568","","0","79 52:59.976","4","0","0","0","2475","0","0","0","N","0","0","0","2","02475","1","","1.0","","1","N","N","","0","","0","0","0","","2","","","2","1","0","0","0","0","0","2","0","2","","","","N","","","","","","","","","",""
"2015045080","0239","0","0","0","0","0","0","0","0","0","7","0","","02","1","2015","1","40.356918","-80.105436","0239","11","0","0","0","0","0","0","0","0","6","0","0","0","","","0","","0","","40 21:24.903","5","0","80 06:19.570","0","0","0","0","2414","0","0","0","N","0","0","0","1","02414","0","","4.0","","1","N","N","","1","","0","0","0","","0","Y","","1","0","0","0","0","0","0","2","0","1","","","","N","","","","","","","","","",""
"2015045154","1615","1","0","0","0","0","0","0","0","0","1","0","","02","4","2015","4","40.277389","-79.868617","1612","11","0","0","0","0","0","0","0","0","","0","0","0","","","1","","3","","40 16:38.601","","0","79 52:07.021","8","0","0","0","2443","0","0","0","N","0","0","0","3","02443","0","","1.0","","1","N","N","","2","","0","0","0","","0","","","3","1","0","0","0","1","0","2","0","3","","","","N","","","","","","","","","",""
"2015043624","1206","2","0","0","0","0","0","0","0","0","1","0","","02","4","2015","7","40.344909","-79.985567","1204","11","0","0","0","0","0","0","0","0","1","0","0","0","","","1","","2","","40 20:41.672","1","0","79 59:08.041","8","0","0","0","2403","0","0","0","N","0","0","0","2","02403","0","","1.0","","1","N","N","","0","","0","0","0","","0","N","","2","1","0","0","0","1","1","2","0","2","","","","N","","","","","","","","","",""
"2015043689","1515","1","0","0","0","0","0","0","0","0","0","0","","02","4","2015","7","40.44003","-80.223596","1512","11","0","0","0","0","0","1","0","0","1","0","0","0","","","2","","2","","40 26:24.108","4","0","80 13:24.944","3","0","0","1","2214","0","0","0","N","0","0","0","4","02214","0","","1.0","","1","N","N","","0","","2","0","0","","3","Y","","2","2","0","0","0","0","0","2","0","2","","","","N","","","","","","","","","",""
"2015045200","0006","1","0","0","0","0","0","0","0","0","7","0","","02","4","2015","6","40.660646","-79.983898","0006","11","0","0","0","0","0","0","0","0","1","0","0","0","","","1","","0","","40 39:38.325","6","0","79 59:02.031","2","0","0","0","2217","0","0","0","N","0","0","0","1","02505","0","","5.0","","1","N","N","","0","","0","1","0","","0","N","","1","1","1","0","1","0","0","1","0","1","","","","N","","","","","","","","","",""
"2015043483","1315","1","0","0","0","0","0","0","0","0","4","0","","02","4","2015","6","40.538059","-79.933586","1300","11","0","0","0","0","0","1","0","0","","0","0","0","","","1","","0","","40 32:17.012","","7","79 56:00.909","4","0","0","0","2209","0","0","0","N","0","0","0","3","02209","1","","1.0","","1","N","N","","0","","0","0","1","","0","","","2","1","0","0","0","0","0","2","0","2","","","","N","","","","","","","","","",""
"2015045081","2328","2","0","0","0","0","0","0","0","0","1","0","","02","1","2015","7","40.354534","-80.107731","2328","11","0","0","0","0","0","0","0","0","","0","0","0","","","0","","2","","40 21:16.322","","0","80 06:27.831","0","0","0","0","2414","0","0","0","N","0","0","0","1","02414","0","","2.0","","9","N","N","","0","","0","0","0","","0","","","2","0","0","0","0","0","0","2","0","2","","","","N","","","","","","","","","",""
"2015043690","2229","0","0","0","0","0","0","0","0","0","4","0","","02","4","2015","7","40.441763","-79.958524","2228","11","0","0","0","0","0","1","0","0","2","0","0","0","","","0","","2","","40 26:30.346","1","0","79 57:30.686","0","0","0","0","2301","0","0","0","N","0","0","0","5","02301","0","","1.0","","1","N","N","","0","","0","0","1","","2","N","","2","0","0","0","0","0","0","2","0","2","","","","N","","","","","","","","","",""
"2015044514","1423","0","0","0","0","0","0","0","0","0","7","0","","02","4","2015","1","40.585914","-80.090182","1419","11","0","0","0","0","0","0","0","1","","0","0","0","","","0","","2","","40 35:09.289","","0","80 05:24.654","9","0","0","0","2481","0","0","0","N","0","0","0","1","02481","0","","2.0","","9","N","N","","0","","0","0","1","","0","","","1","0","1","0","0","0","1","2","0","1","","","","N","","","","","","","","","",""
"2015044529","0720","0","0","0","0","0","0","0","0","0","1","0","","02","4","2015","3","40.420216","-79.922713","0706","11","0","0","0","0","0","1","0","0","","0","0","0","","","1","","3","","40 25:12.777","","0","79 55:21.766","4","0","0","0","2301","0","0","0","N","0","0","0","2","02301","1","","1.0","","1","Y","N","","0","","0","0","1","","0","","","2","1","0","0","0","0","0","2","1","2","","","","N","","","","","","","","","",""
"2015044592","1257","1","0","0","0","0","0","1","0","0","1","1","","02","4","2015","3","40.541228","-79.786426","1254","11","0","0","0","0","0","2","0","0","","0","0","0","","","1","","2","","40 32:28.419","","0","79 47:11.134","4","0","0","0","2462","0","0","0","N","0","0","0","11","02462","1","","1.0","","1","Y","N","","0","","0","0","0","","0","","","2","1","1","0","0","0","0","2","0","2","","","","N","","","","","","","","","",""
"2015044311","1105","1","0","0","0","0","0","0","0","0","1","1","","02","4","2015","3","40.291654","-79.914726","1104","11","0","0","0","0","0","2","0","0","","0","1","0","","","0","","0","","40 17:29.955","","0","79 54:53.012","0","0","0","0","2440","0","0","0","N","0","0","0","2","02440","0","","1.0","","1","N","N","","0","","0","0","0","","0","","","2","0","0","0","0","0","0","2","0","2","","","","N","","","","","","","","","",""
"2015045082","1701","0","0","0","1","0","0","0","0","0","8","0","","02","1","2015","3","40.363334","-80.110712","1701","11","0","0","0","0","0","0","0","0","","0","0","0","","","1","","2","","40 21:48.002","","0","80 06:38.564","4","0","0","0","2414","1","0","0","N","0","0","0","2","02414","1","","1.0","","1","N","N","","0","","0","0","1","","3","","","2","1","1","0","0","0","0","2","0","1","","","","N","","","","","","","","","",""
"2015043691","1319","1","0","0","0","0","0","0","0","0","4","0","","02","4","2015","1","40.370164","-80.100403","1307","11","0","0","0","0","0","2","0","0","","0","0","0","","","0","","0","","40 22:12.590","","0","80 06:01.450","0","0","0","0","2102","0","0","0","N","0","0","0","3","02102","0","","1.0","","1","N","N","","0","","0","0","1","","0","","","2","0","0","0","0","0","0","2","0","2","","","","N","","","","","","","","","",""
"2015043706","1653","1","0","0","0","0","0","0","0","0","4","0","","02","4","2015","7","40.497757","-80.06973","1652","11","0","0","0","0","0","0","0","0","2","0","0","0","","","3","","2","","40 29:51.926","7","0","80 04:11.029","2","0","0","0","2402","0","0","0","N","0","0","0","3","02402","2","","1.0","","1","N","N","","1","","0","1","0","","0","Y","","2","3","1","0","1","0","0","2","0","2","","","","N","","","","","","","","","",""
"2015045083","0102","0","0","0","0","0","0","0","0","0","7","0","","02","2","2015","2","40.354251","-80.105593","0100","11","0","0","0","0","0","0","0","0","","0","0","0","","","0","","1","","40 21:15.303","","0","80 06:20.134","0","0","0","0","2414","0","0","0","N","0","0","0","1","02414","0","","2.0","","2","N","N","","0","","0","0","1","","0","","","1","0","0","0","0","0","0","2","0","1","","","","N","","","","","","","","","",""
"2015043002","0017","2","0","0","0","0","0","0","0","0","4","0","","02","4","2015","5","40.353685","-80.146166","0011","11","0","0","0","0","0","0","0","0","1","0","0","0","","","0","","0","","40 21:13.266","4","0","80 08:46.196","9","0","0","0","2119","0","0","0","N","0","0","0","1","02119","0","","6.0","","1","N","N","","0","","0","0","0","","0","N","","3","0","0","0","0","0","1","2","1","3","","","","N","","","","","","","","","",""
"2015045017","1250","1","0","0","0","0","0","0","0","0","1","0","","02","4","2015","5","40.429267","-79.999168","1240","11","0","0","0","0","0","0","0","0","","0","0","0","","","0","","1","","40 25:45.362","","3","79 59:57.003","0","0","0","0","2301","0","0","0","N","0","0","0","3","02301","0","","1.0","","1","N","N","","0","","0","0","0","","2","","","2","0","0","0","0","0","0","2","1","2","","","","N","","","","","","","","","",""
"2015045084","1345","2","0","0","0","0","0","0","0","0","1","1","","02","2","2015","4","40.363686","-80.109957","1345","11","0","0","0","0","0","0","0","0","1","0","1","0","","","1","","0","","40 21:49.269","5","0","80 06:35.845","4","0","0","0","2414","0","0","0","N","0","0","0","7","02414","1","","1.0","","1","N","N","","0","","0","0","1","","0","N","","5","1","0","0","0","0","0","2","1","5","","","","N","","","","","","","","","",""
"2015045158","2054","1","0","0","1","0","0","0","0","0","8","0","","02","4","2015","5","40.401662","-79.90388","2051","11","0","0","0","0","0","1","0","0","","0","0","0","","","1","","1","","40 24:05.983","","0","79 54:13.968","4","0","0","0","2438","1","0","0","N","0","0","0","2","02438","1","","1.0","","1","N","N","","0","","0","0","0","","0","","","2","1","0","0","0","0","0","2","0","1","","","","N","","","","","","","","","",""
"2015043628","1406","3","0","0","0","0","0","0","0","0","4","0","","02","4","2015","3","40.392228","-79.997074","1359","11","0","0","0","0","0","1","0","0","2","0","0","0","","","0","","0","","40 23:32.019","5","0","79 59:49.468","0","0","0","0","2301","0","0","0","N","0","0","0","3","02301","0","","1.0","","1","N","N","","0","","0","0","0","","0","N","","3","0","0","0","0","0","0","2","0","3","","","","N","","","","","","","","","",""
"2015042929","0717","0","0","0","0","0","0","0","0","0","1","0","45","02","4","2015","4","40.413277","-80.08046","0706","11","0","0","0","0","0","0","0","0","1","0","0","0","","","0","","0","","40 24:47.797","4","0","80 04:49.655","0","0","0","0","2415","0","0","0","N","0","0","0","2","68B03","0","","1.0","","1","N","N","","0","","0","0","2","","0","N","","2","0","0","0","0","0","0","2","0","2","","","Y","Y","4","1","N","N","N","N","N","N","Y",""
"2015045019","1103","0","0","0","0","0","0","0","0","0","7","0","","02","4","2015","5","40.479901","-80.044236","1055","11","0","0","0","0","0","1","0","0","","0","0","0","","","0","","0","","40 28:47.645","","0","80 02:39.248","0","0","0","0","2301","0","0","0","N","0","0","0","3","02301","0","","1.0","","1","N","N","","1","","0","0","1","","0","","","2","0","0","0","0","0","0","2","0","2","","","","N","","","","","","","","","",""
"2015045086","1635","1","0","0","0","0","0","0","0","0","4","0","","02","2","2015","2","40.356239","-80.113564","1635","11","0","0","0","0","0","1","0","0","","0","0","0","","","1","","0","","40 21:22.462","","7","80 06:48.830","8","0","0","0","2414","0","0","0","N","0","0","0","3","02414","0","","1.0","","1","N","N","","1","","0","0","0","","3","","","2","1","0","0","0","1","0","2","0","2","","","","N","","","","","","","","","",""
"2015045159","2110","2","0","0","0","0","0","0","0","0","1","0","","02","4","2015","5","40.442344","-79.995547","2108","11","0","0","0","0","0","1","0","0","1","0","0","0","","","0","","0","","40 26:32.437","3","0","79 59:43.969","0","0","0","0","2301","0","0","0","N","0","0","0","3","02301","0","","1.0","","1","N","N","","0","","0","0","0","","0","N","","2","0","0","0","0","0","0","2","0","2","","","","N","","","","","","","","","",""
"2015043709","1111","1","0","0","0","0","0","0","0","0","1","0","","02","4","2015","1","40.592141","-80.074993","1108","11","0","0","0","0","0","0","0","0","","0","0","0","","","1","","3","","40 35:31.706","","0","80 04:29.976","4","0","0","0","2481","0","0","0","N","0","0","0","10","02481","1","","1.0","","1","N","N","","0","","0","0","0","","3","","","2","1","0","0","0","0","0","2","1","2","","","","N","","","","","","","","","",""
"2015043769","1919","0","0","0","0","0","0","0","0","0","2","0","","02","4","2015","1","40.422514","-79.960226","1919","11","0","0","0","0","0","0","0","0","","0","0","0","","","1","","1","","40 25:21.051","","0","79 57:36.814","4","0","0","0","2301","0","0","0","N","0","0","0","3","02301","1","","1.0","","9","N","N","","0","","0","0","3","","2","","","3","1","0","0","0","0","1","2","0","3","","","","N","","","","","","","","","",""
"2015043425","0502","1","0","0","0","0","0","0","0","0","7","0","","02","4","2015","5","40.42747","-79.953641","0502","11","0","0","0","0","0","0","0","0","2","0","0","0","","","1","","0","","40 25:38.891","3","0","79 57:13.106","3","0","0","0","2301","0","0","0","Y","0","0","0","1","68B03","0","","4.0","","1","N","N","","0","","1","0","0","","0","N","","1","1","0","0","0","0","0","2","0","1","","","","N","","","","","","","","","",""