"CRN","ARRIVAL_TM","AUTOMOBILE_COUNT","BELTED_DEATH_COUNT","BELTED_SUSP_SERIOUS_INJ_COUNT","BICYCLE_COUNT","BICYCLE_DEATH_COUNT","BICYCLE_SUSP_SERIOUS_INJ_COUNT","BUS_COUNT","CHLDPAS_DEATH_COUNT","CHLDPAS_SUSP_SERIOUS_INJ_COUNT","COLLISION_TYPE","COMM_VEH_COUNT","CONS_ZONE_SPD_LIM","COUNTY","CRASH_MONTH","CRASH_YEAR","DAY_OF_WEEK","DEC_LATITUDE","DEC_LONGITUDE","DISPATCH_TM","DISTRICT","DRIVER_COUNT_16YR","DRIVER_COUNT_17YR","DRIVER_COUNT_18YR","DRIVER_COUNT_19YR","DRIVER_COUNT_20YR","DRIVER_COUNT_50_64YR","DRIVER_COUNT_65_74YR","DRIVER_COUNT_75PLUS","EST_HRS_CLOSED","FATAL_COUNT","HEAVY_TRUCK_COUNT","HORSE_BUGGY_COUNT","HOUR_OF_DAY","ILLUMINATION","INJURY_COUNT","INTERSECTION_RELATED","INTERSECT_TYPE","LANE_CLOSED","LATITUDE","LN_CLOSE_DIR","LOCATION_TYPE","LONGITUDE","MAX_SEVERITY_LEVEL","MCYCLE_DEATH_COUNT","MCYCLE_SUSP_SERIOUS_INJ_COUNT","MOTORCYCLE_COUNT","MUNICIPALITY","NONMOTR_COUNT","NONMOTR_DEATH_COUNT","NONMOTR_SUSP_SERIOUS_INJ_COUNT","NTFY_HIWY_MAINT","PED_COUNT","PED_DEATH_COUNT","PED_SUSP_SERIOUS_INJ_COUNT","PERSON_COUNT","POLICE_AGCY","POSSIBLE_INJ_COUNT","RDWY_SURF_TYPE_CD","RELATION_TO_ROAD","ROADWAY_CLEARED","ROAD_CONDITION","SCH_BUS_IND","SCH_ZONE_IND","SECONDARY_CRASH","SMALL_TRUCK_COUNT","SPEC_JURIS_CD","SUSP_MINOR_INJ_COUNT","SUSP_SERIOUS_INJ_COUNT","SUV_COUNT","TCD_FUNC_CD","TCD_TYPE","TFC_DETOUR_IND","TIME_OF_DAY","TOTAL_UNITS","TOT_INJ_COUNT","UNBELTED_OCC_COUNT","UNB_DEATH_COUNT","UNB_SUSP_SERIOUS_INJ_COUNT","UNK_INJ_DEG_COUNT","UNK_INJ_PER_COUNT","URBAN_RURAL","VAN_COUNT","VEHICLE_COUNT","WEATHER1","WEATHER2","WORKERS_PRES","WORK_ZONE_IND","WORK_ZONE_LOC","WORK_ZONE_TYPE","WZ_CLOSE_DETOUR","WZ_FLAGGER","WZ_LAW_OFFCR_IND","WZ_LN_CLOSURE","WZ_MOVING","WZ_OTHER","WZ_SHLDER_MDN","WZ_WORKERS_INJ_KILLED"
"2015045087","1130","1","0","0","0","0","0","0","0","0","4","1","","02","2","2015","4","40.362144","-80.097711","1130","11","0","0","0","0","0","1","0","1","1","0","1","0","","","0","","2","","40 21:43.718","4","0","80 05:51.759","0","0","0","0","2414","0","0","0","N","0","0","0","4","02414","0","","1.0","","9","N","N","","0","","0","0","0","","3","N","","3","0","1","0","0","0","0","2","1","3","","","","N","","","","","","","","","",""
"2015043007","1900","0","0","0","0","0","0","0","0","0","7","0","","02","4","2015","5","40.410431","-80.025716","1855","11","0","0","0","0","0","0","1","0","","0","0","0","","","0","","0","","40 24:37.551","","0","80 01:32.577","9","0","0","0","2301","0","0","0","N","0","0","0","2","02301","0","","5.0","","1","N","N","","0","","0","0","0","","0","","","1","0","0","0","0","0","1","2","1","1","","","","N","","","","","","","","","",""
"2015045021","1323","2","0","0","0","0","0","0","0","0","4","0","","02","4","2015","5","40.366002","-79.949448","1320","11","0","0","0","0","0","0","1","0","","0","0","0","","","3","","2","","40 21:57.607","","0","79 56:58.013","8","0","0","0","2403","0","0","0","N","0","0","0","3","02403","0","","1.0","","1","N","N","","0","","0","0","0","","0","","","2","3","0","0","0","3","0","2","0","2","","","","N","","","","","","","","","",""
"2015045088","1517","0","0","0","0","0","0","0","0","0","4","0","","02","3","2015","4","40.360648","-80.113259","1515","11","0","0","0","0","0","0","0","0","2","0","0","0","","","0","","9","","40 21:38.334","6","0","80 06:47.733","0","0","0","0","2414","0","0","0","N","0","0","0","3","02414","0","","4.0","","1","N","N","","0","","0","0","1","","5","Y","","2","0","0","0","0","0","0","2","0","1","","","","N","","","","","","","","","",""
"2015043631","1300","1","0","0","0","0","0","0","0","0","8","0","","02","4","2015","7","40.467548","-79.904766","1256","11","0","0","0","0","0","0","0","1","","0","0","0","","","1","","1","","40 28:03.172","","0","79 54:17.157","8","0","0","0","2301","1","0","0","N","1","0","0","2","02301","0","","1.0","","1","N","N","","0","","0","0","0","","3","","","2","1","0","0","0","1","0","2","0","1","","","","N","","","","","","","","","",""
"2015044317","1326","0","0","0","0","0","0","0","0","0","8","0","","02","4","2015","2","40.443015","-80.052733","1322","11","0","0","0","0","0","0","0","0","","0","0","0","","","1","","2","","40 26:34.854","","0","80 03:09.838","4","0","0","0","2301","1","0","0","N","1","0","0","2","02301","1","","1.0","","1","N","N","","0","","0","0","1","","2","","","2","1","0","0","0","0","1","2","0","1","","","","N","","","","","","","","","",""
"2015045089","1647","0","0","0","0","0","0","0","0","0","4","0","","02","3","2015","3","40.358332","-80.105266","1647","11","0","1","0","0","0","0","0","0","","0","0","0","","","0","","2","","40 21:29.995","","0","80 06:18.957","0","0","0","0","2414","0","0","0","N","0","0","0","4","02414","0","","1.0","","1","N","N","","0","","0","0","2","","3","","","2","0","0","0","0","0","0","2","0","2","","","","N","","","","","","","","","",""
"2015045287","1515","0","0","0","0","0","0","0","0","0","1","0","","02","4","2015","3","40.422514","-79.960226","1512","11","0","0","0","0","0","0","0","0","1","0","0","0","","","0","","2","","40 25:21.051","3","0","79 57:36.814","0","0","0","0","2301","0","0","0","N","0","0","0","2","02301","0","","1.0","","1","N","N","","0","","0","0","2","","2","Y","","2","0","0","0","0","0","0","2","0","2","","","","N","","","","","","","","","",""
"2015044536","0121","1","0","0","0","0","0","0","0","0","7","0","","02","4","2015","3","40.268652","-79.81375","0116","11","0","1","0","0","0","0","0","0","2","0","0","0","","","1","","0","","40 16:07.146","6","0","79 48:49.500","8","0","0","0","2105","0","0","0","N","0","0","0","1","02105","0","","5.0","","9","N","N","","0","","0","0","0","","0","N","","1","1","1","0","0","1","0","2","0","1","","","","N","","","","","","","","","",""
"2015043774","1724","2","0","0","0","0","0","0","0","0","4","0","","02","4","2015","1","40.448227","-79.986908","1724","11","0","0","0","0","0","0","0","0","1","0","0","0","","","0","","1","","40 26:53.617","4","0","79 59:12.868","0","0","0","0","2301","0","0","0","N","0","0","0","2","02301","0","","1.0","","9","N","N","","0","","0","0","0","","2","N","","2","0","0","0","0","0","0","2","0","2","","","","N","","","","","","","","","",""
"2015044318","1255","1","0","0","0","0","0","0","0","0","8","0","","02","4","2015","7","40.520289","-79.827547","1250","11","0","0","0","0","0","0","0","0","","0","0","0","","","0","","0","","40 31:13.042","","7","79 49:39.170","0","0","0","0","2301","1","0","0","N","1","0","0","3","02301","0","","6.0","","1","N","N","","0","","0","0","0","","0","","","2","0","0","0","0","0","0","2","0","1","","","","N","","","","","","","","","",""
"2015045090","0550","1","0","0","0","0","0","0","0","0","7","0","","02","3","2015","1","","","0550","11","0","0","1","0","0","0","0","0","","0","0","0","","","0","","0","","","","0","","0","0","0","0","2414","0","0","0","N","0","0","0","2","02414","0","","2.0","","1","N","N","","0","","0","0","0","","0","","","1","0","0","0","0","0","0","1","0","1","","","","N","","","","","","","","","",""
"2015043011","1638","1","0","0","0","0","0","0","0","0","5","0","","02","4","2015","5","40.36826","-79.830958","1635","11","0","0","0","0","0","1","0","0","","0","0","0","","","0","","0","","40 22:05.736","","0","79 49:51.448","0","0","0","0","2111","0","0","0","N","0","0","0","3","02111","0","","1.0","","9","N","N","","1","","0","0","0","","0","","","2","0","0","0","0","0","0","2","0","2","","","","N","","","","","","","","","",""
"2015042315","0726","0","0","0","0","0","0","0","0","0","7","0","","02","4","2015","4","40.441182","-80.046879","0715","11","0","0","0","0","0","0","0","0","3","0","0","0","","","3","","0","","40 26:28.255","5","0","80 02:48.764","2","0","0","0","2301","3","0","1","N","3","0","1","4","02301","1","","5.0","","1","N","N","","0","","1","1","0","","0","Y","","4","3","0","0","0","0","0","2","1","1","","","","N","","","","","","","","","",""
"2015045091","1840","1","0","0","0","0","0","0","0","0","4","0","","02","4","2015","5","40.359466","-80.110482","1840","11","0","0","1","0","0","0","0","0","1","0","0","0","","","0","","2","","40 21:34.077","4","0","80 06:37.735","0","0","0","0","2414","0","0","0","N","0","0","0","2","02414","0","","1.0","","9","N","N","","0","","0","0","1","","0","Y","","2","0","0","0","0","0","0","2","0","2","","","","N","","","","","","","","","",""
"2015043572","1541","0","0","0","0","0","0","0","0","0","4","0","","02","4","2015","7","40.628381","-79.974923","1532","11","0","0","0","0","0","0","1","0","1","0","0","0","","","1","","0","","40 37:42.172","1","0","79 58:29.723","4","0","0","0","2217","0","0","0","N","0","0","0","2","02505","1","","1.0","","1","N","N","","2","","0","0","0","","0","N","","2","1","0","0","0","0","0","2","0","2","","","","N","","","","","","","","","",""
"2015043776","1845","1","0","0","0","0","0","0","0","0","1","0","","02","4","2015","1","40.436236","-79.977978","1830","11","0","0","0","0","0","0","0","0","2","0","0","0","","","0","","0","","40 26:10.448","3","0","79 58:40.722","0","0","0","0","2301","0","0","0","N","0","0","0","9","02301","0","","1.0","","1","N","N","","0","","0","0","1","","0","N","","3","0","5","0","0","0","0","2","1","3","","","","N","","","","","","","","","",""
"2015045092","2155","0","0","0","0","0","0","0","0","0","7","0","","02","4","2015","7","40.353852","-80.100404","2155","11","0","0","0","0","0","1","0","0","","0","0","0","","","0","N","0","","40 21:13.866","","0","80 06:01.455","0","0","0","0","2414","0","0","0","N","0","0","0","3","02414","0","","2.0","","1","N","N","","0","","0","0","1","","0","","","1","0","0","0","0","0","0","2","0","1","","","","N","","","","","","","","","",""
"2015045290","1107","1","0","0","0","0","0","0","0","0","7","0","","02","4","2015","6","40.384585","-79.913295","1101","11","0","0","0","0","0","0","0","0","","0","0","0","","","0","","0","","40 23:04.506","","0","79 54:47.862","0","0","0","0","2448","0","0","0","N","0","0","0","1","02448","0","","5.0","","1","N","N","","0","","0","0","0","","0","","","1","0","0","0","0","0","0","2","0","1","","","","N","","","","","","","","","",""
"2015044322","1232","1","0","0","0","0","0","0","0","0","4","0","","02","4","2015","3","40.459736","-79.920754","1232","11","0","0","0","0","0","1","0","0","1","0","0","0","","","3","","0","","40 27:35.050","1","0","79 55:14.714","4","0","0","0","2301","0","0","0","N","0","0","0","5","02301","3","","1.0","","1","N","N","","1","","0","0","0","","0","N","","2","3","0","0","0","0","0","2","0","2","","","","N","","","","","","","","","",""
"2015045093","2143","2","0","0","0","0","0","0","0","0","1","0","","02","4","2015","4","40.536329","-80.184066","2140","11","0","0","0","0","0","1","0","0","","0","0","0","","","1","","1","","40 32:10.786","","0","80 11:02.636","4","0","0","0","2458","0","0","0","N","0","0","0","2","02458","1","","1.0","","9","N","N","","0","","0","0","0","","4","","","2","1","0","0","0","0","0","2","0","2","","","","N","","","","","","","","","",""
"2015045166","2116","1","0","0","0","0","0","0","0","0","2","0","","02","4","2015","5","40.454175","-79.996854","2108","11","0","0","0","0","0","0","0","0","1","0","0","0","","","1","","2","","40 27:15.029","4","0","79 59:48.676","2","0","1","1","2301","0","0","0","N","0","0","0","4","02301","0","","1.0","","1","N","N","","0","","0","1","0","","2","Y","","2","1","0","0","0","0","0","2","0","2","","","","N","","","","","","","","","",""
"2015043650","0105","3","0","0","0","0","0","0","0","0","1","0","","02","4","2015","1","40.433775","-80.006787","0100","11","0","0","1","0","0","0","0","0","1","0","0","0","","","1","","2","","40 26:01.589","2","0","80 00:24.434","3","0","0","0","2301","0","0","0","N","0","0","0","2","02301","0","","1.0","","1","N","N","","0","","1","0","0","","2","Y","","3","1","0","0","0","0","0","2","0","3","","","","N","","","","","","","","","",""
"2015045291","1147","1","0","0","0","0","0","0","0","0","7","0","","02","4","2015","6","40.451685","-79.93219","1147","11","0","0","0","0","0","0","0","1","","0","0","0","","","1","","1","","40 27:06.066","","0","79 55:55.884","4","0","0","0","2301","0","0","0","N","0","0","0","1","02301","1","","4.0","","1","N","N","","0","","0","0","0","","3","","","1","1","0","0","0","0","0","2","0","1","","","","N","","","","","","","","","",""
"2015043016","1807","0","0","0","0","0","0","0","0","0","4","0","","02","4","2015","5","40.426149","-80.294767","1800","11","0","0","1","0","0","0","0","0","2","0","0","0","","","2","","1","","40 25:34.136","5","8","80 17:41.162","4","0","0","0","2214","0","0","0","Y","0","0","0","3","02214","2","","1.0","","9","N","N","","1","","0","0","1","","0","N","","2","2","0","0","0","0","0","1","0","2","","","","N","","","","","","","","","",""
"2015044606","1411","1","0","0","0","0","0","0","0","0","7","0","","02","4","2015","5","40.513803","-80.040092","1402","11","0","0","0","0","0","0","0","0","","0","0","0","","","0","","0","","40 30:49.690","","0","80 02:24.331","0","0","0","0","2116","0","0","0","N","0","0","0","2","02116","0","","5.0","","9","N","N","","0","","0","0","0","","0","","","1","0","0","0","0","0","0","2","0","1","","","","N","","","","","","","","","",""
"2015043653","1042","1","0","0","0","0","0","0","0","0","4","0","","02","4","2015","7","40.549215","-79.971818","1039","11","0","0","0","0","0","2","0","0","1","0","0","0","","","4","","1","","40 32:57.175","2","0","79 58:18.546","8","0","0","0","2118","0","0","0","N","0","0","0","7","02118","0","","1.0","","1","N","N","","0","","0","0","2","","3","N","","3","4","0","0","0","4","0","2","0","3","","","","N","","","","","","","","","",""
"2015043781","0244","0","0","0","0","0","0","0","0","0","7","0","","02","4","2015","7","40.524912","-79.954709","0240","11","0","0","0","0","0","0","0","0","","0","0","0","","","0","","0","","40 31:29.683","","0","79 57:16.951","0","0","0","0","2118","0","0","0","N","0","0","0","2","02118","0","","5.0","","1","N","N","","0","","0","0","1","","0","","","1","0","0","0","0","0","0","2","0","1","","","","N","","","","","","","","","",""
"2015043517","1403","2","0","0","0","0","0","0","0","0","3","0","","02","4","2015","7","40.466971","-79.836809","1359","11","0","0","0","0","0","1","0","0","1","0","0","0","","","1","","0","","40 28:01.097","4","0","79 50:12.514","4","0","0","0","2113","0","0","0","N","0","0","0","2","02113","1","","1.0","","1","N","N","","0","","0","0","0","","0","N","","2","1","0","0","0","0","0","2","0","2","","","","N","","","","","","","","","",""
"2015044608","1548","2","0","1","0","0","0","0","0","0","4","0","","02","4","2015","5","40.373734","-79.844768","1546","11","0","0","0","0","0","2","0","0","1","0","0","0","","","3","","1","","40 22:25.441","2","0","79 50:41.166","2","0","0","0","2303","0","0","0","N","0","0","0","5","02303","0","","1.0","","1","N","N","","0","","2","1","0","","2","N","","2","3","0","0","0","0","0","2","0","2","","","","N","","","","","","","","","",""
"2015044327","1044","0","0","0","0","0","0","0","0","0","0","0","","02","4","2015","7","40.372594","-80.226092","1035","11","0","0","0","0","0","0","1","0","3","0","0","0","","","1","","2","","40 22:21.337","6","0","80 13:33.931","2","0","1","1","2214","0","0","0","N","0","0","0","2","02214","0","","1.0","","1","N","N","","1","","0","1","0","","3","Y","","2","1","0","0","0","0","0","2","0","2","","","","N","","","","","","","","","",""
"2015043518","2155","2","0","0","0","0","0","0","0","0","1","0","","02","4","2015","6","40.442359","-80.023378","2150","11","0","0","0","0","0","0","0","0","","0","0","0","","","0","","0","","40 26:32.493","","0","80 01:24.160","0","0","0","0","2301","0","0","0","N","0","0","0","5","02301","0","","1.0","","1","N","N","","0","","0","0","0","","0","","","2","0","0","0","0","0","0","2","0","2","","","","N","","","","","","","","","",""
"2015045172","0159","2","0","0","0","0","0","0","0","0","6","0","","02","4","2015","1","40.403317","-79.886978","0156","11","0","0","0","0","0","0","0","0","2","0","0","0","","","0","","0","","40 24:11.941","6","0","79 53:13.120","0","0","0","0","2448","0","0","0","N","0","0","0","1","02448","0","","2.0","","1","N","N","","0","","0","0","1","","0","Y","","3","0","0","0","0","0","0","2","0","3","","","","N","","","","","","","","","",""
"2015043642","1230","1","0","0","0","0","0","0","0","0","1","0","","02","4","2015","7","40.391133","-79.765773","1220","11","0","0","0","0","0","0","1","1","1","0","0","0","","","0","","1","","40 23:28.078","4","0","79 45:56.782","0","0","0","0","2446","0","0","0","N","0","0","0","4","02446","0","","1.0","","1","N","Y","","2","","0","0","0","","2","N","","3","0","1","0","0","0","0","2","0","3","","","","N","","","","","","","","","",""
"2015043505","1257","1","0","0","1","0","0","0","0","0","8","0","","02","4","2015","7","40.465842","-79.929241","1254","11","0","0","0","0","0","0","0","0","1","0","0","0","","","1","","0","","40 27:57.030","1","0","79 55:45.267","4","0","0","0","2301","1","0","0","N","0","0","0","2","02301","1","","1.0","","1","N","N","","0","","0","0","0","","0","N","","2","1","0","0","0","0","0","2","0","1","","","","N","","","","","","","","","",""
"2015043657","2040","0","0","0","0","0","0","0","0","0","1","0","","02","4","2015","2","40.360776","-79.907675","2038","11","0","0","0","0","0","0","0","0","1","0","0","0","","","1","","0","","40 21:38.792","2","7","79 54:27.631","4","0","0","0","2473","0","0","0","N","0","0","0","2","02473","1","","1.0","","1","N","N","","1","","0","0","1","","0","N","","2","1","0","0","0","0","0","2","0","2","","","","N","","","","","","","","","",""
"2015043035","0840","1","0","0","0","0","0","0","0","0","1","0","","02","4","2015","2","40.522271","-80.034395","0835","11","0","0","0","0","0","1","0","0","1","0","0","0","","","2","","1","","40 31:20.176","4","1","80 02:03.821","8","0","0","0","2474","0","0","0","N","0","0","0","3","02474","0","","1.0","","1","N","N","","0","","0","0","1","","0","Y","","2","2","0","0","0","2","0","2","0","2","","","","N","","","","","","","","","",""
"2015043658","1308","1","0","0","0","0","0","0","0","0","1","0","","02","4","2015","7","40.652516","-79.707968","1302","11","0","0","0","0","0","0","0","0","3","0","0","0","","","0","","0","","40 39:09.059","1","0","79 42:28.684","0","0","0","0","2106","0","0","0","N","0","0","0","2","02106","0","","1.0","","98","N","N","","1","","0","0","0","","0","N","","2","0","0","0","0","0","0","2","0","2","","","","N","","","","","","","","","",""
"2015043785","2310","0","0","0","0","0","0","0","0","0","4","0","","02","4","2015","1","40.453729","-79.993335","2305","11","0","0","0","0","0","0","0","0","1","0","0","0","","","0","","2","","40 27:13.424","2","0","79 59:36.006","0","0","0","0","2301","0","0","0","N","0","0","0","4","02301","0","","1.0","","9","N","N","","0","","0","0","2","","0","N","","2","0","0","0","0","0","0","2","0","2","","","","N","","","","","","","","","",""
"2015042274","0025","1","0","0","0","0","0","0","0","0","99","0","","02","4","2015","2","40.646392","-80.03403","0008","11","0","0","0","0","0","0","1","0","","0","0","0","","","0","","0","","40 38:47.010","","0","80 02:02.507","0","0","0","0","2216","0","0","0","N","0","0","0","4","68T02","0","","1.0","","1","N","N","","0","","0","0","0","","0","","","1","0","0","0","0","0","0","2","0","1","","","","N","","","","","","","","","",""
"2015045037","2050","3","0","0","0","0","0","0","0","0","1","0","","02","4","2015","1","40.488955","-80.017791","2045","11","0","0","0","0","0","0","0","0","","0","0","0","","","0","","0","","40 29:20.239","","0","80 01:04.046","0","0","0","0","2301","0","0","0","N","0","0","0","1","02301","0","","6.0","","9","N","N","","0","","0","0","0","","0","","","3","0","0","0","0","0","0","2","0","3","","","","N","","","","","","","","","",""
"2015043507","1355","1","0","0","0","0","0","0","0","0","1","0","","02","4","2015","7","40.461578","-79.967126","1350","11","0","0","0","0","0","0","0","0","","0","0","0","","","1","","1","","40 27:41.680","","0","79 58:01.653","8","0","0","0","2301","0","0","0","N","0","0","0","3","02301","0","","1.0","","1","N","N","","1","","0","0","0","","2","","","2","1","0","0","0","1","0","2","0","2","","","","N","","","","","","","","","",""
"2015043521","1722","2","0","0","0","0","0","0","0","0","1","0","","02","4","2015","6","40.429286","-79.999241","1722","11","0","0","0","0","0","0","0","0","","0","0","0","","","0","","1","","40 25:45.428","","0","79 59:57.266","0","0","0","0","2301","0","0","0","N","0","0","0","2","02301","0","","1.0","","1","N","N","","0","","0","0","0","","2","","","2","0","0","0","0","0","0","2","0","2","","","","N","","","","","","","","","",""
"2015045175","0159","0","0","0","0","0","0","0","0","0","4","1","","02","4","2015","5","40.454825","-79.994438","0155","11","0","0","0","0","0","2","0","0","1","0","1","0","","","0","","1","","40 27:17.371","3","0","79 59:39.975","0","0","0","0","2301","0","0","0","N","0","0","0","2","02301","0","","1.0","","1","N","N","","0","","0","0","1","","2","N","","2","0","1","0","0","0","0","2","0","2","","","","N","","","","","","","","","",""
"2015043659","0147","2","0","0","0","0","0","0","0","0","4","0","","02","4","2015","7","40.335499","-79.848479","0145","11","0","0","0","0","0","0","0","0","","0","0","0","","","0","","1","","40 20:07.796","","0","79 50:54.524","9","0","0","0","2304","0","0","0","N","0","0","0","1","02304","0","","1.0","","1","N","N","","0","","0","0","0","","0","","","2","0","0","0","0","0","1","2","0","2","","","","N","","","","","","","","","",""
"2015045038","1445","2","0","0","0","0","0","0","0","0","1","0","","02","4","2015","2","40.371241","-80.088351","1441","11","0","0","0","0","0","0","0","0","2","0","0","0","","","2","","2","","40 22:16.467","2","0","80 05:18.063","4","0","0","0","2117","0","0","0","N","0","0","0","3","02117","1","","1.0","","1","N","N","","0","","0","0","1","","0","N","","3","2","0","0","0","1","0","2","0","3","","","","N","","","","","","","","","",""
"2015044346","1149","1","0","0","0","0","0","0","0","0","1","0","","02","4","2015","1","40.612938","-79.835529","1145","11","0","0","0","0","0","1","0","0","","0","0","0","","","1","","0","","40 36:46.578","","0","79 50:07.905","8","0","0","0","2220","0","0","0","N","0","0","0","2","02220","0","","1.0","","1","N","N","","1","","0","0","0","","0","","","2","1","0","0","0","1","0","2","0","2","","","","N","","","","","","","","","",""
"2015045053","1821","2","0","0","0","0","0","0","0","0","1","0","","02","4","2015","3","40.368341","-80.084136","1815","11","0","0","0","0","0","1","0","0","","0","0","0","","","0","","1","","40 22:06.027","","0","80 05:02.889","0","0","0","0","2117","0","0","0","N","0","0","0","3","02117","0","","1.0","","1","N","N","","0","","0","0","0","","2","","","2","0","0","0","0","0","0","2","0","2","","","","N","","","","","","","","","",""
"2015044550","0051","1","0","0","0","0","0","0","0","0","7","0","","02","4","2015","4","40.320601","-79.982099","0043","11","0","0","0","0","0","0","0","0","","0","0","0","","","0","","0","","40 19:14.164","","0","79 58:55.557","0","0","0","0","2219","0","0","0","N","0","0","0","1","02219","0","","2.0","","9","N","N","","0","","0","0","0","","0","","","1","0","0","0","0","0","0","2","0","1","","","","N","","","","","","","","","",""
"2015042342","1212","1","0","0","0","0","0","0","0","0","2","0","99","02","4","2015","2","40.667154","-80.102148","1206","11","0","0","0","0","0","2","0","0","1","0","0","0","","","1","","1","","40 40:01.754","2","0","80 06:07.732","4","0","0","0","2212","0","0","0","N","0","0","0","2","02505","1","","1.0","","1","N","N","","1","","0","0","0","","2","N","","2","1","0","0","0","0","0","2","0","2","","","U","Y","1","1","","","U","","","","",""
"2015044782","0557","3","0","0","0","0","0","0","0","0","1","0","","02","4","2015","4","40.422129","-79.933876","0552","11","0","0","0","0","0","0","0","0","","0","0","0","","","0","","0","","40 25:19.664","","0","79 56:01.953","0","0","0","0","2301","0","0","0","N","0","0","0","0","02301","0","","6.0","","1","N","N","","0","","0","0","0","","0","","","3","0","0","0","0","0","0","2","0","3","","","","N","","","","","","","","","",""
"2015042563","0841","1","0","0","0","0","0","0","0","0","5","0","","02","4","2015","4","40.448701","-80.00643","0807","11","0","0","0","0","0","0","0","0","","0","0","0","","","0","","0","","40 26:55.324","","3","80 00:23.147","0","0","0","0","2301","0","0","0","N","0","0","0","2","68B03","0","","1.0","","1","N","N","","0","","0","0","1","","4","","","2","0","0","0","0","0","0","2","0","2","","","","N","","","","","","","","","",""
"2015042564","1709","2","0","0","0","0","0","0","0","0","1","0","","02","4","2015","1","40.425854","-79.911061","1633","11","0","0","0","0","0","0","0","0","","0","0","0","","","0","","0","","40 25:33.076","","4","79 54:39.820","0","0","0","0","2301","0","0","0","N","0","0","0","3","68B03","0","","1.0","","1","N","N","","0","","0","0","1","","0","","","3","0","0","0","0","0","0","2","0","3","","","","N","","","","","","","","","",""
"2015044714","1730","1","0","0","0","0","0","0","0","0","7","0","","02","4","2015","4","40.397982","-80.022818","1728","11","0","0","0","0","0","1","0","0","","0","0","0","","","1","","0","","40 23:52.735","","0","80 01:22.144","4","0","0","0","2301","0","0","0","N","0","0","0","1","02301","1","","5.0","","1","N","N","","0","","0","0","0","","0","","","1","1","0","0","0","0","0","2","0","1","","","","N","","","","","","","","","",""
"2015044784","2337","2","0","0","0","0","0","0","0","0","4","0","","02","4","2015","4","40.398987","-80.103984","2334","11","0","0","0","0","0","0","0","0","1","0","0","0","","","1","","0","","40 23:56.353","1","0","80 06:14.343","4","0","0","0","2102","0","0","0","N","0","0","0","3","02102","1","","1.0","","9","N","N","","0","","0","0","0","","0","N","","2","1","0","0","0","0","0","2","0","2","","","","N","","","","","","","","","",""
"2015042565","1526","1","0","0","0","0","0","0","0","0","1","0","","02","4","2015","3","40.428579","-79.936284","1449","11","0","0","0","0","0","1","1","0","","0","0","0","","","0","","0","","40 25:42.884","","4","79 56:10.624","0","0","0","0","2301","0","0","0","N","0","0","0","5","68B03","0","","1.0","","1","N","N","","1","","0","0","1","","0","","","3","0","0","0","0","0","0","2","0","3","","","","N","","","","","","","","","",""
"2015044717","1514","1","0","0","0","0","0","0","0","0","4","0","","02","4","2015","3","40.44813","-80.156216","1514","11","0","0","0","0","0","0","0","0","1","0","0","0","","","0","","0","","40 26:53.269","5","7","80 09:22.377","0","0","0","0","2115","0","0","0","N","0","0","0","3","02115","0","","1.0","","1","N","N","","0","","0","0","1","","0","Y","","2","0","0","0","0","0","0","2","0","2","","","","N","","","","","","","","","",""
"2015043187","1125","2","0","0","0","0","0","0","0","0","1","0","","02","4","2015","6","40.453266","-79.995972","1118","11","0","0","0","0","0","0","0","0","","0","0","0","","","0","","0","","40 27:11.756","","0","79 59:45.500","0","0","0","0","2301","0","0","0","N","0","0","0","2","02301","0","","1.0","","1","N","N","","0","","0","0","0","","0","","","2","0","0","0","0","0","0","2","0","2","","","","N","","","","","","","","","",""
"2015044785","0237","0","0","0","0","0","0","0","0","0","7","0","","02","4","2015","5","40.44776","-80.020169","0230","11","0","0","0","0","0","0","0","0","","0","0","0","","","0","","10","","40 26:51.936","","0","80 01:12.608","0","0","0","0","2301","0","0","0","N","0","0","0","1","02301","0","","5.0","","1","N","N","","0","","0","0","1","","0","","","1","0","0","0","0","0","0","2","0","1","","","","N","","","","","","","","","",""
"2015042347","1332","1","0","0","0","0","0","0","0","0","0","0","15","02","3","2015","2","40.457676","-80.065018","1328","11","0","0","0","0","0","0","0","0","9","0","0","0","","","0","","1","","40 27:27.633","7","0","80 03:54.064","9","0","0","0","2301","0","0","0","N","0","0","0","1","02301","0","","1.0","","1","N","N","","0","","0","0","0","","0","Y","","1","0","0","0","0","0","1","2","0","1","","","Y","Y","4","3","","","N","","","Y","",""
"2015044638","1048","0","0","0","0","0","0","0","0","0","6","0","","02","4","2015","3","40.454778","-79.814203","1048","11","0","0","0","0","0","1","0","0","","0","0","0","","","0","","0","","40 27:17.200","","0","79 48:51.130","0","0","0","0","2113","0","0","0","N","0","0","0","3","02113","0","","1.0","","1","N","N","","0","","0","0","2","","0","","","2","0","0","0","0","0","0","2","0","2","","","","N","","","","","","","","","",""
"2015043106","0428","1","0","0","0","0","0","0","0","0","5","0","","02","4","2015","6","40.421508","-79.982634","0428","11","0","0","0","0","0","0","0","0","","0","0","0","","","0","","0","","40 25:17.427","","0","79 58:57.484","0","0","0","0","2301","0","0","0","N","0","0","0","1","02301","0","","1.0","","1","N","N","","0","","0","0","1","","0","","","2","0","0","0","0","0","0","2","0","2","","","","N","","","","","","","","","",""
"2015043189","1655","1","0","0","0","0","0","0","0","0","7","0","","02","4","2015","2","40.557737","-79.819406","1654","11","0","0","0","0","0","0","0","0","","0","0","0","","","1","","0","","40 33:27.854","","0","79 49:09.863","4","0","0","0","2208","0","0","0","N","0","0","0","1","02208","1","","5.0","","1","N","N","","0","","0","0","0","","0","","","1","1","0","0","0","0","0","2","0","1","","","","N","","","","","","","","","",""