"CRN","ARRIVAL_TM","AUTOMOBILE_COUNT","BELTED_DEATH_COUNT","BELTED_SUSP_SERIOUS_INJ_COUNT","BICYCLE_COUNT","BICYCLE_DEATH_COUNT","BICYCLE_SUSP_SERIOUS_INJ_COUNT","BUS_COUNT","CHLDPAS_DEATH_COUNT","CHLDPAS_SUSP_SERIOUS_INJ_COUNT","COLLISION_TYPE","COMM_VEH_COUNT","CONS_ZONE_SPD_LIM","COUNTY","CRASH_MONTH","CRASH_YEAR","DAY_OF_WEEK","DEC_LATITUDE","DEC_LONGITUDE","DISPATCH_TM","DISTRICT","DRIVER_COUNT_16YR","DRIVER_COUNT_17YR","DRIVER_COUNT_18YR","DRIVER_COUNT_19YR","DRIVER_COUNT_20YR","DRIVER_COUNT_50_64YR","DRIVER_COUNT_65_74YR","DRIVER_COUNT_75PLUS","EST_HRS_CLOSED","FATAL_COUNT","HEAVY_TRUCK_COUNT","HORSE_BUGGY_COUNT","HOUR_OF_DAY","ILLUMINATION","INJURY_COUNT","INTERSECTION_RELATED","INTERSECT_TYPE","LANE_CLOSED","LATITUDE","LN_CLOSE_DIR","LOCATION_TYPE","LONGITUDE","MAX_SEVERITY_LEVEL","MCYCLE_DEATH_COUNT","MCYCLE_SUSP_SERIOUS_INJ_COUNT","MOTORCYCLE_COUNT","MUNICIPALITY","NONMOTR_COUNT","NONMOTR_DEATH_COUNT","NONMOTR_SUSP_SERIOUS_INJ_COUNT","NTFY_HIWY_MAINT","PED_COUNT","PED_DEATH_COUNT","PED_SUSP_SERIOUS_INJ_COUNT","PERSON_COUNT","POLICE_AGCY","POSSIBLE_INJ_COUNT","RDWY_SURF_TYPE_CD","RELATION_TO_ROAD","ROADWAY_CLEARED","ROAD_CONDITION","SCH_BUS_IND","SCH_ZONE_IND","SECONDARY_CRASH","SMALL_TRUCK_COUNT","SPEC_JURIS_CD","SUSP_MINOR_INJ_COUNT","SUSP_SERIOUS_INJ_COUNT","SUV_COUNT","TCD_FUNC_CD","TCD_TYPE","TFC_DETOUR_IND","TIME_OF_DAY","TOTAL_UNITS","TOT_INJ_COUNT","UNBELTED_OCC_COUNT","UNB_DEATH_COUNT","UNB_SUSP_SERIOUS_INJ_COUNT","UNK_INJ_DEG_COUNT","UNK_INJ_PER_COUNT","URBAN_RURAL","VAN_COUNT","VEHICLE_COUNT","WEATHER1","WEATHER2","WORKERS_PRES","WORK_ZONE_IND","WORK_ZONE_LOC","WORK_ZONE_TYPE","WZ_CLOSE_DETOUR","WZ_FLAGGER","WZ_LAW_OFFCR_IND","WZ_LN_CLOSURE","WZ_MOVING","WZ_OTHER","WZ_SHLDER_MDN","WZ_WORKERS_INJ_KILLED"
"2015043287","1640","1","0","0","0","0","0","0","0","0","1","0","","02","4","2015","6","40.427089","-79.967117","1635","11","0","0","0","0","0","0","0","0","","0","0","0","","","0","","1","","40 25:37.519","","0","79 58:01.620","0","0","0","0","2301","0","0","0","N","0","0","0","4","02301","0","","1.0","","1","N","N","","1","","0","0","0","","2","","","2","0","0","0","0","0","0","2","0","2","","","","N","","","","","","","","","",""
"2015044061","2155","1","0","0","0","0","0","0","0","0","7","0","","02","3","2015","6","40.429365","-80.132903","2139","11","0","0","0","0","0","1","0","0","","0","0","0","","","2","","7","","40 25:45.714","","2","80 07:58.451","8","0","0","0","2102","0","0","0","N","0","0","0","2","68B03","0","","4.0","","1","N","N","","0","","0","0","0","","0","","","1","2","0","0","0","2","0","2","0","1","","","","N","","","","","","","","","",""
"2015043145","0908","1","0","0","0","0","0","0","0","0","1","0","","02","4","2015","6","40.434896","-79.956559","0902","11","0","0","1","0","0","0","0","0","2","0","0","0","","","0","","0","","40 26:05.627","5","0","79 57:23.612","0","0","0","0","2301","0","0","0","N","0","0","0","2","02301","0","","1.0","","1","N","N","","1","","0","0","0","","0","N","","2","0","0","0","0","0","0","2","0","2","","","","N","","","","","","","","","",""
"2015043288","1655","0","0","0","0","0","0","0","0","0","6","0","","02","4","2015","6","40.495345","-79.845632","1655","11","0","0","0","0","0","1","0","0","","0","0","0","","","1","","0","","40 29:43.241","","0","79 50:44.276","4","0","0","0","2451","0","0","0","N","0","0","0","2","02451","1","","1.0","","1","N","N","","2","","0","0","0","","0","","","2","1","0","0","0","0","0","2","0","2","","","","N","","","","","","","","","",""
"2015044062","1522","0","0","0","0","0","0","0","0","0","7","0","","02","3","2015","7","40.443866","-79.779109","1449","11","0","0","0","0","0","0","0","0","1","0","0","0","","","1","","0","","40 26:37.918","4","0","79 46:44.794","8","0","0","0","2446","0","0","0","N","0","0","0","1","68B03","0","","4.0","","1","N","N","","0","","0","0","1","","0","N","","1","1","0","0","0","1","0","2","0","1","","","","N","","","","","","","","","",""
"2015042387","1734","0","0","0","0","0","0","0","0","0","1","0","","02","4","2015","4","40.468321","-80.02051","1732","11","0","0","0","0","0","0","0","0","1","0","0","0","","","1","","0","","40 28:05.957","1","0","80 01:13.836","3","0","0","1","2301","0","0","0","N","0","0","0","1","02301","0","","6.0","","1","N","N","","0","","1","0","0","","0","N","","2","1","0","0","0","0","0","2","1","2","","","","N","","","","","","","","","",""
"2015042530","0217","0","0","0","0","0","0","0","0","0","7","0","","02","3","2015","7","40.304229","-79.894153","0214","11","0","0","0","0","0","0","0","0","","0","0","0","","","0","","3","","40 18:15.225","","0","79 53:38.949","0","0","0","0","2302","0","0","0","N","0","0","0","1","02302","0","","2.0","","1","N","N","","0","","0","0","1","","3","","","1","0","0","0","0","0","0","2","0","1","","","","N","","","","","","","","","",""
"2015044063","0627","2","0","0","0","0","0","0","0","0","5","0","","02","3","2015","1","40.432598","-79.870797","0600","11","0","0","0","0","0","1","0","0","2","0","0","0","","","0","","0","","40 25:57.352","3","0","79 52:14.868","0","0","0","0","2478","0","0","0","N","0","0","0","2","68B03","0","","1.0","","1","N","N","","0","","0","0","0","","0","N","","2","0","0","0","0","0","0","2","0","2","","","","N","","","","","","","","","",""
"2015043290","1557","2","0","0","0","0","0","0","0","0","4","0","","02","4","2015","6","40.334928","-80.181938","1550","11","0","0","0","0","0","0","0","0","2","0","0","0","","","0","","0","","40 20:05.742","6","0","80 10:54.975","9","0","0","0","2119","0","0","0","N","0","0","0","2","02119","0","","1.0","","1","N","N","","0","","0","0","0","","0","N","","2","0","0","0","0","0","2","2","0","2","","","","N","","","","","","","","","",""
"2015044064","1844","1","0","0","0","0","0","0","0","0","1","0","","02","3","2015","5","40.430466","-80.027294","1811","11","0","0","0","0","0","1","0","0","1","0","0","0","","","0","","0","","40 25:49.677","4","0","80 01:38.257","0","0","0","0","2301","0","0","0","N","0","0","0","2","68B03","0","","1.0","","1","N","N","","1","","0","0","0","","0","N","","2","0","0","0","0","0","0","2","0","2","","","","N","","","","","","","","","",""
"2015042310","0915","2","0","0","0","0","0","0","0","0","1","0","","02","4","2015","4","40.449239","-80.025279","0905","11","0","0","0","0","0","0","0","0","","0","0","0","","","0","","10","","40 26:57.260","","3","80 01:31.005","0","0","0","0","2301","0","0","0","N","0","0","0","2","02301","0","","1.0","","1","N","N","","0","","0","0","0","","2","","","2","0","0","0","0","0","0","2","0","2","","","","N","","","","","","","","","",""
"2015043071","0320","2","0","0","0","0","0","0","0","0","2","0","","02","3","2015","5","40.463533","-80.111298","0306","11","0","0","0","0","0","0","0","0","","0","0","0","","","0","","0","","40 27:48.719","","0","80 06:40.672","0","0","0","0","2126","0","0","0","N","0","0","0","2","68B03","0","","1.0","","7","N","N","","0","","0","0","0","","0","","","2","0","0","0","0","0","0","2","0","2","","","","N","","","","","","","","","",""
"2015044065","1944","0","0","0","0","0","0","0","0","0","1","0","","02","3","2015","4","40.638211","-80.097721","1920","11","0","0","0","0","0","1","0","0","3","0","0","0","","","0","","0","","40 38:17.561","1","0","80 05:51.796","0","0","0","0","2212","0","0","0","N","0","0","0","2","68B03","0","","1.0","","1","N","N","","0","","0","0","2","","0","N","","2","0","0","0","0","0","0","2","0","2","","","","N","","","","","","","","","",""
"2015043072","1719","2","0","0","0","0","0","0","0","0","4","0","","02","4","2015","7","40.439501","-79.86091","1710","11","0","0","0","0","0","0","0","0","","0","0","0","","","0","","0","","40 26:22.205","","0","79 51:39.275","0","0","0","0","2478","0","0","0","N","0","0","0","4","68B03","0","","1.0","","1","N","N","","0","","0","0","0","","0","","","2","0","0","0","0","0","0","2","0","2","","","","N","","","","","","","","","",""
"2015042324","2012","0","0","0","0","0","0","0","0","0","7","0","","02","4","2015","2","40.496988","-80.133194","2010","11","0","0","0","0","0","0","0","0","1","0","0","0","","","1","","0","","40 29:49.156","5","0","80 07:59.500","4","0","0","0","2115","0","0","0","N","0","0","0","1","02115","1","","5.0","","1","N","N","","0","","0","0","1","","0","Y","","1","1","0","0","0","0","0","2","0","1","","","","N","","","","","","","","","",""
"2015043073","0019","2","0","0","0","0","0","0","0","0","1","0","","02","4","2015","1","40.422355","-80.100375","0018","11","0","0","1","1","0","0","0","0","1","0","0","0","","","0","","6","","40 25:20.478","3","2","80 06:01.350","0","0","0","0","2115","0","0","0","N","0","0","0","3","68B03","0","","1.0","","1","N","N","","0","","0","0","1","","0","N","","3","0","0","0","0","0","0","2","0","3","","","","N","","","","","","","","","",""
"2015044764","1603","3","0","0","0","0","0","0","0","0","6","0","","02","4","2015","4","40.618979","-80.084405","1558","11","0","0","0","0","0","0","2","0","2","0","0","0","","","0","","0","","40 37:08.326","3","0","80 05:03.858","0","0","0","0","2212","0","0","0","Y","0","0","0","4","02505","0","","1.0","","9","N","N","","0","","0","0","0","","0","N","","3","0","0","0","0","0","0","2","0","3","","","","N","","","","","","","","","",""
"2015044003","1314","2","0","0","0","0","0","0","0","0","2","0","","02","4","2015","2","40.456525","-79.997597","1310","11","0","0","0","0","0","1","0","0","1","0","0","0","","","0","","1","","40 27:23.489","1","0","79 59:51.348","0","0","0","0","2301","0","0","0","","0","0","0","2","02301","0","","1.0","","1","","","","0","","0","0","0","","2","N","","2","0","0","0","0","0","0","2","0","2","","","","N","","","","","","","","","",""
"2015043074","2336","2","0","0","0","0","0","0","0","0","1","0","55","02","4","2015","3","40.435435","-79.9675","2312","11","0","0","0","0","0","0","0","0","1","0","0","0","","","2","","0","","40 26:07.566","4","0","79 58:03.000","3","0","0","0","2301","0","0","0","N","0","0","0","3","68B03","1","","1.0","","1","N","N","","0","","1","0","0","","0","N","","3","2","0","0","0","0","0","2","1","3","","","Y","Y","2","2","N","N","N","Y","N","N","N",""
"2015044614","1200","1","0","0","0","0","0","0","0","0","1","0","","02","4","2015","6","40.541207","-79.780009","1151","11","0","0","0","0","1","0","0","0","","0","0","0","","","1","","1","","40 32:28.346","","0","79 46:48.031","4","0","0","0","2462","0","0","0","N","0","0","0","2","02462","1","","1.0","","1","N","N","","0","","0","0","0","","2","","","2","1","0","0","0","0","0","2","1","2","","","","N","","","","","","","","","",""
"2015044682","1443","0","0","0","0","0","0","0","0","0","0","1","35","02","4","2015","4","40.464154","-80.053927","1421","11","0","0","0","0","0","0","0","0","4","0","1","0","","","0","","0","","40 27:50.954","2","0","80 03:14.138","0","0","0","0","2301","0","0","0","N","0","0","0","1","02301","0","","1.0","","1","N","N","","0","","0","0","0","","0","Y","","1","0","0","0","0","0","0","2","0","1","","","N","Y","4","1","Y","","N","Y","","","",""
"2015042393","1808","2","0","0","0","0","0","0","0","0","1","0","","02","4","2015","2","40.514409","-80.217391","1806","11","1","0","0","0","0","1","0","0","","0","0","0","","","1","","2","","40 30:51.871","","0","80 13:02.608","4","0","0","0","2213","0","0","0","N","0","0","0","2","02213","1","","1.0","","1","N","N","","0","","0","0","0","","0","","","2","1","0","0","0","0","0","2","0","2","","","","N","","","","","","","","","",""
"2015043153","0753","2","0","0","0","0","0","0","0","0","0","0","","02","4","2015","6","40.42763","-80.023561","0739","11","0","0","0","0","0","0","0","0","2","0","0","0","","","4","","0","","40 25:39.468","1","0","80 01:24.821","3","0","0","0","2301","0","0","0","N","0","0","0","4","02301","0","","1.0","","1","N","N","","0","","4","0","2","","0","Y","","5","4","0","0","0","0","0","2","0","4","","","","N","","","","","","","","","",""
"2015043789","1522","1","0","0","0","0","0","0","0","0","4","0","","02","4","2015","4","40.613019","-79.757182","1519","11","0","0","1","0","0","0","0","0","1","0","0","0","","","1","","1","","40 36:46.867","2","1","79 45:25.856","8","0","0","0","2464","0","0","0","N","0","0","0","3","02464","0","","1.0","","1","N","N","","0","","0","0","1","","3","Y","","2","1","0","0","0","1","0","2","0","2","","","","N","","","","","","","","","",""
"2015043932","1518","3","0","0","0","0","0","0","0","0","1","0","","02","4","2015","2","40.400121","-80.08827","1515","11","0","0","0","1","0","0","1","1","","0","0","0","","","0","","0","","40 24:00.434","","0","80 05:17.771","0","0","0","0","2117","0","0","0","","0","0","0","4","02117","0","","1.0","","1","N","N","","0","","0","0","0","","0","","","3","0","0","0","0","0","0","2","0","3","","","","N","","","","","","","","","",""
"2015042612","1448","0","0","0","0","0","0","0","0","0","4","0","","02","4","2015","4","40.240883","-79.860116","1440","11","0","1","0","0","0","1","0","0","2","0","0","0","","","2","","1","","40 14:27.178","5","0","79 51:36.419","8","0","0","0","2105","0","0","0","N","0","0","0","2","02105","0","","1.0","","1","N","N","","0","","0","0","2","","3","Y","","2","2","0","0","0","2","0","1","0","2","","","","N","","","","","","","","","",""
"2015044009","1150","2","0","0","0","0","0","0","0","0","4","0","","02","4","2015","2","40.403472","-80.058056","1148","11","0","0","0","0","0","1","0","0","","0","0","0","","","0","","2","","40 24:12.500","","0","80 03:29.000","0","0","0","0","2117","0","0","0","N","0","0","0","3","02117","0","","1.0","","1","N","N","","0","","0","0","0","","2","","","2","0","0","0","0","0","0","2","0","2","","","","N","","","","","","","","","",""
"2015042540","0700","1","0","0","0","0","0","0","0","0","4","0","","02","4","2015","5","40.550233","-79.971483","0655","11","0","1","0","0","0","0","1","0","2","0","0","0","","","1","","2","","40 33:00.840","7","0","79 58:17.338","3","0","0","1","2118","0","0","0","N","0","0","0","2","02118","0","","1.0","","1","N","N","","0","","1","0","0","","0","Y","","2","1","0","0","0","0","0","2","0","2","","","","N","","","","","","","","","",""
"2015043377","1920","0","0","0","0","0","0","1","0","0","4","1","","02","4","2015","6","40.45335","-80.054508","1910","11","0","0","0","0","0","1","0","0","","0","0","0","","","2","","1","","40 27:12.060","","0","80 03:16.228","8","0","0","0","2301","0","0","0","N","0","0","0","4","02503","0","","1.0","","1","N","N","","0","","0","0","0","","0","","","2","2","0","0","0","2","0","2","1","2","","","","N","","","","","","","","","",""
"2015042541","0530","2","0","0","0","0","0","0","0","0","1","0","25","02","4","2015","5","40.383551","-79.99572","0525","11","0","0","0","0","0","3","0","0","","0","0","0","","","1","","2","","40 23:00.784","","0","79 59:44.593","8","0","0","0","2301","0","0","0","N","0","0","0","5","02301","0","","1.0","","1","N","N","","1","","0","0","2","","0","","","5","1","0","0","0","1","0","2","0","5","","","N","Y","4","1","","","N","","","Y","",""
"2015043923","0944","2","0","0","0","0","0","0","0","0","1","0","","02","4","2015","1","40.387504","-79.822354","0939","11","0","0","0","0","0","1","1","0","","0","0","0","","","2","","0","","40 23:15.013","","0","79 49:20.475","8","0","0","0","2111","0","0","0","N","0","0","0","4","02111","0","","1.0","","1","N","N","","0","","0","0","0","","2","","","2","2","0","0","0","2","0","2","0","2","","","","N","","","","","","","","","",""
"2015044011","1403","1","0","0","0","0","0","0","0","0","8","0","","02","4","2015","2","40.440413","-79.997221","1357","11","0","0","0","0","0","0","0","0","1","0","0","0","","","1","","1","","40 26:25.486","2","0","79 59:49.995","4","0","0","0","2301","1","0","0","N","1","0","0","2","02301","1","","1.0","","1","N","N","","0","","0","0","0","","2","N","","2","1","0","0","0","0","0","2","0","1","","","","N","","","","","","","","","",""
"2015044162","2245","1","0","0","1","0","0","0","0","0","8","0","","02","4","2015","2","40.467705","-79.961102","2244","11","0","0","0","0","0","0","0","0","","0","0","0","","","1","","0","","40 28:03.739","","0","79 57:39.967","3","0","0","0","2301","1","0","0","N","0","0","0","2","02301","0","","1.0","","9","N","N","","0","","1","0","0","","0","","","2","1","0","0","0","0","1","2","0","1","","","","N","","","","","","","","","",""
"2015043304","2319","2","0","0","0","0","0","0","0","0","4","0","","02","4","2015","2","40.338544","-80.017787","2315","11","0","0","0","0","1","0","0","0","","0","0","0","","","1","","1","","40 20:18.757","","0","80 01:04.033","8","0","0","0","2407","0","0","0","N","0","0","0","2","02407","0","","1.0","","9","N","N","","0","","0","0","0","","2","","","2","1","0","0","0","1","0","2","0","2","","","","N","","","","","","","","","",""
"2015044625","0919","1","0","0","0","0","0","0","0","0","7","0","","02","4","2015","4","40.660288","-79.873068","0912","11","0","0","0","0","0","1","0","0","1","0","0","0","","","0","","0","","40 39:37.035","4","0","79 52:23.046","0","0","0","0","2220","0","0","0","N","0","0","0","1","02220","0","","5.0","","9","N","N","","0","","0","0","0","","0","N","","1","0","0","0","0","0","0","1","0","1","","","","N","","","","","","","","","",""
"2015043161","1440","1","0","0","0","0","0","0","0","0","4","0","","02","4","2015","5","40.453336","-79.906823","1433","11","0","0","0","0","0","2","0","0","","0","0","0","","","0","","1","","40 27:12.009","","0","79 54:24.563","0","0","0","0","2301","0","0","0","N","0","0","0","3","02301","0","","1.0","","9","N","N","","0","","0","0","0","","2","","","2","0","0","0","0","0","0","2","1","2","","","","N","","","","","","","","","",""
"2015044691","1907","0","0","0","0","0","0","0","0","0","4","0","","02","4","2015","3","40.345906","-80.15478","1900","11","0","0","0","0","0","0","0","0","2","0","0","0","","","0","","2","","40 20:45.261","6","0","80 09:17.208","9","0","0","0","2119","0","0","0","N","0","0","0","1","02119","0","","1.0","","1","N","N","","1","","0","0","2","","0","N","","3","0","1","0","0","0","1","2","0","3","","","","N","","","","","","","","","",""
"2015043384","0536","1","0","0","0","0","0","0","0","0","5","0","","02","4","2015","6","40.394414","-79.871792","0533","11","0","0","0","0","0","2","0","0","","0","0","0","","","1","","0","","40 23:39.891","","0","79 52:18.452","4","0","0","0","2473","0","0","0","N","0","0","0","2","02473","1","","1.0","","9","N","N","","1","","0","0","0","","0","","","2","1","0","0","0","0","0","2","0","2","","","","N","","","","","","","","","",""
"2015043797","0015","3","0","0","0","0","0","0","0","0","1","0","","02","4","2015","1","40.417286","-79.97369","2355","11","0","0","0","0","0","0","0","0","","0","0","0","","","0","","0","","40 25:02.229","","0","79 58:25.284","0","0","0","0","2301","0","0","0","N","0","0","0","1","02301","0","","1.0","","9","N","N","","0","","0","0","1","","0","","","4","0","0","0","0","0","0","2","0","4","","","","N","","","","","","","","","",""
"2015043165","0905","2","0","0","0","0","0","0","0","0","1","0","","02","4","2015","5","40.55453","-80.02124","0858","11","0","0","0","0","0","0","0","0","","0","0","0","","","1","","1","","40 33:16.307","","0","80 01:16.463","8","0","0","0","2108","0","0","0","N","0","0","0","3","02108","0","","1.0","","1","N","N","","0","","0","0","1","","2","","","3","1","0","0","0","1","0","2","0","3","","","","N","","","","","","","","","",""
"2015042621","1250","1","0","0","0","0","0","0","0","0","4","0","","02","4","2015","6","40.427016","-80.004699","1230","11","0","0","0","0","0","0","1","0","","0","0","0","","","0","","0","","40 25:37.257","","0","80 00:16.916","0","0","0","0","2301","0","0","0","N","0","0","0","2","02301","0","","1.0","","1","N","N","","0","","0","0","1","","0","","","2","0","0","0","0","0","0","2","0","2","","","","N","","","","","","","","","",""
"2015044629","1034","1","0","0","0","0","0","0","0","0","7","0","","02","4","2015","4","40.535324","-79.990535","1028","11","0","0","0","0","0","0","0","0","1","0","0","0","","","0","","0","","40 32:07.166","1","0","79 59:25.926","0","0","0","0","2116","0","0","0","N","0","0","0","1","02116","0","","2.0","","9","N","N","","0","","0","0","0","","0","N","","1","0","0","0","0","0","0","2","0","1","","","","N","","","","","","","","","",""
"2015044779","0635","2","0","0","0","0","0","0","0","0","1","0","","02","4","2015","4","40.478908","-80.043019","0630","11","0","0","0","0","0","0","0","0","2","0","0","0","","","1","","1","","40 28:44.067","1","0","80 02:34.868","4","0","0","0","2301","0","0","0","N","0","0","0","4","02301","1","","1.0","","9","N","N","","0","","0","0","1","","2","N","","3","1","0","0","0","0","0","2","0","3","","","","N","","","","","","","","","",""
"2015043321","0959","0","0","0","0","0","0","0","0","0","7","0","45","02","4","2015","2","40.419924","-80.034829","0947","11","0","0","0","0","0","0","0","0","1","0","0","0","","","1","","0","","40 25:11.728","3","0","80 02:05.385","8","0","0","0","2301","0","0","0","N","0","0","0","4","68B03","0","","3.0","","1","N","N","","0","","0","0","1","","0","N","","3","1","0","0","0","1","0","2","2","3","","","Y","Y","4","1","N","N","N","N","N","N","Y",""
"2015044018","2122","1","0","0","0","0","0","0","0","0","7","0","","02","4","2015","1","40.36531","-80.183227","2118","11","0","0","0","0","0","0","0","0","","0","0","0","","","1","","0","","40 21:55.115","","0","80 10:59.618","2","0","0","0","2119","0","0","0","N","0","0","0","1","02119","0","","5.0","","9","N","N","","0","","0","1","0","","0","","","1","1","1","0","1","0","0","1","0","1","","","","N","","","","","","","","","",""
"2015042561","2327","2","0","0","0","0","0","0","0","0","1","0","","02","4","2015","5","40.433749","-79.963715","2248","11","0","0","0","0","0","1","0","0","","0","0","0","","","0","","0","","40 26:01.495","","0","79 57:49.375","0","0","0","0","2301","0","0","0","N","0","0","0","1","68B03","0","","1.0","","1","N","N","","0","","0","0","0","","0","","","2","0","0","0","0","0","0","2","0","2","","","","N","","","","","","","","","",""
"2015044631","1706","0","0","0","0","0","0","0","0","0","7","0","","02","4","2015","1","40.390741","-80.074408","1701","11","0","0","0","0","0","0","0","0","","0","0","0","","","0","","0","","40 23:26.668","","7","80 04:27.867","0","0","0","0","2117","0","0","0","N","0","0","0","1","02117","0","","2.0","","9","N","N","","0","","0","0","0","","2","","","1","0","1","0","0","0","0","2","1","1","","","","N","","","","","","","","","",""
"2015042340","1153","2","0","0","0","0","0","0","0","0","4","0","","02","4","2015","2","40.48366","-80.079857","1149","11","0","0","0","0","0","0","0","1","2","0","0","0","","","2","","0","","40 29:01.175","5","0","80 04:47.486","2","0","0","0","2122","0","0","0","N","0","0","0","2","02122","1","","1.0","","1","N","N","","0","","0","1","0","","0","Y","","2","2","0","0","0","0","0","2","0","2","","","","N","","","","","","","","","",""
"2015044781","2030","2","0","0","0","0","0","0","0","0","4","0","","02","4","2015","4","40.427894","-79.980519","2014","11","0","0","0","1","0","0","0","0","1","0","0","0","","","0","","0","","40 25:40.418","3","0","79 58:49.868","0","0","0","0","2301","0","0","0","N","0","0","0","2","02301","0","","1.0","","1","N","N","","0","","0","0","0","","0","Y","","2","0","0","0","0","0","0","2","0","2","","","","N","","","","","","","","","",""
"2015042624","0728","2","0","1","0","0","0","0","0","0","2","0","","02","4","2015","5","40.418687","-79.948084","0726","11","0","0","0","0","0","1","0","0","2","0","0","0","","","2","","0","","40 25:07.272","3","0","79 56:53.103","2","0","0","0","2301","0","0","0","N","0","0","0","2","02301","0","","1.0","","1","N","N","","0","","1","1","0","","0","Y","","2","2","0","0","0","0","0","2","0","2","","","","N","","","","","","","","","",""
"2015028182","1128","1","0","0","0","0","0","0","0","0","5","0","","02","3","2015","5","40.416923","-80.014421","1113","11","0","0","0","0","0","0","0","0","2","0","0","0","","","0","","2","","40 25:00.921","1","0","80 00:51.917","9","0","0","0","2301","0","0","0","N","0","0","0","4","02301","0","","1.0","","6","N","N","","0","","0","0","0","","2","N","","2","0","0","0","0","0","1","2","0","2","","","","N","","","","","","","","","",""
"2015028245","0753","1","0","0","0","0","0","0","0","0","7","0","","02","3","2015","4","40.662812","-79.77521","0753","11","0","0","0","0","0","0","0","0","","0","0","0","","","0","","0","","40 39:46.122","","0","79 46:30.755","0","0","0","0","2202","0","0","0","N","0","0","0","1","02202","0","","2.0","","7","N","N","","0","","0","0","0","","0","","","1","0","0","0","0","0","0","1","0","1","","","","N","","","","","","","","","",""
"2015029689","0455","1","0","0","0","0","0","0","0","0","7","0","","02","3","2015","1","40.313647","-79.886417","0450","11","0","0","0","0","0","0","0","0","2","0","0","0","","","1","","0","","40 18:49.129","2","3","79 53:11.100","4","0","0","0","2433","0","0","0","N","0","0","0","3","02433","1","","1.0","","98","N","N","","0","","0","0","0","","0","N","","1","1","3","0","0","0","0","2","0","1","","","","N","","","","","","","","","",""
"2015029062","2155","2","0","0","0","0","0","0","0","0","4","0","","02","3","2015","6","40.510377","-80.097107","2155","11","0","0","0","0","0","1","0","0","2","0","0","0","","","0","","1","","40 30:37.356","5","0","80 05:49.585","0","0","0","0","2429","0","0","0","N","0","0","0","3","02215","0","","1.0","","1","N","N","","0","","0","0","0","","0","N","","2","0","0","0","0","0","0","2","0","2","","","","N","","","","","","","","","",""
"2015029203","0732","1","0","0","0","0","0","0","0","0","4","0","","02","3","2015","6","40.621734","-80.054327","0725","11","0","0","0","0","0","0","0","0","2","0","0","0","","","1","","1","","40 37:18.241","2","0","80 03:15.577","3","0","0","0","2216","0","0","0","N","0","0","0","2","02505","0","","1.0","","9","N","N","","1","","1","0","0","","2","Y","","2","1","0","0","0","0","0","1","0","2","","","","N","","","","","","","","","",""
"2015027619","0655","2","0","0","0","0","0","0","0","0","4","0","","02","3","2015","4","40.458625","-79.772978","0650","11","0","0","1","0","0","0","0","0","","0","0","0","","","1","","0","","40 27:31.050","","0","79 46:22.720","4","0","0","0","2446","0","0","0","N","0","0","0","2","02446","1","","1.0","","2","N","N","","0","","0","0","0","","0","","","2","1","0","0","0","0","0","2","0","2","","","","N","","","","","","","","","",""
"2015029204","1133","1","0","0","0","0","0","0","0","0","6","1","","02","3","2015","2","40.342499","-80.118169","1130","11","0","0","0","0","0","0","0","0","","0","1","0","","","0","","2","","40 20:32.997","","0","80 07:05.409","0","0","0","0","2119","0","0","0","N","0","0","0","2","02119","0","","1.0","","1","N","N","","0","","0","0","0","","2","","","2","0","0","0","0","0","0","2","0","2","","","","N","","","","","","","","","",""
"2015030019","1652","3","0","0","0","0","0","0","0","0","1","0","","02","3","2015","2","40.486952","-79.916318","1646","11","0","0","0","0","0","1","0","0","2","0","0","0","","","2","","3","","40 29:13.026","1","3","79 54:58.743","4","0","0","0","2301","0","0","0","N","0","0","0","3","02301","2","","1.0","","1","N","N","","0","","0","0","0","","0","N","","3","2","0","0","0","0","0","2","0","3","","","","N","","","","","","","","","",""
"2015029077","0243","1","0","0","0","0","0","0","0","0","7","0","","02","3","2015","7","40.398439","-79.988627","0241","11","0","0","0","0","0","0","0","0","","0","0","0","","","0","","0","","40 23:54.382","","0","79 59:19.058","9","0","0","0","2301","0","0","0","N","0","0","0","1","02301","0","","5.0","","6","N","N","","0","","0","0","0","","0","","","2","0","0","0","0","0","1","2","1","2","","","","N","","","","","","","","","",""
"2015029888","1115","1","0","0","0","0","0","0","0","0","4","0","","02","3","2015","2","40.433363","-79.927578","1109","11","0","0","0","0","0","0","0","0","2","0","0","0","","","0","","0","","40 26:00.108","1","0","79 55:39.282","0","0","0","0","2301","0","0","0","N","0","0","0","2","02301","0","","1.0","","1","N","N","","0","","0","0","0","","0","Y","","2","0","0","0","0","0","0","2","1","2","","","","N","","","","","","","","","",""
"2015027706","1012","1","0","0","0","0","0","0","0","0","7","0","","02","3","2015","3","40.42083","-79.851891","1010","11","0","0","0","0","0","0","0","0","1","0","0","0","","","2","","0","","40 25:14.987","4","0","79 51:06.809","4","0","0","0","2431","0","0","0","N","0","0","0","2","02431","2","","3.0","","1","N","N","","0","","0","0","0","","0","N","","1","2","0","0","0","0","0","2","0","1","","","","N","","","","","","","","","",""
"2015028119","0826","1","0","0","0","0","0","0","0","0","7","0","","02","3","2015","4","40.518967","-80.052008","0815","11","0","0","0","0","0","0","0","0","1","0","0","0","","","0","","0","","40 31:08.281","4","0","80 03:07.228","0","0","0","0","2116","0","0","0","N","0","0","0","1","02116","0","","5.0","","2","N","N","","0","","0","0","0","","0","N","","1","0","0","0","0","0","0","2","0","1","","","","N","","","","","","","","","",""