"CRN","ARRIVAL_TM","AUTOMOBILE_COUNT","BELTED_DEATH_COUNT","BELTED_SUSP_SERIOUS_INJ_COUNT","BICYCLE_COUNT","BICYCLE_DEATH_COUNT","BICYCLE_SUSP_SERIOUS_INJ_COUNT","BUS_COUNT","CHLDPAS_DEATH_COUNT","CHLDPAS_SUSP_SERIOUS_INJ_COUNT","COLLISION_TYPE","COMM_VEH_COUNT","CONS_ZONE_SPD_LIM","COUNTY","CRASH_MONTH","CRASH_YEAR","DAY_OF_WEEK","DEC_LATITUDE","DEC_LONGITUDE","DISPATCH_TM","DISTRICT","DRIVER_COUNT_16YR","DRIVER_COUNT_17YR","DRIVER_COUNT_18YR","DRIVER_COUNT_19YR","DRIVER_COUNT_20YR","DRIVER_COUNT_50_64YR","DRIVER_COUNT_65_74YR","DRIVER_COUNT_75PLUS","EST_HRS_CLOSED","FATAL_COUNT","HEAVY_TRUCK_COUNT","HORSE_BUGGY_COUNT","HOUR_OF_DAY","ILLUMINATION","INJURY_COUNT","INTERSECTION_RELATED","INTERSECT_TYPE","LANE_CLOSED","LATITUDE","LN_CLOSE_DIR","LOCATION_TYPE","LONGITUDE","MAX_SEVERITY_LEVEL","MCYCLE_DEATH_COUNT","MCYCLE_SUSP_SERIOUS_INJ_COUNT","MOTORCYCLE_COUNT","MUNICIPALITY","NONMOTR_COUNT","NONMOTR_DEATH_COUNT","NONMOTR_SUSP_SERIOUS_INJ_COUNT","NTFY_HIWY_MAINT","PED_COUNT","PED_DEATH_COUNT","PED_SUSP_SERIOUS_INJ_COUNT","PERSON_COUNT","POLICE_AGCY","POSSIBLE_INJ_COUNT","RDWY_SURF_TYPE_CD","RELATION_TO_ROAD","ROADWAY_CLEARED","ROAD_CONDITION","SCH_BUS_IND","SCH_ZONE_IND","SECONDARY_CRASH","SMALL_TRUCK_COUNT","SPEC_JURIS_CD","SUSP_MINOR_INJ_COUNT","SUSP_SERIOUS_INJ_COUNT","SUV_COUNT","TCD_FUNC_CD","TCD_TYPE","TFC_DETOUR_IND","TIME_OF_DAY","TOTAL_UNITS","TOT_INJ_COUNT","UNBELTED_OCC_COUNT","UNB_DEATH_COUNT","UNB_SUSP_SERIOUS_INJ_COUNT","UNK_INJ_DEG_COUNT","UNK_INJ_PER_COUNT","URBAN_RURAL","VAN_COUNT","VEHICLE_COUNT","WEATHER1","WEATHER2","WORKERS_PRES","WORK_ZONE_IND","WORK_ZONE_LOC","WORK_ZONE_TYPE","WZ_CLOSE_DETOUR","WZ_FLAGGER","WZ_LAW_OFFCR_IND","WZ_LN_CLOSURE","WZ_MOVING","WZ_OTHER","WZ_SHLDER_MDN","WZ_WORKERS_INJ_KILLED"
"2015028250","2047","1","0","0","0","0","0","0","0","0","7","0","","02","3","2015","4","40.534017","-80.160517","2040","11","0","1","0","0","0","0","0","0","","0","0","0","","","0","","0","","40 32:02.460","","0","80 09:37.860","0","0","0","0","2125","0","0","0","N","0","0","0","1","02215","0","","2.0","","7","N","N","","0","","0","0","0","","0","","","1","0","0","0","0","0","0","2","0","1","","","","N","","","","","","","","","",""
"2015029206","0942","2","0","0","0","0","0","0","0","0","5","0","","02","3","2015","7","40.448227","-79.986908","0933","11","0","0","0","1","0","0","0","0","1","0","0","0","","","0","","1","","40 26:53.617","3","0","79 59:12.868","0","0","0","0","2301","0","0","0","N","0","0","0","2","02301","0","","1.0","","1","N","N","","0","","0","0","0","","2","N","","2","0","0","0","0","0","0","2","0","2","","","","N","","","","","","","","","",""
"2015044179","0055","3","0","0","0","0","0","0","0","0","2","0","","02","4","2015","3","40.457356","-79.888042","0044","11","0","0","0","0","0","0","0","0","1","0","0","0","","","0","","0","","40 27:26.481","5","0","79 53:16.951","0","0","0","0","2301","0","0","0","N","0","0","0","1","02301","0","","6.0","","1","N","N","","0","","0","0","0","","0","Y","","3","0","1","0","0","0","0","2","0","3","","","","N","","","","","","","","","",""
"2015029706","0843","3","0","0","0","0","0","0","0","0","1","0","","02","3","2015","4","40.506119","-79.990498","0843","11","0","0","0","0","0","0","0","0","","0","0","0","","","0","","2","","40 30:22.028","","0","79 59:25.791","0","0","0","0","2116","0","0","0","N","0","0","0","6","02116","0","","1.0","","7","N","N","","0","","0","0","1","","2","","","4","0","0","0","0","0","0","2","0","4","","","","N","","","","","","","","","",""
"2015030024","2105","1","0","0","0","0","0","0","0","0","2","0","","02","3","2015","5","40.560957","-80.039382","2102","11","0","0","0","0","0","0","0","1","1","0","0","0","","","2","","0","","40 33:39.444","2","0","80 02:21.774","8","0","0","0","2108","0","0","0","N","0","0","0","2","02108","0","","1.0","","9","N","N","","1","","0","0","0","","0","N","","2","2","1","0","0","2","0","2","0","2","","","","N","","","","","","","","","",""
"2015027416","1822","1","0","0","0","0","0","0","0","0","4","0","","02","3","2015","3","40.40935","-79.9439","1820","11","0","0","0","0","0","0","0","0","","0","0","0","","","1","","0","","40 24:33.661","","7","79 56:38.039","8","0","0","0","2301","0","0","0","N","0","0","0","3","02301","0","","1.0","","9","N","N","","0","","0","0","1","","0","","","2","1","0","0","0","1","0","2","0","2","","","","N","","","","","","","","","",""
"2015030025","2116","1","0","0","0","0","0","0","0","0","4","0","","02","3","2015","7","40.364556","-80.012336","2114","11","0","0","0","0","0","1","0","0","2","0","0","0","","","1","","0","","40 21:52.400","6","0","80 00:44.410","2","0","0","0","2416","0","0","0","N","0","0","0","1","02416","0","","5.0","","1","N","N","","0","","0","1","1","","0","Y","","2","1","1","0","1","0","0","2","0","2","","","","N","","","","","","","","","",""
"2015029221","0938","2","0","0","0","0","0","0","0","0","4","0","","02","3","2015","7","40.440413","-79.997221","0928","11","0","0","0","0","0","0","0","1","","0","0","0","","","1","","1","","40 26:25.486","","0","79 59:49.995","8","0","0","0","2301","0","0","0","N","0","0","0","2","02301","0","","1.0","","1","N","N","","0","","0","0","0","","2","","","2","1","1","0","0","1","0","2","0","2","","","","N","","","","","","","","","",""
"2015028190","0748","2","0","0","0","0","0","0","0","0","1","0","","02","2","2015","6","40.319528","-80.02695","0742","11","0","0","1","0","0","0","0","0","","0","0","0","","","0","","2","","40 19:10.301","","0","80 01:37.019","0","0","0","0","2407","0","0","0","N","0","0","0","2","02407","0","","1.0","","1","N","N","","0","","0","0","0","","3","","","2","0","1","0","0","0","0","2","0","2","","","","N","","","","","","","","","",""
"2015044182","0255","0","0","0","0","0","0","0","0","0","7","0","","02","4","2015","1","40.394154","-79.895359","0250","11","0","0","0","0","0","0","0","0","","0","0","0","","","1","","2","","40 23:38.954","","0","79 53:43.292","4","0","0","0","2448","0","0","0","N","0","0","0","1","02448","1","","5.0","","1","N","N","","1","","0","0","0","","0","","","1","1","0","0","0","0","0","2","0","1","","","","N","","","","","","","","","",""
"2015028191","1200","1","0","0","0","0","0","0","0","0","1","0","","02","2","2015","7","40.32841","-80.022939","1153","11","0","0","0","0","0","0","1","0","1","0","0","0","","","1","","0","","40 19:42.277","5","0","80 01:22.579","8","0","0","0","2407","0","0","0","N","0","0","0","3","02407","0","","1.0","","1","N","N","","0","","0","0","1","","0","Y","","2","1","0","0","0","1","0","2","0","2","","","","N","","","","","","","","","",""
"2015027487","1240","1","0","0","0","0","0","0","0","0","1","0","","02","3","2015","2","40.500044","-80.221987","1235","11","0","0","0","0","0","1","0","0","2","0","0","0","","","1","","2","","40 30:00.157","4","0","80 13:19.152","8","0","0","0","2213","0","0","0","N","0","0","0","2","02213","0","","1.0","","1","N","N","","1","","0","0","0","","4","N","","2","1","0","0","0","1","0","2","0","2","","","","N","","","","","","","","","",""
"2015029082","0245","1","0","0","0","0","0","0","0","0","7","0","","02","3","2015","6","40.465747","-79.900206","0235","11","0","0","0","0","0","0","0","0","1","0","0","0","","","0","","0","","40 27:56.690","7","0","79 54:00.740","0","0","0","0","2301","0","0","0","N","0","0","0","1","02301","0","","5.0","","2","N","N","","0","","0","0","0","","0","N","","1","0","0","0","0","0","0","2","0","1","","","","N","","","","","","","","","",""
"2015027627","0818","0","0","0","0","0","0","0","0","0","7","0","","02","3","2015","4","40.420916","-80.201218","0815","11","0","0","0","0","0","0","0","0","1","0","0","0","","","1","","0","","40 25:15.298","5","0","80 12:04.383","4","0","0","0","2214","0","0","0","N","0","0","0","2","02214","1","","5.0","","6","N","N","","0","","0","0","1","","0","Y","","1","1","0","0","0","0","0","1","0","1","","","","N","","","","","","","","","",""
"2015027488","1636","1","0","0","0","0","0","0","0","0","7","0","","02","2","2015","4","40.506634","-80.149761","1632","11","0","0","0","0","0","1","0","0","1","0","0","0","","","0","","0","","40 30:23.882","1","0","80 08:59.138","9","0","0","0","2420","0","0","0","N","0","0","0","1","02420","0","","5.0","","2","N","N","","0","","0","0","0","","0","Y","","1","0","0","0","0","0","1","2","0","1","","","","N","","","","","","","","","",""
"2015029211","0720","2","0","0","0","0","0","0","0","0","4","0","","02","3","2015","7","40.438078","-79.994416","0710","11","0","0","0","0","0","1","0","0","","0","0","0","","","0","","1","","40 26:17.079","","0","79 59:39.896","0","0","0","0","2301","0","0","0","N","0","0","0","2","02301","0","","1.0","","1","N","N","","0","","0","0","0","","2","","","2","0","0","0","0","0","0","2","0","2","","","","N","","","","","","","","","",""
"2015044184","0206","1","0","0","0","0","0","0","0","0","7","0","","02","4","2015","3","40.408645","-79.893689","0202","11","0","0","0","0","0","0","0","0","","0","0","0","","","0","","0","","40 24:31.122","","0","79 53:37.281","0","0","0","0","2448","0","0","0","N","0","0","0","1","02448","0","","2.0","","1","N","N","","0","","0","0","0","","0","","","1","0","0","0","0","0","0","2","0","1","","","","N","","","","","","","","","",""
"2015027420","1835","2","0","0","0","0","0","0","0","0","4","0","","02","3","2015","3","40.401967","-80.000684","1823","11","0","0","0","0","0","0","0","0","2","0","0","0","","","0","","1","","40 24:07.080","2","0","80 00:02.464","0","0","0","0","2301","0","0","0","N","0","0","0","2","02301","0","","1.0","","9","N","N","","0","","0","0","0","","2","N","","2","0","0","0","0","0","0","2","0","2","","","","N","","","","","","","","","",""
"2015027489","0128","1","0","0","0","0","0","0","0","0","4","0","","02","2","2015","7","40.513762","-80.156181","0127","11","0","0","0","0","0","0","0","0","","0","0","0","","","0","","1","","40 30:49.543","","0","80 09:22.252","0","0","0","0","2420","0","0","0","N","0","0","0","2","02420","0","","1.0","","1","N","N","","0","","0","0","1","","2","","","2","0","0","0","0","0","0","2","0","2","","","","N","","","","","","","","","",""
"2015029084","2330","2","0","0","0","0","0","0","0","0","3","1","","02","3","2015","6","40.422158","-80.045971","2330","11","0","0","0","0","0","0","1","0","2","0","1","0","","","0","","0","","40 25:19.769","1","0","80 02:45.494","0","0","0","0","2435","0","0","0","N","0","0","0","7","02435","0","","1.0","","1","N","N","","0","","0","0","0","","0","Y","","3","0","0","0","0","0","0","2","0","3","","","","N","","","","","","","","","",""
"2015029851","0728","1","0","0","0","0","0","0","0","0","7","0","","02","3","2015","7","40.577296","-79.954143","0728","11","0","0","0","0","0","0","0","0","2","0","0","0","","","0","","0","","40 34:38.265","2","0","79 57:14.916","0","0","0","0","2207","0","0","0","Y","0","0","0","1","02207","0","","2.0","","2","N","N","","0","","0","0","0","","0","N","","1","0","0","0","0","0","0","2","0","1","","","","N","","","","","","","","","",""
"2015027629","0738","2","0","0","0","0","0","0","0","0","1","0","","02","3","2015","4","40.436461","-80.051556","0732","11","0","0","0","0","0","1","0","0","","0","0","0","","","0","","0","","40 26:11.260","","0","80 03:05.603","0","0","0","0","2301","0","0","0","N","0","0","0","1","02301","0","","6.0","","7","N","N","","0","","0","0","1","","0","","","3","0","0","0","0","0","0","2","0","3","","","","N","","","","","","","","","",""
"2015028406","2206","0","0","0","0","0","0","0","0","0","7","0","","02","3","2015","4","40.456186","-80.029366","2201","11","0","0","0","0","0","0","0","0","1","0","0","0","","","0","","0","","40 27:22.269","1","0","80 01:45.716","0","0","0","0","2301","0","0","0","N","0","0","0","1","02301","0","","1.0","","7","N","N","","0","","0","0","1","","0","N","","1","0","0","0","0","0","0","2","0","1","","","","N","","","","","","","","","",""
"2015029214","2022","0","0","0","0","0","0","0","0","0","7","1","","02","3","2015","6","40.51882","-80.028238","2019","11","0","0","0","0","0","0","0","0","3","0","1","0","","","0","","2","","40 31:07.752","2","0","80 01:41.656","0","0","0","0","2474","0","0","0","N","0","0","0","1","02474","0","","5.0","","1","N","N","","0","","0","0","0","","0","Y","","1","0","0","0","0","0","0","2","0","1","","","","N","","","","","","","","","",""
"2015028420","1905","3","0","0","0","0","0","0","0","0","4","0","","02","3","2015","5","40.446825","-79.995182","1900","11","0","0","0","0","0","1","1","0","","0","0","0","","","0","","0","","40 26:48.571","","0","79 59:42.655","0","0","0","0","2301","0","0","0","N","0","0","0","3","02301","0","","1.0","","2","N","N","","0","","0","0","0","","0","","","3","0","0","0","0","0","0","2","0","3","","","","N","","","","","","","","","",""
"2015028127","0944","1","0","0","0","0","0","0","0","0","7","0","","02","3","2015","5","40.461213","-79.845336","0944","11","0","0","0","0","0","0","0","0","1","0","0","0","","","0","","0","","40 27:40.366","3","0","79 50:43.208","0","0","0","0","2113","0","0","0","N","0","0","0","3","02113","0","","5.0","","7","N","N","","0","","0","0","0","","0","N","","1","0","0","0","0","0","0","2","0","1","","","","N","","","","","","","","","",""
"2015029713","1727","0","0","0","0","0","0","0","0","0","4","0","","02","2","2015","7","40.468481","-79.755648","1724","11","0","0","0","0","0","2","0","0","1","0","0","0","","","0","","0","","40 28:06.533","1","0","79 45:20.334","0","0","0","0","2466","0","0","0","N","0","0","0","2","02466","0","","1.0","","1","N","N","","1","","0","0","0","","0","N","","2","0","0","0","0","0","0","2","1","2","","","","N","","","","","","","","","",""
"2015029647","2210","0","0","0","0","0","0","0","0","0","7","0","","02","3","2015","1","40.588259","-79.885725","2205","11","0","0","0","0","0","0","0","0","","0","0","0","","","2","","0","","40 35:17.732","","0","79 53:08.610","4","0","0","0","2209","0","0","0","N","0","0","0","4","02209","2","","2.0","","7","N","N","","1","","0","0","0","","0","","","1","2","0","0","0","0","0","1","0","1","","","","N","","","","","","","","","",""
"2015029714","0001","0","0","0","0","0","0","0","0","0","4","0","","02","3","2015","1","40.422514","-79.960226","0001","11","0","0","0","0","0","0","0","0","2","0","0","0","","","2","","0","","40 25:21.051","3","7","79 57:36.814","4","0","0","0","2301","0","0","0","N","0","0","0","4","02301","2","","1.0","","1","N","N","","2","","0","0","0","","1","Y","","2","2","0","0","0","0","0","2","0","2","","","","N","","","","","","","","","",""
"2015028259","2204","1","0","0","0","0","0","0","0","0","0","0","","02","3","2015","4","40.554525","-80.202632","2200","11","0","0","0","0","0","0","0","0","1","0","0","0","","","0","","0","","40 33:16.290","2","0","80 12:09.475","0","0","0","0","2427","0","0","0","N","0","0","0","2","02427","0","","5.0","","7","N","N","","0","","0","0","0","","0","N","","1","0","0","0","0","0","0","2","0","1","","","","N","","","","","","","","","",""
"2015029854","1749","2","0","0","0","0","0","0","0","0","1","0","","02","3","2015","7","40.350615","-79.925131","1746","11","0","0","0","0","0","0","1","0","1","0","0","0","","","1","","0","","40 21:02.213","4","0","79 55:30.470","4","0","0","0","2473","0","0","0","N","0","0","0","4","02473","1","","1.0","","1","N","N","","0","","0","0","0","","0","Y","","2","1","0","0","0","0","0","2","0","2","","","","N","","","","","","","","","",""
"2015029963","1920","1","0","0","0","0","0","0","0","0","7","0","","02","3","2015","4","40.411947","-79.733584","1907","11","0","1","0","0","0","0","0","0","2","0","0","0","","","0","","0","","40 24:43.009","6","0","79 44:00.902","0","0","0","0","2446","0","0","0","N","0","0","0","1","02446","0","","2.0","","2","N","N","","0","","0","0","0","","0","Y","","1","0","0","0","0","0","0","2","0","1","","","","N","","","","","","","","","",""
"2015028422","2154","2","0","0","0","0","0","0","0","0","4","0","","02","3","2015","4","40.426185","-79.927774","2147","11","0","0","0","0","0","0","0","0","","0","0","0","","","0","","0","","40 25:34.266","","0","79 55:39.986","0","0","0","0","2301","0","0","0","N","0","0","0","4","02301","0","","4.0","","2","N","N","","0","","0","0","0","","0","","","2","0","0","0","0","0","0","2","0","2","","","","N","","","","","","","","","",""
"2015027648","0925","1","0","0","0","0","0","0","0","0","1","0","","02","3","2015","4","40.484831","-80.014333","0916","11","0","0","0","0","0","0","0","0","2","0","0","0","","","0","","0","","40 29:05.393","3","0","80 00:51.600","0","0","0","0","2301","0","0","0","N","0","0","0","3","02301","0","","1.0","","2","N","N","","0","","0","0","1","","0","Y","","3","0","0","0","0","0","0","2","1","3","","","","N","","","","","","","","","",""
"2015028423","1920","2","0","0","0","0","0","0","0","0","6","0","","02","3","2015","5","40.380701","-79.999757","1908","11","0","0","0","0","0","0","0","0","","0","0","0","","","0","","2","","40 22:50.524","","0","79 59:59.126","0","0","0","0","2301","0","0","0","N","0","0","0","3","02301","0","","1.0","","2","N","N","","1","","0","0","0","","0","","","3","0","0","0","0","0","0","2","0","3","","","","N","","","","","","","","","",""
"2015027797","1045","3","0","0","0","0","0","0","0","0","1","0","","02","2","2015","6","40.426769","-79.918439","1045","11","0","0","1","0","0","0","0","0","","0","0","0","","","0","","0","","40 25:36.369","","4","79 55:06.381","0","0","0","0","2301","0","0","0","N","0","0","0","6","68B03","0","","1.0","","1","N","N","","0","","0","0","1","","0","","","4","0","0","0","0","0","0","2","0","4","","","","N","","","","","","","","","",""
"2015027925","2229","0","0","0","0","0","0","0","0","0","7","0","","02","3","2015","4","40.349668","-79.932134","2227","11","0","0","0","0","0","0","0","0","1","0","0","0","","","0","","0","","40 20:58.805","3","0","79 55:55.683","0","0","0","0","2473","0","0","0","N","0","0","0","1","02473","0","","4.0","","7","N","N","","0","","0","0","1","","0","N","","1","0","0","0","0","0","0","2","0","1","","","","N","","","","","","","","","",""
"2015029900","0927","1","0","0","0","0","0","0","0","0","7","0","","02","3","2015","6","40.303401","-79.974529","0919","11","0","0","0","1","0","0","0","0","2","0","0","0","","","0","","0","","40 18:12.242","2","0","79 58:28.304","0","0","0","0","2440","0","0","0","N","0","0","0","1","02440","0","","4.0","","2","N","N","","0","","0","0","0","","0","N","","1","0","0","0","0","0","0","2","0","1","","","","N","","","","","","","","","",""
"2015027720","1840","1","0","0","0","0","0","0","0","0","1","0","","02","3","2015","1","40.660207","-80.123661","1831","11","0","0","0","0","0","0","0","0","","0","0","0","","","0","","0","","40 39:36.744","","0","80 07:25.180","0","0","0","0","2212","0","0","0","N","0","0","0","2","02505","0","","1.0","","2","N","N","","1","","0","0","0","","0","","","2","0","0","0","0","0","0","2","0","2","","","","N","","","","","","","","","",""
"2015028492","1338","1","0","0","0","0","0","0","0","0","6","0","","02","2","2015","7","40.388039","-80.071786","1329","11","0","0","0","1","0","0","0","0","","0","0","0","","","1","","2","","40 23:16.939","","0","80 04:18.428","8","0","0","0","2109","0","0","0","N","0","0","0","3","02109","0","","1.0","","1","N","N","","0","","0","0","0","","0","","","2","1","0","0","0","1","0","2","1","2","","","","N","","","","","","","","","",""
"2015028493","2205","1","0","0","0","0","0","0","0","0","7","0","","02","3","2015","4","40.3741","-80.033501","2200","11","0","0","0","0","0","1","0","0","2","0","0","0","","","0","","2","","40 22:26.760","1","0","80 02:00.603","0","0","0","0","2109","0","0","0","N","0","0","0","1","02109","0","","4.0","","7","N","N","","0","","0","0","0","","4","N","","1","0","0","0","0","0","0","2","0","1","","","","N","","","","","","","","","",""
"2015027087","0928","1","0","0","0","0","0","0","0","0","8","0","","02","3","2015","3","40.462767","-79.946824","0924","11","0","0","0","0","0","0","0","0","1","0","0","0","","","1","","2","","40 27:45.961","4","0","79 56:48.566","8","0","0","0","2301","1","0","0","N","1","0","0","2","02301","0","","1.0","","1","N","N","","0","","0","0","0","","0","Y","","2","1","0","0","0","1","0","2","0","1","","","","N","","","","","","","","","",""
"2015028426","1910","1","0","0","0","0","0","0","0","0","7","0","","02","3","2015","5","40.466249","-79.99314","1905","11","0","0","0","0","0","0","0","0","1","0","0","0","","","0","","3","","40 27:58.496","1","0","79 59:35.304","9","0","0","0","2301","0","0","0","N","0","0","0","1","02301","0","","5.0","","1","N","N","","0","","0","0","0","","3","N","","1","0","0","0","0","0","1","2","0","1","","","","N","","","","","","","","","",""
"2015028494","2222","1","0","0","0","0","0","0","0","0","7","0","","02","3","2015","4","40.374824","-80.036107","2219","11","0","0","0","0","0","0","0","0","","0","0","0","","","0","","0","","40 22:29.366","","0","80 02:09.985","0","0","0","0","2109","0","0","0","N","0","0","0","1","02109","0","","4.0","","7","N","N","","0","","0","0","0","","0","","","1","0","0","0","0","0","0","2","0","1","","","","N","","","","","","","","","",""
"2015029380","2015","1","0","0","0","0","0","0","0","0","1","0","","02","3","2015","2","40.634357","-80.016245","2007","11","0","0","0","1","0","0","0","0","1","0","0","0","","","0","","0","","40 38:03.685","4","0","80 00:58.482","0","0","0","0","2216","0","0","0","N","0","0","0","1","02505","0","","1.0","","1","N","N","","0","","0","0","0","","0","N","","2","0","0","0","0","0","0","2","1","2","","","","N","","","","","","","","","",""
"2015029028","1840","1","0","0","0","0","0","0","0","0","8","0","","02","3","2015","6","40.352302","-79.856325","1839","11","0","0","0","0","0","0","0","0","1","0","0","0","","","1","","0","","40 21:08.288","4","0","79 51:22.769","8","0","0","0","2304","1","0","0","N","1","0","0","8","02304","0","","1.0","","9","N","N","","0","","0","0","0","","2","N","","2","1","0","0","0","1","0","2","0","1","","","","N","","","","","","","","","",""
"2015029234","2012","8","0","0","0","0","0","1","0","0","4","1","","02","3","2015","1","40.305266","-79.895329","2007","11","0","0","0","1","0","5","0","0","3","0","0","0","","","5","","0","","40 18:18.957","5","0","79 53:43.184","4","0","0","0","2440","0","0","0","N","0","0","0","22","02440","5","","1.0","","2","N","N","","2","","0","0","0","","0","Y","","11","5","0","0","0","0","0","2","0","11","","","","N","","","","","","","","","",""
"2015028495","0942","0","0","0","0","0","0","0","0","0","7","0","","02","3","2015","5","40.472626","-80.217799","0942","11","0","0","0","0","0","0","0","0","","0","0","0","","","0","","6","","40 28:21.453","","0","80 13:04.075","0","0","0","0","2213","0","0","0","N","0","0","0","2","02213","0","","3.0","","7","N","N","","1","","0","0","0","","0","","","1","0","0","0","0","0","0","2","0","1","","","","N","","","","","","","","","",""
"2015029029","1651","1","0","0","0","0","0","0","0","0","7","0","","02","3","2015","5","40.392873","-79.870086","1645","11","0","0","0","0","0","0","0","1","2","0","0","0","","","0","","0","","40 23:34.342","1","0","79 52:12.309","0","0","0","0","2473","0","0","0","Y","0","0","0","1","02473","0","","5.0","","6","N","N","","0","","0","0","0","","0","N","","1","0","0","0","0","0","0","2","0","1","","","","N","","","","","","","","","",""
"2015029860","1455","2","0","0","0","0","0","0","0","0","1","0","","02","3","2015","1","40.551823","-80.102424","1448","11","0","0","0","0","0","0","1","0","","0","0","0","","","0","","0","","40 33:06.562","","0","80 06:08.726","0","0","0","0","2215","0","0","0","N","0","0","0","3","02215","0","","1.0","","1","N","N","","0","","0","0","0","","0","","","2","0","0","0","0","0","0","2","0","2","","","","N","","","","","","","","","",""
"2015027640","0828","1","0","0","0","0","0","0","0","0","7","0","","02","3","2015","4","40.482702","-80.288357","0819","11","0","0","0","0","0","0","0","0","","0","0","0","","","0","","0","","40 28:57.727","","0","80 17:18.084","0","0","0","0","2203","0","0","0","N","0","0","0","1","02203","0","","5.0","","7","N","N","","0","","0","0","0","","0","","","1","0","0","0","0","0","0","1","0","1","","","","N","","","","","","","","","",""
"2015027654","1004","1","0","0","0","0","0","0","0","0","4","1","","02","3","2015","4","40.45259","-79.910391","0959","11","0","0","0","0","0","0","0","0","1","0","1","0","","","0","","1","","40 27:09.323","3","0","79 54:37.408","0","0","0","0","2301","0","0","0","N","0","0","0","2","02301","0","","1.0","","6","N","N","","0","","0","0","0","","2","N","","2","0","0","0","0","0","0","2","0","2","","","","N","","","","","","","","","",""
"2015028428","1434","1","0","0","0","0","0","0","0","0","7","0","","02","3","2015","5","40.528705","-80.072218","1428","11","0","0","0","0","0","0","0","0","","0","0","0","","","0","","7","","40 31:43.338","","2","80 04:19.983","0","0","0","0","2215","0","0","0","N","0","0","0","1","02215","0","","4.0","","9","N","N","","0","","0","0","0","","0","","","1","0","0","0","0","0","0","2","0","1","","","","N","","","","","","","","","",""
"2015029017","1842","1","0","0","0","0","0","0","0","0","7","0","","02","3","2015","6","40.441883","-79.994348","1837","11","0","0","0","0","0","0","0","0","2","0","0","0","","","1","","3","","40 26:30.780","3","0","79 59:39.652","4","0","0","0","2301","0","0","0","N","0","0","0","1","02301","1","","3.0","","2","N","N","","0","","0","0","0","","0","Y","","1","1","0","0","0","0","0","2","0","1","","","","N","","","","","","","","","",""
"2015028290","1515","1","0","0","0","0","0","0","0","0","7","0","","02","3","2015","5","40.522929","-79.936069","1510","11","0","0","0","0","0","0","0","0","","0","0","0","","","0","","0","","40 31:22.545","","0","79 56:09.850","0","0","0","0","2112","0","0","0","N","0","0","0","1","02112","0","","5.0","","2","N","N","","0","","0","0","0","","0","","","1","0","0","0","0","0","0","2","0","1","","","","N","","","","","","","","","",""
"2015029094","1123","2","0","0","0","0","0","0","0","0","4","0","","02","2","2015","2","40.521473","-80.191085","1118","11","0","0","0","0","0","1","0","0","1","0","0","0","","","2","","2","","40 31:17.302","7","0","80 11:27.906","8","0","0","0","2213","0","0","0","N","0","0","0","5","02213","0","","1.0","","1","N","N","","0","","0","0","0","","0","Y","","2","2","0","0","0","2","0","2","0","2","","","","N","","","","","","","","","",""
"2015027436","2010","1","0","0","0","0","0","0","0","0","1","0","","02","3","2015","3","40.429286","-79.999241","1958","11","0","0","0","0","0","1","0","0","2","0","0","0","","","0","","1","","40 25:45.428","2","0","79 59:57.266","0","0","0","0","2301","0","0","0","N","0","0","0","3","02301","0","","1.0","","9","N","N","","1","","0","0","1","","2","N","","3","0","0","0","0","0","0","2","0","3","","","","N","","","","","","","","","",""
"2015029018","1830","2","0","0","0","0","0","0","0","0","1","0","","02","3","2015","6","40.427512","-79.974716","1823","11","0","0","0","0","0","1","0","0","","0","0","0","","","1","","1","","40 25:39.043","","0","79 58:28.977","4","0","0","0","2301","0","0","0","N","0","0","0","2","02301","1","","1.0","","2","N","N","","0","","0","0","0","","2","","","2","1","0","0","0","0","0","2","0","2","","","","N","","","","","","","","","",""
"2015029796","0915","1","0","0","0","0","0","0","0","0","7","0","","02","2","2015","4","40.495947","-80.022972","0858","11","0","0","0","0","0","0","0","0","","0","0","0","","","0","","0","","40 29:45.410","","0","80 01:22.700","0","0","0","0","2116","0","0","0","N","0","0","0","1","02116","0","","5.0","","9","N","N","","0","","0","0","0","","0","","","1","0","0","0","0","0","0","2","0","1","","","","N","","","","","","","","","",""
"2015029095","1330","1","0","0","0","0","0","0","0","0","1","0","","02","3","2015","5","40.506524","-80.208725","1328","11","0","0","0","0","0","1","0","0","2","0","0","0","","","1","","0","","40 30:23.486","3","0","80 12:31.411","3","0","0","0","2213","0","0","0","N","0","0","0","2","02213","0","","1.0","","6","N","N","","0","","1","0","1","","0","N","","2","1","0","0","0","0","0","2","0","2","","","","N","","","","","","","","","",""
"2015028431","1740","1","0","0","0","0","0","0","0","0","7","0","","02","3","2015","5","40.454561","-79.881499","1728","11","0","0","0","0","0","1","0","0","1","0","0","0","","","1","","3","","40 27:16.420","6","0","79 52:53.397","4","0","0","0","2301","0","0","0","N","0","0","0","1","02301","1","","5.0","","2","N","N","","0","","0","0","0","","0","N","","1","1","0","0","0","0","0","2","0","1","","","","N","","","","","","","","","",""
"2015028958","1358","1","0","0","0","0","0","0","0","0","4","0","","02","2","2015","6","40.425004","-80.115913","1358","11","0","0","0","0","0","0","1","0","","0","0","0","","","2","","0","","40 25:30.014","","0","80 06:57.285","4","0","0","0","2102","0","0","0","N","0","0","0","2","68B03","1","","1.0","","1","N","N","","0","","0","0","0","","0","","","2","2","0","0","0","1","0","2","1","2","","","","N","","","","","","","","","",""