"CRN","ARRIVAL_TM","AUTOMOBILE_COUNT","BELTED_DEATH_COUNT","BELTED_SUSP_SERIOUS_INJ_COUNT","BICYCLE_COUNT","BICYCLE_DEATH_COUNT","BICYCLE_SUSP_SERIOUS_INJ_COUNT","BUS_COUNT","CHLDPAS_DEATH_COUNT","CHLDPAS_SUSP_SERIOUS_INJ_COUNT","COLLISION_TYPE","COMM_VEH_COUNT","CONS_ZONE_SPD_LIM","COUNTY","CRASH_MONTH","CRASH_YEAR","DAY_OF_WEEK","DEC_LATITUDE","DEC_LONGITUDE","DISPATCH_TM","DISTRICT","DRIVER_COUNT_16YR","DRIVER_COUNT_17YR","DRIVER_COUNT_18YR","DRIVER_COUNT_19YR","DRIVER_COUNT_20YR","DRIVER_COUNT_50_64YR","DRIVER_COUNT_65_74YR","DRIVER_COUNT_75PLUS","EST_HRS_CLOSED","FATAL_COUNT","HEAVY_TRUCK_COUNT","HORSE_BUGGY_COUNT","HOUR_OF_DAY","ILLUMINATION","INJURY_COUNT","INTERSECTION_RELATED","INTERSECT_TYPE","LANE_CLOSED","LATITUDE","LN_CLOSE_DIR","LOCATION_TYPE","LONGITUDE","MAX_SEVERITY_LEVEL","MCYCLE_DEATH_COUNT","MCYCLE_SUSP_SERIOUS_INJ_COUNT","MOTORCYCLE_COUNT","MUNICIPALITY","NONMOTR_COUNT","NONMOTR_DEATH_COUNT","NONMOTR_SUSP_SERIOUS_INJ_COUNT","NTFY_HIWY_MAINT","PED_COUNT","PED_DEATH_COUNT","PED_SUSP_SERIOUS_INJ_COUNT","PERSON_COUNT","POLICE_AGCY","POSSIBLE_INJ_COUNT","RDWY_SURF_TYPE_CD","RELATION_TO_ROAD","ROADWAY_CLEARED","ROAD_CONDITION","SCH_BUS_IND","SCH_ZONE_IND","SECONDARY_CRASH","SMALL_TRUCK_COUNT","SPEC_JURIS_CD","SUSP_MINOR_INJ_COUNT","SUSP_SERIOUS_INJ_COUNT","SUV_COUNT","TCD_FUNC_CD","TCD_TYPE","TFC_DETOUR_IND","TIME_OF_DAY","TOTAL_UNITS","TOT_INJ_COUNT","UNBELTED_OCC_COUNT","UNB_DEATH_COUNT","UNB_SUSP_SERIOUS_INJ_COUNT","UNK_INJ_DEG_COUNT","UNK_INJ_PER_COUNT","URBAN_RURAL","VAN_COUNT","VEHICLE_COUNT","WEATHER1","WEATHER2","WORKERS_PRES","WORK_ZONE_IND","WORK_ZONE_LOC","WORK_ZONE_TYPE","WZ_CLOSE_DETOUR","WZ_FLAGGER","WZ_LAW_OFFCR_IND","WZ_LN_CLOSURE","WZ_MOVING","WZ_OTHER","WZ_SHLDER_MDN","WZ_WORKERS_INJ_KILLED"
"2015029662","1623","0","0","0","0","0","0","0","0","0","4","0","","02","3","2015","4","40.642733","-79.948026","1618","11","0","0","0","1","0","2","0","0","2","0","0","0","","","0","","0","","40 38:33.838","6","0","79 56:52.893","0","0","0","0","2217","0","0","0","N","0","0","0","5","02505","0","","1.0","","9","N","N","","0","","0","0","2","","0","Y","","3","0","0","0","0","0","0","2","1","3","","","","N","","","","","","","","","",""
"2015028959","0722","3","0","0","0","0","0","0","0","0","4","0","","02","2","2015","6","40.431898","-79.871864","0708","11","0","0","0","0","0","1","0","0","1","0","0","0","","","1","","0","","40 25:54.834","3","0","79 52:18.709","8","0","0","0","2411","0","0","0","N","0","0","0","5","68B03","0","","1.0","","1","N","N","","0","","0","0","1","","0","N","","5","1","0","0","0","1","1","2","0","5","","","","N","","","","","","","","","",""
"2015029973","1340","1","0","0","0","0","0","0","0","0","1","0","","02","3","2015","2","40.379126","-79.806251","1338","11","0","0","0","0","0","0","0","1","2","0","0","0","","","2","","0","","40 22:44.853","4","0","79 48:22.504","3","0","0","0","2111","0","0","0","N","0","0","0","2","02111","1","","1.0","","1","N","N","","0","","1","0","1","","0","Y","","2","2","1","0","0","0","0","2","0","2","","","","N","","","","","","","","","",""
"2015029175","1008","1","0","0","0","0","0","0","0","0","1","0","","02","3","2015","6","40.528662","-79.984662","1004","11","0","0","0","0","0","2","0","0","","0","0","0","","","1","","1","","40 31:43.183","","0","79 59:04.783","8","0","0","0","2118","0","0","0","N","0","0","0","2","02118","0","","1.0","","2","N","N","","0","","0","0","1","","3","","","2","1","0","0","0","1","0","2","0","2","","","","N","","","","","","","","","",""
"2015029244","0847","2","0","0","0","0","0","0","0","0","1","0","","02","3","2015","6","40.512117","-80.103945","0841","11","0","0","0","1","0","0","0","0","1","0","0","0","","","0","","1","","40 30:43.621","2","0","80 06:14.202","0","0","0","0","2429","0","0","0","N","0","0","0","4","02215","0","","1.0","","1","N","N","","0","","0","0","0","","2","N","","2","0","0","0","0","0","0","2","0","2","","","","N","","","","","","","","","",""
"2015029908","1041","2","0","0","0","0","0","0","0","0","5","0","","02","3","2015","2","40.324335","-79.892461","1040","11","0","0","0","0","0","0","0","1","","0","0","0","","","1","","1","","40 19:27.606","","0","79 53:32.859","4","0","0","0","2433","0","0","0","N","0","0","0","2","02433","1","","1.0","","1","N","N","","0","","0","0","0","","0","","","2","1","0","0","0","0","0","2","0","2","","","","N","","","","","","","","","",""
"2015027728","1902","1","0","0","0","0","0","0","0","0","7","0","","02","3","2015","3","40.436314","-79.851474","1855","11","0","0","0","0","0","0","1","0","2","0","0","0","","","0","","0","","40 26:10.730","3","0","79 51:05.306","0","0","0","0","2431","0","0","0","N","0","0","0","1","02431","0","","2.0","","2","N","N","","0","","0","0","0","","0","N","","1","0","0","0","0","0","0","2","0","1","","05","","N","","","","","","","","","",""
"2015028960","2330","0","0","0","0","0","0","0","0","0","1","0","","02","2","2015","7","40.420893","-80.094224","2314","11","0","0","0","0","0","0","1","0","","0","0","0","","","2","","0","","40 25:15.215","","0","80 05:39.208","4","0","0","0","2457","0","0","0","N","0","0","0","4","68B03","2","","1.0","","9","N","N","","0","","0","0","2","","0","","","3","2","0","0","0","0","1","2","0","3","","","","N","","","","","","","","","",""
"2015029725","0814","0","0","0","0","0","0","0","0","0","7","0","","02","3","2015","6","40.397864","-80.045555","0810","11","0","0","0","0","0","1","0","0","2","0","0","0","","","0","","0","","40 23:52.309","2","0","80 02:43.999","0","0","0","0","2109","0","0","0","N","0","0","0","2","02109","0","","4.0","","2","N","N","","0","","0","0","2","","0","Y","","2","0","1","0","0","0","0","2","0","2","","","","N","","","","","","","","","",""
"2015029034","2011","1","0","0","0","0","0","0","0","0","4","0","","02","3","2015","6","40.457257","-79.909028","2004","11","0","0","0","0","0","0","1","0","","0","0","0","","","0","","1","","40 27:26.125","","0","79 54:32.499","0","0","0","0","2301","0","0","0","N","0","0","0","2","02301","0","","1.0","","1","N","N","","0","","0","0","1","","2","","","2","0","0","0","0","0","0","2","0","2","","","","N","","","","","","","","","",""
"2015028296","1709","1","0","0","0","0","0","0","0","0","4","0","","02","3","2015","5","40.339289","-79.786576","1702","11","0","0","0","0","0","0","0","0","1","0","0","0","","","0","","2","","40 20:21.442","5","0","79 47:11.674","0","0","0","0","2477","0","0","0","N","0","0","0","5","02477","0","","1.0","","9","N","N","","0","","0","0","0","","3","N","","2","0","0","0","0","0","0","2","1","2","","","","N","","","","","","","","","",""
"2015029176","1435","2","0","0","0","0","0","0","0","0","1","0","","02","2","2015","6","40.42426","-80.009047","1430","11","0","0","0","0","0","0","0","0","","0","0","0","","","0","","0","","40 25:27.336","","0","80 00:32.569","0","0","0","0","2301","0","0","0","N","0","0","0","1","02301","0","","1.0","","1","N","N","","0","","0","0","0","","0","","","2","0","0","0","0","0","0","2","0","2","","","","N","","","","","","","","","",""
"2015028961","0924","1","0","0","0","0","0","0","0","0","1","0","","02","3","2015","2","40.505781","-80.032015","0851","11","0","0","0","0","0","0","0","0","","0","0","0","","","0","","0","","40 30:20.813","","0","80 01:55.253","0","0","0","0","2116","0","0","0","N","0","0","0","3","68B03","0","","1.0","","9","N","N","","0","","0","0","1","","0","","","2","0","0","0","0","0","0","2","0","2","","","","N","","","","","","","","","",""
"2015029726","2226","2","0","0","0","0","0","0","0","0","4","0","","02","3","2015","6","40.360587","-80.047428","2225","11","0","0","0","0","0","0","0","0","2","0","0","0","","","1","","0","","40 21:38.113","5","0","80 02:50.742","8","0","0","0","2109","0","0","0","N","0","0","0","9","02109","0","","1.0","","1","N","N","","0","","0","0","2","","0","Y","","4","1","0","0","0","1","0","2","0","4","","","","N","","","","","","","","","",""
"2015027516","0135","1","0","0","0","0","0","0","0","0","7","0","","02","2","2015","1","40.42914","-79.943709","0118","11","0","0","0","0","0","0","0","0","1","0","0","0","","","0","","0","","40 25:44.904","3","0","79 56:37.353","0","0","0","0","2301","0","0","0","N","0","0","0","1","68B03","0","","3.0","","9","N","N","","0","","0","0","0","","0","N","","1","0","0","0","0","0","0","2","0","1","","","","N","","","","","","","","","",""
"2015028962","1529","1","0","0","0","0","0","0","0","0","7","0","","02","3","2015","5","40.414412","-80.082665","1516","11","0","0","0","1","0","0","0","0","","0","0","0","","","1","","0","","40 24:51.884","","0","80 04:57.594","8","0","0","0","2415","0","0","0","N","0","0","0","2","68B03","0","","4.0","","6","N","N","","0","","0","0","0","","0","","","1","1","0","0","0","1","0","2","0","1","","","","N","","","","","","","","","",""
"2015029727","1522","3","0","0","0","0","0","0","0","0","1","0","","02","3","2015","7","40.352174","-80.050459","1520","11","0","0","0","0","0","1","0","2","","0","0","0","","","2","","1","","40 21:07.828","","0","80 03:01.654","8","0","0","0","2109","0","0","0","N","0","0","0","4","02109","0","","1.0","","1","N","N","","0","","0","0","0","","2","","","3","2","0","0","0","2","0","2","0","3","","","","N","","","","","","","","","",""
"2015027442","0230","2","0","0","0","0","0","0","0","0","2","0","","02","2","2015","6","40.406379","-79.826847","0230","11","0","0","0","0","0","0","0","0","","0","0","0","","","1","","1","","40 24:22.965","","0","79 49:36.649","8","0","0","0","2467","0","0","0","N","0","0","0","2","02467","0","","1.0","","7","N","N","","0","","0","0","0","","2","","","2","1","0","0","0","1","0","2","0","2","","","","N","","","","","","","","","",""
"2015029036","1821","1","0","0","0","0","0","0","0","0","4","0","","02","3","2015","6","40.502691","-79.883348","1818","11","0","0","0","0","0","1","0","0","1","0","0","0","","","0","","2","","40 30:09.687","2","0","79 53:00.052","9","0","0","0","2432","0","0","0","N","0","0","0","2","02432","0","","1.0","","1","N","N","","0","","0","0","1","","3","N","","2","0","0","0","0","0","1","2","0","2","","","","N","","","","","","","","","",""
"2015027517","1038","1","0","0","0","0","0","0","0","0","1","0","","02","2","2015","2","40.425617","-79.904046","1026","11","0","0","0","0","1","0","0","0","","0","0","0","","","4","","0","","40 25:32.221","","0","79 54:14.567","4","0","0","0","2301","0","0","0","N","0","0","0","6","68B03","4","","1.0","","1","N","N","","1","","0","0","1","","0","","","3","4","0","0","0","0","1","2","0","3","","","","N","","","","","","","","","",""
"2015028299","0043","1","0","0","0","0","0","0","0","0","7","0","","02","3","2015","5","40.373323","-80.034565","0041","11","0","0","0","0","0","0","0","0","","0","0","0","","","0","","0","","40 22:23.963","","0","80 02:04.433","0","0","0","0","2109","0","0","0","N","0","0","0","1","02109","0","","4.0","","7","N","N","","0","","0","0","0","","0","","","1","0","0","0","0","0","0","2","0","1","","","","N","","","","","","","","","",""
"2015029867","0806","1","0","0","0","0","0","0","0","0","6","0","","02","3","2015","2","40.643922","-79.776291","0802","11","0","0","0","0","0","1","0","0","","0","0","0","","","0","","0","","40 38:38.118","","0","79 46:34.649","0","0","0","0","2202","0","0","0","N","0","0","0","2","02202","0","","1.0","","2","N","N","","1","","0","0","0","","0","","","2","0","0","0","0","0","0","1","0","2","","","","N","","","","","","","","","",""
"2015028359","1655","1","0","0","0","0","0","2","0","0","5","2","","02","3","2015","5","40.43628","-80.001144","1645","11","0","0","0","0","0","1","0","0","2","0","0","0","","","0","","0","","40 26:10.607","1","3","80 00:04.119","0","0","0","0","2301","0","0","0","N","0","0","0","3","02503","0","","1.0","","2","N","N","","0","","0","0","0","","0","Y","","3","0","0","0","0","0","0","2","0","3","","","","N","","","","","","","","","",""
"2015027591","1938","0","0","0","0","0","0","0","0","0","7","0","","02","2","2015","4","40.322485","-79.927457","1934","11","0","0","0","0","0","0","0","0","2","0","0","0","","","0","","0","","40 19:20.947","3","0","79 55:38.846","0","0","0","0","2440","0","0","0","N","0","0","0","1","02440","0","","5.0","","1","N","N","","0","","0","0","1","","0","N","","1","0","0","0","0","0","0","2","0","1","","","","N","","","","","","","","","",""
"2015028210","1832","0","0","0","0","0","0","0","0","0","7","0","","02","3","2015","1","40.359787","-79.903388","1829","11","0","0","0","0","0","0","0","0","2","0","0","0","","","0","","0","","40 21:35.234","3","0","79 54:12.197","0","0","0","0","2473","0","0","0","N","0","0","0","1","02473","0","","5.0","","6","N","N","","0","","0","0","0","","0","N","","1","0","0","0","0","0","0","2","1","1","","","","N","","","","","","","","","",""
"2015029804","1925","1","0","0","0","0","0","0","0","0","2","0","","02","2","2015","4","40.4336","-79.758222","1918","11","0","0","1","0","0","0","0","0","","0","0","0","","","0","","0","","40 26:00.959","","0","79 45:29.600","0","0","0","0","2446","0","0","0","N","0","0","0","2","02446","0","","1.0","","1","N","N","","0","","0","0","1","","0","","","2","0","0","0","0","0","0","2","0","2","","","","N","","","","","","","","","",""
"2015027518","0108","1","0","0","0","0","0","0","0","0","4","0","","02","2","2015","3","40.410991","-80.074207","0047","11","0","0","0","0","0","0","0","0","1","0","0","0","","","0","","0","","40 24:39.568","4","3","80 04:27.145","0","0","0","0","2117","0","0","0","N","0","0","0","2","68B03","0","","3.0","","7","N","N","","1","","0","0","0","","0","N","","2","0","0","0","0","0","0","2","0","2","","","","N","","","","","","","","","",""
"2015029868","1140","1","0","0","0","0","0","0","0","0","1","0","","02","3","2015","7","40.612193","-79.947542","1135","11","0","0","0","0","0","2","0","0","","0","0","0","","","0","","0","","40 36:43.894","","7","79 56:51.151","0","0","0","0","2207","0","0","0","N","0","0","0","2","02207","0","","1.0","","1","N","N","","0","","0","0","1","","0","","","2","0","0","0","0","0","0","2","0","2","","","","N","","","","","","","","","",""
"2015027592","1210","0","0","0","0","0","0","0","0","0","6","0","","02","3","2015","3","40.475246","-79.77668","1207","11","0","0","0","0","0","2","0","0","","0","0","0","","","1","","0","","40 28:30.884","","7","79 46:36.048","4","0","0","0","2466","0","0","0","N","0","0","0","2","02466","1","","4.0","","9","N","N","","0","","0","0","2","","0","","","2","1","0","0","0","0","0","2","0","2","","","","N","","","","","","","","","",""
"2015029743","0937","0","0","0","0","0","0","0","0","0","1","0","","02","2","2015","2","40.427574","-79.95358","0924","11","0","0","0","0","0","0","1","0","1","0","0","0","","","0","","0","","40 25:39.265","4","0","79 57:12.887","0","0","0","0","2301","0","0","0","N","0","0","0","4","68B03","0","","1.0","","2","N","N","","0","","0","0","2","","0","N","","3","0","0","0","0","0","0","2","1","3","","","","N","","","","","","","","","",""
"2015027519","1543","1","0","0","0","0","0","0","0","0","7","0","","02","2","2015","4","40.60987","-80.094919","1524","11","0","0","0","0","0","0","0","0","","0","0","0","","","1","","6","","40 36:35.533","","0","80 05:41.707","4","0","0","0","2481","0","0","0","N","0","0","0","1","68B03","1","","3.0","","9","N","N","","0","","0","0","0","","4","","","1","1","0","0","0","0","0","2","0","1","","","","N","","","","","","","","","",""
"2015029915","1242","1","0","0","0","0","0","0","0","0","1","0","","02","3","2015","2","40.592141","-80.074993","1237","11","0","0","0","0","0","1","0","0","","0","0","0","","","1","","3","","40 35:31.706","","0","80 04:29.976","3","0","0","0","2481","0","0","0","N","0","0","0","2","02481","0","","1.0","","1","N","N","","0","","1","0","1","","3","","","2","1","0","0","0","0","0","2","0","2","","","","N","","","","","","","","","",""
"2015028225","2047","0","0","0","0","0","0","0","0","0","7","0","","02","3","2015","3","40.555589","-80.157883","2045","11","1","0","0","0","0","0","0","0","","0","0","0","","","0","","0","","40 33:20.120","","0","80 09:28.380","0","0","0","0","2459","0","0","0","N","0","0","0","1","02459","0","","2.0","","2","N","N","","0","","0","0","1","","0","","","1","0","0","0","0","0","0","1","0","1","","","","N","","","","","","","","","",""
"2015027520","0850","3","0","0","0","0","0","0","0","0","1","0","","02","2","2015","6","40.425758","-79.911624","0845","11","0","0","0","0","0","0","0","0","","0","0","0","","","1","","0","","40 25:32.728","","0","79 54:41.845","8","0","0","0","2301","0","0","0","N","0","0","0","3","68B03","0","","1.0","","1","N","N","","0","","0","0","0","","0","","","3","1","0","0","0","1","0","2","0","3","","","","N","","","","","","","","","",""
"2015029745","2318","0","0","0","0","0","0","0","0","0","7","0","","02","2","2015","5","40.436649","-80.000945","2300","11","0","0","0","0","0","1","0","0","1","0","0","0","","","1","","0","","40 26:11.935","4","2","80 00:03.401","3","0","0","0","2301","0","0","0","N","0","0","0","1","68B03","0","","4.0","","2","N","N","","0","","1","0","1","","0","N","","1","1","0","0","0","0","0","2","0","1","","","","N","","","","","","","","","",""
"2015027521","0918","3","0","0","0","0","0","0","0","0","1","0","","02","2","2015","6","40.425758","-79.911624","0918","11","0","0","0","0","0","0","0","0","1","0","0","0","","","0","","0","","40 25:32.728","3","0","79 54:41.845","0","0","0","0","2301","0","0","0","N","0","0","0","4","68B03","0","","1.0","","1","N","N","","0","","0","0","1","","0","N","","4","0","0","0","0","0","0","2","0","4","","","","N","","","","","","","","","",""
"2015028148","1031","1","0","0","0","0","0","0","0","0","7","0","","02","3","2015","5","40.389676","-79.940752","1013","11","0","0","0","0","0","0","0","0","1","0","0","0","","","1","","0","","40 23:22.833","4","0","79 56:26.708","4","0","0","0","2301","0","0","0","Y","0","0","0","1","02301","1","","5.0","","6","N","N","","0","","0","0","0","","0","N","","1","1","0","0","0","0","0","2","0","1","","","","N","","","","","","","","","",""
"2015028215","1237","1","0","0","0","0","0","0","0","0","7","0","","02","3","2015","5","40.464516","-79.820239","1234","11","0","0","0","0","0","1","0","0","","0","0","0","","","0","","0","","40 27:52.257","","0","79 49:12.860","0","0","0","0","2113","0","0","0","N","0","0","0","1","02113","0","","2.0","","7","N","N","","0","","0","0","0","","0","","","1","0","0","0","0","0","0","2","0","1","","","","N","","","","","","","","","",""
"2015029746","0041","0","0","0","0","0","0","0","0","0","1","1","","02","2","2015","6","40.439369","-80.010319","0041","11","0","0","0","0","0","1","0","0","","0","0","0","","","2","","0","","40 26:21.729","","3","80 00:37.147","4","0","0","0","2301","0","0","0","N","0","0","0","2","68B03","2","","1.0","","6","N","N","","2","","0","0","0","","0","","","2","2","0","0","0","0","0","2","0","2","","","","N","","","","","","","","","",""
"2015028227","0959","1","0","0","0","0","0","0","0","0","7","0","","02","3","2015","5","40.470496","-80.060443","0957","11","0","0","0","0","0","0","0","0","1","0","0","0","","","2","","0","","40 28:13.785","4","0","80 03:37.593","4","0","0","0","2444","0","0","0","N","0","0","0","2","02444","2","","2.0","","2","N","N","","0","","0","0","0","","0","N","","1","2","2","0","0","0","0","2","0","1","","","","N","","","","","","","","","",""
"2015027522","2105","1","0","0","0","0","0","0","0","0","1","0","","02","2","2015","6","40.433572","-79.963005","2051","11","0","0","0","0","1","0","0","0","2","0","0","0","","","2","","0","","40 26:00.860","4","0","79 57:46.817","4","0","0","0","2301","1","0","0","N","1","0","0","4","68B03","1","","1.0","","1","N","N","","0","","0","0","2","","0","N","","4","2","0","0","0","1","2","2","0","3","","","","N","","","","","","","","","",""
"2015027596","1224","2","0","0","0","0","0","0","0","0","1","0","","02","3","2015","2","40.382199","-79.811615","1224","11","0","0","0","0","0","1","0","0","","0","0","0","","","0","","2","","40 22:55.918","","0","79 48:41.813","0","0","0","0","2424","0","0","0","N","0","0","0","4","02424","0","","1.0","","1","N","N","","0","","0","0","0","","0","","","2","0","0","0","0","0","0","2","0","2","","","","N","","","","","","","","","",""
"2015028441","2045","1","0","0","0","0","0","0","0","0","5","0","","02","2","2015","5","","-79.992489","2035","11","0","0","0","0","0","0","0","0","","0","0","0","","","0","","0","","40 26:5.196","","0","79 59:32.960","0","0","0","0","2301","0","0","0","N","0","0","0","1","02301","0","","6.0","","2","N","N","","0","","0","0","1","","0","","","2","0","0","0","0","0","0","2","0","2","","","","N","","","","","","","","","",""
"2015029918","1150","1","0","0","0","0","0","0","0","0","2","0","","02","3","2015","2","40.380701","-79.999757","1140","11","0","0","0","0","0","1","0","0","","0","0","0","","","0","","2","","40 22:50.524","","0","79 59:59.126","0","0","0","0","2301","0","0","0","N","0","0","0","2","02301","0","","1.0","","1","N","N","","0","","0","0","1","","0","","","2","0","0","0","0","0","0","2","0","2","","","","N","","","","","","","","","",""
"2015029747","0905","2","0","0","0","0","0","0","0","0","1","0","","02","2","2015","6","40.426117","-79.914043","0900","11","0","0","0","0","0","1","0","0","","0","0","0","","","0","","0","","40 25:34.020","","4","79 54:50.554","0","0","0","0","2301","0","0","0","N","0","0","0","4","68B03","0","","1.0","","1","N","N","","0","","0","0","1","","0","","","3","0","0","0","0","0","0","2","0","3","","","","N","","","","","","","","","",""
"2015027523","2121","0","0","0","0","0","0","0","0","0","7","0","","02","2","2015","7","40.442467","-79.808435","2106","11","0","0","0","0","0","0","0","0","1","0","0","0","","","0","","0","","40 26:32.882","4","0","79 48:30.366","0","0","0","0","2113","0","0","0","N","0","0","0","1","68B03","0","","4.0","","9","N","N","","1","","0","0","0","","0","N","","1","0","0","0","0","0","0","2","0","1","","","","N","","","","","","","","","",""
"2015029748","0040","0","0","0","0","0","0","0","0","0","7","0","","02","2","2015","1","40.444201","-79.767494","0025","11","0","0","0","0","0","0","0","0","2","0","0","0","","","0","","0","","40 26:39.125","3","0","79 46:02.977","0","0","0","0","2446","0","0","0","N","0","0","0","2","68B03","0","","3.0","","2","N","N","","0","","0","0","1","","0","N","","1","0","0","0","0","0","0","2","0","1","","","","N","","","","","","","","","",""
"2015027462","0126","1","0","0","0","0","0","0","0","0","7","0","","02","3","2015","4","40.415971","-79.998157","0126","11","0","0","0","0","0","0","0","0","1","0","0","0","","","1","","1","","40 24:57.495","7","0","79 59:53.365","4","0","0","0","2301","0","0","0","N","0","0","0","1","02301","1","","4.0","","9","N","N","","0","","0","0","0","","0","N","","1","1","0","0","0","0","0","2","0","1","","","","N","","","","","","","","","",""
"2015029811","1154","0","0","0","0","0","0","0","0","0","1","0","","02","3","2015","7","40.34837","-79.944808","1153","11","0","0","0","0","0","0","1","0","","0","0","0","","","1","","2","","40 20:54.133","","0","79 56:41.310","4","0","0","0","2473","0","0","0","N","0","0","0","3","02473","1","","1.0","","6","N","N","","1","","0","0","2","","2","","","3","1","0","0","0","0","0","2","0","3","","","","N","","","","","","","","","",""
"2015027524","1855","1","0","0","0","0","0","0","0","0","7","0","","02","2","2015","6","40.594806","-80.094549","1832","11","0","0","0","0","0","0","0","0","2","0","0","0","","","1","","0","","40 35:41.303","1","0","80 05:40.376","8","0","0","0","2481","0","0","0","Y","0","0","0","1","68B03","0","","2.0","","1","N","N","","0","","0","0","0","","0","N","","1","1","0","0","0","1","0","2","0","1","","","","N","","","","","","","","","",""
"2015029934","1305","2","0","0","0","0","0","0","0","0","1","0","","02","3","2015","2","40.389791","-79.932833","1248","11","0","0","0","0","0","0","0","1","","0","0","0","","","0","","2","","40 23:23.246","","0","79 55:58.200","0","0","0","0","2301","0","0","0","N","0","0","0","2","02301","0","","1.0","","1","N","N","","0","","0","0","0","","2","","","2","0","1","0","0","0","0","2","0","2","","","","N","","","","","","","","","",""
"2015028444","1545","2","0","0","0","0","0","0","0","0","7","0","","02","3","2015","5","40.429652","-79.997745","1535","11","0","0","0","0","0","1","0","0","","0","0","0","","","0","","2","","40 25:46.748","","0","79 59:51.883","0","0","0","0","2301","0","0","0","N","0","0","0","1","02301","0","","4.0","","7","N","N","","0","","0","0","0","","0","","","2","0","0","0","0","0","0","2","0","2","","","","N","","","","","","","","","",""
"2015029749","0045","1","0","0","0","0","0","0","0","0","7","0","","02","3","2015","5","40.427866","-79.95447","0022","11","0","0","0","0","1","0","0","0","1","0","0","0","","","0","","0","","40 25:40.319","4","0","79 57:16.091","0","0","0","0","2301","0","0","0","N","0","0","0","1","68B03","0","","5.0","","7","N","N","","0","","0","0","0","","0","N","","1","0","0","0","0","0","0","2","0","1","","","","N","","","","","","","","","",""
"2015027525","0218","2","0","0","0","0","0","0","0","0","1","0","","02","3","2015","1","40.425812","-79.9002","0158","11","0","0","0","0","0","0","0","0","","0","0","0","","","2","","0","","40 25:32.922","","0","79 54:00.719","8","0","0","0","2301","0","0","0","N","0","0","0","3","68B03","0","","1.0","","1","N","N","","0","","0","0","0","","0","","","2","2","1","0","0","2","1","2","0","2","","","","N","","","","","","","","","",""
"2015027587","2044","1","0","0","0","0","0","0","0","0","7","0","","02","2","2015","3","40.42019","-79.733804","2029","11","0","0","0","0","0","0","0","0","","0","0","0","","","0","","0","","40 25:12.684","","0","79 44:01.696","0","0","0","0","2446","0","0","0","N","0","0","0","1","68T09","0","","3.0","","1","N","N","","0","","0","0","0","","0","","","1","0","0","0","0","0","0","2","0","1","","","","N","","","","","","","","","",""
"2015029922","1205","1","0","0","0","0","0","0","0","0","7","0","","02","3","2015","2","40.43533","-79.956777","1205","11","0","0","0","0","0","0","1","0","","0","0","0","","","0","","0","","40 26:07.189","","0","79 57:24.397","0","0","0","0","2301","0","0","0","N","0","0","0","1","02301","0","","5.0","","1","N","N","","0","","0","0","0","","0","","","1","0","0","0","0","0","0","2","0","1","","","","N","","","","","","","","","",""
"2015029877","0823","1","0","0","0","0","0","0","0","0","8","0","","02","3","2015","3","40.492049","-80.048427","0821","11","0","0","0","0","0","0","0","0","","0","0","0","","","1","","2","","40 29:31.376","","0","80 02:54.337","8","0","0","0","2404","1","0","0","N","1","0","0","2","02404","0","","1.0","","1","N","N","","0","","0","0","0","","3","","","2","1","0","0","0","1","0","2","0","1","","","","N","","","","","","","","","",""
"2015028447","2040","1","0","0","0","0","0","0","0","0","1","0","","02","3","2015","5","40.454672","-79.880778","2030","11","0","0","0","0","0","0","0","0","1","0","0","0","","","0","","0","","40 27:16.820","3","0","79 52:50.800","0","0","0","0","2301","0","0","0","N","0","0","0","3","02301","0","","1.0","","7","N","N","","0","","0","0","1","","0","N","","2","0","0","0","0","0","0","2","0","2","","","","N","","","","","","","","","",""
"2015029257","0855","1","0","0","0","0","0","0","0","0","7","0","","02","3","2015","7","40.412766","-80.009722","0847","11","0","0","0","0","0","1","0","0","","0","0","0","","","1","","0","","40 24:45.959","","0","80 00:34.999","4","0","0","0","2301","0","0","0","N","0","0","0","1","02301","1","","2.0","","2","N","N","","0","","0","0","0","","0","","","1","1","0","0","0","0","0","2","0","1","","","","N","","","","","","","","","",""
"2015027740","1531","0","0","0","0","0","0","0","0","0","8","0","","02","3","2015","4","40.456818","-80.015587","1531","11","0","0","0","0","0","0","0","0","","0","0","0","","","1","","1","","40 27:24.544","","0","80 00:56.113","8","0","0","0","2301","1","0","0","N","1","0","0","2","02301","0","","1.0","","9","N","N","","0","","0","0","1","","2","","","2","1","0","0","0","1","1","2","0","1","","","","N","","","","","","","","","",""
"2015028169","1432","0","0","0","0","0","0","0","0","0","8","0","","02","3","2015","3","40.442424","-79.999945","1432","11","0","0","0","0","0","0","0","0","1","0","0","0","","","1","","1","","40 26:32.726","2","0","79 59:59.802","4","0","0","0","2301","1","0","0","N","1","0","0","2","02301","1","","1.0","","9","N","N","","1","","0","0","0","","2","Y","","2","1","0","0","0","0","0","2","0","1","","","","N","","","","","","","","","",""
"2015029878","1105","2","0","0","0","0","0","0","0","0","4","0","","02","3","2015","2","40.425728","-79.941663","1057","11","0","0","0","0","0","2","0","0","","0","0","0","","","0","","1","","40 25:32.620","","0","79 56:29.986","0","0","0","0","2301","0","0","0","N","0","0","0","2","02301","0","","1.0","","1","N","N","","0","","0","0","0","","3","","","2","0","0","0","0","0","0","2","0","2","","","","N","","","","","","","","","",""