"CRN","ARRIVAL_TM","AUTOMOBILE_COUNT","BELTED_DEATH_COUNT","BELTED_SUSP_SERIOUS_INJ_COUNT","BICYCLE_COUNT","BICYCLE_DEATH_COUNT","BICYCLE_SUSP_SERIOUS_INJ_COUNT","BUS_COUNT","CHLDPAS_DEATH_COUNT","CHLDPAS_SUSP_SERIOUS_INJ_COUNT","COLLISION_TYPE","COMM_VEH_COUNT","CONS_ZONE_SPD_LIM","COUNTY","CRASH_MONTH","CRASH_YEAR","DAY_OF_WEEK","DEC_LATITUDE","DEC_LONGITUDE","DISPATCH_TM","DISTRICT","DRIVER_COUNT_16YR","DRIVER_COUNT_17YR","DRIVER_COUNT_18YR","DRIVER_COUNT_19YR","DRIVER_COUNT_20YR","DRIVER_COUNT_50_64YR","DRIVER_COUNT_65_74YR","DRIVER_COUNT_75PLUS","EST_HRS_CLOSED","FATAL_COUNT","HEAVY_TRUCK_COUNT","HORSE_BUGGY_COUNT","HOUR_OF_DAY","ILLUMINATION","INJURY_COUNT","INTERSECTION_RELATED","INTERSECT_TYPE","LANE_CLOSED","LATITUDE","LN_CLOSE_DIR","LOCATION_TYPE","LONGITUDE","MAX_SEVERITY_LEVEL","MCYCLE_DEATH_COUNT","MCYCLE_SUSP_SERIOUS_INJ_COUNT","MOTORCYCLE_COUNT","MUNICIPALITY","NONMOTR_COUNT","NONMOTR_DEATH_COUNT","NONMOTR_SUSP_SERIOUS_INJ_COUNT","NTFY_HIWY_MAINT","PED_COUNT","PED_DEATH_COUNT","PED_SUSP_SERIOUS_INJ_COUNT","PERSON_COUNT","POLICE_AGCY","POSSIBLE_INJ_COUNT","RDWY_SURF_TYPE_CD","RELATION_TO_ROAD","ROADWAY_CLEARED","ROAD_CONDITION","SCH_BUS_IND","SCH_ZONE_IND","SECONDARY_CRASH","SMALL_TRUCK_COUNT","SPEC_JURIS_CD","SUSP_MINOR_INJ_COUNT","SUSP_SERIOUS_INJ_COUNT","SUV_COUNT","TCD_FUNC_CD","TCD_TYPE","TFC_DETOUR_IND","TIME_OF_DAY","TOTAL_UNITS","TOT_INJ_COUNT","UNBELTED_OCC_COUNT","UNB_DEATH_COUNT","UNB_SUSP_SERIOUS_INJ_COUNT","UNK_INJ_DEG_COUNT","UNK_INJ_PER_COUNT","URBAN_RURAL","VAN_COUNT","VEHICLE_COUNT","WEATHER1","WEATHER2","WORKERS_PRES","WORK_ZONE_IND","WORK_ZONE_LOC","WORK_ZONE_TYPE","WZ_CLOSE_DETOUR","WZ_FLAGGER","WZ_LAW_OFFCR_IND","WZ_LN_CLOSURE","WZ_MOVING","WZ_OTHER","WZ_SHLDER_MDN","WZ_WORKERS_INJ_KILLED"
"2015029188","0821","1","0","0","0","0","0","0","0","0","4","0","","02","3","2015","7","40.424803","-80.042649","0816","11","0","0","0","0","0","0","0","0","1","0","0","0","","","0","","2","","40 25:29.291","1","0","80 02:33.538","0","0","0","0","2435","0","0","0","N","0","0","0","2","02435","0","","1.0","","1","N","N","","1","","0","0","0","","2","N","","2","0","0","0","0","0","0","2","0","2","","","","N","","","","","","","","","",""
"2015029879","0004","1","0","0","0","0","0","0","0","0","7","0","","02","2","2015","5","40.337804","-80.045979","0001","11","0","0","0","0","0","0","0","0","","0","0","0","","","0","","0","","40 20:16.095","","0","80 02:45.526","9","0","0","0","2407","0","0","0","Y","0","0","0","1","02407","0","","2.0","","2","N","N","","0","","0","0","0","","0","","","1","0","0","0","0","0","1","2","0","1","","","","N","","","","","","","","","",""
"2015029741","2357","0","0","0","0","0","0","0","0","0","0","0","","02","2","2015","4","40.439661","-80.226876","2346","11","0","0","0","0","0","0","0","0","","0","0","0","","","1","","0","","40 26:22.780","","0","80 13:36.753","4","0","0","0","2214","0","0","0","N","0","0","0","1","68B03","1","","4.0","","6","N","N","","0","","0","0","1","","0","","","1","1","0","0","0","0","0","2","0","1","","","","N","","","","","","","","","",""
"2015028234","1244","2","0","0","0","0","0","0","0","0","1","0","","02","3","2015","4","40.517715","-80.052526","1236","11","0","0","0","0","0","1","0","1","","0","0","0","","","0","","1","","40 31:03.773","","2","80 03:09.095","0","0","0","0","2116","0","0","0","N","0","0","0","2","02116","0","","1.0","","2","N","N","","0","","0","0","0","","2","","","2","0","0","0","0","0","0","2","0","2","","","","N","","","","","","","","","",""
"2015029880","2140","0","0","0","0","0","0","0","0","0","4","0","","02","2","2015","2","40.351741","-80.011492","2137","11","0","0","0","0","0","0","0","0","","0","0","0","","","0","","1","","40 21:06.266","","0","80 00:41.371","0","0","0","0","2476","0","0","0","N","0","0","0","3","02407","0","","1.0","","1","N","N","","0","","0","0","2","","2","","","2","0","0","0","0","0","0","2","0","2","","","","N","","","","","","","","","",""
"2015029260","2231","1","0","0","0","0","0","0","0","0","1","0","","02","2","2015","7","40.451015","-80.021614","2230","11","0","0","0","0","0","0","1","0","1","0","0","0","","","0","","2","","40 27:03.655","3","0","80 01:17.809","0","0","0","0","2301","0","0","0","N","0","0","0","2","02301","0","","1.0","","1","N","N","","0","","0","0","0","","0","N","","2","0","0","0","0","0","0","2","0","2","","","","N","","","","","","","","","",""
"2015028464","2314","1","0","0","0","0","0","0","0","0","4","0","","02","3","2015","5","40.415332","-80.012086","2310","11","0","0","0","0","0","0","0","0","","0","0","0","","","1","","1","","40 24:55.194","","0","80 00:43.511","4","0","0","0","2301","0","0","0","N","0","0","0","2","02301","1","","1.0","","6","N","N","","0","","0","0","1","","2","","","2","1","0","0","0","0","1","2","0","2","","","","N","","","","","","","","","",""
"2015029742","0937","2","0","0","0","0","0","0","0","0","7","0","","02","2","2015","2","40.427574","-79.95358","0924","11","0","0","0","0","0","0","0","1","1","0","0","0","","","0","","0","","40 25:39.265","4","0","79 57:12.887","0","0","0","0","2301","0","0","0","N","0","0","0","2","68B03","0","","4.0","","2","N","N","","0","","0","0","0","","0","N","","2","0","0","0","0","0","0","2","0","2","","","","N","","","","","","","","","",""
"2015027468","1841","0","0","0","0","0","0","0","0","0","7","0","","02","3","2015","2","40.340557","-80.125515","1835","11","0","0","0","0","0","0","0","0","","0","0","0","","","0","","2","","40 20:26.005","","0","80 07:31.854","0","0","0","0","2119","0","0","0","N","0","0","0","1","02119","0","","5.0","","2","N","N","","0","","0","0","1","","0","","","1","0","0","0","0","0","0","2","0","1","","","","N","","","","","","","","","",""
"2015029819","1144","1","0","0","0","0","0","0","0","0","7","0","","02","3","2015","5","40.470429","-80.017718","1144","11","0","0","0","0","0","0","0","0","","0","0","0","","","0","","0","","40 28:13.544","","0","80 01:03.784","0","0","0","0","2301","0","0","0","N","0","0","0","1","02301","0","","5.0","","9","N","N","","0","","0","0","0","","0","","","1","0","0","0","0","0","0","2","0","1","","","","N","","","","","","","","","",""
"2015029881","1502","2","0","0","0","0","0","0","0","0","4","0","","02","3","2015","1","40.321473","-80.055204","1454","11","0","0","0","0","0","0","1","0","1","0","0","0","","","0","","0","","40 19:17.303","3","0","80 03:18.735","0","0","0","0","2407","0","0","0","N","0","0","0","1","02407","0","","1.0","","1","N","N","","0","","0","0","0","","0","N","","2","0","0","0","0","0","0","2","0","2","","","","N","","","","","","","","","",""
"2015028452","2002","0","0","0","0","0","0","0","0","0","7","0","","02","3","2015","5","40.489419","-79.836542","1956","11","0","0","0","0","0","0","0","0","2","0","0","0","","","1","","0","","40 29:21.908","5","0","79 50:11.551","4","0","0","0","2113","0","0","0","N","0","0","0","1","02113","1","","5.0","","2","N","N","","0","","0","0","1","","0","N","","1","1","0","0","0","0","0","2","0","1","","","","N","","","","","","","","","",""
"2015028465","2359","0","0","0","0","0","0","0","0","0","7","0","","02","3","2015","5","40.40797","-80.004561","2358","11","0","0","0","0","0","0","0","0","1","0","0","0","","","1","","0","","40 24:28.692","1","0","80 00:16.421","4","0","0","0","2301","0","0","0","N","0","0","0","1","02301","1","","4.0","","2","N","N","","0","","0","0","1","","0","N","","1","1","0","0","0","0","0","2","0","1","","","","N","","","","","","","","","",""
"2015029192","0724","1","0","0","0","0","0","0","0","0","4","0","","02","3","2015","7","40.449706","-80.025099","0721","11","0","0","0","0","0","0","0","0","1","0","0","0","","","0","","7","","40 26:58.940","4","3","80 01:30.356","0","0","0","0","2301","0","0","0","N","0","0","0","2","02301","0","","1.0","","1","N","N","","0","","0","0","1","","2","N","","2","0","0","0","0","0","0","2","0","2","","","","N","","","","","","","","","",""
"2015029680","2148","2","0","0","0","0","0","0","0","0","1","0","","02","3","2015","1","40.444014","-80.040623","2148","11","0","0","0","0","0","0","0","0","","0","0","0","","","1","","1","","40 26:38.450","","0","80 02:26.242","4","0","0","0","2301","0","0","0","N","0","0","0","6","02301","1","","2.0","","1","N","N","","0","","0","0","1","","2","","","3","1","1","0","0","0","0","2","0","3","","","","N","","","","","","","","","",""
"2015027470","1754","2","0","0","0","0","0","0","0","0","4","0","","02","3","2015","2","40.340858","-80.171595","1750","11","0","0","0","0","0","0","0","0","2","0","0","0","","","3","","1","","40 20:27.087","4","0","80 10:17.742","3","0","0","0","2119","0","0","0","N","0","0","0","3","02119","2","","1.0","","1","N","N","","0","","1","0","0","","2","Y","","2","3","0","0","0","0","0","2","0","2","","","","N","","","","","","","","","",""
"2015028175","0728","2","0","0","0","0","0","0","0","0","1","0","","02","3","2015","5","40.38473","-79.824237","0724","11","0","0","0","0","0","0","0","0","1","0","0","0","","","0","","1","","40 23:05.027","4","0","79 49:27.253","0","0","0","0","2111","0","0","0","N","0","0","0","4","02111","0","","1.0","","7","N","N","","0","","0","0","0","","2","N","","2","0","0","0","0","0","0","2","0","2","","","","N","","","","","","","","","",""
"2015027471","1941","2","0","0","0","0","0","0","0","0","4","0","","02","2","2015","7","40.365656","-79.862714","1939","11","0","0","0","0","0","0","0","0","1","0","0","0","","","0","","0","","40 21:56.360","6","7","79 51:45.770","0","0","0","0","2473","0","0","0","N","0","0","0","2","02473","0","","1.0","","1","N","N","","2","","0","0","0","","0","Y","","4","0","0","0","0","0","0","2","0","4","","","","N","","","","","","","","","",""
"2015029269","1812","1","0","0","0","0","0","0","0","0","8","0","","02","3","2015","6","40.46095","-79.924893","1803","11","0","0","0","0","0","0","0","0","1","0","0","0","","","1","","2","","40 27:39.420","7","0","79 55:29.614","3","0","0","0","2301","1","0","0","N","1","0","0","2","02301","0","","1.0","","1","N","N","","0","","1","0","0","","3","N","","2","1","0","0","0","0","0","2","0","1","","","","N","","","","","","","","","",""
"2015029196","0827","2","0","0","0","0","0","0","0","0","4","0","","02","3","2015","6","40.45455","-80.231631","0817","11","0","0","0","0","0","1","0","0","","0","0","0","","","0","","2","","40 27:16.380","","0","80 13:53.870","0","0","0","0","2214","0","0","0","N","0","0","0","2","02214","0","","1.0","","1","N","N","","0","","0","0","0","","3","","","2","0","0","0","0","0","0","2","0","2","","","","N","","","","","","","","","",""
"2015029270","2014","0","0","0","0","0","0","0","0","0","7","0","","02","3","2015","6","40.244023","-79.922016","2004","11","0","0","0","0","0","0","0","0","3","0","0","0","","","1","","0","","40 14:38.483","5","0","79 55:19.258","8","0","0","0","2204","0","0","0","Y","0","0","0","1","02204","0","","5.0","","2","N","N","","0","","0","0","1","","0","Y","","1","1","1","0","0","1","0","1","0","1","","","","N","","","","","","","","","",""
"2015028470","0648","0","0","0","0","0","0","0","0","0","7","0","","02","3","2015","2","40.449205","-79.918756","0642","11","0","0","0","0","0","1","0","0","2","0","0","0","","","1","","0","","40 26:57.138","1","0","79 55:07.521","4","0","0","0","2301","0","0","0","N","0","0","0","2","02301","1","","5.0","","7","N","N","","0","","0","0","1","","0","N","","1","1","0","0","0","0","0","2","0","1","","","","N","","","","","","","","","",""
"2015029271","2245","1","0","0","0","0","0","0","0","0","4","0","","02","3","2015","4","40.458233","-79.989813","2241","11","0","0","0","0","0","1","0","0","","0","0","0","","","0","","2","","40 27:29.638","","0","79 59:23.326","0","0","0","0","2301","0","0","0","N","0","0","0","1","02301","0","","4.0","","2","N","Y","","0","","0","0","1","","0","","","2","0","0","0","0","0","0","2","0","2","","","","N","","","","","","","","","",""
"2015029839","2010","1","0","0","0","0","0","0","0","0","1","0","","02","2","2015","2","40.5789","-79.953123","2004","11","0","0","0","0","0","0","0","0","1","0","0","0","","","0","","2","","40 34:44.040","1","0","79 57:11.243","0","0","0","0","2207","0","0","0","N","0","0","0","4","02207","0","","1.0","","9","N","N","","0","","0","0","1","","0","Y","","2","0","0","0","0","0","0","2","0","2","","","","N","","","","","","","","","",""
"2015030012","1540","1","0","0","0","0","0","0","0","0","6","0","","02","3","2015","2","40.628078","-80.023909","1539","11","0","1","0","0","0","0","0","0","1","0","0","0","","","0","","1","","40 37:41.080","1","0","80 01:26.073","0","0","0","0","2216","0","0","0","N","0","0","0","2","02505","0","","1.0","","1","N","N","","0","","0","0","1","","2","Y","","2","0","0","0","0","0","0","1","0","2","","","","N","","","","","","","","","",""
"2015028181","1155","0","0","0","0","0","0","0","0","0","0","0","","02","3","2015","5","40.462786","-79.850136","1145","11","0","0","0","0","0","0","1","0","1","0","0","0","","","0","","2","","40 27:46.030","3","0","79 51:00.490","0","0","0","0","2113","0","0","0","N","0","0","0","1","02113","0","","1.0","","6","N","N","","1","","0","0","0","","0","N","","1","0","0","0","0","0","0","2","0","1","","","","N","","","","","","","","","",""
"2015027056","0706","2","0","0","0","0","0","0","0","0","1","0","","02","3","2015","3","40.43862","-79.746442","0658","11","0","0","0","0","0","0","0","0","","0","0","0","","","0","","0","","40 26:19.033","","0","79 44:47.192","0","0","0","0","2446","0","0","0","N","0","0","0","2","02446","0","","1.0","","1","N","N","","0","","0","0","0","","2","","","2","0","0","0","0","0","0","2","0","2","","","","N","","","","","","","","","",""
"2015027221","1038","1","0","0","0","0","0","0","0","0","4","0","","02","2","2015","4","40.345125","-80.029708","1035","11","0","0","0","0","0","2","0","0","2","0","0","0","","","0","","2","","40 20:42.450","2","0","80 01:46.950","0","0","0","0","2407","0","0","0","N","0","0","0","2","02407","0","","1.0","","1","N","N","","1","","0","0","0","","3","Y","","2","0","0","0","0","0","0","2","0","2","","","","N","","","","","","","","","",""
"2015028758","1606","1","0","0","0","0","0","0","0","0","1","0","","02","3","2015","6","40.45194","-79.923965","1601","11","0","0","0","0","0","0","0","0","","0","0","0","","","0","","1","","40 27:06.984","","0","79 55:26.274","0","0","0","0","2301","0","0","0","N","0","0","0","2","02301","0","","1.0","","1","N","N","","0","","0","0","1","","2","","","2","0","0","0","0","0","0","2","0","2","","","","N","","","","","","","","","",""
"2015029289","1650","1","0","0","0","0","0","0","0","0","4","0","","02","3","2015","7","40.343455","-80.060168","1646","11","0","0","0","0","0","0","0","0","2","0","0","0","","","1","","0","","40 20:36.437","1","0","80 03:36.604","8","0","0","0","2123","0","0","0","N","0","0","0","2","02123","0","","1.0","","1","N","N","","0","","0","0","1","","2","Y","","2","1","1","0","0","1","0","2","0","2","","","","N","","","","","","","","","",""
"2015027222","0705","1","0","0","0","0","0","0","0","0","7","0","","02","2","2015","7","40.327073","-80.025722","0659","11","0","0","0","1","0","0","0","0","","0","0","0","","","0","","0","","40 19:37.463","","0","80 01:32.598","0","0","0","0","2407","0","0","0","N","0","0","0","1","02407","0","","4.0","","1","N","N","","0","","0","0","0","","0","","","1","0","0","0","0","0","0","2","0","1","","","","N","","","","","","","","","",""
"2015027058","0907","1","0","0","0","0","0","0","0","0","1","0","","02","3","2015","2","40.477439","-79.746822","0900","11","0","0","0","0","0","1","0","0","","0","0","0","","","1","","0","","40 28:38.780","","0","79 44:48.559","4","0","0","0","2466","0","0","0","N","0","0","0","2","02466","1","","1.0","","1","N","N","","1","","0","0","0","","0","","","2","1","0","0","0","0","0","2","0","2","","","","N","","","","","","","","","",""
"2015028618","1430","0","0","0","0","0","0","0","0","0","2","0","","02","3","2015","5","40.520662","-80.051181","1427","11","0","0","0","0","0","0","0","0","2","0","0","0","","","1","","0","","40 31:14.383","6","0","80 03:04.250","4","0","0","0","2116","0","0","0","N","0","0","0","2","02116","1","","1.0","","9","N","N","","0","","0","0","2","","0","Y","","2","1","0","0","0","0","0","2","0","2","","","","N","","","","","","","","","",""
"2015028747","2155","1","0","0","0","0","0","0","0","0","7","0","","02","3","2015","1","40.457634","-80.073235","2150","11","0","0","0","0","0","0","0","0","","0","0","0","","","0","","1","","40 27:27.482","","0","80 04:23.646","0","0","0","0","2301","0","0","0","N","0","0","0","1","02301","0","","4.0","","7","N","N","","0","","0","0","0","","0","","","1","0","0","0","0","0","0","2","0","1","","","","N","","","","","","","","","",""
"2015027287","1920","2","0","0","0","0","0","0","0","0","1","0","","02","1","2015","4","40.427837","-79.949016","1912","11","0","0","0","0","0","1","0","1","2","0","0","0","","","1","","0","","40 25:40.214","3","0","79 56:56.459","4","0","0","0","2301","0","0","0","N","0","0","0","4","68B03","1","","1.0","","1","N","N","","1","","0","0","0","","0","N","","3","1","0","0","0","0","0","2","0","3","","","","N","","","","","","","","","",""
"2015027288","0637","1","0","0","0","0","0","0","0","0","0","0","","02","2","2015","6","40.532869","-80.125962","0627","11","0","0","0","0","0","0","0","0","","0","0","0","","","1","","0","","40 31:58.330","","0","80 07:33.464","4","0","0","0","2125","0","0","0","N","0","0","0","1","68B03","1","","4.0","","1","Y","N","","0","","0","0","0","","0","","","1","1","0","0","0","0","0","2","0","1","","","","N","","","","","","","","","",""
"2015027061","0831","1","0","0","0","0","0","0","0","0","7","0","","02","3","2015","3","40.475292","-80.09685","0831","11","0","0","0","0","0","0","0","0","","0","0","0","","","0","","0","","40 28:31.050","","0","80 05:48.660","0","0","0","0","2126","0","0","0","N","0","0","0","1","02126","0","","5.0","","1","N","N","","0","","0","0","0","","0","","","1","0","0","0","0","0","0","2","0","1","","","","N","","","","","","","","","",""
"2015027914","2252","1","0","0","0","0","0","0","0","0","7","0","","02","3","2015","4","40.444561","-80.04127","2216","11","0","0","0","0","0","0","0","0","1","0","0","0","","","0","","2","","40 26:40.419","1","0","80 02:28.572","0","0","0","0","2301","0","0","0","N","0","0","0","1","02301","0","","4.0","","7","N","N","","0","","0","0","0","","0","N","","1","0","0","0","0","0","0","2","0","1","","","","N","","","","","","","","","",""
"2015027289","0803","1","0","0","0","0","0","0","0","0","1","0","","02","2","2015","3","40.429958","-79.880309","0802","11","0","0","0","0","0","0","0","0","","0","0","0","","","0","","0","","40 25:47.847","","0","79 52:49.113","0","0","0","0","2426","0","0","0","N","0","0","0","2","68B03","0","","1.0","","9","N","N","","0","","0","0","1","","0","","","2","0","0","0","0","0","0","2","0","2","","","","N","","","","","","","","","",""
"2015027063","1444","1","0","0","0","0","0","0","0","0","7","0","","02","3","2015","2","40.462528","-80.029577","1439","11","0","0","0","0","0","0","0","1","2","0","0","0","","","1","","0","","40 27:45.101","1","2","80 01:46.478","8","0","0","0","2301","0","0","0","N","0","0","0","1","02301","0","","5.0","","1","N","N","","0","","0","0","0","","0","Y","","1","1","0","0","0","1","0","2","0","1","","","","N","","","","","","","","","",""
"2015027290","1159","2","0","0","0","0","0","0","0","0","1","0","","02","2","2015","6","40.426769","-79.918436","1159","11","0","0","0","0","0","0","0","1","","0","0","0","","","0","","0","","40 25:36.367","","4","79 55:06.368","9","0","0","0","2301","0","0","0","N","0","0","0","4","68B03","0","","1.0","","1","N","N","","0","","0","0","1","","0","","","3","0","0","0","0","0","1","2","0","3","","","","N","","","","","","","","","",""
"2015029499","1620","2","0","0","0","0","0","0","0","0","4","0","","02","3","2015","1","40.448804","-80.122121","1615","11","0","0","0","0","0","0","0","0","1","0","0","0","","","0","","1","","40 26:55.693","4","0","80 07:19.635","0","0","0","0","2115","0","0","0","N","0","0","0","2","02115","0","","1.0","","9","N","N","","0","","0","0","0","","2","N","","2","0","0","0","0","0","0","2","0","2","","","","N","","","","","","","","","",""
"2015027215","1027","1","0","0","0","0","0","0","0","0","7","0","","02","3","2015","1","40.558199","-80.023334","1022","11","0","0","0","0","0","0","0","0","1","0","0","0","","","0","","1","","40 33:29.515","2","0","80 01:24.001","0","0","0","0","2108","0","0","0","N","0","0","0","1","02108","0","","2.0","","7","N","N","","0","","0","0","0","","2","N","","1","0","0","0","0","0","0","2","0","1","","","","N","","","","","","","","","",""
"2015027291","1545","0","0","0","0","0","0","0","0","0","7","0","","02","2","2015","7","40.441629","-79.827504","1532","11","0","0","0","0","0","0","0","0","","0","0","0","","","0","","0","","40 26:29.863","","0","79 49:39.015","0","0","0","0","2124","0","0","0","N","0","0","0","1","68B03","0","","1.0","","9","N","N","","0","","0","0","1","","0","","","1","0","0","0","0","0","0","2","0","1","","","","N","","","","","","","","","",""
"2015029368","1334","0","0","0","0","0","0","0","0","0","4","0","","02","3","2015","7","40.385001","-79.862741","1332","11","0","0","0","0","0","0","1","0","1","0","0","0","","","2","","2","","40 23:06.005","1","0","79 51:45.866","8","0","0","0","2473","0","0","0","N","0","0","0","3","02473","0","","1.0","","1","N","N","","1","","0","0","0","","2","N","","2","2","0","0","0","2","0","2","1","2","","","","N","","","","","","","","","",""
"2015028623","0808","1","0","0","0","0","0","0","0","0","4","0","","02","3","2015","6","40.613871","-79.948756","0803","11","0","0","0","0","0","1","0","0","2","0","0","0","","","1","","1","","40 36:49.935","3","0","79 56:55.522","8","0","0","0","2207","0","0","0","N","0","0","0","6","02207","0","","1.0","","1","N","N","","0","","0","0","1","","3","Y","","2","1","0","0","0","1","0","2","0","2","","","","N","","","","","","","","","",""
"2015027144","0855","1","0","0","0","0","0","0","0","0","1","0","","02","3","2015","2","40.548944","-80.027833","0853","11","0","0","0","0","0","0","1","0","1","0","0","0","","","0","","0","","40 32:56.200","4","0","80 01:40.200","0","0","0","0","2116","0","0","0","N","0","0","0","1","02116","0","","1.0","","2","N","N","","1","","0","0","1","","7","N","","3","0","0","0","0","0","0","2","0","3","","","","N","","","","","","","","","",""
"2015029500","1531","0","0","0","0","0","0","0","0","0","1","0","","02","3","2015","7","40.455985","-80.161226","1504","11","0","0","0","0","0","0","0","0","2","0","0","0","","","0","","2","","40 27:21.546","4","0","80 09:40.413","0","0","0","0","2115","0","0","0","N","0","0","0","2","02115","0","","1.0","","1","N","N","","0","","0","0","1","","2","N","","2","0","1","0","0","0","0","2","1","2","","","","N","","","","","","","","","",""
"2015027216","1042","1","0","0","0","0","0","0","0","0","7","0","","02","3","2015","1","40.558199","-80.023334","1042","11","0","0","0","0","0","0","0","0","","0","0","0","","","0","","1","","40 33:29.515","","0","80 01:24.001","0","0","0","0","2108","0","0","0","N","0","0","0","1","02108","0","","2.0","","7","N","N","","0","","0","0","0","","2","","","1","0","0","0","0","0","0","2","0","1","","","","N","","","","","","","","","",""
"2015027292","1141","2","0","0","0","0","0","0","0","0","1","0","55","02","2","2015","5","40.372347","-80.108806","1128","11","0","0","0","0","0","1","1","0","2","0","0","0","","","4","","0","","40 22:20.450","1","0","80 06:31.702","8","0","0","0","2102","1","0","0","N","1","0","0","5","68B03","0","","1.0","","1","N","N","","1","","0","0","0","","8","N","","4","4","0","0","0","4","0","2","0","3","","","Y","Y","2","2","N","N","N","Y","N","N","Y",""
"2015029637","1955","0","0","0","0","0","0","0","0","0","8","0","","02","3","2015","1","40.435788","-79.996654","1953","11","0","0","0","0","0","1","0","0","1","0","0","0","","","1","","2","","40 26:08.836","1","7","79 59:47.954","3","0","0","0","2301","1","0","0","N","1","0","0","2","02301","0","","1.0","","1","N","N","","1","","1","0","0","","3","Y","","2","1","0","0","0","0","0","2","0","1","","","","N","","","","","","","","","",""
"2015029369","1925","1","0","0","0","0","0","0","0","0","8","0","","02","3","2015","6","40.409029","-79.756506","1922","11","0","0","0","0","0","0","0","0","","0","0","0","","","1","","2","","40 24:32.504","","0","79 45:23.421","3","0","0","0","2446","1","0","0","N","1","0","0","2","02446","0","","1.0","","1","N","N","","0","","1","0","0","","0","","","2","1","0","0","0","0","0","2","0","1","","","","N","","","","","","","","","",""
"2015028624","0957","1","0","0","0","0","0","0","0","0","7","0","","02","3","2015","6","40.449183","-80.025044","0844","11","0","0","0","0","0","0","0","0","","0","0","0","","","1","","0","","40 26:57.058","","0","80 01:30.158","8","0","0","0","2301","0","0","0","N","0","0","0","2","02301","0","","2.0","","2","N","N","","0","","0","0","0","","0","","","1","1","1","0","0","1","0","2","0","1","","","","N","","","","","","","","","",""
"2015027918","2223","1","0","0","0","0","0","0","0","0","7","0","","02","3","2015","4","40.494459","-79.788379","2215","11","1","0","0","0","0","0","0","0","2","0","0","0","","","0","","2","","40 29:40.051","2","0","79 47:18.163","0","0","0","0","2113","0","0","0","N","0","0","0","3","02113","0","","4.0","","7","N","N","","1","","0","0","0","","1","N","","2","0","0","0","0","0","0","2","0","2","","","","N","","","","","","","","","",""
"2015027217","1920","0","0","0","0","0","0","0","0","0","7","0","","02","3","2015","1","40.58684","-80.024662","1920","11","0","0","0","0","0","0","0","0","","0","0","0","","","0","","0","","40 35:12.624","","0","80 01:28.782","0","0","0","0","2108","0","0","0","N","0","0","0","1","02108","0","","2.0","","7","N","N","","0","","0","0","0","","0","","","1","0","0","0","0","0","0","2","1","1","","","","N","","","","","","","","","",""
"2015027293","1704","1","0","0","0","0","0","0","0","0","1","0","","02","2","2015","6","40.389191","-80.098712","1630","11","0","0","0","0","0","0","1","0","1","0","0","0","","","0","","0","","40 23:21.087","1","0","80 05:55.362","0","0","0","0","2102","0","0","0","N","0","0","0","2","68B03","0","","1.0","","1","N","N","","1","","0","0","0","","0","N","","2","0","0","0","0","0","0","2","0","2","","","","N","","","","","","","","","",""
"2015027919","0614","0","0","0","0","0","0","0","0","0","7","0","","02","3","2015","4","40.652536","-79.838827","0605","11","0","0","0","0","0","0","0","0","2","0","0","0","","","0","","2","","40 39:09.128","2","0","79 50:19.778","0","0","0","0","2220","0","0","0","Y","0","0","0","1","02220","0","","5.0","","7","N","N","","0","","0","0","1","","3","Y","","1","0","0","0","0","0","0","1","0","1","","","","N","","","","","","","","","",""
"2015027218","0728","1","0","0","0","0","0","0","0","0","7","0","","02","3","2015","2","40.579778","-80.006715","0726","11","0","0","0","0","0","0","0","0","","0","0","0","","","0","","0","","40 34:47.199","","0","80 00:24.175","0","0","0","0","2108","0","0","0","N","0","0","0","3","02108","0","","4.0","","7","N","N","","0","","0","0","0","","0","","","1","0","0","0","0","0","0","2","0","1","","","","N","","","","","","","","","",""
"2015027920","0155","1","0","0","0","0","0","0","0","0","7","0","","02","3","2015","4","40.325826","-79.928952","0147","11","0","0","0","0","0","0","0","0","1","0","0","0","","","0","","0","","40 19:32.975","2","0","79 55:44.227","9","0","0","0","2473","0","0","0","N","0","0","0","1","02473","0","","5.0","","9","N","N","","0","","0","0","0","","0","N","","1","0","0","0","0","0","1","2","0","1","","","","N","","","","","","","","","",""
"2015029504","2356","1","0","0","0","0","0","0","0","0","7","0","","02","2","2015","6","40.492316","-79.907839","2354","11","0","0","0","0","0","0","0","0","1","0","0","0","","","0","","0","","40 29:32.337","1","2","79 54:28.219","0","0","0","0","2401","0","0","0","N","0","0","0","2","02401","0","","2.0","","1","N","N","","0","","0","0","0","","0","N","","1","0","0","0","0","0","0","2","0","1","","","","N","","","","","","","","","",""
"2015027219","0940","2","0","0","0","0","0","0","0","0","1","0","","02","2","2015","3","40.294751","-80.034195","0939","11","0","0","0","0","0","1","0","0","","0","0","0","","","0","","0","","40 17:41.104","","0","80 02:03.101","0","0","0","0","2407","0","0","0","N","0","0","0","2","02407","0","","1.0","","1","N","N","","0","","0","0","0","","0","","","2","0","0","0","0","0","0","2","0","2","","","","N","","","","","","","","","",""
"2015028628","0814","0","0","0","0","0","0","0","0","0","7","0","","02","3","2015","5","40.470276","-79.827688","0810","11","0","0","0","0","0","0","0","0","2","0","0","0","","","0","","0","","40 28:12.992","5","0","79 49:39.677","0","0","0","0","2113","0","0","0","N","0","0","0","1","02113","0","","5.0","","7","N","N","","0","","0","0","1","","0","Y","","1","0","0","0","0","0","0","2","0","1","","","","N","","","","","","","","","",""