"CRN","ARRIVAL_TM","AUTOMOBILE_COUNT","BELTED_DEATH_COUNT","BELTED_SUSP_SERIOUS_INJ_COUNT","BICYCLE_COUNT","BICYCLE_DEATH_COUNT","BICYCLE_SUSP_SERIOUS_INJ_COUNT","BUS_COUNT","CHLDPAS_DEATH_COUNT","CHLDPAS_SUSP_SERIOUS_INJ_COUNT","COLLISION_TYPE","COMM_VEH_COUNT","CONS_ZONE_SPD_LIM","COUNTY","CRASH_MONTH","CRASH_YEAR","DAY_OF_WEEK","DEC_LATITUDE","DEC_LONGITUDE","DISPATCH_TM","DISTRICT","DRIVER_COUNT_16YR","DRIVER_COUNT_17YR","DRIVER_COUNT_18YR","DRIVER_COUNT_19YR","DRIVER_COUNT_20YR","DRIVER_COUNT_50_64YR","DRIVER_COUNT_65_74YR","DRIVER_COUNT_75PLUS","EST_HRS_CLOSED","FATAL_COUNT","HEAVY_TRUCK_COUNT","HORSE_BUGGY_COUNT","HOUR_OF_DAY","ILLUMINATION","INJURY_COUNT","INTERSECTION_RELATED","INTERSECT_TYPE","LANE_CLOSED","LATITUDE","LN_CLOSE_DIR","LOCATION_TYPE","LONGITUDE","MAX_SEVERITY_LEVEL","MCYCLE_DEATH_COUNT","MCYCLE_SUSP_SERIOUS_INJ_COUNT","MOTORCYCLE_COUNT","MUNICIPALITY","NONMOTR_COUNT","NONMOTR_DEATH_COUNT","NONMOTR_SUSP_SERIOUS_INJ_COUNT","NTFY_HIWY_MAINT","PED_COUNT","PED_DEATH_COUNT","PED_SUSP_SERIOUS_INJ_COUNT","PERSON_COUNT","POLICE_AGCY","POSSIBLE_INJ_COUNT","RDWY_SURF_TYPE_CD","RELATION_TO_ROAD","ROADWAY_CLEARED","ROAD_CONDITION","SCH_BUS_IND","SCH_ZONE_IND","SECONDARY_CRASH","SMALL_TRUCK_COUNT","SPEC_JURIS_CD","SUSP_MINOR_INJ_COUNT","SUSP_SERIOUS_INJ_COUNT","SUV_COUNT","TCD_FUNC_CD","TCD_TYPE","TFC_DETOUR_IND","TIME_OF_DAY","TOTAL_UNITS","TOT_INJ_COUNT","UNBELTED_OCC_COUNT","UNB_DEATH_COUNT","UNB_SUSP_SERIOUS_INJ_COUNT","UNK_INJ_DEG_COUNT","UNK_INJ_PER_COUNT","URBAN_RURAL","VAN_COUNT","VEHICLE_COUNT","WEATHER1","WEATHER2","WORKERS_PRES","WORK_ZONE_IND","WORK_ZONE_LOC","WORK_ZONE_TYPE","WZ_CLOSE_DETOUR","WZ_FLAGGER","WZ_LAW_OFFCR_IND","WZ_LN_CLOSURE","WZ_MOVING","WZ_OTHER","WZ_SHLDER_MDN","WZ_WORKERS_INJ_KILLED"
"2015027922","2104","1","0","0","0","0","0","0","0","0","7","0","","02","3","2015","4","40.462198","-79.86323","2104","11","0","0","0","0","0","0","0","0","2","0","0","0","","","0","","0","","40 27:43.914","1","0","79 51:47.629","0","0","0","0","2113","0","0","0","N","0","0","0","3","02113","0","","5.0","","7","N","N","","0","","0","0","0","","0","N","","1","0","0","0","0","0","0","2","0","1","","","","N","","","","","","","","","",""
"2015027084","0715","0","0","0","0","0","0","0","0","0","7","0","","02","3","2015","3","40.435701","-79.963888","0705","11","0","0","0","0","0","0","0","0","2","0","0","0","","","0","","0","","40 26:08.523","4","0","79 57:49.995","0","0","0","0","2301","0","0","0","Y","0","0","0","1","02301","0","","3.0","","1","N","N","","1","","0","0","0","","0","N","","1","0","0","0","0","0","0","2","0","1","","","","N","","","","","","","","","",""
"2015028629","0938","1","0","0","0","0","0","0","0","0","1","0","","02","3","2015","6","40.461884","-79.998932","0933","11","0","0","0","0","0","0","0","0","1","0","0","0","","","0","","0","","40 27:42.783","2","0","79 59:56.155","0","0","0","0","2301","0","0","0","N","0","0","0","2","02301","0","","1.0","","2","N","N","","1","","0","0","0","","0","N","","2","0","0","0","0","0","0","2","0","2","","","","N","","","","","","","","","",""
"2015029645","1908","1","0","0","0","0","0","0","0","0","7","0","","02","3","2015","1","40.335605","-79.864108","1900","11","0","0","0","0","0","0","0","0","3","0","0","0","","","2","","0","","40 20:08.178","5","0","79 51:50.788","3","0","0","0","2455","0","0","0","N","0","0","0","2","02455","0","","5.0","","2","N","N","","0","","2","0","0","","3","Y","","1","2","1","0","0","0","0","2","0","1","","","","N","","","","","","","","","",""
"2015025951","1600","1","0","0","0","0","0","0","0","0","1","0","","02","2","2015","7","40.493928","-79.950452","1557","11","0","0","0","0","0","0","0","0","","0","0","0","","","0","","0","","40 29:38.140","","0","79 57:01.627","0","0","0","0","2430","0","0","0","N","0","0","0","2","02430","0","","2.0","","2","N","N","","1","","0","0","0","","0","","","2","0","0","0","0","0","0","2","0","2","","","","N","","","","","","","","","",""
"2015027941","2250","2","0","0","0","0","0","0","0","0","4","0","","02","3","2015","4","40.351581","-79.850578","2240","11","0","0","0","0","0","1","0","0","","0","0","0","","","0","","0","","40 21:05.690","","0","79 51:02.080","0","0","0","0","2304","0","0","0","N","0","0","0","1","02304","0","","4.0","","7","N","N","","1","","0","0","0","","0","","","3","0","0","0","0","0","0","2","0","3","","","","N","","","","","","","","","",""
"2015027942","2347","0","0","0","0","0","0","0","0","0","7","0","","02","3","2015","4","40.560075","-79.965128","2339","11","0","0","0","0","0","0","0","0","","0","0","0","","","0","","0","","40 33:36.270","","0","79 57:54.460","0","0","0","0","2207","0","0","0","N","0","0","0","1","02207","0","","2.0","","7","N","N","","0","","0","0","0","","0","","","1","0","0","0","0","0","0","2","1","1","","","","N","","","","","","","","","",""
"2015027088","1451","2","0","0","0","0","0","0","0","0","4","0","","02","2","2015","6","40.449819","-79.929656","1444","11","0","0","0","0","0","0","0","0","1","0","0","0","","","1","","1","","40 26:59.348","3","0","79 55:46.761","8","0","0","0","2301","0","0","0","N","0","0","0","3","02301","0","","1.0","","1","N","N","","0","","0","0","0","","2","N","","2","1","0","0","0","1","0","2","0","2","","","","N","","","","","","","","","",""
"2015028633","1835","1","0","0","0","0","0","0","0","0","7","0","","02","3","2015","4","40.565287","-80.1748","1831","11","0","0","0","0","0","0","0","0","","0","0","0","","","0","","0","","40 33:55.033","","0","80 10:29.280","0","0","0","0","2459","0","0","0","N","0","0","0","2","02459","0","","4.0","","7","N","N","","0","","0","0","0","","0","","","1","0","0","0","0","0","0","1","0","1","","","","N","","","","","","","","","",""
"2015027943","0646","1","0","0","0","0","0","0","0","0","7","0","","02","3","2015","4","40.606776","-79.935419","0636","11","0","0","0","0","1","0","0","0","2","0","0","0","","","0","","0","","40 36:24.395","3","0","79 56:07.510","0","0","0","0","2207","0","0","0","N","0","0","0","1","02207","0","","5.0","","6","N","N","","0","","0","0","0","","0","N","","1","0","0","0","0","0","0","2","0","1","","","","N","","","","","","","","","",""
"2015028854","1545","1","0","0","0","0","0","0","0","0","1","0","","02","3","2015","6","40.435968","-79.980121","1540","11","0","0","0","0","0","0","1","0","","0","0","0","","","1","","2","","40 26:09.483","","0","79 58:48.437","3","0","0","0","2301","0","0","0","N","0","0","0","3","02301","0","","1.0","","2","N","N","","1","","1","0","0","","3","","","2","1","0","0","0","0","0","2","0","2","","","","N","","","","","","","","","",""
"2015028570","0550","0","0","0","0","0","0","0","0","0","7","0","","02","3","2015","6","40.446869","-79.895264","0543","11","0","0","0","0","0","0","0","0","1","0","1","0","","","2","","0","","40 26:48.730","1","0","79 53:42.951","4","0","0","0","2301","0","0","0","N","0","0","0","3","02301","2","","5.0","","2","N","N","","0","","0","0","0","","0","N","","1","2","0","0","0","0","0","2","0","1","","","","N","","","","","","","","","",""
"2015028634","0850","1","0","0","0","0","0","0","0","0","1","0","","02","3","2015","6","40.431667","-79.960117","0849","11","0","0","0","0","0","2","0","0","2","0","0","0","","","2","","0","","40 25:54.000","3","0","79 57:36.420","8","0","0","0","2301","0","0","0","N","0","0","0","4","02301","0","","1.0","","2","N","N","","0","","0","0","0","","0","N","","2","2","0","0","0","2","0","2","1","2","","","","N","","","","","","","","","",""
"2015027159","2000","2","0","0","0","0","0","0","0","0","4","0","","02","2","2015","5","40.446779","-79.950564","1955","11","0","0","0","0","0","0","0","0","","0","0","0","","","0","","1","","40 26:48.404","","0","79 57:02.030","0","0","0","0","2301","0","0","0","N","0","0","0","2","02301","0","","1.0","","9","N","N","","0","","0","0","0","","2","","","2","0","0","0","0","0","0","2","0","2","","","","N","","","","","","","","","",""
"2015027931","2235","2","0","0","0","0","0","0","0","0","2","0","","02","3","2015","4","40.528499","-79.850278","2229","11","0","0","0","0","0","1","0","0","1","0","0","0","","","3","","2","","40 31:42.598","7","3","79 51:01.000","4","0","0","0","2208","0","0","0","N","0","0","0","3","02208","1","","1.0","","6","N","N","","0","","0","0","0","","2","N","","2","3","0","0","0","2","0","2","0","2","","","","N","","","","","","","","","",""
"2015029460","0934","2","0","0","0","0","0","0","0","0","1","0","","02","3","2015","6","40.380837","-80.195869","0930","11","0","0","0","1","0","0","0","0","2","0","0","0","","","0","","0","","40 22:51.012","5","0","80 11:45.130","0","0","0","0","2119","0","0","0","Y","0","0","0","2","02119","0","","1.0","","7","N","N","","0","","0","0","0","","0","N","","2","0","1","0","0","0","0","1","0","2","","","","N","","","","","","","","","",""
"2015028856","1641","2","0","0","0","0","0","0","0","0","4","0","","02","3","2015","6","40.456067","-79.899254","1541","11","0","0","0","0","0","1","0","0","","0","0","0","","","1","","1","","40 27:21.841","","0","79 53:57.314","8","0","0","0","2301","0","0","0","N","0","0","0","4","02301","0","","1.0","","1","N","N","","0","","0","0","0","","2","","","2","1","0","0","0","1","0","2","0","2","","","","N","","","","","","","","","",""
"2015025827","1235","0","0","0","0","0","0","0","0","0","6","0","","02","2","2015","7","40.510126","-79.796618","1231","11","0","0","0","0","0","0","0","1","","0","0","0","","","1","","3","","40 30:36.455","","0","79 47:47.824","4","0","0","0","2113","0","0","0","N","0","0","0","4","02113","1","","1.0","","9","N","N","","0","","0","0","1","","0","","","2","1","0","0","0","0","0","2","1","2","","","","N","","","","","","","","","",""
"2015027173","0816","1","0","0","0","0","0","0","0","0","1","0","","02","2","2015","6","40.369759","-79.78407","0814","11","0","0","0","0","0","0","0","0","","0","0","0","","","2","","0","","40 22:11.133","","0","79 47:02.651","4","0","0","0","2111","0","0","0","N","0","0","0","4","02111","2","","1.0","","9","N","N","","1","","0","0","0","","0","","","2","2","0","0","0","0","0","2","0","2","","","","N","","","","","","","","","",""
"2015027805","2334","0","0","0","0","0","0","0","0","0","7","0","","02","3","2015","1","40.63473","-79.728584","2304","11","0","0","0","0","0","0","0","0","","0","0","0","","","1","","7","","40 38:05.029","","2","79 43:42.901","4","0","0","0","2106","0","0","0","Y","0","0","0","2","68D02","1","","4.0","","2","N","N","","1","","0","0","0","","0","","","1","1","1","0","0","0","0","2","0","1","","","","N","","","","","","","","","",""
"2015027161","0908","0","0","0","0","0","0","0","0","0","4","0","","02","3","2015","1","40.42603","-80.073224","0902","11","0","0","0","0","0","0","0","0","","0","0","0","","","0","","2","","40 25:33.708","","0","80 04:23.606","0","0","0","0","2421","0","0","0","N","0","0","0","0","02421","0","","4.0","","7","N","N","","0","","0","0","1","","0","","","2","0","0","0","0","0","0","2","0","2","","","","N","","","","","","","","","",""
"2015028715","0843","1","0","0","0","0","0","0","0","0","4","0","","02","3","2015","6","40.438131","-79.985108","0831","11","0","0","0","0","0","1","0","0","1","0","0","0","","","0","","1","","40 26:17.271","1","0","79 59:06.388","0","0","0","0","2301","0","0","0","N","0","0","0","2","02301","0","","1.0","","2","N","N","","0","","0","0","1","","3","N","","2","0","0","0","0","0","0","2","0","2","","","","N","","","","","","","","","",""
"2015029527","0218","1","0","0","0","0","0","0","0","0","7","0","","02","2","2015","6","40.495713","-80.123417","0211","11","0","0","0","0","0","0","0","0","","0","0","0","","","0","","0","","40 29:44.566","","0","80 07:24.300","0","0","0","0","2115","0","0","0","N","0","0","0","1","68B03","0","","4.0","","7","N","N","","0","","0","0","0","","0","","","1","0","0","0","0","0","0","2","0","1","","","","N","","","","","","","","","",""
"2015025829","1317","2","0","0","0","0","0","0","0","0","1","0","","02","2","2015","7","40.437753","-79.986827","1312","11","0","0","0","0","0","3","0","0","1","0","0","0","","","0","","0","","40 26:15.912","3","0","79 59:12.577","0","0","0","0","2301","0","0","0","N","0","0","0","3","02301","0","","1.0","","1","N","N","","0","","0","0","1","","2","N","","3","0","0","0","0","0","0","2","0","3","","","","N","","","","","","","","","",""
"2015027806","0008","1","0","0","0","0","0","0","0","0","7","0","","02","3","2015","1","40.49117","-79.887327","2312","11","0","0","0","0","0","0","0","0","2","0","0","0","","","0","","7","","40 29:28.211","1","2","79 53:14.376","0","0","0","0","2112","0","0","0","N","0","0","0","2","68D02","0","","5.0","","2","N","N","","0","","0","0","0","","0","N","","1","0","0","0","0","0","0","2","0","1","","","","N","","","","","","","","","",""
"2015027093","0946","1","0","0","0","0","0","0","0","0","7","0","","02","3","2015","3","40.6019","-80.071985","0942","11","0","0","0","0","0","1","0","0","1","0","0","0","","","0","","0","","40 36:06.840","5","0","80 04:19.145","0","0","0","0","2481","0","0","0","N","0","0","0","1","02481","0","","5.0","","98","N","N","","0","","0","0","0","","0","N","","1","0","0","0","0","0","0","2","0","1","","","","N","","","","","","","","","",""
"2015029528","2332","1","0","0","0","0","0","0","0","0","1","0","50","02","2","2015","6","40.428013","-80.030211","2309","11","0","0","0","0","0","0","0","0","","0","0","0","","","3","","0","","40 25:40.848","","0","80 01:48.760","4","0","0","0","2301","0","0","0","N","0","0","0","13","68B03","3","","1.0","","1","N","N","","0","","0","0","0","","1","","","2","3","10","0","0","0","0","2","1","2","","","Y","Y","3","1","Y","N","N","N","N","N","N",""
"2015028860","1707","1","0","0","0","0","0","0","0","0","1","0","","02","3","2015","6","40.481643","-79.87441","1657","11","0","0","0","0","0","0","0","0","2","0","0","0","","","2","","0","","40 28:53.916","3","0","79 52:27.876","4","0","0","0","2113","0","0","0","N","0","0","0","3","02113","2","","1.0","","1","N","N","","1","","0","0","1","","0","N","","3","2","0","0","0","0","0","2","0","3","","","","N","","","","","","","","","",""
"2015025830","1328","1","0","0","0","0","0","0","0","0","4","0","","02","2","2015","7","40.454063","-79.885242","1323","11","0","0","0","0","0","0","0","0","","0","0","0","","","0","","1","","40 27:14.626","","0","79 53:06.870","0","0","0","0","2301","0","0","0","N","0","0","0","8","02301","0","","1.0","","9","N","N","","0","","0","0","1","","3","","","2","0","0","0","0","0","0","2","0","2","","","","N","","","","","","","","","",""
"2015027807","0025","1","0","0","0","0","0","0","0","0","7","0","","02","3","2015","2","40.519101","-79.853259","0025","11","0","0","0","0","0","0","0","0","","0","0","0","","","2","","0","","40 31:08.764","","0","79 51:11.733","4","0","0","0","2112","0","0","0","N","0","0","0","2","68D02","2","","4.0","","6","N","N","","0","","0","0","0","","0","","","1","2","0","0","0","0","0","2","0","1","","","","N","","","","","","","","","",""
"2015029387","2023","1","0","0","0","0","0","0","0","0","99","0","","02","3","2015","7","40.376209","-79.984258","2020","11","0","0","0","0","0","0","0","0","1","0","0","0","","","0","","0","","40 22:34.352","2","0","79 59:03.328","0","0","0","0","2413","0","0","0","N","0","0","0","1","02413","0","","1.0","","1","N","N","","0","","0","0","0","","0","N","","1","0","0","0","0","0","0","2","0","1","","","","N","","","","","","","","","",""
"2015028640","1010","1","0","0","0","0","0","0","0","0","1","0","","02","3","2015","6","40.430703","-80.025877","1001","11","0","0","0","0","0","0","0","0","1","0","0","0","","","0","","3","","40 25:50.529","3","0","80 01:33.157","0","0","0","0","2301","0","0","0","N","0","0","0","3","02301","0","","1.0","","2","N","N","","0","","0","0","1","","0","N","","2","0","0","0","0","0","0","2","0","2","","","","N","","","","","","","","","",""
"2015029529","1950","0","0","0","0","0","0","0","0","0","7","1","","02","2","2015","7","40.380234","-80.097797","1940","11","0","0","0","0","0","1","0","0","3","0","1","0","","","0","","0","","40 22:48.841","2","0","80 05:52.070","0","0","0","0","2102","0","0","0","N","0","0","0","1","68B03","0","","3.0","","6","N","N","","0","","0","0","0","","0","Y","","1","0","0","0","0","0","0","2","0","1","","","","N","","","","","","","","","",""
"2015027165","0846","2","0","0","0","0","0","0","0","0","7","0","","02","2","2015","7","40.377273","-79.801368","0844","11","0","0","0","0","0","0","0","0","","0","0","0","","","0","","2","","40 22:38.184","","0","79 48:04.924","0","0","0","0","2111","0","0","0","N","0","0","0","1","02111","0","","2.0","","1","N","N","","0","","0","0","0","","0","","","2","0","0","0","0","0","0","2","0","2","","","","N","","","","","","","","","",""
"2015028654","0926","0","0","0","0","0","0","0","0","0","7","0","","02","3","2015","6","40.425512","-79.964441","0911","11","0","0","0","0","0","0","0","0","2","0","0","0","","","0","","0","","40 25:31.842","2","0","79 57:51.987","0","0","0","0","2301","0","0","0","N","0","0","0","1","02301","0","","5.0","","2","N","N","","0","","0","0","1","","0","N","","1","0","0","0","0","0","0","2","0","1","","","","N","","","","","","","","","",""
"2015029467","1150","3","0","0","0","0","0","0","0","0","5","0","","02","3","2015","1","40.450426","-79.927986","1148","11","0","0","0","0","0","0","1","0","1","0","0","0","","","0","","0","","40 27:01.534","4","0","79 55:40.751","0","0","0","0","2301","0","0","0","N","0","0","0","1","02301","0","","1.0","","9","N","N","","0","","0","0","0","","0","N","","3","0","0","0","0","0","0","2","0","3","","","","N","","","","","","","","","",""
"2015028643","0806","2","0","0","0","0","0","0","0","0","4","0","","02","3","2015","6","40.367008","-79.980433","0804","11","0","0","0","0","0","1","0","0","","0","0","0","","","0","","2","","40 22:01.228","","0","79 58:49.558","0","0","0","0","2413","0","0","0","N","0","0","0","2","02413","0","","1.0","","1","N","N","","0","","0","0","0","","3","","","2","0","0","0","0","0","0","2","0","2","","","","N","","","","","","","","","",""
"2015028644","1325","1","0","0","0","0","0","0","0","0","1","0","","02","3","2015","5","40.322961","-80.116599","1320","11","0","0","0","0","0","0","0","1","","0","0","0","","","1","","0","","40 19:22.659","","0","80 06:59.756","8","0","0","0","2119","0","0","0","N","0","0","0","2","02119","0","","6.0","","2","N","N","","0","","0","0","1","","0","","","2","1","0","0","0","1","0","2","0","2","","","","N","","","","","","","","","",""
"2015027099","1308","2","0","0","0","0","0","0","0","0","1","0","","02","3","2015","2","40.465256","-79.952983","1301","11","0","0","0","0","0","0","0","1","","0","0","0","","","0","","0","","40 27:54.922","","0","79 57:10.737","0","0","0","0","2301","0","0","0","N","0","0","0","1","02301","0","","2.0","","1","N","N","","0","","0","0","0","","0","","","2","0","0","0","0","0","0","2","0","2","","","","N","","","","","","","","","",""
"2015028645","0957","1","0","0","0","0","0","0","0","0","4","0","","02","3","2015","6","40.440413","-79.997221","0957","11","0","0","0","0","0","1","0","0","","0","0","0","","","0","","1","","40 26:25.486","","0","79 59:49.995","0","0","0","0","2301","0","0","0","N","0","0","0","2","02301","0","","1.0","","2","N","N","","1","","0","0","0","","2","","","2","0","0","0","0","0","0","2","0","2","","","","N","","","","","","","","","",""
"2015028657","1030","2","0","0","0","0","0","0","0","0","1","0","","02","3","2015","6","40.412771","-80.007531","1020","11","0","0","0","0","0","0","1","0","2","0","0","0","","","1","","0","","40 24:45.976","4","2","80 00:27.110","8","0","0","0","2301","0","0","0","N","0","0","0","6","02301","0","","1.0","","2","N","N","","0","","0","0","0","","0","N","","2","1","0","0","0","1","0","2","0","2","","","","N","","","","","","","","","",""
"2015027746","1428","0","0","0","0","0","0","0","0","0","7","0","","02","3","2015","4","40.219276","-79.876425","1424","11","0","0","0","0","0","0","0","0","2","0","0","0","","","2","","0","","40 13:09.395","3","0","79 52:35.129","3","0","0","0","2204","0","0","0","Y","0","0","0","2","02204","1","","5.0","","9","N","N","","0","","1","0","1","","0","N","","1","2","2","0","0","0","0","1","0","1","","","","N","","","","","","","","","",""
"2015029458","1338","1","0","0","0","0","0","0","0","0","5","0","","02","3","2015","7","40.469833","-80.100667","1336","11","0","0","0","0","0","0","0","0","","0","0","0","","","1","","0","","40 28:11.400","","0","80 06:02.400","4","0","0","0","2126","0","0","0","N","0","0","0","3","02126","1","","1.0","","1","N","N","","0","","0","0","1","","0","","","2","1","0","0","0","0","0","2","0","2","","","","N","","","","","","","","","",""
"2015028658","1025","3","0","0","0","0","0","0","0","0","1","0","","02","3","2015","6","40.407376","-79.966128","1015","11","0","0","0","0","0","0","0","0","2","0","0","0","","","1","","0","","40 24:26.553","5","0","79 57:58.060","8","0","0","0","2301","0","0","0","N","0","0","0","3","02301","0","","1.0","","2","N","N","","0","","0","0","0","","0","Y","","3","1","0","0","0","1","0","2","0","3","","","","N","","","","","","","","","",""
"2015028725","1650","3","0","1","0","0","0","0","0","0","2","0","","02","2","2015","3","40.411244","-79.844583","1648","11","0","0","0","1","0","1","0","0","","0","0","0","","","4","","0","","40 24:40.480","","0","79 50:40.497","2","0","0","0","2449","0","0","0","N","0","0","0","5","02449","0","","1.0","","1","N","N","","0","","3","1","0","","0","","","3","4","0","0","0","0","0","2","0","3","","","","N","","","","","","","","","",""
"2015029396","0331","1","0","1","0","0","0","0","0","0","7","0","","02","3","2015","7","40.433614","-79.918566","0329","11","0","0","0","0","0","0","0","0","","0","0","0","","","1","","0","","40 26:01.012","","0","79 55:06.837","2","0","0","0","2301","0","0","0","N","0","0","0","1","02301","0","","1.0","","9","N","N","","0","","0","1","0","","0","","","1","1","0","0","0","0","0","2","0","1","","","","N","","","","","","","","","",""
"2015029473","1220","1","0","0","0","0","0","0","0","0","4","0","","02","3","2015","1","40.395662","-80.022512","1210","11","0","0","0","0","0","0","0","0","","0","0","0","","","0","","0","","40 23:44.383","","0","80 01:21.043","0","0","0","0","2301","0","0","0","N","0","0","0","2","02301","0","","1.0","","1","N","N","","0","","0","0","2","","2","","","3","0","0","0","0","0","0","2","0","3","","","","N","","","","","","","","","",""
"2015027187","2243","2","0","0","0","0","0","0","0","0","4","0","","02","3","2015","2","40.549776","-80.197244","2240","11","0","0","0","1","0","0","0","0","2","0","0","0","","","4","","2","","40 32:59.194","1","0","80 11:50.079","8","0","0","0","2441","0","0","0","N","0","0","0","4","02441","0","","1.0","","1","N","N","","0","","0","0","0","","2","N","","2","4","0","0","0","4","0","2","0","2","","","","N","","","","","","","","","",""
"2015029397","2337","2","0","0","0","0","0","0","0","0","4","0","","02","3","2015","7","40.438869","-79.760496","2335","11","0","0","0","0","0","0","1","0","2","0","0","0","","","1","","1","","40 26:19.929","3","0","79 45:37.786","8","0","0","0","2446","0","0","0","N","0","0","0","5","02446","0","","1.0","","1","N","N","","0","","0","0","0","","2","N","","2","1","0","0","0","1","0","2","0","2","","","","N","","","","","","","","","",""
"2015028649","1026","0","0","0","0","0","0","0","0","0","7","0","","02","3","2015","6","40.443103","-79.953852","1025","11","0","0","0","0","0","0","0","0","1","0","0","0","","","0","","0","","40 26:35.169","3","0","79 57:13.868","0","0","0","0","2301","0","0","0","N","0","0","0","1","02301","0","","5.0","","2","N","N","","0","","0","0","0","","0","N","","1","0","0","0","0","0","0","2","1","1","","","","N","","","","","","","","","",""
"2015027888","1749","2","0","0","0","0","0","0","0","0","6","0","","02","3","2015","4","40.435968","-79.980121","1735","11","0","0","0","0","0","0","0","0","","0","0","0","","","1","","2","","40 26:09.483","","0","79 58:48.437","8","0","0","0","2301","0","0","0","N","0","0","0","2","02301","0","","1.0","","9","N","N","","0","","0","0","0","","3","","","3","1","0","0","0","1","0","2","0","2","","","","N","","","","","","","","","",""
"2015028662","2247","0","0","0","0","0","0","0","0","0","7","0","","02","3","2015","1","40.437863","-80.066328","2243","11","0","0","0","0","0","0","1","0","","0","0","0","","","0","","0","","40 26:16.306","","0","80 03:58.779","0","0","0","0","2421","0","0","0","N","0","0","0","1","02421","0","","5.0","","2","N","N","","0","","0","0","1","","0","","","1","0","0","0","0","0","0","2","0","1","","","","N","","","","","","","","","",""
"2015029474","0907","1","0","1","0","0","0","0","0","0","4","0","","02","3","2015","2","40.600445","-79.967765","0901","11","0","0","0","0","0","1","0","0","2","0","0","0","","","2","","2","","40 36:01.603","5","0","79 58:03.954","2","0","0","0","2207","0","0","0","N","0","0","0","3","02207","0","","1.0","","2","N","N","","0","","0","1","2","","3","Y","","3","2","0","0","0","1","0","2","0","3","","","","N","","","","","","","","","",""
"2015027960","0558","0","0","0","0","0","0","0","0","0","7","0","","02","3","2015","5","40.406386","-80.018377","0553","11","0","0","0","0","0","0","0","0","1","0","0","0","","","1","","0","","40 24:22.989","6","0","80 01:06.157","4","0","0","0","2301","0","0","0","N","0","0","0","1","02301","1","","3.0","","7","N","N","","0","","0","0","1","","0","N","","1","1","0","0","0","0","0","2","0","1","","","","N","","","","","","","","","",""
"2015028525","0920","0","0","0","0","0","0","0","0","0","7","0","","02","1","2015","7","40.444868","-79.844008","0854","11","0","0","0","0","0","0","0","0","2","0","0","0","","","1","","0","","40 26:41.526","3","0","79 50:38.428","4","0","0","0","2419","0","0","0","Y","0","0","0","1","68B03","1","","4.0","","6","N","N","","0","","0","0","1","","0","N","","1","1","0","0","0","0","0","2","0","1","","","","N","","","","","","","","","",""
"2015029399","2256","0","0","0","0","0","0","0","0","0","2","0","","02","3","2015","7","40.59188","-79.830781","2246","11","0","0","0","0","0","0","0","0","2","0","0","0","","","0","","0","","40 35:30.769","2","0","79 49:50.812","0","0","0","0","2209","0","0","0","N","0","0","0","4","02209","0","","1.0","","9","N","N","","0","","0","0","2","","0","N","","2","0","0","0","0","0","0","1","0","2","","","","N","","","","","","","","","",""
"2015027105","1411","1","0","0","0","0","0","0","0","0","6","0","","02","3","2015","2","40.393251","-79.809735","1409","11","0","0","0","0","0","0","0","0","","0","0","0","","","0","","1","","40 23:35.703","","0","79 48:35.046","0","0","0","0","2479","0","0","0","N","0","0","0","3","02111","0","","1.0","","1","N","N","","0","","0","0","1","","0","","","2","0","0","0","0","0","0","2","0","2","","","","N","","","","","","","","","",""
"2015027961","1059","2","0","0","0","0","0","0","0","0","4","0","","02","2","2015","6","40.376395","-80.067611","1059","11","0","0","0","0","0","2","0","0","1","0","0","0","","","1","","5","","40 22:35.022","3","0","80 04:03.399","4","0","0","0","2109","0","0","0","N","0","0","0","3","02109","1","","1.0","","1","N","N","","0","","0","0","0","","2","N","","2","1","0","0","0","0","0","2","0","2","","","","N","","","","","","","","","",""
"2015028526","1000","1","0","0","0","0","0","0","0","0","1","0","","02","2","2015","6","40.427709","-79.924781","1000","11","0","0","0","1","0","0","0","0","1","0","0","0","","","0","","0","","40 25:39.754","3","4","79 55:29.210","0","0","0","0","2301","0","0","0","N","0","0","0","3","68B03","0","","1.0","","1","N","N","","1","","0","0","1","","0","N","","3","0","0","0","0","0","0","2","0","3","","","","N","","","","","","","","","",""
"2015028590","0720","0","0","0","0","0","0","0","0","0","2","0","","02","3","2015","6","40.444287","-80.0563","0713","11","0","0","0","0","0","0","0","0","1","0","0","0","","","1","","0","","40 26:39.433","1","0","80 03:22.680","8","0","0","0","2301","0","0","0","N","0","0","0","3","02301","0","","1.0","","9","N","N","","1","","0","0","1","","0","N","","2","1","0","0","0","1","0","2","0","2","","","","N","","","","","","","","","",""
"2015029400","0012","0","0","0","0","0","0","0","0","0","7","0","","02","3","2015","7","40.610643","-79.971522","0008","11","0","0","0","0","0","0","0","0","","0","0","0","","","2","","0","","40 36:38.316","","0","79 58:17.479","8","0","0","0","2207","0","0","0","N","0","0","0","3","02207","0","","5.0","","1","N","N","","0","","0","0","1","","0","","","1","2","1","0","0","2","0","2","0","1","","","","N","","","","","","","","","",""
"2015029478","2115","2","0","0","0","0","0","0","0","0","5","0","","02","3","2015","7","40.59972","-79.76628","2111","11","0","0","0","0","0","1","0","0","1","0","0","0","","","1","","0","","40 35:58.992","5","0","79 45:58.608","4","0","0","0","2464","0","0","0","N","0","0","0","1","02464","1","","1.0","","1","N","N","","0","","0","0","0","","0","N","","2","1","0","0","0","0","0","2","0","2","","","","N","","","","","","","","","",""