"CRN","ARRIVAL_TM","AUTOMOBILE_COUNT","BELTED_DEATH_COUNT","BELTED_SUSP_SERIOUS_INJ_COUNT","BICYCLE_COUNT","BICYCLE_DEATH_COUNT","BICYCLE_SUSP_SERIOUS_INJ_COUNT","BUS_COUNT","CHLDPAS_DEATH_COUNT","CHLDPAS_SUSP_SERIOUS_INJ_COUNT","COLLISION_TYPE","COMM_VEH_COUNT","CONS_ZONE_SPD_LIM","COUNTY","CRASH_MONTH","CRASH_YEAR","DAY_OF_WEEK","DEC_LATITUDE","DEC_LONGITUDE","DISPATCH_TM","DISTRICT","DRIVER_COUNT_16YR","DRIVER_COUNT_17YR","DRIVER_COUNT_18YR","DRIVER_COUNT_19YR","DRIVER_COUNT_20YR","DRIVER_COUNT_50_64YR","DRIVER_COUNT_65_74YR","DRIVER_COUNT_75PLUS","EST_HRS_CLOSED","FATAL_COUNT","HEAVY_TRUCK_COUNT","HORSE_BUGGY_COUNT","HOUR_OF_DAY","ILLUMINATION","INJURY_COUNT","INTERSECTION_RELATED","INTERSECT_TYPE","LANE_CLOSED","LATITUDE","LN_CLOSE_DIR","LOCATION_TYPE","LONGITUDE","MAX_SEVERITY_LEVEL","MCYCLE_DEATH_COUNT","MCYCLE_SUSP_SERIOUS_INJ_COUNT","MOTORCYCLE_COUNT","MUNICIPALITY","NONMOTR_COUNT","NONMOTR_DEATH_COUNT","NONMOTR_SUSP_SERIOUS_INJ_COUNT","NTFY_HIWY_MAINT","PED_COUNT","PED_DEATH_COUNT","PED_SUSP_SERIOUS_INJ_COUNT","PERSON_COUNT","POLICE_AGCY","POSSIBLE_INJ_COUNT","RDWY_SURF_TYPE_CD","RELATION_TO_ROAD","ROADWAY_CLEARED","ROAD_CONDITION","SCH_BUS_IND","SCH_ZONE_IND","SECONDARY_CRASH","SMALL_TRUCK_COUNT","SPEC_JURIS_CD","SUSP_MINOR_INJ_COUNT","SUSP_SERIOUS_INJ_COUNT","SUV_COUNT","TCD_FUNC_CD","TCD_TYPE","TFC_DETOUR_IND","TIME_OF_DAY","TOTAL_UNITS","TOT_INJ_COUNT","UNBELTED_OCC_COUNT","UNB_DEATH_COUNT","UNB_SUSP_SERIOUS_INJ_COUNT","UNK_INJ_DEG_COUNT","UNK_INJ_PER_COUNT","URBAN_RURAL","VAN_COUNT","VEHICLE_COUNT","WEATHER1","WEATHER2","WORKERS_PRES","WORK_ZONE_IND","WORK_ZONE_LOC","WORK_ZONE_TYPE","WZ_CLOSE_DETOUR","WZ_FLAGGER","WZ_LAW_OFFCR_IND","WZ_LN_CLOSURE","WZ_MOVING","WZ_OTHER","WZ_SHLDER_MDN","WZ_WORKERS_INJ_KILLED"
"2015027191","1643","1","0","0","0","0","0","0","0","0","1","0","","02","3","2015","3","40.456422","-79.90976","1625","11","0","0","0","0","0","1","1","0","1","0","0","0","","","0","","2","","40 27:23.119","1","0","79 54:35.135","0","0","0","0","2301","0","0","0","N","0","0","0","2","02301","0","","1.0","","9","N","N","","0","","0","0","1","","0","N","","2","0","0","0","0","0","0","2","0","2","","","","N","","","","","","","","","",""
"2015027962","1124","2","0","0","0","0","0","0","0","0","4","0","","02","3","2015","3","40.540389","-80.201584","1119","11","0","0","0","0","0","0","1","0","","0","0","0","","","1","","0","","40 32:25.399","","0","80 12:05.701","4","0","0","0","2213","0","0","0","N","0","0","0","2","02213","1","","1.0","","1","N","N","","0","","0","0","0","","0","","","2","1","0","0","0","0","0","2","0","2","","","","N","","","","","","","","","",""
"2015028591","1426","1","0","0","0","0","0","0","0","0","4","0","","02","3","2015","4","40.396335","-80.021323","1423","11","0","0","0","0","0","0","0","0","","0","0","0","","","0","","0","","40 23:46.806","","0","80 01:16.762","0","0","0","0","2301","0","0","0","N","0","0","0","1","02301","0","","1.0","","7","N","N","","0","","0","0","1","","0","","","2","0","0","0","0","0","0","2","0","2","","","","N","","","","","","","","","",""
"2015029479","1401","2","0","0","0","0","0","0","0","0","4","0","","02","3","2015","1","40.342658","-79.849398","1359","11","0","0","0","0","0","0","0","0","1","0","0","0","","","0","","2","","40 20:33.568","5","0","79 50:57.832","0","0","0","0","2304","0","0","0","N","0","0","0","2","02304","0","","1.0","","1","N","N","","0","","0","0","0","","3","Y","","2","0","0","0","0","0","0","2","0","2","","","","N","","","","","","","","","",""
"2015028592","1417","1","0","0","0","0","0","0","0","0","2","0","","02","3","2015","5","40.380701","-79.999757","1404","11","0","0","0","0","0","0","0","0","1","0","0","0","","","1","","2","","40 22:50.524","5","0","79 59:59.126","4","0","0","0","2301","0","0","0","N","0","0","0","2","02301","1","","1.0","","2","","N","","0","","0","0","1","","3","N","","2","1","0","0","0","0","0","2","0","2","","","","N","","","","","","","","","",""
"2015027893","1630","0","0","0","0","0","0","0","0","0","7","1","","02","3","2015","4","40.483117","-79.940311","1618","11","0","0","0","0","0","0","0","0","3","0","1","0","","","0","","0","","40 28:59.220","7","0","79 56:25.120","0","0","0","0","2301","0","0","0","N","0","0","0","2","02301","0","","5.0","","9","N","N","","0","","0","0","0","","3","Y","","1","0","0","0","0","0","0","2","0","1","","","","N","","","","","","","","","",""
"2015029616","1745","2","0","0","0","0","0","0","0","0","1","0","","02","3","2015","1","40.429351","-79.996842","1741","11","0","0","1","0","0","0","0","0","1","0","0","0","","","0","","0","","40 25:45.663","4","0","79 59:48.631","0","0","0","0","2301","0","0","0","N","0","0","0","1","02301","0","","6.0","","1","N","N","","0","","0","0","0","","0","Y","","2","0","0","0","0","0","0","2","0","2","","","","N","","","","","","","","","",""
"2015027881","1853","0","0","0","0","0","0","0","0","0","7","0","","02","3","2015","4","40.496839","-79.84438","1836","11","0","0","0","0","0","1","0","0","","0","0","0","","","0","","2","","40 29:48.621","","0","79 50:39.769","0","0","0","0","2113","0","0","0","N","0","0","0","1","02113","0","","1.0","","9","N","N","","0","","0","0","1","","2","","","1","0","0","0","0","0","0","2","0","1","","","","N","","","","","","","","","",""
"2015027125","2359","1","0","0","0","0","0","0","0","0","6","0","","02","1","2015","6","40.38603","-79.830778","2357","11","0","0","0","0","0","0","0","0","2","0","0","0","","","0","","0","","40 23:09.709","1","0","79 49:50.800","0","0","0","0","2111","0","0","0","N","0","0","0","2","02111","0","","1.0","","2","N","N","","0","","0","0","1","","0","Y","","2","0","0","0","0","0","0","2","0","2","","","","N","","","","","","","","","",""
"2015027894","2033","1","0","0","0","0","0","0","0","0","7","0","","02","3","2015","4","40.38373","-79.986909","2014","11","0","0","0","0","0","0","0","0","","0","0","0","","","0","","2","","40 23:01.428","","0","79 59:12.872","0","0","0","0","2301","0","0","0","N","0","0","0","1","02301","0","","5.0","","7","N","N","","0","","0","0","0","","3","","","1","0","0","0","0","0","0","2","0","1","","","","N","","","","","","","","","",""
"2015028669","0830","0","0","0","0","0","0","0","0","0","7","0","","02","3","2015","6","40.524128","-79.905481","0820","11","0","0","0","0","0","1","0","0","","0","0","0","","","0","","0","","40 31:26.860","","0","79 54:19.730","0","0","0","0","2432","0","0","0","N","0","0","0","2","02432","0","","4.0","","2","N","N","","0","","0","0","1","","0","","","1","0","0","0","0","0","0","2","0","1","","","","N","","","","","","","","","",""
"2015029278","1721","1","0","0","0","0","0","0","0","0","4","0","","02","3","2015","6","40.389791","-79.932833","1715","11","0","0","0","0","0","0","0","0","1","0","0","0","","","0","","3","","40 23:23.246","5","0","79 55:58.200","0","0","0","0","2301","0","0","0","N","0","0","0","2","02301","0","","1.0","","1","N","N","","0","","0","0","0","","3","N","","2","0","0","0","0","0","0","2","1","2","","","","N","","","","","","","","","",""
"2015028594","1601","1","0","0","0","0","0","0","0","0","7","0","","02","3","2015","5","","","1600","11","0","0","0","0","0","0","0","0","1","0","0","0","","","0","","0","","","2","0","","0","0","0","0","2430","0","0","0","N","0","0","0","1","02430","0","","3.0","","6","N","N","","0","","0","0","0","","0","N","","1","0","0","0","0","0","0","1","0","1","","","","N","","","","","","","","","",""
"2015029404","0636","0","0","0","0","0","0","0","0","0","7","0","","02","3","2015","4","40.455451","-80.029713","0631","11","0","0","0","0","0","1","0","0","","0","0","0","","","0","","0","","40 27:19.622","","0","80 01:46.968","0","0","0","0","2301","0","0","0","N","0","0","0","1","02301","0","","5.0","","9","N","N","","0","","0","0","1","","2","","","1","0","0","0","0","0","0","2","0","1","","","","N","","","","","","","","","",""
"2015027126","1629","1","0","0","0","0","0","0","0","0","7","0","","02","3","2015","1","40.647379","-80.108646","1623","11","0","0","0","0","0","0","0","0","","0","0","0","","","0","","0","","40 38:50.563","","0","80 06:31.124","0","0","0","0","2212","0","0","0","N","0","0","0","2","02505","0","","5.0","","2","N","N","","0","","0","0","0","","0","","","1","0","0","0","0","0","0","2","0","1","","","","N","","","","","","","","","",""
"2015028670","1000","0","0","0","0","0","0","0","0","0","2","1","","02","3","2015","6","40.406585","-79.967481","0950","11","0","0","0","0","0","1","1","0","1","0","1","0","","","0","","0","","40 24:23.706","3","0","79 58:02.931","0","0","0","0","2301","0","0","0","N","0","0","0","3","02301","0","","1.0","","2","N","N","","0","","0","0","2","","0","Y","","3","0","0","0","0","0","0","2","0","3","","","","N","","","","","","","","","",""
"2015029483","1836","0","0","0","0","0","0","0","0","0","7","0","","02","2","2015","7","40.412446","-79.759579","1828","11","0","0","0","0","0","0","0","0","4","0","0","0","","","1","","0","","40 24:44.805","5","0","79 45:34.484","4","0","0","0","2446","0","0","0","Y","0","0","0","1","02446","1","","5.0","","2","N","N","","0","","0","0","0","","0","Y","","1","1","0","0","0","0","0","2","1","1","","","","N","","","","","","","","","",""
"2015027897","2032","2","0","0","0","0","0","0","0","0","8","0","","02","3","2015","4","40.451452","-79.815016","2024","11","0","0","0","0","0","1","0","1","2","0","0","0","","","1","","0","","40 27:05.227","7","0","79 48:54.057","8","0","0","0","2113","0","0","0","N","0","0","0","2","02113","0","","4.0","","7","N","N","","0","","0","0","0","","0","Y","","2","1","0","0","0","1","1","2","0","2","","","","N","","","","","","","","","",""
"2015028596","0726","1","0","0","0","0","0","0","0","0","7","0","","02","3","2015","6","40.399749","-80.000221","0710","11","0","0","0","0","0","0","0","0","","0","0","0","","","0","","0","","40 23:59.095","","0","80 00:00.795","0","0","0","0","2301","0","0","0","N","0","0","0","1","02301","0","","5.0","","6","N","N","","0","","0","0","0","","0","","","1","0","0","0","0","0","0","2","0","1","","","","N","","","","","","","","","",""
"2015029406","0132","1","0","0","0","0","0","0","0","0","7","0","","02","3","2015","1","40.457754","-80.013078","0130","11","0","0","0","0","0","0","0","0","1","0","0","0","","","0","","0","","40 27:27.914","4","0","80 00:47.080","0","0","0","0","2301","0","0","0","N","0","0","0","0","02301","0","","5.0","","2","N","N","","0","","0","0","0","","0","Y","","1","0","0","0","0","0","0","2","0","1","","","","N","","","","","","","","","",""
"2015027198","1708","1","0","0","0","0","0","0","0","0","4","0","","02","3","2015","1","40.354959","-79.979147","1707","11","0","0","0","0","0","1","0","0","2","0","0","0","","","4","","0","","40 21:17.851","2","0","79 58:44.929","3","0","0","0","2476","0","0","0","N","0","0","0","4","02476","3","","1.0","","9","N","N","","0","","1","0","1","","0","Y","","3","4","1","0","0","0","0","2","1","3","","","","N","","","","","","","","","",""
"2015028737","1039","1","0","0","0","0","0","0","0","0","6","0","","02","2","2015","7","40.373265","-79.776091","1035","11","0","0","0","0","0","0","0","0","2","0","0","0","","","0","","0","","40 22:23.755","5","0","79 46:33.929","0","0","0","0","2111","0","0","0","N","0","0","0","3","02111","0","","1.0","","7","N","N","","0","","0","0","2","","0","N","","3","0","0","0","0","0","0","2","0","3","","","","N","","","","","","","","","",""
"2015028750","1044","1","0","0","0","0","0","1","0","0","1","1","","02","3","2015","6","40.427416","-79.926404","1034","11","0","0","0","0","0","1","0","0","","0","0","0","","","0","","2","","40 25:38.697","","0","79 55:35.054","0","0","0","0","2301","0","0","0","N","0","0","0","2","02503","0","","1.0","","2","N","N","","0","","0","0","0","","0","","","2","0","0","0","0","0","0","2","0","2","","","","N","","","","","","","","","",""
"2015029620","1748","1","0","0","0","0","0","0","0","0","5","0","","02","3","2015","1","40.440863","-79.973978","1742","11","0","0","0","0","0","1","0","0","","0","0","0","","","0","","1","","40 26:27.106","","0","79 58:26.320","0","0","0","0","2301","0","0","0","N","0","0","0","3","02301","0","","1.0","","1","N","N","","1","","0","0","0","","0","","","2","0","0","0","0","0","0","2","0","2","","","","N","","","","","","","","","",""
"2015028597","0725","1","0","0","0","0","0","0","0","0","1","0","","02","3","2015","6","40.440619","-79.958253","0710","11","0","0","0","0","0","0","0","0","1","0","0","0","","","0","","1","","40 26:26.229","3","0","79 57:29.710","0","0","0","0","2301","0","0","0","N","0","0","0","2","02301","0","","1.0","","2","N","N","","0","","0","0","1","","2","N","","2","0","0","0","0","0","0","2","0","2","","","","N","","","","","","","","","",""
"2015028739","2035","1","0","0","0","0","0","0","0","0","1","0","","02","2","2015","7","40.438202","-79.830514","2030","11","0","0","0","0","0","0","0","0","1","0","0","0","","","0","","1","","40 26:17.528","3","0","79 49:49.850","0","0","0","0","2419","0","0","0","N","0","0","0","4","02419","0","","1.0","","7","N","N","","0","","0","0","1","","2","N","","2","0","0","0","0","0","0","2","0","2","","","","N","","","","","","","","","",""
"2015027763","1709","3","0","0","0","0","0","0","0","0","4","0","","02","3","2015","2","40.393256","-80.065608","1707","11","0","0","0","0","0","1","0","0","2","0","0","0","","","1","","3","","40 23:35.720","5","0","80 03:56.187","8","0","0","0","2109","0","0","0","N","0","0","0","3","02109","0","","1.0","","1","N","N","","0","","0","0","0","","0","N","","3","1","0","0","0","1","0","2","0","3","","","","N","","","","","","","","","",""
"2015027903","2054","0","0","0","0","0","0","0","0","0","7","0","","02","3","2015","4","40.418603","-80.029733","2036","11","0","0","0","0","0","1","0","0","","0","0","0","","","0","","0","","40 25:06.969","","0","80 01:47.037","0","0","0","0","2301","0","0","0","N","0","0","0","5","02301","0","","1.0","","7","N","N","","0","","0","0","1","","0","","","1","0","0","0","0","0","0","2","0","1","","","","N","","","","","","","","","",""
"2015028676","1030","2","0","0","0","0","0","0","0","0","4","0","","02","3","2015","6","40.536991","-79.849947","1030","11","0","0","0","0","0","1","0","0","2","0","0","0","","","1","","0","","40 32:13.166","4","0","79 50:59.809","4","0","0","0","2208","0","0","0","N","0","0","0","2","02208","1","","1.0","","1","N","N","","0","","0","0","0","","0","N","","2","1","0","0","0","0","0","2","0","2","","","","N","","","","","","","","","",""
"2015027764","0320","1","0","0","0","0","0","0","0","0","7","0","","02","3","2015","1","40.464052","-80.194659","0314","11","0","0","0","0","0","0","0","0","1","0","0","0","","","0","","0","","40 27:50.587","3","0","80 11:40.771","0","0","0","0","2213","0","0","0","Y","0","0","0","1","02213","0","","1.0","","7","N","N","","0","","0","0","0","","0","N","","1","0","0","0","0","0","0","2","0","1","","","","N","","","","","","","","","",""
"2015029410","0124","1","0","0","0","0","0","0","0","0","7","0","","02","3","2015","1","40.407944","-79.839556","0119","11","0","0","0","0","0","0","0","0","1","0","0","0","","","0","","0","","40 24:28.600","4","0","79 50:22.400","0","0","0","0","2431","0","0","0","N","0","0","0","1","02431","0","","4.0","","1","N","N","","0","","0","0","0","","0","N","","2","0","0","0","0","0","0","2","1","2","","","","N","","","","","","","","","",""
"2015028612","0841","2","0","0","0","0","0","0","0","0","1","0","","02","3","2015","6","40.430523","-80.000317","0837","11","0","0","0","0","0","1","0","0","","0","0","0","","","0","","0","","40 25:49.884","","0","80 00:01.141","0","0","0","0","2301","0","0","0","N","0","0","0","2","02301","0","","1.0","","2","N","N","","0","","0","0","0","","0","","","2","0","0","0","0","0","0","2","0","2","","","","N","","","","","","","","","",""
"2015027904","2106","1","0","0","0","0","0","0","0","0","1","0","","02","3","2015","4","40.467128","-79.790889","2057","11","0","1","0","0","0","0","0","0","1","0","0","0","","","0","","0","","40 28:01.662","1","0","79 47:27.201","0","0","0","0","2113","0","0","0","N","0","0","0","2","02113","0","","5.0","","7","N","N","","1","","0","0","0","","0","N","","2","0","0","0","0","0","0","2","0","2","","","","N","","","","","","","","","",""
"2015028754","0943","0","0","0","0","0","0","0","0","0","4","0","","02","3","2015","5","40.526016","-79.821447","0919","11","0","0","0","0","0","0","0","0","1","0","0","0","","","0","","2","","40 31:33.658","3","0","79 49:17.210","0","0","0","0","2466","0","0","0","N","0","0","0","4","02466","0","","1.0","","6","N","N","","2","","0","0","0","","0","N","","2","0","0","0","0","0","0","2","0","2","","","","N","","","","","","","","","",""
"2015028472","0540","1","0","0","0","0","0","0","0","0","4","0","","02","3","2015","2","40.475418","-79.924562","0532","11","0","0","0","0","0","1","0","0","2","0","0","0","","","0","","2","","40 28:31.504","1","0","79 55:28.423","0","0","0","0","2301","0","0","0","N","0","0","0","1","02301","0","","2.0","","2","N","N","","0","","0","0","1","","0","Y","","2","0","0","0","0","0","0","2","0","2","","","","N","","","","","","","","","",""
"2015027765","1635","2","0","0","0","0","0","0","0","0","1","0","","02","3","2015","2","40.513389","-80.222297","1631","11","0","0","0","0","0","0","0","0","","0","0","0","","","1","","3","","40 30:48.199","","0","80 13:20.268","4","0","0","0","2213","0","0","0","N","0","0","0","2","02213","1","","1.0","","1","N","N","","0","","0","0","0","","0","","","2","1","0","0","0","0","0","2","0","2","","","","N","","","","","","","","","",""
"2015029287","1745","2","0","0","0","0","0","0","0","0","4","0","","02","3","2015","7","40.414211","-79.901374","1744","11","0","0","0","0","0","0","0","1","1","0","0","0","","","2","","0","","40 24:51.159","3","0","79 54:04.945","4","0","0","0","2448","0","0","0","N","0","0","0","3","02448","2","","1.0","","1","N","N","","0","","0","0","0","","3","Y","","2","2","0","0","0","0","0","2","0","2","","","","N","","","","","","","","","",""
"2015028615","1450","1","0","0","0","0","0","0","0","0","4","0","","02","3","2015","5","40.386116","-79.932664","1442","11","0","0","0","0","0","1","0","0","","0","0","0","","","0","","0","","40 23:10.018","","0","79 55:57.592","0","0","0","0","2301","0","0","0","N","0","0","0","2","02301","0","","1.0","","2","N","N","","0","","0","0","1","","0","","","2","0","0","0","0","0","0","2","0","2","","","","N","","","","","","","","","",""
"2015027908","2159","1","0","0","0","0","0","0","0","0","7","0","","02","3","2015","4","40.449778","-79.92963","2150","11","0","0","0","0","0","0","0","0","2","0","0","0","","","0","","0","","40 26:59.202","2","0","79 55:46.668","0","0","0","0","2301","0","0","0","N","0","0","0","1","02301","0","","5.0","","7","N","N","","0","","0","0","0","","0","Y","","1","0","0","0","0","0","0","2","0","1","","","","N","","","","","","","","","",""
"2015029491","1705","0","0","0","0","0","0","0","0","0","4","0","","02","2","2015","5","40.380014","-80.072239","1701","11","0","0","0","0","0","0","0","0","","0","0","0","","","0","","2","","40 22:48.050","","0","80 04:20.060","9","0","0","0","2117","0","0","0","N","0","0","0","2","02117","0","","1.0","","1","N","N","","1","","0","0","1","","0","","","2","0","0","0","0","0","1","2","0","2","","","","N","","","","","","","","","",""
"2015027220","1012","2","0","0","0","0","0","0","0","0","4","0","","02","2","2015","3","40.328053","-80.03045","1011","11","0","0","0","0","0","0","0","0","","0","0","0","","","0","","1","","40 19:40.991","","0","80 01:49.620","0","0","0","0","2407","0","0","0","N","0","0","0","7","02407","0","","1.0","","1","N","N","","0","","0","0","0","","2","","","2","0","1","0","0","0","0","2","0","2","","","","N","","","","","","","","","",""
"2015028112","0850","0","0","0","0","0","0","0","0","0","7","0","","02","3","2015","5","40.478999","-79.943188","0832","11","0","0","0","0","0","0","0","0","","0","0","0","","","0","","0","","40 28:44.396","","0","79 56:35.476","9","0","0","0","2301","0","0","0","N","0","0","0","1","02301","0","","5.0","","2","N","N","","0","","0","0","1","","0","","","1","0","0","0","0","0","1","2","0","1","","","","N","","","","","","","","","",""
"2015026914","0617","0","0","0","0","0","0","0","0","0","99","0","","02","3","2015","2","40.215799","-79.817769","0608","11","0","0","0","0","0","0","0","0","2","0","0","0","","","0","","0","","40 12:56.878","6","0","79 49:03.970","0","0","0","0","2105","0","0","0","N","0","0","0","1","02105","0","","5.0","","2","N","N","","0","","0","0","1","","0","N","","1","0","0","0","0","0","0","1","0","1","","","","N","","","","","","","","","",""
"2015025314","1540","2","0","0","0","0","0","0","0","0","1","0","","02","2","2015","5","40.429852","-79.751252","1532","11","0","0","1","1","0","0","0","0","","0","0","0","","","0","","3","","40 25:47.467","","0","79 45:04.506","0","0","0","0","2446","0","0","0","N","0","0","0","2","02446","0","","1.0","","1","N","N","","0","","0","0","0","","0","","","2","0","0","0","0","0","0","2","0","2","","","","N","","","","","","","","","",""
"2015026664","2207","3","0","0","0","0","0","0","0","0","1","0","","02","3","2015","1","40.467513","-80.004018","2200","11","0","0","0","0","0","0","0","0","","0","0","0","","","0","","0","","40 28:03.046","","0","80 00:14.464","0","0","0","0","2301","0","0","0","N","0","0","0","1","02301","0","","6.0","","2","N","N","","0","","0","0","0","","0","","","3","0","0","0","0","0","0","2","0","3","","","","N","","","","","","","","","",""
"2015025938","0218","0","0","0","0","0","0","0","0","0","7","0","","02","3","2015","1","40.460988","-79.868994","0218","11","0","0","0","0","0","1","0","0","1","0","0","0","","","1","","0","","40 27:39.557","4","0","79 52:08.377","4","0","0","0","2113","0","0","0","N","0","0","0","2","02113","1","","4.0","","1","N","N","","0","","0","0","0","","0","N","","1","1","0","0","0","0","0","2","1","1","","","","N","","","","","","","","","",""
"2015026018","1308","1","0","0","0","0","0","0","0","0","4","0","","02","2","2015","7","40.333166","-79.953941","1306","11","0","0","0","0","0","0","0","1","1","0","0","0","","","3","","5","","40 19:59.397","7","0","79 57:14.187","4","0","0","0","2454","0","0","0","N","0","0","0","3","02454","1","","1.0","","1","N","N","","0","","0","0","1","","3","Y","","2","3","0","0","0","2","0","2","0","2","","","","N","","","","","","","","","",""
"2015026019","1535","2","0","0","0","0","0","0","0","0","4","0","","02","2","2015","6","40.403472","-80.058056","1532","11","0","0","0","0","0","1","0","0","1","0","0","0","","","0","","2","","40 24:12.500","3","0","80 03:29.000","0","0","0","0","2117","0","0","0","N","0","0","0","2","02117","0","","1.0","","1","N","N","","0","","0","0","0","","2","N","","2","0","0","0","0","0","0","2","0","2","","","","N","","","","","","","","","",""
"2015026093","2256","1","0","0","0","0","0","0","0","0","7","0","","02","2","2015","7","40.419001","-79.849303","2255","11","0","0","0","0","0","0","0","0","2","0","0","0","","","2","","0","","40 25:08.403","4","7","79 50:57.490","8","0","0","0","2431","0","0","0","N","0","0","0","3","02431","0","","2.0","","98","N","N","","0","","0","0","0","","0","N","","1","2","0","0","0","2","0","2","0","1","","","","N","","","","","","","","","",""
"2015024566","1141","1","0","0","0","0","0","0","0","0","2","0","","02","2","2015","4","40.335638","-80.111669","1136","11","0","0","0","1","0","1","0","0","","0","0","0","","","2","","0","","40 20:08.296","","7","80 06:42.009","4","0","0","0","2123","0","0","0","N","0","0","0","2","02123","2","","1.0","","1","N","N","","0","","0","0","1","","3","","","2","2","0","0","0","0","0","2","0","2","","","","N","","","","","","","","","",""
"2015025877","1600","1","0","0","0","0","0","0","0","0","1","0","","02","2","2015","6","40.326799","-79.795161","1550","11","0","0","0","1","0","0","0","0","1","0","0","0","","","1","","0","","40 19:36.476","6","0","79 47:42.579","4","0","0","0","2477","0","0","0","","0","0","0","2","02477","1","","1.0","","1","N","N","","0","","0","0","1","","0","Y","","2","1","0","0","0","0","0","2","0","2","","","","N","","","","","","","","","",""
"2015026020","0959","1","0","0","0","0","0","0","0","0","1","0","","02","3","2015","1","40.443863","-80.027591","0954","11","0","0","0","0","0","0","0","0","","0","0","0","","","1","","1","","40 26:37.906","","1","80 01:39.328","8","0","0","0","2301","0","0","0","N","0","0","0","4","02301","0","","1.0","","7","N","N","","0","","0","0","1","","2","","","2","1","0","0","0","1","0","2","0","2","","","","N","","","","","","","","","",""
"2015026094","1830","2","0","0","0","0","0","0","0","0","6","0","","02","2","2015","1","40.47048","-79.898561","1800","11","0","0","0","0","0","0","0","0","","0","0","0","","","0","","0","","40 28:13.728","","0","79 53:54.819","0","0","0","0","2301","0","0","0","N","0","0","0","1","02301","0","","4.0","","1","N","N","","0","","0","0","0","","0","","","2","0","0","0","0","0","0","2","0","2","","","","N","","","","","","","","","",""
"2015025318","1925","1","0","0","0","0","0","0","0","0","7","0","","02","1","2015","1","40.375854","-79.827273","1922","11","0","0","0","0","0","0","0","0","2","0","0","0","","","1","","0","","40 22:33.075","1","0","79 49:38.182","3","0","0","0","2111","0","0","0","N","0","0","0","2","02111","0","","2.0","","1","N","N","","1","","1","0","0","","0","N","","2","1","1","0","0","0","1","2","0","2","","","","N","","","","","","","","","",""
"2015026668","1504","1","0","0","0","0","0","0","0","0","7","0","","02","3","2015","2","40.522613","-79.768383","1500","11","0","1","0","0","0","0","0","0","1","0","0","0","","","0","","0","","40 31:21.406","3","0","79 46:06.178","0","0","0","0","2466","0","0","0","N","0","0","0","1","02466","0","","4.0","","1","N","N","","0","","0","0","0","","0","Y","","1","0","0","0","0","0","0","2","0","1","","","","N","","","","","","","","","",""
"2015028117","0637","1","0","0","0","0","0","0","0","0","7","0","","02","3","2015","5","40.33355","-79.823973","0637","11","0","0","0","0","0","0","0","0","","0","0","0","","","0","","0","","40 20:00.780","","0","79 49:26.302","0","0","0","0","2304","0","0","0","N","0","0","0","1","02304","0","","4.0","","2","N","N","","0","","0","0","0","","0","","","1","0","0","0","0","0","0","2","0","1","","","","N","","","","","","","","","",""
"2015024345","0320","0","0","0","0","0","0","0","0","0","7","0","","02","2","2015","1","40.477316","-79.953721","0320","11","0","0","0","0","0","0","0","0","","0","0","0","","","1","","0","","40 28:38.339","","0","79 57:13.397","4","0","0","0","2301","0","0","0","N","0","0","0","1","02301","1","","2.0","","7","N","N","","0","","0","0","1","","0","","","1","1","0","0","0","0","0","2","0","1","","","","N","","","","","","","","","",""
"2015026923","2020","1","0","0","0","0","0","0","0","0","7","0","","02","2","2015","7","40.353342","-80.043803","2012","11","0","0","0","0","0","0","1","0","","0","0","0","","","1","","0","","40 21:12.030","","0","80 02:37.690","4","0","0","0","2109","0","0","0","N","0","0","0","1","02109","1","","4.0","","7","N","N","","0","","0","0","0","","0","","","1","1","0","0","0","0","0","2","0","1","","","","N","","","","","","","","","",""
"2015026028","1710","2","0","0","0","0","0","0","0","0","1","0","","02","2","2015","5","40.394569","-80.066153","1702","11","0","0","0","0","0","0","0","0","","0","0","0","","","0","","1","","40 23:40.447","","0","80 03:58.152","0","0","0","0","2117","0","0","0","N","0","0","0","5","02117","0","","1.0","","1","N","N","","0","","0","0","0","","2","","","2","0","0","0","0","0","0","2","0","2","","","","N","","","","","","","","","",""
"2015026924","1459","2","0","0","0","0","0","0","0","0","1","0","","02","2","2015","3","40.364736","-80.048104","1457","11","0","0","0","0","0","1","0","0","2","0","0","0","","","1","","1","","40 21:53.048","1","0","80 02:53.175","8","0","0","0","2109","0","0","0","N","0","0","0","6","02109","0","","1.0","","1","N","N","","0","","0","0","1","","2","N","","3","1","0","0","0","1","0","2","0","3","","","","N","","","","","","","","","",""
"2015025945","0250","1","0","0","0","0","0","0","0","0","7","0","","02","3","2015","1","40.468631","-79.822378","0242","11","0","0","0","0","0","0","0","0","","0","0","0","","","0","","0","","40 28:07.070","","0","79 49:20.560","0","0","0","0","2113","0","0","0","N","0","0","0","2","02113","0","","5.0","","9","N","N","","0","","0","0","0","","0","","","1","0","0","0","0","0","0","2","0","1","","","","N","","","","","","","","","",""
"2015025957","1312","1","0","0","0","0","0","0","0","0","4","0","","02","2","2015","7","40.333163","-79.99247","1304","11","0","0","0","0","0","0","1","1","","0","0","0","","","0","","1","","40 19:59.386","","0","79 59:32.892","0","0","0","0","2219","0","0","0","N","0","0","0","2","02219","0","","1.0","","1","N","N","","0","","0","0","0","","3","","","2","0","0","0","0","0","0","2","1","2","","","","N","","","","","","","","","",""