"CRN","ARRIVAL_TM","AUTOMOBILE_COUNT","BELTED_DEATH_COUNT","BELTED_SUSP_SERIOUS_INJ_COUNT","BICYCLE_COUNT","BICYCLE_DEATH_COUNT","BICYCLE_SUSP_SERIOUS_INJ_COUNT","BUS_COUNT","CHLDPAS_DEATH_COUNT","CHLDPAS_SUSP_SERIOUS_INJ_COUNT","COLLISION_TYPE","COMM_VEH_COUNT","CONS_ZONE_SPD_LIM","COUNTY","CRASH_MONTH","CRASH_YEAR","DAY_OF_WEEK","DEC_LATITUDE","DEC_LONGITUDE","DISPATCH_TM","DISTRICT","DRIVER_COUNT_16YR","DRIVER_COUNT_17YR","DRIVER_COUNT_18YR","DRIVER_COUNT_19YR","DRIVER_COUNT_20YR","DRIVER_COUNT_50_64YR","DRIVER_COUNT_65_74YR","DRIVER_COUNT_75PLUS","EST_HRS_CLOSED","FATAL_COUNT","HEAVY_TRUCK_COUNT","HORSE_BUGGY_COUNT","HOUR_OF_DAY","ILLUMINATION","INJURY_COUNT","INTERSECTION_RELATED","INTERSECT_TYPE","LANE_CLOSED","LATITUDE","LN_CLOSE_DIR","LOCATION_TYPE","LONGITUDE","MAX_SEVERITY_LEVEL","MCYCLE_DEATH_COUNT","MCYCLE_SUSP_SERIOUS_INJ_COUNT","MOTORCYCLE_COUNT","MUNICIPALITY","NONMOTR_COUNT","NONMOTR_DEATH_COUNT","NONMOTR_SUSP_SERIOUS_INJ_COUNT","NTFY_HIWY_MAINT","PED_COUNT","PED_DEATH_COUNT","PED_SUSP_SERIOUS_INJ_COUNT","PERSON_COUNT","POLICE_AGCY","POSSIBLE_INJ_COUNT","RDWY_SURF_TYPE_CD","RELATION_TO_ROAD","ROADWAY_CLEARED","ROAD_CONDITION","SCH_BUS_IND","SCH_ZONE_IND","SECONDARY_CRASH","SMALL_TRUCK_COUNT","SPEC_JURIS_CD","SUSP_MINOR_INJ_COUNT","SUSP_SERIOUS_INJ_COUNT","SUV_COUNT","TCD_FUNC_CD","TCD_TYPE","TFC_DETOUR_IND","TIME_OF_DAY","TOTAL_UNITS","TOT_INJ_COUNT","UNBELTED_OCC_COUNT","UNB_DEATH_COUNT","UNB_SUSP_SERIOUS_INJ_COUNT","UNK_INJ_DEG_COUNT","UNK_INJ_PER_COUNT","URBAN_RURAL","VAN_COUNT","VEHICLE_COUNT","WEATHER1","WEATHER2","WORKERS_PRES","WORK_ZONE_IND","WORK_ZONE_LOC","WORK_ZONE_TYPE","WZ_CLOSE_DETOUR","WZ_FLAGGER","WZ_LAW_OFFCR_IND","WZ_LN_CLOSURE","WZ_MOVING","WZ_OTHER","WZ_SHLDER_MDN","WZ_WORKERS_INJ_KILLED"
"2015071925","","1","0","0","0","0","0","0","0","0","4","0","","02","7","2015","6","40.345681","-79.973113","","11","0","0","0","0","0","0","1","0","","0","0","0","","","1","","0","","40 20:44.450","","0","79 58:23.206","4","0","0","0","2403","0","0","0","N","0","0","0","3","02403","1","","1.0","","1","N","N","","0","","0","0","1","","0","","","2","1","0","0","0","0","0","2","0","2","","","","N","","","","","","","","","",""
"2015070396","","0","0","0","0","0","0","0","0","0","1","0","55","02","7","2015","6","40.416105","-80.058934","","11","0","0","0","0","0","0","0","0","","0","0","0","","","0","","0","","40 24:57.977","","0","80 03:32.164","0","0","0","0","2435","0","0","0","N","0","0","0","4","68B03","0","","1.0","","1","N","N","","1","","0","0","1","","0","","","2","0","0","0","0","0","0","2","0","2","","","N","Y","8","1","N","N","N","N","N","N","Y",""
"2015069593","","1","0","0","0","0","0","0","0","0","4","1","","02","7","2015","2","40.422029","-80.048328","","11","0","0","0","0","0","1","0","0","1","0","1","0","","","0","","2","","40 25:19.306","3","0","80 02:53.980","0","0","0","0","2435","0","0","0","N","0","0","0","2","02435","0","","1.0","","1","N","N","","0","","0","0","0","","3","N","","2","0","0","0","0","0","0","2","0","2","","","","N","","","","","","","","","",""
"2015071117","","2","0","0","0","0","0","0","0","0","4","0","","02","7","2015","5","40.502117","-80.050849","","11","0","0","0","0","0","0","0","1","2","0","0","0","","","1","","0","","40 30:07.621","5","0","80 03:03.056","4","0","0","0","2404","0","0","0","N","0","0","0","2","02404","1","","1.0","","9","N","N","","0","","0","0","0","","0","Y","","2","1","0","0","0","0","0","2","0","2","","","","N","","","","","","","","","",""
"2015025807","","0","0","0","0","0","0","0","0","0","8","0","","02","2","2015","7","40.447062","-79.947299","","11","0","0","1","0","0","0","0","0","","0","0","0","","","1","","1","","40 26:49.423","","0","79 56:50.276","3","0","0","0","2301","1","0","0","N","1","0","0","2","02301","0","","1.0","","1","N","N","","0","","1","0","1","","2","","","2","1","0","0","0","0","0","2","0","1","","","","N","","","","","","","","","",""
"2015071592","","1","0","0","0","0","0","0","0","0","7","0","","02","6","2015","5","40.537886","-80.075856","","11","0","0","0","0","0","0","0","0","","0","0","0","","","0","","0","","40 32:16.390","","0","80 04:33.080","0","0","0","0","2215","0","0","0","","0","0","0","1","02215","0","","2.0","","1","","","","0","","0","0","0","","0","","","1","0","0","0","0","0","0","2","0","1","","","","N","","","","","","","","","",""
"2015070981","","2","0","0","0","0","0","0","0","0","1","0","","02","7","2015","5","40.448986","-80.106263","","11","0","0","0","0","0","0","0","0","2","0","0","0","","","0","","0","","40 26:56.348","4","0","80 06:22.547","0","0","0","0","2115","0","0","0","N","0","0","0","2","02115","0","","1.0","","1","N","N","","0","","0","0","0","","2","N","","2","0","0","0","0","0","0","2","0","2","","","","N","","","","","","","","","",""
"2015071927","","1","0","0","0","0","0","0","0","0","7","0","","02","7","2015","1","40.492462","-79.910434","","11","0","0","0","0","0","0","0","0","","0","0","0","","","0","","6","","40 29:32.863","","8","79 54:37.562","0","0","0","0","2301","0","0","0","N","0","0","0","1","02301","0","","4.0","","1","N","N","","0","","0","0","0","","0","","","1","0","0","0","0","0","0","2","0","1","","","","N","","","","","","","","","",""
"2015071118","","1","0","0","0","0","0","0","0","0","7","0","","02","7","2015","5","40.500175","-79.728936","","11","0","0","0","0","0","1","0","0","1","0","0","0","","","0","","0","","40 30:00.630","3","0","79 43:44.170","0","0","0","0","2466","0","0","0","N","0","0","0","1","02466","0","","5.0","","9","N","N","","0","","0","0","0","","0","N","","1","0","0","0","0","0","0","2","0","1","","","","N","","","","","","","","","",""
"2015070196","","2","0","0","0","0","0","0","0","0","5","0","","02","7","2015","3","40.49094","-80.019594","","11","0","0","0","0","0","1","0","0","2","0","0","0","","","0","","0","","40 29:27.384","2","0","80 01:10.540","0","0","0","0","2301","0","0","0","N","0","0","0","2","02301","0","","1.0","","1","N","N","","0","","0","0","0","","0","Y","","2","0","0","0","0","0","0","2","0","2","","","","N","","","","","","","","","",""
"2015026586","","2","0","0","0","0","0","0","0","0","4","0","","02","3","2015","1","40.451129","-79.982469","","11","0","0","0","0","0","0","0","0","","0","0","0","","","0","","1","","40 27:04.064","","0","79 58:56.888","0","0","0","0","2301","0","0","0","N","0","0","0","2","02301","0","","1.0","","6","N","N","","0","","0","0","0","","2","","","2","0","0","0","0","0","0","2","0","2","","","","N","","","","","","","","","",""
"2015026587","","1","0","0","0","0","0","0","0","0","5","0","","02","3","2015","2","40.552833","-80.018864","","11","0","0","0","0","0","0","0","0","","0","0","0","","","0","","0","","40 33:10.200","","7","80 01:07.910","0","0","0","0","2116","0","0","0","N","0","0","0","2","02116","0","","1.0","","7","N","N","","1","","0","0","0","","3","","","2","0","0","0","0","0","0","2","0","2","","","","N","","","","","","","","","",""
"2015070919","","2","0","0","0","0","0","0","0","0","4","0","","02","7","2015","5","40.603223","-79.757342","","11","0","0","0","0","0","2","0","0","1","0","0","0","","","1","","1","","40 36:11.604","1","0","79 45:26.431","8","0","0","0","2464","0","0","0","N","0","0","0","2","02464","0","","1.0","","1","N","N","","0","","0","0","0","","3","Y","","2","1","0","0","0","1","0","2","0","2","","","","N","","","","","","","","","",""
"2015071596","","0","0","0","0","0","0","0","0","0","8","0","","02","7","2015","6","40.288971","-79.896148","","11","0","0","0","0","0","1","0","0","","0","0","0","","","1","","2","","40 17:20.295","","0","79 53:46.132","8","0","0","0","2302","1","0","0","N","1","0","0","3","02302","0","","1.0","","1","N","N","","0","","0","0","0","","0","","","2","1","0","0","0","1","0","2","1","1","","","","N","","","","","","","","","",""
"2015070339","","2","0","0","0","0","0","0","0","0","4","0","","02","7","2015","5","40.448953","-80.162906","","11","0","0","1","0","0","0","0","0","","0","0","0","","","0","","0","","40 26:56.230","","0","80 09:46.460","0","0","0","0","2115","0","0","0","N","0","0","0","2","02115","0","","1.0","","1","N","N","","0","","0","0","0","","0","","","2","0","0","0","0","0","0","2","0","2","","","","N","","","","","","","","","",""
"2015070340","","2","0","0","0","0","0","0","0","0","4","0","","02","7","2015","2","40.452856","-80.165049","","11","0","1","0","0","0","1","0","0","1","0","0","0","","","0","","1","","40 27:10.282","3","0","80 09:54.175","0","0","0","0","2115","0","0","0","N","0","0","0","4","02115","0","","1.0","","1","N","N","","0","","0","0","0","","2","N","","2","0","0","0","0","0","0","2","0","2","","","","N","","","","","","","","","",""
"2015026590","","2","0","0","0","0","0","0","0","0","4","0","","02","2","2015","1","40.328781","-80.041639","","11","0","0","0","0","0","0","0","1","","0","0","0","","","2","","2","","40 19:43.611","","0","80 02:29.900","4","0","0","0","2407","0","0","0","N","0","0","0","3","02407","1","","1.0","","2","N","N","","0","","0","0","0","","3","","","2","2","0","0","0","1","0","2","0","2","","","","N","","","","","","","","","",""
"2015069601","","1","0","0","0","0","0","0","0","0","4","0","","02","7","2015","2","40.460261","-79.810111","","11","0","0","0","0","0","0","0","0","","0","0","0","","","0","","0","","40 27:36.939","","7","79 48:36.399","0","0","0","0","2113","0","0","0","N","0","0","0","1","02113","0","","5.0","","9","N","N","","0","","0","0","1","","0","","","2","0","0","0","0","0","0","2","0","2","","","","N","","","","","","","","","",""
"2015071662","","1","0","0","0","0","0","0","0","0","4","0","","02","6","2015","3","40.523728","-80.015268","","11","0","0","0","0","0","0","0","0","","0","0","0","","","0","","0","","40 31:25.420","","0","80 00:54.964","0","0","0","0","2116","0","0","0","N","0","0","0","2","02116","0","","1.0","","9","N","N","","0","","0","0","1","","0","","","2","0","0","0","0","0","0","2","0","2","","","","N","","","","","","","","","",""
"2015071136","","3","0","0","0","0","0","0","0","0","1","0","","02","7","2015","4","40.438202","-79.830514","","11","0","0","0","0","0","1","0","0","2","0","1","0","","","1","","1","","40 26:17.528","3","0","79 49:49.850","4","0","0","0","2419","0","0","0","N","0","0","0","5","02419","1","","1.0","","1","N","N","","0","","0","0","1","","0","N","","5","1","1","0","0","0","0","2","0","5","","","","N","","","","","","","","","",""
"2015070922","","0","0","0","0","0","0","0","0","0","4","0","","02","7","2015","5","40.350109","-79.873361","","11","0","0","0","0","0","0","0","0","1","0","0","0","","","0","","2","","40 21:00.392","3","0","79 52:24.098","0","0","0","0","2304","0","0","0","N","0","0","0","5","02304","0","","1.0","","1","N","N","","1","","0","0","1","","2","N","","2","0","0","0","0","0","0","2","0","2","","","","N","","","","","","","","","",""
"2015071934","","0","0","0","0","0","0","0","0","0","7","0","","02","7","2015","2","40.427093","-80.005587","","11","0","0","0","0","0","0","0","0","","0","0","0","","","0","","0","","40 25:37.534","","0","80 00:20.113","0","0","0","0","2301","0","0","0","N","0","0","0","1","02301","0","","5.0","","1","N","N","","0","","0","0","1","","0","","","1","0","1","0","0","0","0","2","0","1","","","","N","","","","","","","","","",""
"2015071139","","1","0","0","0","0","0","0","0","0","4","0","","02","7","2015","5","40.543948","-80.192639","","11","0","0","0","0","0","0","2","0","","0","0","0","","","1","","1","","40 32:38.211","","0","80 11:33.502","8","0","0","0","2427","0","0","0","N","0","0","0","2","02427","0","","1.0","","9","N","N","","0","","0","0","1","","2","","","2","1","0","0","0","1","0","2","0","2","","","","N","","","","","","","","","",""
"2015071530","","1","0","0","0","0","0","0","0","0","1","0","","02","7","2015","4","40.406187","-80.003569","","11","0","0","0","0","0","0","1","0","2","0","0","0","","","0","","2","","40 24:22.274","2","0","80 00:12.849","0","0","0","0","2301","0","0","0","N","0","0","0","5","02301","0","","1.0","","1","N","N","","0","","0","0","0","","0","N","","2","0","0","0","0","0","0","2","1","2","","","","N","","","","","","","","","",""
"2015071534","","2","0","0","0","0","0","0","0","0","4","0","","02","7","2015","7","40.542031","-80.012994","","11","0","0","0","0","0","0","1","0","","0","0","0","","","1","","1","","40 32:31.310","","0","80 00:46.779","4","0","0","0","2116","0","0","0","N","0","0","0","2","02116","1","","1.0","","1","N","N","","0","","0","0","0","","2","","","2","1","0","0","0","0","0","2","0","2","","","","N","","","","","","","","","",""
"2015069607","","3","0","0","0","0","0","0","0","0","1","0","","02","7","2015","2","40.350014","-79.871543","","11","0","0","0","0","0","0","0","0","1","0","0","0","","","2","","3","","40 21:00.051","3","0","79 52:17.553","8","0","0","0","2304","0","0","0","N","0","0","0","4","02304","0","","1.0","","9","N","N","","0","","0","0","0","","2","N","","3","2","0","0","0","2","2","2","0","3","","","","N","","","","","","","","","",""
"2015069891","","0","0","0","0","0","0","0","0","0","7","0","","02","7","2015","2","40.436413","-80.038503","","11","0","0","0","0","1","0","0","0","1","0","0","0","","","0","","0","","40 26:11.086","6","0","80 02:18.610","0","0","0","0","2301","0","0","0","N","0","0","0","2","02301","0","","2.0","","9","N","N","","0","","0","0","1","","0","N","","1","0","0","0","0","0","0","2","0","1","","","","N","","","","","","","","","",""
"2015069442","","1","0","0","0","0","0","0","0","0","7","0","","02","7","2015","6","40.444438","-79.779978","","11","0","0","0","0","0","0","0","0","2","0","0","0","","","0","","0","","40 26:39.976","6","0","79 46:47.920","0","0","0","0","2446","0","0","0","N","0","0","0","3","02446","0","","2.0","","9","N","N","","0","","0","0","0","","0","Y","","1","0","2","0","0","0","0","2","0","1","","","","N","","","","","","","","","",""
"2015070486","","1","0","0","0","0","0","0","0","0","7","0","","02","7","2015","4","40.406441","-80.018414","","11","0","0","0","0","0","0","0","0","2","0","0","0","","","0","","0","","40 24:23.187","1","0","80 01:06.289","0","0","0","0","2301","0","0","0","N","0","0","0","1","02301","0","","1.0","","1","N","N","","0","","0","0","0","","0","N","","1","0","0","0","0","0","0","2","0","1","","","","N","","","","","","","","","",""
"2015069443","","2","0","0","0","0","0","0","0","0","1","0","","02","7","2015","7","40.434885","-79.823338","","11","0","0","1","0","0","0","0","0","","0","0","0","","","1","","0","","40 26:05.587","","0","79 49:24.015","4","0","0","0","2419","0","0","0","N","0","0","0","3","02419","1","","1.0","","1","N","N","","0","","0","0","0","","0","","","2","1","0","0","0","0","0","2","0","2","","","","N","","","","","","","","","",""
"2015070781","","1","0","0","0","0","0","0","0","0","2","0","","02","7","2015","4","40.321148","-79.942158","","11","0","0","0","0","0","3","0","0","2","0","0","0","","","1","","1","","40 19:16.133","6","0","79 56:31.769","8","0","0","0","2454","0","0","0","N","0","0","0","3","02454","0","","1.0","","1","N","N","","0","","0","0","2","","2","Y","","3","1","0","0","0","1","0","2","0","3","","","","N","","","","","","","","","",""
"2015071293","","0","0","0","0","0","0","0","0","0","4","2","","02","7","2015","2","40.381902","-80.089836","","11","0","0","0","0","0","1","0","0","3","0","2","0","","","1","","0","","40 22:54.847","6","0","80 05:23.410","3","0","0","0","2117","0","0","0","Y","0","0","0","2","02117","0","","1.0","","1","N","N","","0","","1","0","0","","0","Y","","2","1","0","0","0","0","0","2","0","2","","","","N","","","","","","","","","",""
"2015071877","","2","0","0","0","0","0","0","0","0","4","0","","02","7","2015","1","40.330054","-79.987351","","11","0","0","0","0","0","0","0","1","","0","0","0","","","1","","1","","40 19:48.194","","0","79 59:14.462","4","0","0","0","2219","0","0","0","N","0","0","0","3","02219","1","","1.0","","1","N","N","","0","","0","0","0","","2","","","2","1","0","0","0","0","0","2","0","2","","","","N","","","","","","","","","",""
"2015070707","","2","0","0","0","0","0","0","0","0","5","0","40","02","6","2015","4","40.427063","-80.030704","","11","0","0","0","0","0","0","1","0","","0","0","0","","","0","","0","","40 25:37.428","","0","80 01:50.536","0","0","0","0","2301","0","0","0","N","0","0","0","2","68B03","0","","1.0","","1","N","N","","0","","0","0","0","","0","","","2","0","0","0","0","0","0","2","0","2","","","N","Y","2","1","N","N","Y","Y","N","N","N",""
"2015070050","","1","0","0","0","0","0","0","0","0","4","0","","02","7","2015","3","40.459193","-79.970767","","11","0","0","0","0","0","0","0","0","1","0","0","0","","","0","","1","","40 27:33.094","3","0","79 58:14.761","0","0","0","0","2301","0","0","0","N","0","0","0","2","02301","0","","1.0","","1","N","N","","0","","0","0","1","","2","N","","2","0","0","0","0","0","0","2","0","2","","","","N","","","","","","","","","",""
"2015069448","","1","0","0","0","0","0","0","0","0","7","0","","02","7","2015","6","40.441654","-80.002873","","11","0","0","0","0","0","0","0","0","2","0","0","0","","","0","","1","","40 26:29.954","3","0","80 00:10.342","0","0","0","0","2301","0","0","0","N","0","0","0","2","02301","0","","3.0","","9","N","N","","0","","0","0","0","","2","N","","1","0","0","0","0","0","0","2","0","1","","","","N","","","","","","","","","",""
"2015071503","","0","0","0","0","0","0","0","0","0","1","0","","02","7","2015","6","40.341418","-79.965416","","11","0","0","0","0","0","1","0","0","","0","0","0","","","1","","6","","40 20:29.106","","2","79 57:55.497","8","0","0","0","2454","0","0","0","Y","0","0","0","4","02454","0","","7.0","","1","N","N","","1","","0","0","1","","3","","","2","1","0","0","0","1","0","2","0","2","","","","N","","","","","","","","","",""
"2015070496","","2","0","0","0","0","0","0","0","0","1","0","","02","7","2015","6","40.429206","-79.707934","","11","0","0","0","0","1","0","0","0","1","0","0","0","","","1","","0","","40 25:45.142","3","0","79 42:28.563","4","0","0","0","2446","0","0","0","N","0","0","0","7","02446","1","","1.0","","1","N","N","","0","","0","0","1","","0","N","","3","1","1","0","0","0","0","2","0","3","","","","N","","","","","","","","","",""
"2015071504","","0","0","0","0","0","0","0","0","0","7","0","","02","7","2015","6","40.506248","-79.747251","","11","0","0","1","0","0","0","0","0","2","0","0","0","","","1","","0","","40 30:22.492","5","0","79 44:50.105","4","0","0","0","2466","0","0","0","N","0","0","0","2","02466","1","","2.0","","9","N","N","","0","","0","0","1","","0","N","","1","1","0","0","0","0","0","2","0","1","","","","N","","","","","","","","","",""
"2015070040","","1","0","0","0","0","0","0","0","0","4","0","","02","7","2015","7","40.513113","-80.222428","","11","0","0","0","0","0","1","0","0","1","0","0","0","","","1","","2","","40 30:47.205","2","0","80 13:20.742","3","0","0","0","2213","0","0","0","N","0","0","0","2","02213","0","","1.0","","1","N","N","","0","","1","0","1","","2","N","","2","1","0","0","0","0","0","2","0","2","","","","N","","","","","","","","","",""
"2015070056","","1","0","0","0","0","0","0","0","0","6","0","","02","7","2015","5","40.458094","-80.13775","","11","0","0","0","0","0","0","0","0","2","0","0","0","","","4","","0","","40 27:29.140","5","0","80 08:15.900","4","0","0","0","2115","0","0","0","N","0","0","0","6","02115","3","","1.0","","1","N","N","","0","","0","0","0","","0","Y","","2","4","0","0","0","1","0","2","1","2","","","","N","","","","","","","","","",""
"2015070802","","2","0","0","0","0","0","0","0","0","4","0","","02","7","2015","6","40.390765","-80.074126","","11","0","0","0","0","0","1","0","0","2","0","0","0","","","1","","0","","40 23:26.755","6","0","80 04:26.855","8","0","0","0","2117","0","0","0","N","0","0","0","3","02117","0","","1.0","","9","N","N","","0","","0","0","0","","0","N","","2","1","1","0","0","1","0","2","0","2","","","","N","","","","","","","","","",""
"2015071994","","1","0","0","0","0","0","0","0","0","1","0","","02","7","2015","1","40.533211","-79.968567","","11","0","0","0","0","0","0","0","0","","0","0","0","","","1","","0","","40 31:59.559","","0","79 58:06.842","8","0","0","0","2118","0","0","0","N","0","0","0","2","02118","0","","1.0","","1","N","N","","1","","0","0","0","","0","","","2","1","0","0","0","1","0","2","0","2","","","","N","","","","","","","","","",""
"2015069917","","0","0","0","0","0","0","0","0","0","7","0","","02","7","2015","5","40.567242","-80.210847","","11","0","0","0","0","0","0","0","0","3","0","0","0","","","0","","0","","40 34:02.071","5","0","80 12:39.049","0","0","0","0","2441","0","0","0","N","0","0","0","1","02441","0","","5.0","","1","N","N","","0","","0","0","1","","0","Y","","1","0","0","0","0","0","0","2","0","1","","","","N","","","","","","","","","",""
"2015069378","","1","0","0","0","0","0","0","0","0","7","0","","02","6","2015","3","40.492563","-79.91027","","11","0","0","0","0","0","0","0","0","2","0","0","0","","","1","","7","","40 29:33.225","1","8","79 54:36.973","4","0","0","0","2112","0","0","0","Y","0","0","0","1","68D02","1","","4.0","","1","N","N","","0","","0","0","0","","0","Y","","1","1","0","0","0","0","0","2","0","1","","","","N","","","","","","","","","",""
"2015071448","","0","0","0","0","0","0","0","0","0","1","0","","02","5","2015","4","40.426448","-79.916277","","11","0","0","0","0","0","2","0","0","","0","0","0","","","0","","0","","40 25:35.214","","4","79 54:58.598","0","0","0","0","2301","0","0","0","N","0","0","0","3","68B03","0","","1.0","","1","N","N","","1","","0","0","1","","0","","","2","0","0","0","0","0","0","2","0","2","","","","N","","","","","","","","","",""
"2015071449","","0","0","0","0","0","0","0","0","0","1","0","","02","7","2015","3","40.525844","-80.069726","","11","0","0","0","0","0","2","0","0","","0","0","0","","","0","","3","","40 31:33.040","","2","80 04:11.014","0","0","0","0","2215","0","0","0","N","0","0","0","2","68B03","0","","1.0","","1","N","N","","0","","0","0","2","","4","","","2","0","0","0","0","0","0","2","0","2","","","","N","","","","","","","","","",""
"2015070804","","2","0","0","0","0","0","0","0","0","4","0","","02","7","2015","4","40.427625","-79.72724","","11","0","0","0","0","0","1","0","0","1","0","0","0","","","0","","0","","40 25:39.451","3","0","79 43:38.063","0","0","0","0","2446","0","0","0","N","0","0","0","2","02446","0","","1.0","","1","N","N","","0","","0","0","0","","0","N","","2","0","0","0","0","0","0","2","0","2","","","","N","","","","","","","","","",""
"2015071727","","1","0","0","0","0","0","0","0","0","7","0","","02","7","2015","1","40.462669","-80.009078","","11","0","0","0","0","0","1","0","0","1","0","0","0","","","1","","0","","40 27:45.610","5","0","80 00:32.680","8","0","0","0","2301","0","0","0","N","0","0","0","1","02301","0","","5.0","","1","N","N","","0","","0","0","0","","0","Y","","1","1","0","0","0","1","0","2","0","1","","","","N","","","","","","","","","",""
"2015070806","","0","0","0","0","0","0","0","0","0","7","1","","02","7","2015","4","40.471389","-79.885","","11","0","0","0","0","0","0","0","0","4","0","1","0","","","0","","0","","40 28:17.000","6","0","79 53:06.000","0","0","0","0","2113","0","0","0","N","0","0","0","0","02113","0","","5.0","","1","N","N","","0","","0","0","0","","0","Y","","1","0","0","0","0","0","0","2","0","1","","","","N","","","","","","","","","",""
"2015069458","","1","0","0","0","0","0","0","0","0","7","0","","02","7","2015","7","40.439711","-79.934872","","11","0","0","0","0","0","0","0","0","","0","0","0","","","0","","2","","40 26:22.959","","0","79 56:05.539","0","0","0","0","2301","0","0","0","N","0","0","0","2","02301","0","","4.0","","1","N","N","","0","","0","0","0","","0","","","1","0","0","0","0","0","0","2","0","1","","","","N","","","","","","","","","",""
"2015056137","","1","0","0","0","0","0","0","0","0","4","0","","02","5","2015","2","40.397668","-79.769328","","11","0","0","0","0","1","1","0","0","2","0","0","0","","","1","","1","","40 23:51.606","4","0","79 46:09.579","8","0","0","0","2446","0","0","0","N","0","0","0","5","02446","0","","1.0","","1","N","N","","0","","0","0","1","","2","Y","","2","1","0","0","0","1","0","2","0","2","","","","N","","","","","","","","","",""
"2015071452","","2","0","0","0","0","0","0","0","0","5","0","","02","7","2015","5","40.495709","-79.868543","","11","0","0","0","0","1","1","0","0","","0","0","0","","","0","","0","","40 29:44.553","","0","79 52:06.755","0","0","0","0","2112","0","0","0","N","0","0","0","2","68D02","0","","1.0","","9","N","N","","0","","0","0","0","","0","","","2","0","0","0","0","0","0","2","0","2","","","","N","","","","","","","","","",""
"2015069459","","2","0","0","0","0","0","0","0","0","1","0","","02","7","2015","1","40.464431","-79.852353","","11","0","0","0","0","0","0","1","0","","0","0","0","","","1","","0","","40 27:51.950","","0","79 51:08.472","8","0","0","0","2113","0","0","0","N","0","0","0","2","02113","0","","1.0","","1","N","N","","0","","0","0","0","","0","","","2","1","0","0","0","1","0","2","0","2","","","","N","","","","","","","","","",""
"2015070808","","1","0","0","0","0","0","0","0","0","7","0","","02","7","2015","4","40.46339","-79.917517","","11","0","0","0","0","0","0","1","0","1","0","0","0","","","2","","2","","40 27:48.204","3","0","79 55:03.061","3","0","0","0","2301","0","0","0","N","0","0","0","3","02301","1","","3.0","","1","N","N","","0","","1","0","0","","2","N","","1","2","0","0","0","0","0","2","0","1","","","","N","","","","","","","","","",""
"2015054533","","1","0","0","0","0","0","0","0","0","2","0","","02","5","2015","4","40.3581","-80.050013","","11","0","0","0","0","0","0","0","0","2","0","0","0","","","1","","2","","40 21:29.161","5","0","80 03:00.047","4","0","0","0","2109","0","0","0","N","0","0","0","2","02109","1","","1.0","","1","N","N","","1","","0","0","0","","0","N","","2","1","0","0","0","0","0","2","0","2","","","","N","","","","","","","","","",""
"2015056142","","0","0","0","0","0","0","0","0","0","0","0","","02","5","2015","4","40.459513","-80.000057","","11","0","0","0","0","0","0","0","0","","0","0","0","","","1","","0","","40 27:34.245","","0","80 00:00.206","2","0","1","1","2301","0","0","0","N","0","0","0","1","02301","0","","1.0","","1","N","N","","0","","0","1","0","","0","","","1","1","0","0","0","0","0","2","0","1","","","","N","","","","","","","","","",""
"2015069462","","0","0","0","0","0","0","0","0","0","7","0","","02","7","2015","1","40.457705","-80.052432","","11","0","0","0","0","0","0","0","0","","0","0","0","","","0","","0","","40 27:27.738","","0","80 03:08.755","0","0","0","0","2301","0","0","0","N","0","0","0","1","02301","0","","4.0","","1","N","N","","0","","0","0","1","","0","","","1","0","0","0","0","0","0","2","0","1","","","","N","","","","","","","","","",""
"2015071389","","2","0","0","0","0","0","0","0","0","1","0","","02","7","2015","6","40.483057","-79.96237","","11","0","0","0","0","0","0","0","0","1","0","0","0","","","0","","0","","40 28:59.006","2","0","79 57:44.533","0","0","0","0","2118","0","0","0","N","0","0","0","3","02118","0","","1.0","","1","N","N","","0","","0","0","1","","0","N","","3","0","1","0","0","0","0","2","0","3","","","","N","","","","","","","","","",""
"2015069477","","4","0","0","0","0","0","0","0","0","5","0","","02","6","2015","1","40.458602","-79.942018","","11","0","0","0","0","0","0","0","0","2","0","0","0","","","1","","0","","40 27:30.967","7","0","79 56:31.264","4","0","0","0","2301","0","0","0","N","0","0","0","1","02301","1","","4.0","","1","N","N","","0","","0","0","1","","0","N","","5","1","0","0","0","0","0","2","0","5","","","","N","","","","","","","","","",""
"2015056836","","2","0","0","0","0","0","0","0","0","4","0","","02","5","2015","6","40.462475","-79.924362","","11","0","0","0","0","0","0","0","0","","0","0","0","","","0","","2","","40 27:44.910","","0","79 55:27.703","0","0","0","0","2301","0","0","0","N","0","0","0","2","02301","0","","1.0","","1","N","N","","0","","0","0","0","","3","","","2","0","0","0","0","0","0","2","0","2","","","","N","","","","","","","","","",""
"2015070800","","0","0","0","0","0","0","0","0","0","7","0","","02","7","2015","6","40.468156","-79.896763","","11","0","0","0","0","0","0","0","0","","0","0","0","","","0","","0","","40 28:05.363","","0","79 53:48.345","0","0","0","0","2301","0","0","0","N","0","0","0","1","02301","0","","5.0","","1","N","N","","0","","0","0","1","","0","","","1","0","0","0","0","0","0","2","0","1","","","","N","","","","","","","","","",""
"2015055323","","1","0","0","0","0","0","0","0","0","7","0","","02","5","2015","6","40.440438","-79.831798","","11","0","0","0","0","0","0","0","0","1","0","0","0","","","0","","0","","40 26:25.578","3","0","79 49:54.471","0","0","0","0","2419","0","0","0","N","0","0","0","1","68B03","0","","4.0","","1","N","N","","0","","0","0","0","","0","N","","1","0","0","0","0","0","0","2","0","1","","","","N","","","","","","","","","",""