"CRN","ARRIVAL_TM","AUTOMOBILE_COUNT","BELTED_DEATH_COUNT","BELTED_SUSP_SERIOUS_INJ_COUNT","BICYCLE_COUNT","BICYCLE_DEATH_COUNT","BICYCLE_SUSP_SERIOUS_INJ_COUNT","BUS_COUNT","CHLDPAS_DEATH_COUNT","CHLDPAS_SUSP_SERIOUS_INJ_COUNT","COLLISION_TYPE","COMM_VEH_COUNT","CONS_ZONE_SPD_LIM","COUNTY","CRASH_MONTH","CRASH_YEAR","DAY_OF_WEEK","DEC_LATITUDE","DEC_LONGITUDE","DISPATCH_TM","DISTRICT","DRIVER_COUNT_16YR","DRIVER_COUNT_17YR","DRIVER_COUNT_18YR","DRIVER_COUNT_19YR","DRIVER_COUNT_20YR","DRIVER_COUNT_50_64YR","DRIVER_COUNT_65_74YR","DRIVER_COUNT_75PLUS","EST_HRS_CLOSED","FATAL_COUNT","HEAVY_TRUCK_COUNT","HORSE_BUGGY_COUNT","HOUR_OF_DAY","ILLUMINATION","INJURY_COUNT","INTERSECTION_RELATED","INTERSECT_TYPE","LANE_CLOSED","LATITUDE","LN_CLOSE_DIR","LOCATION_TYPE","LONGITUDE","MAX_SEVERITY_LEVEL","MCYCLE_DEATH_COUNT","MCYCLE_SUSP_SERIOUS_INJ_COUNT","MOTORCYCLE_COUNT","MUNICIPALITY","NONMOTR_COUNT","NONMOTR_DEATH_COUNT","NONMOTR_SUSP_SERIOUS_INJ_COUNT","NTFY_HIWY_MAINT","PED_COUNT","PED_DEATH_COUNT","PED_SUSP_SERIOUS_INJ_COUNT","PERSON_COUNT","POLICE_AGCY","POSSIBLE_INJ_COUNT","RDWY_SURF_TYPE_CD","RELATION_TO_ROAD","ROADWAY_CLEARED","ROAD_CONDITION","SCH_BUS_IND","SCH_ZONE_IND","SECONDARY_CRASH","SMALL_TRUCK_COUNT","SPEC_JURIS_CD","SUSP_MINOR_INJ_COUNT","SUSP_SERIOUS_INJ_COUNT","SUV_COUNT","TCD_FUNC_CD","TCD_TYPE","TFC_DETOUR_IND","TIME_OF_DAY","TOTAL_UNITS","TOT_INJ_COUNT","UNBELTED_OCC_COUNT","UNB_DEATH_COUNT","UNB_SUSP_SERIOUS_INJ_COUNT","UNK_INJ_DEG_COUNT","UNK_INJ_PER_COUNT","URBAN_RURAL","VAN_COUNT","VEHICLE_COUNT","WEATHER1","WEATHER2","WORKERS_PRES","WORK_ZONE_IND","WORK_ZONE_LOC","WORK_ZONE_TYPE","WZ_CLOSE_DETOUR","WZ_FLAGGER","WZ_LAW_OFFCR_IND","WZ_LN_CLOSURE","WZ_MOVING","WZ_OTHER","WZ_SHLDER_MDN","WZ_WORKERS_INJ_KILLED"
"2015056900","","2","0","0","0","0","0","0","0","0","1","0","","02","5","2015","4","40.389989","-79.832248","","11","0","0","0","0","0","0","1","0","2","0","0","0","","","1","","0","","40 23:23.961","3","0","79 49:56.093","4","0","0","0","2111","0","0","0","N","0","0","0","1","02111","1","","1.0","","1","N","N","","0","","0","0","0","","0","N","","2","1","0","0","0","0","0","2","0","2","","","","N","","","","","","","","","",""
"2015071248","","1","0","0","0","0","0","0","0","0","7","0","","02","7","2015","5","40.620683","-79.968353","","11","0","0","0","0","0","0","0","0","","0","0","0","","","0","","0","","40 37:14.458","","0","79 58:06.070","0","0","0","0","2217","0","0","0","N","0","0","0","1","02505","0","","2.0","","1","N","N","","0","","0","0","0","","0","","","1","0","0","0","0","0","0","2","0","1","","","","N","","","","","","","","","",""
"2015071895","","1","0","0","0","0","0","0","0","0","7","0","","02","7","2015","1","40.39272","-79.934551","","11","0","0","0","0","0","1","0","0","3","0","0","0","","","0","","0","","40 23:33.791","2","1","79 56:04.384","0","0","0","0","2301","0","0","0","Y","0","0","0","1","02301","0","","5.0","","1","N","N","","0","","0","0","0","","0","Y","","1","0","0","0","0","0","0","2","0","1","","","","N","","","","","","","","","",""
"2015070004","","1","0","0","0","0","0","0","0","0","4","0","","02","7","2015","2","40.667551","-79.712813","","11","0","0","0","0","0","1","0","0","","0","0","0","","","0","","1","","40 40:03.182","","0","79 42:46.126","0","0","0","0","2106","0","0","0","N","0","0","0","3","02106","0","","1.0","","1","N","N","","0","","0","0","1","","1","","","2","0","0","0","0","0","0","2","0","2","","","","N","","","","","","","","","",""
"2015071391","","2","0","0","0","0","0","0","0","0","4","0","","02","7","2015","3","40.455874","-79.896331","","11","0","0","0","0","0","0","0","0","","0","0","0","","","1","","1","","40 27:21.146","","0","79 53:46.791","4","0","0","0","2301","0","0","0","N","0","0","0","3","02301","1","","1.0","","9","N","N","","0","","0","0","0","","0","","","2","1","0","0","0","0","0","2","0","2","","","","N","","","","","","","","","",""
"2015071737","","0","0","0","0","0","0","0","0","0","7","0","","02","6","2015","4","40.2949","-79.798533","","11","0","1","0","0","0","0","0","0","","0","0","0","","","1","","10","","40 17:41.640","","0","79 47:54.720","4","0","0","0","2120","0","0","0","N","0","0","0","1","02477","1","","5.0","","1","N","N","","0","","0","0","1","","0","","","1","1","0","0","0","0","0","1","0","1","","","","N","","","","","","","","","",""
"2015069930","","2","0","0","0","0","0","0","0","0","4","0","","02","6","2015","2","40.471985","-80.221119","","11","0","0","0","0","0","1","0","0","1","0","0","0","","","0","","2","","40 28:19.145","3","0","80 13:16.030","0","0","0","0","2213","0","0","0","N","0","0","0","2","02213","0","","1.0","","1","N","N","","0","","0","0","0","","2","N","","2","0","0","0","0","0","0","2","0","2","","","","N","","","","","","","","","",""
"2015070005","","0","0","0","0","0","0","0","0","0","7","0","","02","6","2015","2","40.431944","-80.094839","","11","0","0","0","0","0","0","0","0","3","0","0","0","","","0","","0","","40 25:55.000","5","0","80 05:41.420","0","0","0","0","2115","0","0","0","N","0","0","0","3","02115","0","","5.0","","1","N","N","","0","","0","0","1","","0","N","","1","0","0","0","0","0","0","2","0","1","","","","N","","","","","","","","","",""
"2015056081","","1","0","0","0","0","0","0","0","0","4","0","","02","5","2015","4","40.438013","-79.778576","","11","0","0","0","0","0","0","0","0","2","0","0","0","","","1","","0","","40 26:16.847","7","0","79 46:42.874","8","0","0","0","2446","0","0","0","N","0","0","0","3","02446","0","","1.0","","1","N","N","","0","","0","0","1","","3","Y","","2","1","1","0","0","1","0","2","0","2","","","","N","","","","","","","","","",""
"2015070530","","2","0","0","0","0","0","0","0","0","4","0","","02","7","2015","3","40.555242","-80.020735","","11","0","0","0","0","0","0","2","0","1","0","0","0","","","0","","7","","40 33:18.870","4","2","80 01:14.647","0","0","0","0","2108","0","0","0","N","0","0","0","3","02108","0","","1.0","","1","N","N","","0","","0","0","0","","4","N","","2","0","0","0","0","0","0","2","0","2","","","","N","","","","","","","","","",""
"2015069931","","1","0","0","0","0","0","0","0","0","1","0","","02","6","2015","3","40.518666","-80.222897","","11","0","1","0","0","0","0","0","0","","0","0","0","","","1","","0","","40 31:07.199","","0","80 13:22.429","4","0","0","0","2213","0","0","0","N","0","0","0","2","02213","1","","1.0","","1","N","N","","0","","0","0","1","","0","","","2","1","0","0","0","0","0","2","0","2","","","","N","","","","","","","","","",""
"2015069337","","2","0","0","0","0","0","0","0","0","4","0","","02","6","2015","4","40.387922","-80.082194","","11","0","0","0","0","0","1","0","0","","0","0","0","","","1","","2","","40 23:16.519","","0","80 04:55.898","2","0","0","0","2117","0","0","0","N","0","0","0","2","02117","0","","1.0","","1","N","N","","0","","0","1","0","","0","","","2","1","1","0","1","0","0","2","0","2","","","","N","","","","","","","","","",""
"2015069851","","1","0","0","0","0","0","0","0","0","4","0","","02","7","2015","2","40.3703","-80.100693","","11","0","0","0","0","0","1","0","1","2","0","0","0","","","2","","2","","40 22:13.080","4","7","80 06:02.494","4","0","0","0","2102","0","0","0","N","0","0","0","3","02102","2","","1.0","","1","N","N","","1","","0","0","0","","2","N","","2","2","1","0","0","0","0","2","0","2","","","","N","","","","","","","","","",""
"2015070531","","0","0","0","0","0","0","0","0","0","4","0","","02","7","2015","3","40.450739","-80.127686","","11","0","0","0","0","0","0","0","0","1","0","0","0","","","0","","0","","40 27:02.659","4","0","80 07:39.668","0","0","0","0","2115","0","0","0","N","0","0","0","3","02115","0","","1.0","","1","N","N","","0","","0","0","1","","0","N","","2","0","0","0","0","0","0","2","1","2","","","","N","","","","","","","","","",""
"2015071394","","1","0","0","0","0","0","0","0","0","1","0","","02","7","2015","6","40.429267","-79.999168","","11","0","0","0","0","0","1","0","0","","0","0","0","","","1","","2","","40 25:45.362","","3","79 59:57.003","4","0","0","1","2301","0","0","0","N","0","0","0","2","02301","1","","1.0","","1","N","N","","0","","0","0","0","","0","","","2","1","0","0","0","0","0","2","0","2","","","","N","","","","","","","","","",""
"2015071187","","2","0","0","0","0","0","0","0","0","1","0","","02","7","2015","5","40.396169","-79.94506","","11","0","0","0","0","0","0","0","0","2","0","0","0","","","0","","0","","40 23:46.209","2","0","79 56:42.215","0","0","0","0","2403","0","0","0","N","0","0","0","2","02403","0","","1.0","","9","N","N","","0","","0","0","0","","0","N","","2","0","0","0","0","0","0","2","0","2","","","","N","","","","","","","","","",""
"2015070532","","1","0","0","0","0","0","0","0","0","4","0","","02","6","2015","7","40.3368","-80.024417","","11","0","0","0","0","0","0","0","1","","0","0","0","","","0","","0","","40 20:12.480","","7","80 01:27.900","0","0","0","0","2407","0","0","0","N","0","0","0","2","02407","0","","1.0","","9","N","N","","0","","0","0","1","","3","","","2","0","0","0","0","0","0","2","0","2","","","","N","","","","","","","","","",""
"2015071899","","1","0","0","0","0","0","0","0","0","7","0","","02","7","2015","1","40.458662","-79.998496","","11","0","0","0","0","0","0","0","0","2","0","0","0","","","0","","2","","40 27:31.184","1","0","79 59:54.587","0","0","0","0","2301","0","0","0","N","0","0","0","1","02301","0","","3.0","","1","N","N","","0","","0","0","0","","0","Y","","1","0","0","0","0","0","0","2","0","1","","","","N","","","","","","","","","",""
"2015069484","","4","0","0","0","0","0","0","0","0","5","0","","02","7","2015","1","40.529669","-79.952563","","11","0","0","1","0","1","1","0","0","1","0","0","0","","","1","","1","","40 31:46.810","2","0","79 57:09.225","4","0","0","0","2118","0","0","0","N","0","0","0","9","02118","1","","1.0","","1","N","N","","0","","0","0","0","","2","N","","4","1","0","0","0","0","0","2","0","4","","","","N","","","","","","","","","",""
"2015056085","","1","0","0","0","0","0","0","0","0","1","0","","02","5","2015","4","40.442112","-79.912392","","11","0","0","0","0","0","1","0","0","","0","0","0","","","0","","2","","40 26:31.603","","0","79 54:44.611","0","0","0","0","2301","0","0","0","N","0","0","0","2","02301","0","","1.0","","1","N","N","","0","","0","0","1","","3","","","2","0","0","0","0","0","0","2","0","2","","","","N","","","","","","","","","",""
"2015071336","","1","0","0","0","0","0","0","0","0","1","0","","02","7","2015","6","40.489532","-79.911846","","11","0","0","0","0","1","0","0","0","","0","0","0","","","0","","0","","40 29:22.316","","3","79 54:42.646","0","0","0","0","2301","0","0","0","N","0","0","0","3","02301","0","","1.0","","1","N","N","","0","","0","0","1","","0","","","2","0","0","0","0","0","0","2","0","2","","","","N","","","","","","","","","",""
"2015069406","","2","0","0","0","0","0","0","0","0","6","0","","02","7","2015","1","40.511182","-79.777794","","11","0","1","0","0","0","0","0","0","2","0","0","0","","","1","","0","","40 30:40.255","5","0","79 46:40.059","4","0","0","0","2466","0","0","0","N","0","0","0","3","02466","1","","1.0","","1","N","N","","0","","0","0","0","","0","N","","2","1","2","0","0","0","0","2","0","2","","","","N","","","","","","","","","",""
"2015056087","","1","0","0","0","0","0","0","0","0","4","0","99","02","5","2015","4","40.588948","-80.10173","","11","0","1","0","0","0","0","0","0","","0","0","0","","","0","","1","","40 35:20.212","","0","80 06:06.228","0","0","0","0","2481","0","0","0","N","0","0","0","3","02481","0","","1.0","","1","N","N","","1","","0","0","0","","3","","","2","0","0","0","0","0","0","2","0","2","","","N","Y","5","1","","","N","","","","",""
"2015071742","","1","0","0","0","0","0","0","0","0","5","1","","02","7","2015","2","40.648963","-80.09674","","11","0","0","0","0","0","1","0","0","","0","1","0","","","0","","1","","40 38:56.265","","0","80 05:48.265","0","0","0","0","2212","0","0","0","N","0","0","0","3","02505","0","","2.0","","1","N","N","","0","","0","0","0","","2","","","2","0","0","0","0","0","0","2","0","2","","","","N","","","","","","","","","",""
"2015071902","","1","0","0","0","0","0","0","0","0","7","0","","02","7","2015","6","40.289642","-80.027597","","11","0","0","0","0","0","0","0","0","1","0","0","0","","","0","","0","","40 17:22.711","1","0","80 01:39.350","0","0","0","0","2219","0","0","0","N","0","0","0","1","02219","0","","2.0","","9","N","N","","0","","0","0","0","","0","N","","1","0","0","0","0","0","0","2","0","1","","","","N","","","","","","","","","",""
"2015070010","","2","0","0","0","0","0","0","0","0","1","0","","02","7","2015","1","40.428749","-79.706954","","11","0","0","0","0","0","1","0","0","1","0","0","0","","","0","","0","","40 25:43.497","4","0","79 42:25.036","0","0","0","0","2446","0","0","0","N","0","0","0","6","02446","0","","1.0","","1","N","N","","0","","0","0","2","","0","N","","4","0","0","0","0","0","0","2","0","4","","","","N","","","","","","","","","",""
"2015070820","","1","0","0","0","0","0","0","0","0","8","0","","02","7","2015","4","40.461057","-79.866331","","11","0","0","0","0","0","1","0","0","2","0","0","0","","","1","","1","","40 27:39.806","1","0","79 51:58.790","3","0","0","0","2113","1","0","0","N","1","0","0","2","02113","0","","1.0","","1","N","N","","0","","1","0","0","","2","Y","","2","1","0","0","0","0","0","2","0","1","","","","N","","","","","","","","","",""
"2015071191","","1","0","0","0","0","0","0","0","0","7","0","","02","7","2015","6","40.445414","-80.009602","","11","0","0","0","0","0","0","0","0","","0","0","0","","","0","","6","","40 26:43.491","","8","80 00:34.566","0","0","0","0","2301","0","0","0","Y","0","0","0","1","02301","0","","2.0","","1","N","N","","0","","0","0","0","","0","","","1","0","0","0","0","0","0","2","0","1","","","","N","","","","","","","","","",""
"2015069936","","1","0","0","0","0","0","0","0","0","7","0","","02","5","2015","7","40.429807","-79.956922","","11","0","0","0","0","0","0","0","0","1","0","0","0","","","0","","0","","40 25:47.304","4","0","79 57:24.919","0","0","0","0","2301","0","0","0","N","0","0","0","1","68B03","0","","4.0","","1","N","N","","0","","0","0","0","","0","N","","1","0","1","0","0","0","0","2","0","1","","","","N","","","","","","","","","",""
"2015069473","","0","0","0","0","0","0","0","0","0","0","0","","02","7","2015","2","40.592656","-80.109763","","11","0","0","0","0","0","0","0","0","","0","0","0","","","1","","0","","40 35:33.561","","0","80 06:35.145","3","0","0","1","2481","0","0","0","N","0","0","0","1","02481","0","","1.0","","1","N","N","","0","","1","0","0","","0","","","1","1","0","0","0","0","0","1","0","1","","","","N","","","","","","","","","",""
"2015056089","","0","0","0","0","0","0","0","0","0","1","0","35","02","5","2015","4","40.428936","-79.973448","","11","0","0","0","0","0","1","0","0","","0","0","0","","","3","","0","","40 25:44.170","","3","79 58:24.411","8","0","0","0","2301","0","0","0","Y","0","0","0","4","02301","0","","1.0","","1","Y","N","","0","","0","0","2","","0","","","3","3","0","0","0","3","0","2","1","3","","","Y","Y","4","2","","","N","Y","","","",""
"2015069937","","0","0","0","0","0","0","0","0","0","4","0","","02","7","2015","5","40.575188","-80.092936","","11","0","0","0","1","0","0","0","0","","0","0","0","","","0","","0","","40 34:30.678","","0","80 05:34.571","0","0","0","0","2481","0","0","0","N","0","0","0","2","68B03","0","","1.0","","1","N","N","","1","","0","0","1","","0","","","2","0","0","0","0","0","0","2","0","2","","","","N","","","","","","","","","",""
"2015071904","","2","0","0","0","0","0","0","0","0","1","0","","02","7","2015","1","40.459149","-79.874531","","11","0","0","0","1","0","0","0","0","","0","0","0","","","0","","2","","40 27:32.935","","0","79 52:28.311","0","0","0","0","2301","0","0","0","N","0","0","0","2","02301","0","","1.0","","1","N","N","","0","","0","0","0","","0","","","2","0","0","0","0","0","0","2","0","2","","","","N","","","","","","","","","",""
"2015071339","","1","0","0","0","0","0","0","0","0","1","0","","02","7","2015","6","40.348545","-79.864426","","11","0","0","1","0","0","0","0","0","1","0","0","0","","","1","","2","","40 20:54.762","1","0","79 51:51.935","8","0","0","0","2304","0","0","0","N","0","0","0","2","02304","0","","1.0","","1","N","N","","1","","0","0","0","","0","N","","2","1","0","0","0","1","0","2","0","2","","","","N","","","","","","","","","",""
"2015070012","","1","0","0","0","0","0","0","0","0","7","0","","02","6","2015","3","40.383781","-79.81947","","11","0","0","0","0","0","1","0","0","","0","0","0","","","0","","0","","40 23:01.611","","7","79 49:10.092","0","0","0","0","2111","0","0","0","N","0","0","0","1","02111","0","","4.0","","1","N","N","","0","","0","0","0","","0","","","1","0","0","0","0","0","0","2","0","1","","","","N","","","","","","","","","",""
"2015069345","","2","0","0","0","0","0","0","0","0","1","0","","02","6","2015","5","40.618779","-79.908108","","11","0","0","0","0","1","0","0","0","1","0","0","0","","","1","","2","","40 37:07.606","3","0","79 54:29.188","8","0","0","0","2220","0","0","0","N","0","0","0","2","02220","0","","1.0","","1","N","N","","0","","0","0","0","","0","N","","2","1","0","0","0","1","0","2","0","2","","","","N","","","","","","","","","",""
"2015070013","","1","0","0","0","0","0","0","0","0","7","0","","02","7","2015","2","40.42677","-80.057947","","11","0","0","0","0","0","1","0","0","","0","0","0","","","0","","0","","40 25:36.372","","0","80 03:28.609","0","0","0","0","2301","0","0","0","N","0","0","0","1","02301","0","","5.0","","1","N","N","","0","","0","0","0","","0","","","1","0","0","0","0","0","0","2","0","1","","","","N","","","","","","","","","",""
"2015069490","","0","0","0","0","0","0","0","0","0","7","0","","02","7","2015","2","40.330054","-79.987351","","11","0","0","0","0","0","1","0","0","1","0","0","0","","","1","","1","","40 19:48.194","4","0","79 59:14.462","4","0","0","0","2219","0","0","0","N","0","0","0","1","02219","1","","2.0","","1","N","N","","0","","0","0","0","","2","N","","1","1","0","0","0","0","0","2","1","1","","","","N","","","","","","","","","",""
"2015071342","","0","0","0","0","0","0","0","0","0","1","0","","02","7","2015","6","40.487724","-79.920112","","11","0","0","0","0","0","1","0","0","","0","0","0","","","0","","0","","40 29:15.807","","0","79 55:12.404","0","0","0","0","2301","0","0","0","N","0","0","0","2","02301","0","","1.0","","1","N","N","","2","","0","0","0","","0","","","2","0","0","0","0","0","0","2","0","2","","","","N","","","","","","","","","",""
"2015070826","","1","0","0","0","0","0","0","0","0","1","0","","02","7","2015","4","40.508639","-80.090356","","11","0","0","0","0","0","1","0","0","2","0","0","0","","","0","","3","","40 30:31.100","2","0","80 05:25.281","0","0","0","0","2405","0","0","0","N","0","0","0","2","02215","0","","1.0","","9","N","N","","0","","0","0","1","","0","N","","2","0","0","0","0","0","0","2","0","2","","","","N","","","","","","","","","",""
"2015070017","","1","0","0","0","0","0","0","0","0","2","0","","02","6","2015","3","40.351808","-79.855426","","11","0","0","0","0","0","0","0","0","","0","0","0","","","1","","0","","40 21:06.508","","0","79 51:19.533","4","0","0","0","2304","0","0","0","N","0","0","0","2","02304","1","","1.0","","1","N","N","","0","","0","0","1","","0","","","2","1","0","0","0","0","0","2","0","2","","","","N","","","","","","","","","",""
"2015070469","","0","0","0","0","0","0","0","0","0","7","0","","02","7","2015","4","40.419144","-79.989053","","11","0","0","0","0","0","0","0","0","","0","0","0","","","1","","0","","40 25:08.920","","0","79 59:20.590","4","0","0","0","2301","0","0","0","N","0","0","0","2","02301","1","","2.0","","9","N","N","","0","","0","0","1","","3","","","1","1","0","0","0","0","0","2","0","1","","","","N","","","","","","","","","",""
"2015071263","","0","0","0","0","0","0","0","0","0","7","0","","02","7","2015","5","40.421453","-79.906431","","11","0","0","0","0","0","0","0","0","","0","0","0","","","1","","0","","40 25:17.230","","0","79 54:23.150","4","0","0","0","2301","0","0","0","N","0","0","0","1","02301","1","","2.0","","9","N","N","","1","","0","0","0","","0","","","1","1","0","0","0","0","0","2","0","1","","","","N","","","","","","","","","",""
"2015071345","","0","0","0","0","0","0","0","0","0","99","0","","02","7","2015","2","40.656044","-80.093489","","11","0","0","0","0","0","1","0","0","","0","0","0","","","1","","0","","40 39:21.757","","0","80 05:36.559","4","0","0","0","2212","0","0","0","N","0","0","0","2","02505","1","","1.0","","9","N","N","","0","","0","0","1","","0","","","2","1","0","0","0","0","0","2","1","2","","","","N","","","","","","","","","",""
"2015070081","","0","0","0","0","0","0","0","0","0","7","0","","02","7","2015","3","40.441878","-80.042588","","11","0","0","0","1","0","0","0","0","","0","0","0","","","0","","0","","40 26:30.760","","0","80 02:33.316","0","0","0","0","2301","0","0","0","N","0","0","0","1","02301","0","","5.0","","1","N","N","","0","","0","0","0","","0","","","1","0","1","0","0","0","0","2","1","1","","","","N","","","","","","","","","",""
"2015071753","","1","0","0","0","0","0","0","0","0","5","0","","02","7","2015","7","40.434894","-79.917639","","11","0","0","0","0","0","0","0","0","","0","0","0","","","0","","0","","40 26:05.620","","0","79 55:03.500","0","0","0","0","2301","0","0","0","N","0","0","0","0","02301","0","","4.0","","98","N","N","","0","","0","0","1","","0","","","2","0","0","0","0","0","0","2","0","2","","","","N","","","","","","","","","",""
"2015070019","","0","0","0","0","0","0","0","0","0","7","0","","02","5","2015","5","40.494276","-79.747055","","11","0","0","0","0","1","0","0","0","","0","0","0","","","0","","0","","40 29:39.395","","0","79 44:49.399","0","0","0","0","2466","0","0","0","N","0","0","0","1","02466","0","","5.0","","1","N","N","","1","","0","0","0","","0","","","1","0","1","0","0","0","0","2","0","1","","","","N","","","","","","","","","",""
"2015071409","","3","0","0","0","0","0","0","0","0","4","0","","02","7","2015","6","40.332256","-79.945883","","11","0","0","0","0","0","0","1","0","2","0","0","0","","","2","","0","","40 19:56.123","1","0","79 56:45.178","8","0","0","0","2454","0","0","0","N","0","0","0","5","02454","0","","1.0","","1","N","N","","0","","0","0","0","","2","N","","3","2","0","0","0","2","0","2","0","3","","","","N","","","","","","","","","",""
"2015070830","","0","0","0","0","0","0","0","0","0","7","0","","02","7","2015","4","40.418333","-79.991923","","11","0","0","0","0","0","0","0","0","","0","0","0","","","0","","0","","40 25:05.998","","0","79 59:30.922","0","0","0","0","2301","0","0","0","N","0","0","0","0","02301","0","","4.0","","9","N","N","","0","","0","0","1","","0","","","1","0","0","0","0","0","0","2","0","1","","","","N","","","","","","","","","",""
"2015070471","","1","0","0","0","0","0","0","0","0","2","0","","02","7","2015","4","40.467342","-80.087267","","11","0","0","0","0","0","1","0","0","","0","0","0","","","0","","0","","40 28:02.430","","0","80 05:14.160","0","0","0","0","2126","0","0","0","N","0","0","0","3","02126","0","","1.0","","9","N","N","","0","","0","0","1","","0","","","2","0","0","0","0","0","0","2","0","2","","","","N","","","","","","","","","",""
"2015069879","","3","0","0","0","0","0","0","0","0","4","0","","02","7","2015","2","40.460978","-79.867019","","11","0","0","0","0","0","2","0","0","2","0","0","0","","","0","","0","","40 27:39.520","4","0","79 52:01.268","0","0","0","0","2113","0","0","0","N","0","0","0","3","02113","0","","1.0","","1","N","N","","0","","0","0","0","","2","N","","3","0","0","0","0","0","0","2","0","3","","","","N","","","","","","","","","",""
"2015071347","","0","0","0","0","0","0","0","0","0","1","1","","02","7","2015","6","40.545686","-80.193945","","11","0","0","0","0","0","0","0","0","1","0","1","0","","","0","","1","","40 32:44.469","1","0","80 11:38.203","0","0","0","0","2427","0","0","0","N","0","0","0","2","02427","0","","1.0","","1","N","N","","1","","0","0","0","","2","N","","2","0","0","0","0","0","0","2","0","2","","","","N","","","","","","","","","",""
"2015069418","","1","0","0","0","0","0","0","0","0","5","0","","02","6","2015","3","40.357969","-79.981198","","11","0","0","0","0","0","1","0","0","","0","0","0","","","1","","0","","40 21:28.689","","0","79 58:52.314","8","0","0","0","2476","0","0","0","N","0","0","0","2","68B03","0","","1.0","","1","N","N","","0","","0","0","1","","0","","","2","1","0","0","0","1","0","2","0","2","","","","N","","","","","","","","","",""
"2015069880","","2","0","0","0","0","0","0","0","0","1","0","","02","7","2015","2","40.456534","-79.990245","","11","0","0","0","0","0","0","0","0","1","0","0","0","","","0","","7","","40 27:23.524","7","2","79 59:24.881","0","0","0","0","2301","0","0","0","N","0","0","0","2","02301","0","","1.0","","1","N","N","","0","","0","0","0","","0","N","","2","0","0","0","0","0","0","2","0","2","","","","N","","","","","","","","","",""
"2015070690","","0","0","0","0","0","0","0","0","0","1","0","","02","7","2015","4","40.386897","-79.980917","","11","0","0","0","0","0","0","0","0","","0","0","0","","","1","","0","","40 23:12.830","","0","79 58:51.300","8","0","0","0","2301","0","0","0","N","0","0","0","1","02301","0","","1.0","","1","N","N","","1","","0","0","1","","0","","","2","1","0","0","0","1","0","2","0","2","","","","N","","","","","","","","","",""
"2015070835","","1","0","0","0","0","0","0","0","0","4","0","","02","7","2015","5","40.345005","-79.83949","","11","0","0","0","0","0","0","0","0","","0","0","0","","","0","","0","","40 20:42.018","","0","79 50:22.164","9","0","0","0","2304","0","0","0","N","0","0","0","1","02304","0","","4.0","","1","N","N","","1","","0","0","1","","0","","","3","0","0","0","0","0","1","2","0","3","","","","N","","","","","","","","","",""
"2015071280","","1","0","0","0","0","0","0","0","0","4","0","","02","7","2015","6","40.465121","-79.931881","","11","0","0","0","0","0","0","0","0","","0","0","0","","","1","","1","","40 27:54.435","","0","79 55:54.771","8","0","0","0","2301","0","0","0","N","0","0","0","2","02301","0","","1.0","","9","N","N","","0","","0","0","1","","3","","","2","1","0","0","0","1","0","2","0","2","","","","N","","","","","","","","","",""
"2015070691","","2","0","0","0","0","0","0","0","0","1","0","","02","7","2015","4","40.477664","-79.785484","","11","0","0","0","0","0","1","0","1","","0","0","0","","","0","","1","","40 28:39.592","","0","79 47:07.743","0","0","0","0","2113","0","0","0","N","0","0","0","4","02113","0","","1.0","","1","N","N","","0","","0","0","0","","0","","","2","0","0","0","0","0","0","2","0","2","","","","N","","","","","","","","","",""
"2015070476","","2","0","0","0","0","0","0","0","0","4","0","","02","7","2015","3","40.34526","-79.842095","","11","0","0","0","0","0","1","0","0","1","0","0","0","","","0","","1","","40 20:42.936","1","0","79 50:31.542","0","0","0","0","2304","0","0","0","N","0","0","0","3","02304","0","","1.0","","1","N","N","","0","","0","0","0","","3","N","","2","0","0","0","0","0","0","2","0","2","","","","N","","","","","","","","","",""
"2015071268","","2","0","0","0","0","0","0","0","0","1","0","","02","7","2015","2","40.673234","-80.115253","","11","0","0","0","0","0","1","0","0","","0","0","0","","","1","","0","","40 40:23.641","","0","80 06:54.912","4","0","0","0","2212","0","0","0","N","0","0","0","3","02505","1","","1.0","","9","N","N","","0","","0","0","0","","0","","","2","1","0","0","0","0","0","2","0","2","","","","N","","","","","","","","","",""
"2015069501","","1","0","0","0","0","0","0","0","0","1","0","","02","6","2015","3","40.427025","-79.920163","","11","0","0","0","0","0","0","0","0","1","0","0","0","","","0","","0","","40 25:37.289","3","4","79 55:12.587","0","0","0","0","2301","0","0","0","N","0","0","0","3","68B03","0","","1.0","","1","N","N","","1","","0","0","1","","0","N","","3","0","0","0","0","0","0","2","0","3","","","","N","","","","","","","","","",""
"2015069356","","1","0","0","0","0","0","0","0","0","4","0","","02","7","2015","7","40.492952","-79.762622","","11","0","0","0","0","0","1","0","0","","0","0","0","","","1","","0","","40 29:34.628","","0","79 45:45.440","4","0","0","0","2466","0","0","0","N","0","0","0","5","02466","1","","1.0","","1","N","N","","0","","0","0","1","","0","","","2","1","0","0","0","0","0","2","0","2","","","","N","","","","","","","","","",""
"2015071270","","1","0","0","0","0","0","0","0","0","4","1","","02","7","2015","4","40.368431","-79.779301","","11","0","0","0","0","1","1","0","0","2","0","1","0","","","2","","0","","40 22:06.350","2","0","79 46:45.484","8","0","0","0","2111","0","0","0","N","0","0","0","3","02111","0","","1.0","","1","N","N","","0","","0","0","1","","2","Y","","3","2","0","0","0","2","0","2","0","3","","","","N","","","","","","","","","",""