"CRN","ARRIVAL_TM","AUTOMOBILE_COUNT","BELTED_DEATH_COUNT","BELTED_SUSP_SERIOUS_INJ_COUNT","BICYCLE_COUNT","BICYCLE_DEATH_COUNT","BICYCLE_SUSP_SERIOUS_INJ_COUNT","BUS_COUNT","CHLDPAS_DEATH_COUNT","CHLDPAS_SUSP_SERIOUS_INJ_COUNT","COLLISION_TYPE","COMM_VEH_COUNT","CONS_ZONE_SPD_LIM","COUNTY","CRASH_MONTH","CRASH_YEAR","DAY_OF_WEEK","DEC_LATITUDE","DEC_LONGITUDE","DISPATCH_TM","DISTRICT","DRIVER_COUNT_16YR","DRIVER_COUNT_17YR","DRIVER_COUNT_18YR","DRIVER_COUNT_19YR","DRIVER_COUNT_20YR","DRIVER_COUNT_50_64YR","DRIVER_COUNT_65_74YR","DRIVER_COUNT_75PLUS","EST_HRS_CLOSED","FATAL_COUNT","HEAVY_TRUCK_COUNT","HORSE_BUGGY_COUNT","HOUR_OF_DAY","ILLUMINATION","INJURY_COUNT","INTERSECTION_RELATED","INTERSECT_TYPE","LANE_CLOSED","LATITUDE","LN_CLOSE_DIR","LOCATION_TYPE","LONGITUDE","MAX_SEVERITY_LEVEL","MCYCLE_DEATH_COUNT","MCYCLE_SUSP_SERIOUS_INJ_COUNT","MOTORCYCLE_COUNT","MUNICIPALITY","NONMOTR_COUNT","NONMOTR_DEATH_COUNT","NONMOTR_SUSP_SERIOUS_INJ_COUNT","NTFY_HIWY_MAINT","PED_COUNT","PED_DEATH_COUNT","PED_SUSP_SERIOUS_INJ_COUNT","PERSON_COUNT","POLICE_AGCY","POSSIBLE_INJ_COUNT","RDWY_SURF_TYPE_CD","RELATION_TO_ROAD","ROADWAY_CLEARED","ROAD_CONDITION","SCH_BUS_IND","SCH_ZONE_IND","SECONDARY_CRASH","SMALL_TRUCK_COUNT","SPEC_JURIS_CD","SUSP_MINOR_INJ_COUNT","SUSP_SERIOUS_INJ_COUNT","SUV_COUNT","TCD_FUNC_CD","TCD_TYPE","TFC_DETOUR_IND","TIME_OF_DAY","TOTAL_UNITS","TOT_INJ_COUNT","UNBELTED_OCC_COUNT","UNB_DEATH_COUNT","UNB_SUSP_SERIOUS_INJ_COUNT","UNK_INJ_DEG_COUNT","UNK_INJ_PER_COUNT","URBAN_RURAL","VAN_COUNT","VEHICLE_COUNT","WEATHER1","WEATHER2","WORKERS_PRES","WORK_ZONE_IND","WORK_ZONE_LOC","WORK_ZONE_TYPE","WZ_CLOSE_DETOUR","WZ_FLAGGER","WZ_LAW_OFFCR_IND","WZ_LN_CLOSURE","WZ_MOVING","WZ_OTHER","WZ_SHLDER_MDN","WZ_WORKERS_INJ_KILLED"
"2015071284","","1","0","0","0","0","0","0","0","0","8","0","","02","7","2015","6","40.407708","-79.991578","","11","0","0","0","0","0","0","0","0","","1","0","0","","","0","","0","","40 24:27.750","","0","79 59:29.680","1","0","0","0","2301","1","1","0","Y","1","1","0","2","02301","0","2","1.0","","9","N","N","","0","0","0","0","0","","0","","","2","0","0","0","0","0","0","2","0","1","","","","N","","","","","","","","","",""
"2015071866","","1","0","0","0","0","0","0","0","0","5","0","","02","7","2015","1","40.422072","-80.046059","","11","0","0","1","0","0","1","0","0","2","0","0","0","","","2","","1","","40 25:19.459","1","2","80 02:45.813","3","0","0","1","2435","0","0","0","N","0","0","0","3","02435","1","","1.0","","9","N","N","","0","","1","0","0","","2","N","","2","2","0","0","0","0","0","2","0","2","","","","N","","","","","","","","","",""
"2015069357","","2","0","0","0","0","0","0","0","0","5","0","","02","7","2015","5","40.405949","-79.912151","","11","1","0","0","0","0","2","0","0","","0","0","0","","","0","","0","","40 24:21.418","","0","79 54:43.745","0","0","0","0","2438","0","0","0","N","0","0","0","3","02438","0","","1.0","","1","N","N","","0","","0","0","1","","2","","","3","0","0","0","0","0","0","2","0","3","","","","N","","","","","","","","","",""
"2015070025","","2","0","0","0","0","0","0","0","0","4","0","","02","6","2015","5","40.529919","-79.771404","","11","0","0","0","0","0","1","0","0","","0","0","0","","","0","","2","","40 31:47.709","","0","79 46:17.054","0","0","0","0","2466","0","0","0","N","0","0","0","2","02466","0","","1.0","","1","N","N","","0","","0","0","0","","0","","","2","0","1","0","0","0","0","1","0","2","","","","N","","","","","","","","","",""
"2015071415","","1","0","0","0","0","0","0","0","0","5","1","","02","7","2015","6","40.430804","-79.729186","","11","0","0","0","0","0","0","1","0","","0","1","0","","","0","","0","","40 25:50.895","","0","79 43:45.069","0","0","0","0","2446","0","0","0","N","0","0","0","2","02446","0","","1.0","","1","N","N","","0","","0","0","0","","0","","","2","0","0","0","0","0","0","2","0","2","","","","N","","","","","","","","","",""
"2015071271","","1","0","0","0","0","0","0","0","0","4","0","","02","7","2015","6","40.428447","-79.930998","","11","0","0","0","0","0","1","0","0","","0","0","0","","","0","","7","","40 25:42.409","","2","79 55:51.592","0","0","0","0","2301","0","0","0","N","0","0","0","3","02301","0","","1.0","","1","N","N","","0","","0","0","0","","0","","","2","0","0","0","0","0","0","2","1","2","","","","N","","","","","","","","","",""
"2015071432","","1","0","0","0","0","0","0","0","0","7","0","","02","7","2015","7","40.411014","-80.005933","","11","0","0","0","0","0","1","0","0","","0","0","0","","","0","","1","","40 24:39.651","","0","80 00:21.360","0","0","0","0","2301","0","0","0","N","0","0","0","1","02301","0","","2.0","","1","N","N","","0","","0","0","0","","0","","","1","0","0","0","0","0","0","2","0","1","","","","N","","","","","","","","","",""
"2015056105","","1","0","0","0","0","0","0","0","0","4","0","","02","5","2015","4","40.400088","-80.023753","","11","0","0","0","0","0","0","0","0","","0","0","0","","","0","","2","","40 24:00.316","","0","80 01:25.511","0","0","0","0","2301","0","0","0","N","0","0","0","2","02301","0","","1.0","","1","N","N","","0","","0","0","1","","3","","","2","0","0","0","0","0","0","2","0","2","","","","N","","","","","","","","","",""
"2015070554","","1","0","0","0","0","0","0","0","0","4","1","","02","6","2015","2","40.448088","-80.063932","","11","0","0","0","0","0","0","0","0","2","0","0","0","","","7","","2","","40 26:53.116","4","0","80 03:50.155","8","0","0","0","2301","0","0","0","N","0","0","0","10","02301","0","","1.0","","1","Y","N","","0","","0","0","0","","0","N","","2","7","0","0","0","7","1","2","1","2","","","","N","","","","","","","","","",""
"2015071273","","0","0","0","0","0","0","0","0","0","7","0","","02","6","2015","1","40.523729","-79.833698","","11","0","0","0","0","0","0","0","0","","0","0","0","","","0","","0","","40 31:25.424","","0","79 50:01.314","0","0","0","0","2451","0","0","0","N","0","0","0","1","02451","0","","5.0","","98","N","N","","0","","0","0","1","","0","","","1","0","0","0","0","0","0","2","0","1","","","","N","","","","","","","","","",""
"2015056106","","1","0","0","0","0","0","0","0","0","1","0","90","02","5","2015","3","40.390703","-79.799194","","11","0","0","0","0","0","1","0","0","2","0","0","0","","","1","","0","","40 23:26.530","2","0","79 47:57.100","4","0","0","0","2111","0","0","0","N","0","0","0","4","02111","1","","1.0","","1","N","N","","1","","0","0","0","","0","N","","2","1","3","0","0","0","0","2","0","2","","","Y","Y","4","2","","","N","","Y","","Y",""
"2015071434","","1","0","0","0","0","0","0","0","0","1","0","","02","7","2015","3","40.353784","-80.050129","","11","0","0","0","0","0","0","1","0","2","0","0","0","","","0","","0","","40 21:13.622","1","0","80 03:00.463","0","0","0","0","2109","0","0","0","N","0","0","0","2","02109","0","","1.0","","9","N","N","","0","","0","0","1","","2","N","","2","0","0","0","0","0","0","2","0","2","","","","N","","","","","","","","","",""
"2015069438","","1","0","0","0","0","0","0","0","0","1","0","","02","7","2015","1","40.462499","-79.857339","","11","0","0","0","0","0","0","0","0","","0","0","0","","","1","","2","","40 27:44.998","","0","79 51:26.422","8","0","0","1","2113","0","0","0","N","0","0","0","4","02113","0","","1.0","","1","N","N","","0","","0","0","0","","0","","","2","1","0","0","0","1","0","2","0","2","","","","N","","","","","","","","","",""
"2015071288","","1","0","0","0","0","0","0","0","0","1","1","","02","7","2015","6","40.432291","-79.865057","","11","0","0","0","0","0","0","1","0","2","0","1","0","","","0","","1","","40 25:56.248","3","0","79 51:54.205","0","0","0","0","2431","0","0","0","N","0","0","0","6","02431","0","","1.0","","1","N","N","","1","","0","0","0","","2","N","","3","0","0","0","0","0","0","2","0","3","","","","N","","","","","","","","","",""
"2015071435","","1","0","0","0","0","0","0","0","0","1","1","","02","7","2015","6","40.353289","-80.050186","","11","0","0","0","0","0","0","0","1","2","0","1","0","","","1","","0","","40 21:11.840","5","0","80 03:00.668","8","0","0","0","2109","0","0","0","N","0","0","0","2","02109","0","","1.0","","9","N","N","","0","","0","0","0","","0","N","","2","1","0","0","0","1","0","2","0","2","","","","N","","","","","","","","","",""
"2015070701","","2","0","0","0","0","0","0","0","0","1","0","","02","7","2015","4","40.50922","-80.202388","","11","0","0","0","0","0","1","0","0","","0","0","0","","","2","","2","","40 30:33.192","","0","80 12:08.597","8","0","0","0","2213","0","0","0","N","0","0","0","4","02213","0","","1.0","","1","N","N","","0","","0","0","0","","3","","","2","2","0","0","0","2","0","2","0","2","","","","N","","","","","","","","","",""
"2015055301","","3","0","0","0","0","0","0","0","0","4","0","","02","5","2015","1","40.45566","-79.999784","","11","0","0","0","0","0","0","0","0","1","0","0","0","","","0","","0","","40 27:20.377","2","0","79 59:59.224","0","0","0","0","2301","0","0","0","N","0","0","0","1","02301","0","","6.0","","1","N","N","","0","","0","0","1","","0","N","","4","0","0","0","0","0","0","2","0","4","","","","N","","","","","","","","","",""
"2015056189","","1","0","0","0","0","0","0","0","0","1","0","","02","5","2015","4","40.489657","-79.78351","","11","0","0","0","0","0","2","0","0","","0","0","0","","","0","","2","","40 29:22.765","","0","79 47:00.636","0","0","0","0","2113","0","0","0","N","0","0","0","3","02466","0","","1.0","","1","N","N","","0","","0","0","1","","0","","","2","0","0","0","0","0","0","2","0","2","","","","N","","","","","","","","","",""
"2015054516","","1","0","0","0","0","0","0","0","0","1","0","","02","5","2015","5","40.352515","-80.114695","","11","0","1","0","0","0","1","0","0","","0","0","0","","","1","","2","","40 21:09.054","","0","80 06:52.902","8","0","0","0","2119","0","0","0","N","0","0","0","5","02119","0","","1.0","","1","N","N","","1","","0","0","1","","2","","","3","1","0","0","0","1","0","2","0","3","","","","N","","","","","","","","","",""
"2015054661","","0","0","0","0","0","0","0","0","0","1","0","","02","5","2015","6","40.343117","-79.964051","","11","0","0","0","0","0","1","0","0","1","0","0","0","","","1","","2","","40 20:35.221","3","0","79 57:50.585","8","0","0","1","2454","0","0","0","N","0","0","0","2","02454","0","","1.0","","1","N","N","","0","","0","0","1","","0","Y","","2","1","0","0","0","1","0","2","0","2","","","","N","","","","","","","","","",""
"2015056325","","1","0","0","0","0","0","0","0","0","4","0","","02","5","2015","5","40.408236","-80.084614","","11","0","0","0","0","0","1","0","0","","0","0","0","","","1","","1","","40 24:29.650","","0","80 05:04.610","8","0","0","0","2102","0","0","0","N","0","0","0","2","02415","0","","1.0","","1","N","N","","0","","0","0","1","","0","","","2","1","0","0","0","1","0","2","0","2","","","","N","","","","","","","","","",""
"2015055596","","1","0","0","0","0","0","0","0","0","8","0","","02","5","2015","3","40.439811","-79.959355","","11","0","0","0","0","0","0","0","0","","0","0","0","","","1","","1","","40 26:23.319","","0","79 57:33.678","8","0","0","0","2301","1","0","0","N","1","0","0","2","02301","0","","1.0","","1","N","N","","0","","0","0","0","","2","","","2","1","0","0","0","1","0","2","0","1","","","","N","","","","","","","","","",""
"2015054517","","1","0","0","0","0","0","0","0","0","7","0","","02","5","2015","6","40.620545","-80.065082","","11","0","0","0","1","0","0","0","0","","0","0","0","","","1","","0","","40 37:13.962","","0","80 03:54.295","3","0","0","0","2216","0","0","0","N","0","0","0","1","02505","0","","5.0","","1","N","N","","0","","1","0","0","","0","","","1","1","0","0","0","0","0","2","0","1","","","","N","","","","","","","","","",""
"2015056191","","1","0","0","0","0","0","0","0","0","7","0","","02","5","2015","5","40.419741","-80.008575","","11","0","0","0","0","0","1","0","0","","0","0","0","","","0","","0","","40 25:11.067","","0","80 00:30.870","0","0","0","0","2301","0","0","0","N","0","0","0","1","02301","0","","5.0","","1","N","N","","0","","0","0","0","","0","","","1","0","0","0","0","0","0","2","0","1","","","","N","","","","","","","","","",""
"2015054735","","2","0","0","0","0","0","0","0","0","4","0","","02","5","2015","6","40.633096","-79.853574","","11","0","0","0","0","0","1","0","0","2","0","0","0","","","0","","2","","40 37:59.145","2","0","79 51:12.866","0","0","0","0","2220","0","0","0","N","0","0","0","3","02220","0","","1.0","","1","N","N","","0","","0","0","0","","3","Y","","2","0","0","0","0","0","0","2","0","2","","","","N","","","","","","","","","",""
"2015054519","","0","0","0","0","0","0","0","0","0","5","0","","02","5","2015","6","40.423317","-79.985025","","11","0","0","0","0","0","0","0","0","1","0","0","0","","","0","","0","","40 25:23.940","6","0","79 59:06.090","0","0","0","0","2301","0","0","0","N","0","0","0","1","02301","0","","1.0","","1","N","N","","1","","0","0","1","","0","N","","2","0","0","0","0","0","0","2","0","2","","","","N","","","","","","","","","",""
"2015054666","","2","0","0","0","0","0","0","0","0","4","0","","02","5","2015","5","40.331792","-80.021397","","11","0","0","0","0","0","1","0","0","","0","0","0","","","1","","0","","40 19:54.452","","0","80 01:17.028","4","0","0","0","2407","0","0","0","N","0","0","0","2","02407","1","","1.0","","1","N","N","","0","","0","0","0","","0","","","2","1","0","0","0","0","0","2","0","2","","","","N","","","","","","","","","",""
"2015055585","","5","0","0","0","0","0","0","0","0","5","0","","02","5","2015","3","40.426534","-79.923284","","11","0","0","0","0","0","0","0","1","","0","0","0","","","0","","0","","40 25:35.522","","0","79 55:23.822","0","0","0","0","2301","0","0","0","N","0","0","0","1","02301","0","","6.0","","9","N","N","","0","","0","0","0","","0","","","5","0","0","0","0","0","0","2","0","5","","","","N","","","","","","","","","",""
"2015054879","","1","0","0","0","0","0","0","0","0","7","0","","02","5","2015","6","40.442181","-79.994981","","11","0","0","0","0","0","0","0","0","1","0","0","0","","","0","","1","","40 26:31.851","1","2","79 59:41.931","0","0","0","0","2301","0","0","0","N","0","0","0","1","02301","0","","2.0","","1","N","N","","0","","0","0","0","","0","N","","1","0","0","0","0","0","0","2","0","1","","","","N","","","","","","","","","",""
"2015054667","","1","0","0","0","0","0","0","0","0","4","0","","02","5","2015","4","40.334386","-80.002991","","11","0","0","0","0","0","1","1","0","","0","0","0","","","1","","1","","40 20:03.789","","0","80 00:10.768","8","0","0","0","2407","0","0","0","N","0","0","0","3","02407","0","","1.0","","1","N","N","","1","","0","0","1","","3","","","3","1","0","0","0","1","0","2","0","3","","","","N","","","","","","","","","",""
"2015055600","","1","0","0","0","0","0","0","0","0","4","0","","02","5","2015","3","40.278854","-79.875329","","11","0","0","0","0","0","1","0","0","2","0","0","0","","","2","","1","","40 16:43.875","2","0","79 52:31.186","8","0","0","0","2105","0","0","0","N","0","0","0","3","02105","0","","1.0","","1","N","N","","0","","0","0","0","","2","Y","","2","2","0","0","0","2","0","1","1","2","","","","N","","","","","","","","","",""
"2015056129","","2","0","0","0","0","0","0","0","0","4","0","","02","5","2015","4","40.427039","-79.890678","","11","0","0","0","0","0","0","0","0","","0","0","0","","","1","","0","","40 25:37.340","","0","79 53:26.440","4","0","0","0","2463","0","0","0","N","0","0","0","2","02463","1","","1.0","","1","N","N","","0","","0","0","0","","0","","","2","1","0","0","0","0","0","2","0","2","","","","N","","","","","","","","","",""
"2015055451","","2","0","0","0","0","0","0","0","0","4","0","","02","5","2015","3","40.5034","-80.025118","","11","0","0","0","0","0","1","0","0","","0","0","0","","","0","","1","","40 30:12.241","","0","80 01:30.426","0","0","0","0","2116","0","0","0","N","0","0","0","3","02116","0","","1.0","","1","N","N","","0","","0","0","0","","2","","","2","0","0","0","0","0","0","2","0","2","","","","N","","","","","","","","","",""
"2015054739","","1","0","0","0","0","0","0","0","0","4","0","","02","5","2015","6","40.378583","-79.992864","","11","0","0","0","0","0","0","0","0","","0","0","0","","","1","","2","","40 22:42.898","","0","79 59:34.311","8","0","0","0","2476","0","0","0","N","0","0","0","1","02476","0","","1.0","","1","N","N","","0","","0","0","0","","2","","","2","1","0","0","0","1","0","2","1","2","","","","N","","","","","","","","","",""
"2015056330","","1","0","0","0","0","0","0","0","0","7","0","","02","5","2015","5","40.481714","-79.779619","","11","0","0","0","0","0","0","0","0","","0","0","0","","","0","","0","","40 28:54.170","","0","79 46:46.630","0","0","0","0","2466","0","0","0","N","0","0","0","1","02466","0","","2.0","","1","N","N","","0","","0","0","0","","0","","","1","0","0","0","0","0","0","2","0","1","","","","N","","","","","","","","","",""
"2015054881","","0","0","0","0","0","0","0","0","0","1","0","","02","5","2015","6","40.617068","-79.945976","","11","0","0","0","0","0","0","0","0","1","0","0","0","","","0","","2","","40 37:01.444","2","0","79 56:45.515","0","0","0","0","2217","0","0","0","N","0","0","0","3","02505","0","","1.0","","1","N","N","","0","","0","0","2","","0","N","","2","0","0","0","0","0","0","2","0","2","","","","N","","","","","","","","","",""
"2015055453","","2","0","0","0","0","0","0","0","0","1","0","","02","5","2015","5","40.496049","-80.055261","","11","0","0","0","1","0","0","0","0","","0","0","0","","","2","","2","","40 29:45.776","","0","80 03:18.939","8","0","0","0","2404","0","0","0","N","0","0","0","4","02404","0","","1.0","","1","N","N","","0","","0","0","0","","0","","","2","2","0","0","0","2","0","2","0","2","","","","N","","","","","","","","","",""
"2015057139","","3","0","0","0","0","0","0","0","0","1","0","","02","5","2015","2","40.443984","-79.778379","","11","0","0","0","0","0","0","1","0","3","0","0","0","","","2","","0","","40 26:38.343","4","0","79 46:42.163","4","0","0","0","2446","0","0","0","N","0","0","0","6","68B03","2","","1.0","","1","N","N","","0","","0","0","0","","0","N","","3","2","2","0","0","0","0","2","0","3","","","","N","","","","","","","","","",""
"2015055603","","1","0","0","0","0","0","0","0","0","7","0","","02","4","2015","4","40.561259","-79.799155","","11","0","0","0","0","0","0","0","0","1","0","0","0","","","0","","0","","40 33:40.531","1","0","79 47:56.959","0","0","0","0","2121","0","0","0","N","0","0","0","3","02121","0","","2.0","","1","N","N","","0","","0","0","0","","0","N","","1","0","0","0","0","0","0","2","0","1","","","","N","","","","","","","","","",""
"2015057070","","2","0","0","0","0","0","0","0","0","4","0","","02","5","2015","6","40.430668","-80.02619","","11","0","0","0","0","0","1","0","0","","0","0","0","","","0","","5","","40 25:50.406","","4","80 01:34.283","0","0","0","0","2301","0","0","0","N","0","0","0","2","02301","0","","1.0","","1","N","N","","0","","0","0","0","","2","","","2","0","0","0","0","0","0","2","0","2","","","","N","","","","","","","","","",""
"2015054657","","1","0","0","0","0","0","0","0","0","1","0","","02","5","2015","6","40.454752","-79.814608","","11","0","0","0","0","0","1","0","0","","0","0","0","","","0","","0","","40 27:17.107","","0","79 48:52.588","0","0","0","0","2113","0","0","0","N","0","0","0","1","02113","0","","1.0","","1","N","N","","0","","0","0","1","","0","","","2","0","0","0","0","0","0","2","0","2","","","","N","","","","","","","","","",""
"2015057140","","3","0","0","0","0","0","0","0","0","1","0","","02","5","2015","6","40.44761","-80.166325","","11","0","0","0","0","0","1","1","0","1","0","0","0","","","0","","0","","40 26:51.397","3","0","80 09:58.771","0","0","0","0","2115","0","0","0","N","0","0","0","5","68B03","0","","1.0","","1","N","N","","0","","0","0","1","","0","N","","4","0","0","0","0","0","0","2","0","4","","","","N","","","","","","","","","",""
"2015054745","","4","0","0","0","0","0","0","0","0","4","0","","02","5","2015","6","40.461057","-79.866331","","11","0","0","0","0","0","2","0","0","","0","0","0","","","0","","1","","40 27:39.806","","0","79 51:58.790","9","0","0","0","2113","0","0","0","N","0","0","0","4","02113","0","","1.0","","1","N","N","","0","","0","0","0","","0","","","4","0","1","0","0","0","1","2","0","4","","","","N","","","","","","","","","",""
"2015054528","","1","0","0","0","0","0","0","0","0","1","0","","02","5","2015","6","40.457214","-79.99865","","11","0","0","0","0","0","1","0","0","","0","0","0","","","1","","0","","40 27:25.970","","3","79 59:55.140","4","0","0","0","2301","0","0","0","N","0","0","0","2","02301","1","","1.0","","1","N","N","","1","","0","0","0","","0","","","2","1","0","0","0","0","0","2","0","2","","","","N","","","","","","","","","",""
"2015057073","","2","0","0","0","0","0","0","0","0","4","0","","02","5","2015","6","40.376286","-79.984481","","11","0","0","0","0","0","1","0","0","1","0","0","0","","","0","","0","","40 22:34.631","2","0","79 59:04.131","0","0","0","0","2413","0","0","0","N","0","0","0","4","02413","0","","1.0","","1","N","N","","0","","0","0","0","","0","N","","2","0","0","0","0","0","0","2","0","2","","","","N","","","","","","","","","",""
"2015055379","","2","0","0","0","0","0","0","0","0","5","0","","02","5","2015","6","40.405593","-80.023673","","11","0","0","0","0","0","1","0","0","","0","0","0","","","0","","0","","40 24:20.134","","0","80 01:25.222","0","0","0","0","2301","0","0","0","N","0","0","0","1","02301","0","","6.0","","1","N","N","","0","","0","0","0","","0","","","2","0","0","0","0","0","0","2","0","2","","","","N","","","","","","","","","",""
"2015056351","","2","0","0","0","0","0","0","0","0","4","0","","02","5","2015","5","40.448413","-79.934205","","11","0","0","0","0","0","1","0","0","2","0","0","0","","","0","","2","","40 26:54.286","6","0","79 56:03.138","0","0","0","0","2301","0","0","0","N","0","0","0","2","02301","0","","1.0","","1","N","N","","0","","0","0","0","","2","N","","2","0","0","0","0","0","0","2","0","2","","","","N","","","","","","","","","",""
"2015055607","","1","0","0","0","0","0","0","0","0","7","0","","02","5","2015","2","40.493082","-80.041997","","11","0","0","1","0","0","0","0","0","2","0","0","0","","","0","","0","","40 29:35.095","6","0","80 02:31.189","0","0","0","0","2116","0","0","0","N","0","0","0","2","02116","0","","5.0","","1","N","N","","0","","0","0","0","","0","Y","","1","0","0","0","0","0","0","2","0","1","","","","N","","","","","","","","","",""
"2015057074","","2","0","0","0","0","0","0","0","0","1","0","","02","5","2015","6","40.482581","-79.894725","","11","0","0","0","0","1","3","0","0","1","0","0","0","","","1","","0","","40 28:57.292","5","0","79 53:41.009","4","0","0","0","2301","0","0","0","N","0","0","0","4","02301","1","","1.0","","9","N","N","","2","","0","0","0","","0","N","","4","1","0","0","0","0","0","2","0","4","","","","N","","","","","","","","","",""
"2015056830","","0","0","0","0","0","0","0","0","0","1","0","","02","5","2015","3","40.479225","-79.96637","","11","0","0","0","0","0","0","1","0","","0","0","0","","","1","","6","","40 28:45.210","","0","79 57:58.931","4","0","0","0","2445","0","0","0","N","0","0","0","2","02445","1","","1.0","","1","N","N","","1","","0","0","1","","3","","","2","1","0","0","0","0","0","2","0","2","","","","N","","","","","","","","","",""
"2015054531","","3","0","0","0","0","0","0","0","0","4","0","","02","5","2015","5","40.545258","-80.035908","","11","0","0","0","0","0","1","1","0","1","0","0","0","","","0","","1","","40 32:42.928","6","0","80 02:09.270","0","0","0","0","2116","0","0","0","N","0","0","0","4","02116","0","","1.0","","1","N","N","","0","","0","0","0","","2","Y","","3","0","0","0","0","0","0","2","0","3","","","","N","","","","","","","","","",""
"2015056136","","0","0","0","0","0","0","0","0","0","1","0","","02","5","2015","4","40.443643","-80.183829","","11","0","0","0","0","0","1","0","0","","0","0","0","","","3","","2","","40 26:37.115","","0","80 11:01.786","3","0","0","0","2214","0","0","0","N","0","0","0","3","02214","1","","1.0","","1","N","N","","0","","2","0","2","","0","","","2","3","1","0","0","0","0","2","0","2","","","","N","","","","","","","","","",""
"2015055394","","1","0","0","0","0","0","0","0","0","4","0","","02","5","2015","1","40.453146","-80.020691","","11","0","0","0","0","0","0","0","0","2","0","0","0","","","0","","1","","40 27:11.325","6","0","80 01:14.487","0","0","0","0","2301","0","0","0","N","0","0","0","2","02301","0","","1.0","","1","N","N","","0","","0","0","1","","3","Y","","2","0","0","0","0","0","0","2","0","2","","","","N","","","","","","","","","",""
"2015055609","","0","0","0","0","0","0","0","0","0","7","0","","02","5","2015","7","40.463321","-80.139153","","11","0","0","0","0","0","0","0","0","","0","0","0","","","1","","0","","40 27:47.955","","0","80 08:20.950","4","0","0","0","2115","0","0","0","N","0","0","0","1","02115","1","","5.0","","1","N","N","","0","","0","0","1","","0","","","1","1","0","0","0","0","0","2","0","1","","","","N","","","","","","","","","",""
"2015055610","","1","0","0","0","0","0","0","0","0","7","0","","02","5","2015","1","40.431576","-80.096014","","11","0","0","0","0","0","0","0","0","","0","0","0","","","0","","0","","40 25:53.672","","0","80 05:45.652","0","0","0","0","2115","0","0","0","N","0","0","0","1","02115","0","","5.0","","1","N","N","","0","","0","0","0","","0","","","1","0","0","0","0","0","0","2","0","1","","","","N","","","","","","","","","",""
"2015054906","","0","0","0","0","0","0","0","0","0","7","0","","02","5","2015","6","40.617313","-79.831481","","11","0","0","0","0","0","1","0","0","1","0","0","0","","","0","","0","","40 37:02.325","6","0","79 49:53.330","0","0","0","0","2220","0","0","0","N","0","0","0","1","02220","0","","4.0","","1","N","N","","0","","0","0","1","","0","N","","1","0","0","0","0","0","0","2","0","1","","","","N","","","","","","","","","",""
"2015054754","","0","0","0","0","0","0","0","0","0","1","0","","02","5","2015","5","40.565981","-80.001429","","11","0","0","0","0","0","1","0","0","","0","0","0","","","0","","0","","40 33:57.530","","0","80 00:05.144","0","0","0","0","2108","0","0","0","N","0","0","0","2","02108","0","","1.0","","1","N","N","","0","","0","0","2","","0","","","2","0","0","0","0","0","0","2","0","2","","","","N","","","","","","","","","",""
"2015055543","","2","0","0","0","0","0","0","0","0","4","0","","02","5","2015","3","40.328756","-80.125304","","11","0","0","0","0","0","1","0","0","","0","0","0","","","0","","1","","40 19:43.520","","0","80 07:31.094","0","0","0","0","2119","0","0","0","N","0","0","0","2","02119","0","","1.0","","1","N","N","","0","","0","0","0","","0","","","2","0","0","0","0","0","0","2","0","2","","","","N","","","","","","","","","",""
"2015055611","","1","0","0","0","0","0","0","0","0","4","0","","02","5","2015","2","40.44776","-80.163967","","11","0","0","0","0","0","1","0","0","","0","0","0","","","2","","2","","40 26:51.935","","2","80 09:50.282","4","0","0","0","2115","0","0","0","Y","0","0","0","2","02115","2","","1.0","","1","N","N","","1","","0","0","0","","2","","","2","2","0","0","0","0","0","2","0","2","","","","N","","","","","","","","","",""
"2015054250","","1","0","0","0","0","0","1","0","0","4","1","","02","5","2015","5","40.417273","-79.967686","","11","0","0","0","0","0","0","0","0","2","0","0","0","","","1","","2","","40 25:02.182","6","0","79 58:03.669","4","0","0","0","2301","0","0","0","N","0","0","0","2","02503","1","","1.0","","9","N","N","","0","","0","0","0","","3","Y","","2","1","0","0","0","0","0","2","0","2","","","","N","","","","","","","","","",""
"2015056220","","1","1","0","0","0","0","0","0","0","5","1","45","02","5","2015","5","40.438159","-80.195143","","11","0","0","0","0","0","0","1","0","3","1","1","0","","","0","","0","","40 26:17.372","3","0","80 11:42.515","1","0","0","0","2214","0","0","0","N","0","0","0","5","68B03","0","1","1.0","","1","N","N","","0","0","0","0","1","","0","Y","","3","0","0","0","0","0","0","2","0","3","","","Y","Y","2","2","N","N","N","Y","N","N","Y",""
"2015054755","","2","0","0","0","0","0","0","0","0","4","0","","02","5","2015","1","40.5397","-80.237677","","11","0","0","0","0","0","1","0","0","2","0","0","0","","","3","","0","","40 32:22.920","3","0","80 14:15.638","3","0","0","0","2213","0","0","0","N","0","0","0","3","02213","1","","1.0","","1","N","N","","0","","1","0","0","","0","N","","2","3","0","0","0","1","0","2","0","2","","","","N","","","","","","","","","",""
"2015056572","","2","0","0","0","0","0","0","0","0","4","0","","02","5","2015","5","40.457781","-80.193011","","11","0","0","0","0","0","0","0","0","","0","0","0","","","1","","2","","40 27:28.010","","0","80 11:34.840","4","0","0","0","2203","0","0","0","N","0","0","0","3","02203","1","","1.0","","1","N","N","","0","","0","0","0","","3","","","2","1","0","0","0","0","0","2","0","2","","","","N","","","","","","","","","",""