"CRN","ARRIVAL_TM","AUTOMOBILE_COUNT","BELTED_DEATH_COUNT","BELTED_SUSP_SERIOUS_INJ_COUNT","BICYCLE_COUNT","BICYCLE_DEATH_COUNT","BICYCLE_SUSP_SERIOUS_INJ_COUNT","BUS_COUNT","CHLDPAS_DEATH_COUNT","CHLDPAS_SUSP_SERIOUS_INJ_COUNT","COLLISION_TYPE","COMM_VEH_COUNT","CONS_ZONE_SPD_LIM","COUNTY","CRASH_MONTH","CRASH_YEAR","DAY_OF_WEEK","DEC_LATITUDE","DEC_LONGITUDE","DISPATCH_TM","DISTRICT","DRIVER_COUNT_16YR","DRIVER_COUNT_17YR","DRIVER_COUNT_18YR","DRIVER_COUNT_19YR","DRIVER_COUNT_20YR","DRIVER_COUNT_50_64YR","DRIVER_COUNT_65_74YR","DRIVER_COUNT_75PLUS","EST_HRS_CLOSED","FATAL_COUNT","HEAVY_TRUCK_COUNT","HORSE_BUGGY_COUNT","HOUR_OF_DAY","ILLUMINATION","INJURY_COUNT","INTERSECTION_RELATED","INTERSECT_TYPE","LANE_CLOSED","LATITUDE","LN_CLOSE_DIR","LOCATION_TYPE","LONGITUDE","MAX_SEVERITY_LEVEL","MCYCLE_DEATH_COUNT","MCYCLE_SUSP_SERIOUS_INJ_COUNT","MOTORCYCLE_COUNT","MUNICIPALITY","NONMOTR_COUNT","NONMOTR_DEATH_COUNT","NONMOTR_SUSP_SERIOUS_INJ_COUNT","NTFY_HIWY_MAINT","PED_COUNT","PED_DEATH_COUNT","PED_SUSP_SERIOUS_INJ_COUNT","PERSON_COUNT","POLICE_AGCY","POSSIBLE_INJ_COUNT","RDWY_SURF_TYPE_CD","RELATION_TO_ROAD","ROADWAY_CLEARED","ROAD_CONDITION","SCH_BUS_IND","SCH_ZONE_IND","SECONDARY_CRASH","SMALL_TRUCK_COUNT","SPEC_JURIS_CD","SUSP_MINOR_INJ_COUNT","SUSP_SERIOUS_INJ_COUNT","SUV_COUNT","TCD_FUNC_CD","TCD_TYPE","TFC_DETOUR_IND","TIME_OF_DAY","TOTAL_UNITS","TOT_INJ_COUNT","UNBELTED_OCC_COUNT","UNB_DEATH_COUNT","UNB_SUSP_SERIOUS_INJ_COUNT","UNK_INJ_DEG_COUNT","UNK_INJ_PER_COUNT","URBAN_RURAL","VAN_COUNT","VEHICLE_COUNT","WEATHER1","WEATHER2","WORKERS_PRES","WORK_ZONE_IND","WORK_ZONE_LOC","WORK_ZONE_TYPE","WZ_CLOSE_DETOUR","WZ_FLAGGER","WZ_LAW_OFFCR_IND","WZ_LN_CLOSURE","WZ_MOVING","WZ_OTHER","WZ_SHLDER_MDN","WZ_WORKERS_INJ_KILLED"
"2015062326","","0","0","0","0","0","0","0","0","0","7","0","","02","6","2015","1","40.455683","-80.192233","","11","0","0","0","0","0","0","0","0","1","0","0","0","","","0","","0","","40 27:20.459","4","3","80 11:32.039","0","0","0","0","2214","0","0","0","N","0","0","0","1","02214","0","","2.0","","9","N","N","","0","","0","0","1","","0","N","","1","0","0","0","0","0","0","2","0","1","","","","N","","","","","","","","","",""
"2015063073","","1","0","0","0","0","0","0","0","0","4","0","","02","6","2015","2","40.655185","-80.086928","","11","0","0","0","0","0","0","1","0","2","0","0","0","","","0","","0","","40 39:18.666","4","0","80 05:12.940","0","0","0","0","2212","0","0","0","N","0","0","0","2","02505","0","","1.0","","1","N","N","","1","","0","0","0","","0","N","","2","0","0","0","0","0","0","2","0","2","","","","N","","","","","","","","","",""
"2015062392","","1","0","0","0","0","0","0","0","0","4","0","","02","6","2015","1","40.584803","-79.882768","","11","0","0","0","0","0","0","0","0","","0","0","0","","","0","","0","","40 35:05.290","","0","79 52:57.964","0","0","0","0","2209","0","0","0","N","0","0","0","3","02209","0","","1.0","","1","N","N","","1","","0","0","0","","0","","","2","0","0","0","0","0","0","2","0","2","","","","N","","","","","","","","","",""
"2015054470","","1","0","0","0","0","0","0","0","0","4","1","","02","5","2015","5","40.488317","-80.056958","","11","0","0","0","1","0","1","0","0","3","0","1","0","","","1","","0","","40 29:17.942","1","7","80 03:25.050","8","0","0","0","2404","0","0","0","N","0","0","0","2","02404","0","","1.0","","1","N","N","","0","","0","0","0","","0","N","","2","1","1","0","0","1","0","2","0","2","","","","N","","","","","","","","","",""
"2015060864","","1","0","0","0","0","0","0","0","0","99","0","","02","6","2015","6","40.585738","-79.77831","","11","0","0","0","0","0","0","0","0","","0","0","0","","","0","","0","","40 35:08.655","","0","79 46:41.916","0","0","0","0","2104","0","0","0","N","0","0","0","1","68D02","0","","1.0","","1","N","N","","0","","0","0","0","","0","","","1","0","0","0","0","0","0","2","0","1","","","","N","","","","","","","","","",""
"2015062405","","2","0","0","0","0","0","0","0","0","4","0","","02","6","2015","1","40.4388","-79.961713","","11","0","0","0","0","0","0","0","0","1","0","0","0","","","0","","1","","40 26:19.680","7","0","79 57:42.166","0","0","0","0","2301","0","0","0","N","0","0","0","3","02301","0","","1.0","","1","N","N","","0","","0","0","0","","3","N","","2","0","0","0","0","0","0","2","0","2","","","","N","","","","","","","","","",""
"2015060865","","1","0","0","0","0","0","0","0","0","1","0","","02","6","2015","6","40.500553","-79.863543","","11","0","0","0","0","0","0","0","0","","0","0","0","","","0","","0","","40 30:01.992","","2","79 51:48.754","0","0","0","0","2112","0","0","0","N","0","0","0","6","68D02","0","","1.0","","9","N","N","","0","","0","0","1","","4","","","2","0","2","0","0","0","0","2","0","2","","","","N","","","","","","","","","",""
"2015061654","","1","0","0","1","0","0","0","0","0","4","0","","02","6","2015","6","40.461667","-79.949061","","11","0","0","0","0","0","0","0","0","","0","0","0","","","1","","0","","40 27:42.002","","0","79 56:56.619","8","0","0","0","2301","1","0","0","N","0","0","0","2","02301","0","","6.0","","1","N","N","","0","","0","0","0","","0","","","2","1","0","0","0","1","0","2","0","1","","","","N","","","","","","","","","",""
"2015063269","","1","0","0","0","0","0","0","0","0","7","0","","02","6","2015","3","","","","11","0","0","0","0","0","0","0","0","","0","0","0","","","0","","0","","40 34:50.2","","7","80 06:01.7","0","0","0","0","2481","0","0","0","N","0","0","0","2","02481","0","","5.0","","1","N","N","","0","","0","0","0","","0","","","1","0","0","0","0","0","0","2","0","1","","","","N","","","","","","","","","",""
"2015061656","","3","0","0","0","0","0","0","0","0","4","0","","02","6","2015","3","40.608763","-80.052784","","11","0","0","0","0","0","0","1","0","2","0","0","0","","","5","","2","","40 36:31.548","1","0","80 03:10.021","8","0","0","0","2108","0","0","0","N","0","0","0","5","02108","0","","1.0","","1","N","N","","0","","0","0","0","","3","N","","4","5","0","0","0","5","0","2","1","4","","","","N","","","","","","","","","",""
"2015060946","","2","0","0","0","0","0","0","0","0","4","0","","02","6","2015","4","40.410746","-80.014407","","11","0","0","0","0","0","0","0","1","","0","0","0","","","1","","0","","40 24:38.687","","0","80 00:51.864","4","0","0","0","2301","0","0","0","N","0","0","0","4","02301","1","","1.0","","1","N","N","","0","","0","0","0","","0","","","2","1","0","0","0","0","0","2","0","2","","","","N","","","","","","","","","",""
"2015062266","","2","0","0","0","0","0","0","0","0","4","0","","02","6","2015","6","40.533854","-80.071214","","11","0","0","0","0","0","0","0","0","1","0","0","0","","","0","","2","","40 32:01.876","2","0","80 04:16.369","0","0","0","0","2215","0","0","0","N","0","0","0","2","02215","0","","1.0","","1","N","N","","0","","0","0","0","","2","N","","2","0","0","0","0","0","0","2","0","2","","","","N","","","","","","","","","",""
"2015061511","","2","0","0","0","0","0","0","0","0","1","0","","02","6","2015","4","40.255167","-79.851878","","11","0","0","0","0","0","0","0","0","2","0","0","0","","","0","","0","","40 15:18.600","1","0","79 51:06.759","0","0","0","0","2105","0","0","0","N","0","0","0","1","02105","0","","4.0","","1","N","N","","0","","0","0","1","","0","N","","3","0","0","0","0","0","0","2","0","3","","","","N","","","","","","","","","",""
"2015061657","","1","0","0","0","0","0","0","0","0","1","1","","02","6","2015","4","40.566054","-79.998811","","11","0","0","0","0","0","0","1","0","","0","1","0","","","1","","0","","40 33:57.796","","0","79 59:55.718","8","0","0","0","2108","0","0","0","N","0","0","0","3","02108","0","","1.0","","1","N","N","","0","","0","0","0","","3","","","2","1","0","0","0","1","0","2","0","2","","","","N","","","","","","","","","",""
"2015063153","","3","0","0","0","0","0","0","0","0","1","0","","02","6","2015","2","40.438116","-80.068178","","11","0","0","0","0","0","0","0","1","2","0","0","0","","","1","","0","","40 26:17.218","3","0","80 04:05.441","8","0","0","0","2421","0","0","0","N","0","0","0","5","02421","0","","1.0","","1","N","N","","0","","0","0","0","","0","Y","","3","1","0","0","0","1","0","2","0","3","","","","N","","","","","","","","","",""
"2015063275","","2","0","0","0","0","0","0","0","0","4","0","","02","6","2015","3","40.347627","-79.83256","","11","0","0","0","0","0","1","0","0","1","0","0","0","","","2","","1","","40 20:51.457","7","0","79 49:57.216","8","0","0","0","2304","0","0","0","N","0","0","0","3","02304","0","","1.0","","1","N","N","","0","","0","0","0","","2","N","","2","2","1","0","0","2","0","2","0","2","","","","N","","","","","","","","","",""
"2015062412","","1","0","0","0","0","0","0","0","0","8","0","","02","6","2015","1","40.417404","-79.881282","","11","0","0","0","0","0","0","0","0","","0","0","0","","","1","","0","","40 25:02.654","","0","79 52:52.615","4","0","0","0","2463","1","0","0","N","1","0","0","4","02463","1","","1.0","","1","N","N","","0","","0","0","0","","0","","","2","1","0","0","0","0","0","2","0","1","","","","N","","","","","","","","","",""
"2015060964","","0","0","0","0","0","0","0","0","0","4","0","","02","6","2015","7","40.571063","-80.016264","","11","0","0","0","0","0","1","0","0","","0","0","0","","","0","","0","","40 34:15.825","","0","80 00:58.552","0","0","0","0","2108","0","0","0","N","0","0","0","3","02108","0","","1.0","","1","N","N","","0","","0","0","2","","0","","","2","0","0","0","0","0","0","2","0","2","","","","N","","","","","","","","","",""
"2015062551","","2","0","0","0","0","0","0","0","0","4","0","","02","6","2015","7","40.358325","-80.071858","","11","0","0","1","0","0","0","0","0","","0","0","0","","","2","","2","","40 21:29.970","","0","80 04:18.690","3","0","0","0","2123","0","0","0","N","0","0","0","3","02123","1","","1.0","","9","N","N","","0","","1","0","0","","3","","","2","2","0","0","0","0","0","2","0","2","","","","N","","","","","","","","","",""
"2015061173","","1","0","0","0","0","0","0","0","0","4","0","","02","6","2015","6","40.321115","-79.836516","","11","0","0","0","0","0","0","0","1","1","0","0","0","","","0","","0","","40 19:16.014","3","0","79 50:11.457","0","0","0","0","2469","0","0","0","N","0","0","0","4","02469","0","","1.0","","1","N","N","","0","","0","0","1","","2","N","","2","0","0","0","0","0","0","2","0","2","","","","N","","","","","","","","","",""
"2015061594","","1","0","0","0","0","0","0","0","0","1","0","","02","5","2015","2","40.394569","-80.066153","","11","0","0","0","0","0","1","0","0","1","0","0","0","","","1","","2","","40 23:40.447","1","0","80 03:58.152","8","0","0","0","2117","0","0","0","N","0","0","0","2","02117","0","","1.0","","1","N","N","","0","","0","0","1","","0","N","","2","1","0","0","0","1","0","2","0","2","","","","N","","","","","","","","","",""
"2015062413","","2","0","0","0","0","0","0","0","0","7","0","","02","6","2015","5","40.480212","-79.965499","","11","0","0","0","1","0","1","0","0","4","1","0","0","","","2","","7","","40 28:48.764","2","2","79 57:55.795","1","0","0","0","2118","0","0","0","Y","0","0","0","4","02118","1","1","3.0","","1","N","N","","1","0","0","1","0","","0","Y","","3","2","0","0","0","0","0","2","0","3","","","","N","","","","","","","","","",""
"2015060965","","0","0","0","0","0","0","0","0","0","99","0","","02","6","2015","1","40.589985","-80.046778","","11","0","0","0","0","0","1","0","0","","0","0","0","","","0","","3","","40 35:23.945","","0","80 02:48.400","0","0","0","0","2108","0","0","0","N","0","0","0","3","02108","0","","1.0","","1","N","N","","0","","0","0","1","","4","","","1","0","0","0","0","0","0","2","0","1","","","","N","","","","","","","","","",""
"2015061033","","2","0","0","0","0","0","0","0","0","1","0","","02","6","2015","4","40.483106","-79.898583","","11","0","0","0","0","0","0","0","0","1","0","0","0","","","0","","0","","40 28:59.181","3","0","79 53:54.899","0","0","0","0","2301","0","0","0","N","0","0","0","2","02301","0","","1.0","","1","N","N","","0","","0","0","0","","0","Y","","2","0","0","0","0","0","0","2","0","2","","","","N","","","","","","","","","",""
"2015060966","","2","0","0","0","0","0","0","0","0","4","0","","02","5","2015","6","40.338033","-80.05118","","11","0","0","0","0","0","0","1","1","","0","0","0","","","2","","0","","40 20:16.918","","0","80 03:04.248","4","0","0","0","2407","0","0","0","N","0","0","0","4","02407","2","","1.0","","1","N","N","","0","","0","0","1","","0","","","3","2","0","0","0","0","0","2","0","3","","","","N","","","","","","","","","",""
"2015062553","","0","0","0","0","0","0","0","0","0","0","0","","02","6","2015","6","40.336827","-80.067264","","11","0","0","0","0","0","0","0","0","1","0","0","0","","","0","","0","","40 20:12.576","1","0","80 04:02.150","0","0","0","1","2123","0","0","0","N","0","0","0","1","02123","0","","1.0","","1","N","N","","0","","0","0","0","","2","N","","1","0","0","0","0","0","0","2","0","1","","","","N","","","","","","","","","",""
"2015063085","","0","0","0","0","0","0","0","0","0","1","0","","02","6","2015","6","40.528705","-80.072218","","11","0","0","0","0","0","1","0","0","","0","0","0","","","1","","7","","40 31:43.338","","2","80 04:19.983","4","0","0","0","2116","0","0","0","N","0","0","0","2","02116","1","","1.0","","1","N","N","","0","","0","0","2","","0","","","2","1","0","0","0","0","0","2","0","2","","","","N","","","","","","","","","",""
"2015060810","","1","0","0","0","0","0","0","0","0","7","0","","02","6","2015","4","40.427245","-80.022849","","11","0","0","0","0","0","0","0","0","","0","0","0","","","0","","0","","40 25:38.082","","0","80 01:22.257","0","0","0","0","2301","0","0","0","N","0","0","0","1","02301","0","","3.0","","1","N","N","","0","","0","0","0","","0","","","1","0","1","0","0","0","0","2","0","1","","","","N","","","","","","","","","",""
"2015061035","","1","0","0","0","0","0","0","0","0","7","0","","02","6","2015","4","40.45778","-79.819508","","11","0","0","0","0","0","0","0","1","2","0","0","0","","","0","","0","","40 27:28.008","6","0","79 49:10.228","0","0","0","0","2113","0","0","0","N","0","0","0","1","02113","0","","5.0","","1","N","N","","0","","0","0","0","","0","Y","","1","0","0","0","0","0","0","2","0","1","","","","N","","","","","","","","","",""
"2015062337","","1","0","0","0","0","0","0","0","0","4","0","","02","6","2015","1","40.354344","-80.143723","","11","0","0","0","0","0","1","0","0","1","0","0","0","","","1","","2","","40 21:15.639","6","0","80 08:37.402","8","0","0","1","2119","0","0","0","N","0","0","0","4","02119","0","","1.0","","9","N","N","","0","","0","0","0","","3","N","","2","1","0","0","0","1","0","2","0","2","","","","N","","","","","","","","","",""
"2015063086","","2","0","0","0","0","0","0","0","0","4","0","","02","6","2015","2","40.399458","-80.024718","","11","0","0","0","0","0","0","1","0","","0","0","0","","","0","","0","","40 23:58.048","","0","80 01:28.984","0","0","0","0","2301","0","0","0","N","0","0","0","2","02301","0","","1.0","","1","N","N","","0","","0","0","0","","0","","","2","0","0","0","0","0","0","2","0","2","","","","N","","","","","","","","","",""
"2015063280","","2","0","0","0","0","0","0","0","0","1","0","","02","6","2015","3","40.327332","-79.840229","","11","0","0","0","0","0","1","0","0","1","0","0","0","","","1","","1","","40 19:38.395","5","0","79 50:24.825","8","0","0","0","2304","0","0","0","N","0","0","0","2","02304","0","","1.0","","1","N","N","","0","","0","0","0","","1","N","","3","1","0","0","0","1","0","2","0","3","","","","N","","","","","","","","","",""
"2015063154","","1","0","0","0","0","0","1","0","0","4","1","","02","6","2015","1","40.438707","-79.9996","","11","0","0","0","0","0","0","0","0","3","0","0","0","","","15","","1","","40 26:19.345","2","0","79 59:58.560","3","0","0","0","2301","0","0","0","N","0","0","0","20","02503","7","","1.0","","9","N","N","","0","","8","0","0","","2","Y","","2","15","0","0","0","0","0","2","0","2","","","","N","","","","","","","","","",""
"2015062275","","1","0","0","0","0","0","0","0","0","1","0","","02","6","2015","4","40.629323","-80.056636","","11","0","0","0","0","0","2","0","0","2","0","0","0","","","0","","5","","40 37:45.563","2","1","80 03:23.888","0","0","0","0","2216","0","0","0","N","0","0","0","3","02505","0","","1.0","","1","N","N","","0","","0","0","1","","2","N","","2","0","0","0","0","0","0","2","0","2","","","","N","","","","","","","","","",""
"2015063281","","0","0","0","0","0","0","0","0","0","8","0","","02","6","2015","3","40.427566","-79.964004","","11","0","0","0","0","0","0","0","0","","0","0","0","","","1","","0","","40 25:39.237","","7","79 57:50.414","8","0","0","0","2301","1","0","0","N","1","0","0","2","02301","0","","4.0","","1","N","N","","0","","0","0","1","","0","","","2","1","0","0","0","1","1","2","0","1","","","","N","","","","","","","","","",""
"2015062339","","0","0","0","0","0","0","0","0","0","1","0","","02","6","2015","1","40.408531","-80.049978","","11","0","0","0","0","0","2","0","0","1","0","0","0","","","1","","1","","40 24:30.711","2","0","80 02:59.922","8","0","0","0","2435","0","0","0","N","0","0","0","7","02435","0","","1.0","","9","N","N","","0","","0","0","4","","2","N","","4","1","1","0","0","1","0","2","0","4","","","","N","","","","","","","","","",""
"2015061038","","1","0","0","0","0","0","0","0","0","1","0","","02","6","2015","4","40.364398","-79.983666","","11","0","0","0","0","0","0","0","0","1","0","0","0","","","1","","0","","40 21:51.832","2","0","79 59:01.197","4","0","0","0","2413","0","0","0","N","0","0","0","3","02413","1","","1.0","","1","N","N","","1","","0","0","0","","0","N","","2","1","1","0","0","0","0","2","0","2","","","","N","","","","","","","","","",""
"2015060270","","1","0","0","0","0","0","0","0","0","1","0","","02","5","2015","1","40.426799","-80.289684","","11","0","0","0","1","0","1","0","0","","0","0","0","","","0","","6","","40 25:36.478","","2","80 17:22.862","0","0","0","0","2214","0","0","0","N","0","0","0","3","68B03","0","","1.0","","1","N","N","","0","","0","0","1","","4","","","2","0","0","0","0","0","0","1","0","2","","","","N","","","","","","","","","",""
"2015062278","","2","0","0","0","0","0","0","0","0","1","0","","02","6","2015","7","40.459229","-79.87457","","11","0","0","0","0","0","2","0","0","","0","0","0","","","0","","2","","40 27:33.224","","0","79 52:28.452","0","0","0","0","2301","0","0","0","N","0","0","0","3","02301","0","","1.0","","1","N","N","","1","","0","0","0","","0","","","3","0","0","0","0","0","0","2","0","3","","","","N","","","","","","","","","",""
"2015061524","","1","0","0","0","0","0","0","0","0","2","0","","02","6","2015","6","40.468052","-79.93669","","11","0","0","0","0","0","0","0","0","","0","0","0","","","0","","0","","40 28:04.987","","0","79 56:12.084","9","0","0","1","2301","0","0","0","N","0","0","0","1","02301","0","","6.0","","1","N","N","","0","","0","0","2","","0","","","5","0","0","0","0","0","1","2","1","5","","","","N","","","","","","","","","",""
"2015061602","","2","0","0","0","0","0","0","0","0","1","0","","02","6","2015","6","40.492795","-79.790929","","11","0","0","0","0","0","0","0","0","","0","0","0","","","0","","0","","40 29:34.061","","0","79 47:27.343","0","0","0","0","2113","0","0","0","N","0","0","0","1","02113","0","","4.0","","1","N","N","","0","","0","0","1","","0","","","3","0","0","0","0","0","0","2","0","3","","","","N","","","","","","","","","",""
"2015063159","","0","0","0","0","0","0","0","0","0","1","1","","02","6","2015","3","40.442917","-79.964522","","11","0","0","0","0","0","0","0","0","2","0","0","0","","","3","","0","","40 26:34.500","5","7","79 57:52.280","8","0","0","0","2301","0","0","0","N","0","0","0","6","02506","0","","1.0","","1","N","N","","0","","0","0","2","","2","Y","","3","3","0","0","0","3","0","2","1","3","","","","N","","","","","","","","","",""
"2015062965","","0","0","0","0","0","0","0","0","0","0","1","","02","6","2015","2","40.581465","-80.110806","","11","0","0","0","0","0","1","0","0","2","0","1","0","","","0","","0","","40 34:53.274","1","0","80 06:38.900","0","0","0","0","2481","0","0","0","N","0","0","0","1","68B03","0","","2.0","","8","N","N","","0","","0","0","0","","0","Y","","1","0","0","0","0","0","0","2","0","1","","","","N","","","","","","","","","",""
"2015060692","","0","0","0","0","0","0","0","0","0","1","0","","02","6","2015","3","40.453987","-79.997852","","11","0","0","0","0","0","1","0","0","","0","0","0","","","0","","1","","40 27:14.353","","0","79 59:52.267","0","0","0","1","2301","0","0","0","N","0","0","0","2","02301","0","","1.0","","1","N","N","","0","","0","0","1","","2","","","2","0","0","0","0","0","0","2","0","2","","","","N","","","","","","","","","",""
"2015062279","","2","0","0","0","0","0","0","0","0","4","0","","02","5","2015","2","40.570666","-79.787517","","11","0","1","0","0","0","0","0","0","","0","0","0","","","0","","1","","40 34:14.396","","0","79 47:15.062","0","0","0","0","2206","0","0","0","N","0","0","0","2","02206","0","","1.0","","1","N","N","","0","","0","0","0","","3","","","2","0","0","0","0","0","0","2","0","2","","","","N","","","","","","","","","",""
"2015063091","","1","0","0","0","0","0","0","0","0","1","0","","02","6","2015","3","40.452252","-80.172628","","11","0","0","0","1","0","1","0","0","","0","0","0","","","2","","0","","40 27:08.107","","3","80 10:21.461","4","0","0","0","2214","0","0","0","N","0","0","0","4","02214","2","","1.0","","1","N","N","","0","","0","0","2","","0","","","3","2","0","0","0","0","0","2","0","3","","","","N","","","","","","","","","",""
"2015063160","","3","0","0","0","0","0","0","0","0","1","0","","02","6","2015","7","40.558014","-80.023414","","11","0","0","0","1","0","1","0","0","2","0","0","0","","","0","","0","","40 33:28.850","2","0","80 01:24.292","0","0","0","0","2108","0","0","0","N","0","0","0","4","02108","0","","1.0","","1","N","N","","0","","0","0","1","","0","N","","4","0","0","0","0","0","0","2","0","4","","","","N","","","","","","","","","",""
"2015055274","","1","0","0","0","0","0","0","0","0","7","0","","02","5","2015","1","40.626633","-80.038171","","11","0","0","0","0","0","0","1","0","2","0","0","0","","","1","","2","","40 37:35.878","6","0","80 02:17.416","8","0","0","0","2216","0","0","0","N","0","0","0","1","02505","0","","5.0","","1","N","N","","0","","0","0","0","","3","Y","","1","1","0","0","0","1","0","2","0","1","","","","N","","","","","","","","","",""
"2015062966","","0","0","0","0","0","0","0","0","0","7","1","","02","6","2015","6","40.540959","-80.12229","","11","0","0","0","0","0","0","0","0","4","0","1","0","","","1","","0","","40 32:27.454","5","0","80 07:20.244","3","0","0","0","2460","0","0","0","Y","0","0","0","1","68B03","0","","3.0","","9","N","N","","0","","1","0","0","","0","N","","1","1","0","0","0","0","0","1","0","1","","","","N","","","","","","","","","",""
"2015061669","","2","0","0","0","0","0","0","0","0","4","0","","02","6","2015","6","40.488363","-80.040489","","11","0","0","0","0","0","1","0","0","","0","0","0","","","1","","1","","40 29:18.106","","0","80 02:25.760","8","0","0","0","2301","0","0","0","N","0","0","0","1","02301","0","","5.0","","1","N","N","","0","","0","0","0","","0","","","2","1","0","0","0","1","0","2","0","2","","","","N","","","","","","","","","",""
"2015062967","","1","0","0","0","0","0","0","0","0","8","0","","02","6","2015","7","40.444362","-79.853195","","11","0","0","0","0","0","0","0","0","2","0","0","0","","","1","","0","","40 26:39.703","3","0","79 51:11.502","3","0","0","0","2419","1","0","0","N","1","0","0","2","68B03","0","","1.0","","1","N","N","","0","","1","0","0","","0","N","","2","1","0","0","0","0","0","2","0","1","","","","N","","","","","","","","","",""
"2015063093","","1","0","0","0","0","0","0","0","0","1","0","","02","6","2015","3","40.330222","-79.95952","","11","0","0","0","0","0","0","1","0","","0","0","0","","","1","","0","","40 19:48.799","","0","79 57:34.272","8","0","0","0","2454","0","0","0","N","0","0","0","3","02454","0","","1.0","","9","N","N","","1","","0","0","1","","0","","","3","1","0","0","0","1","0","2","0","3","","","","N","","","","","","","","","",""
"2015061670","","0","0","0","0","0","0","0","0","0","1","0","","02","6","2015","4","40.395729","-79.997679","","11","0","0","0","0","0","1","0","0","","0","0","0","","","0","","0","","40 23:44.626","","0","79 59:51.643","0","0","0","0","2301","0","0","0","N","0","0","0","2","02301","0","","1.0","","1","N","N","","2","","0","0","0","","0","","","2","0","0","0","0","0","0","2","0","2","","","","N","","","","","","","","","",""
"2015063290","","0","0","0","0","0","0","0","0","0","4","0","","02","6","2015","3","40.397763","-80.125858","","11","0","0","0","1","0","0","0","0","2","0","0","0","","","1","","0","","40 23:51.947","3","0","80 07:33.088","4","0","0","0","2102","0","0","0","N","0","0","0","2","02102","1","","1.0","","9","N","N","","0","","0","0","2","","0","N","","2","1","0","0","0","0","0","2","0","2","","","","N","","","","","","","","","",""
"2015063110","","1","0","0","0","0","0","0","0","0","8","0","90","02","6","2015","3","40.436944","-79.730278","","11","0","0","0","0","0","1","0","0","","0","0","0","","","1","","0","","40 26:13.000","","0","79 43:49.000","8","0","0","0","2446","1","0","0","N","1","0","0","2","02446","0","","1.0","","1","N","N","","0","","0","0","0","","7","","","2","1","0","0","0","1","0","2","0","1","","","Y","Y","4","3","","Y","N","Y","","","Y",""
"2015060835","","2","0","0","0","0","0","0","0","0","3","0","","02","6","2015","2","40.398273","-79.890114","","11","0","0","1","0","0","0","0","0","","0","0","0","","","1","","2","","40 23:53.782","","0","79 53:24.410","8","0","0","0","2475","0","0","0","N","0","0","0","2","02475","0","","1.0","","1","N","N","","0","","0","0","0","","0","","","2","1","0","0","0","1","0","2","0","2","","","","N","","","","","","","","","",""
"2015063291","","0","0","0","0","0","0","0","0","0","7","0","","02","6","2015","1","40.508212","-79.951858","","11","0","0","0","0","0","1","0","0","","0","0","0","","","0","","2","","40 30:29.564","","0","79 57:06.687","0","0","0","0","2430","0","0","0","N","0","0","0","1","02430","0","","5.0","","1","N","N","","0","","0","0","1","","0","","","1","0","0","0","0","0","0","2","0","1","","","","N","","","","","","","","","",""
"2015062205","","1","0","0","0","0","0","0","0","0","4","1","","02","6","2015","7","40.453146","-80.020691","","11","0","0","0","0","1","1","0","0","2","0","1","0","","","0","","1","","40 27:11.325","4","0","80 01:14.487","0","0","0","0","2301","0","0","0","N","0","0","0","4","02301","0","","1.0","","9","N","N","","0","","0","0","0","","3","N","","2","0","0","0","0","0","0","2","0","2","","","","N","","","","","","","","","",""
"2015062350","","2","0","0","0","0","0","0","0","0","1","0","","02","6","2015","5","40.345006","-79.855078","","11","0","0","0","0","0","0","1","0","1","0","0","0","","","0","","0","","40 20:42.020","4","0","79 51:18.280","0","0","0","0","2304","0","0","0","N","0","0","0","1","02304","0","","1.0","","1","N","N","","0","","0","0","0","","0","Y","","2","0","0","0","0","0","0","2","0","2","","","","N","","","","","","","","","",""
"2015061609","","2","0","0","0","0","0","0","0","0","1","0","","02","6","2015","5","40.431413","-79.729763","","11","0","0","0","0","0","1","1","0","1","0","0","0","","","6","","0","","40 25:53.088","4","0","79 43:47.148","3","0","0","0","2446","0","0","0","N","0","0","0","6","02446","3","","1.0","","1","N","N","","0","","3","0","0","","0","N","","2","6","1","0","0","0","0","2","0","2","","","","N","","","","","","","","","",""
"2015061675","","1","0","0","0","0","0","0","0","0","7","0","","02","6","2015","4","40.452697","-79.82611","","11","0","0","0","0","0","0","0","1","2","0","0","0","","","0","","0","","40 27:09.710","1","0","79 49:33.996","0","0","0","0","2113","0","0","0","N","0","0","0","1","02113","0","","2.0","","1","N","N","","0","","0","0","0","","0","N","","1","0","0","0","0","0","0","2","0","1","","","","N","","","","","","","","","",""
"2015063292","","1","0","0","0","0","0","0","0","0","1","0","","02","6","2015","3","40.399747","-79.902156","","11","0","0","0","0","0","0","0","0","","0","0","0","","","0","","0","","40 23:59.090","","0","79 54:07.760","0","0","0","0","2448","0","0","0","N","0","0","0","1","02448","0","","2.0","","9","N","N","","0","","0","0","1","","0","","","2","0","0","0","0","0","0","2","0","2","","","","N","","","","","","","","","",""
"2015060761","","1","0","0","0","0","0","0","0","0","7","0","","02","6","2015","2","40.61861","-79.981155","","11","0","0","0","0","0","0","0","0","","0","0","0","","","0","","0","","40 37:06.995","","0","79 58:52.158","0","0","0","0","2217","0","0","0","N","0","0","0","1","68T02","0","","3.0","","9","N","N","","0","","0","0","0","","0","","","1","0","0","0","0","0","0","1","0","1","","","","N","","","","","","","","","",""