"CRN","ARRIVAL_TM","AUTOMOBILE_COUNT","BELTED_DEATH_COUNT","BELTED_SUSP_SERIOUS_INJ_COUNT","BICYCLE_COUNT","BICYCLE_DEATH_COUNT","BICYCLE_SUSP_SERIOUS_INJ_COUNT","BUS_COUNT","CHLDPAS_DEATH_COUNT","CHLDPAS_SUSP_SERIOUS_INJ_COUNT","COLLISION_TYPE","COMM_VEH_COUNT","CONS_ZONE_SPD_LIM","COUNTY","CRASH_MONTH","CRASH_YEAR","DAY_OF_WEEK","DEC_LATITUDE","DEC_LONGITUDE","DISPATCH_TM","DISTRICT","DRIVER_COUNT_16YR","DRIVER_COUNT_17YR","DRIVER_COUNT_18YR","DRIVER_COUNT_19YR","DRIVER_COUNT_20YR","DRIVER_COUNT_50_64YR","DRIVER_COUNT_65_74YR","DRIVER_COUNT_75PLUS","EST_HRS_CLOSED","FATAL_COUNT","HEAVY_TRUCK_COUNT","HORSE_BUGGY_COUNT","HOUR_OF_DAY","ILLUMINATION","INJURY_COUNT","INTERSECTION_RELATED","INTERSECT_TYPE","LANE_CLOSED","LATITUDE","LN_CLOSE_DIR","LOCATION_TYPE","LONGITUDE","MAX_SEVERITY_LEVEL","MCYCLE_DEATH_COUNT","MCYCLE_SUSP_SERIOUS_INJ_COUNT","MOTORCYCLE_COUNT","MUNICIPALITY","NONMOTR_COUNT","NONMOTR_DEATH_COUNT","NONMOTR_SUSP_SERIOUS_INJ_COUNT","NTFY_HIWY_MAINT","PED_COUNT","PED_DEATH_COUNT","PED_SUSP_SERIOUS_INJ_COUNT","PERSON_COUNT","POLICE_AGCY","POSSIBLE_INJ_COUNT","RDWY_SURF_TYPE_CD","RELATION_TO_ROAD","ROADWAY_CLEARED","ROAD_CONDITION","SCH_BUS_IND","SCH_ZONE_IND","SECONDARY_CRASH","SMALL_TRUCK_COUNT","SPEC_JURIS_CD","SUSP_MINOR_INJ_COUNT","SUSP_SERIOUS_INJ_COUNT","SUV_COUNT","TCD_FUNC_CD","TCD_TYPE","TFC_DETOUR_IND","TIME_OF_DAY","TOTAL_UNITS","TOT_INJ_COUNT","UNBELTED_OCC_COUNT","UNB_DEATH_COUNT","UNB_SUSP_SERIOUS_INJ_COUNT","UNK_INJ_DEG_COUNT","UNK_INJ_PER_COUNT","URBAN_RURAL","VAN_COUNT","VEHICLE_COUNT","WEATHER1","WEATHER2","WORKERS_PRES","WORK_ZONE_IND","WORK_ZONE_LOC","WORK_ZONE_TYPE","WZ_CLOSE_DETOUR","WZ_FLAGGER","WZ_LAW_OFFCR_IND","WZ_LN_CLOSURE","WZ_MOVING","WZ_OTHER","WZ_SHLDER_MDN","WZ_WORKERS_INJ_KILLED"
"2015060837","","1","0","0","0","0","0","0","0","0","1","0","","02","6","2015","3","40.474074","-79.707368","","11","0","0","0","0","0","0","1","0","","0","0","0","","","0","","0","","40 28:26.667","","0","79 42:26.524","0","0","0","1","2466","0","0","0","N","0","0","0","2","02466","0","","1.0","","1","N","N","","0","","0","0","0","","0","","","2","0","0","0","0","0","0","2","0","2","","","","N","","","","","","","","","",""
"2015061676","","3","0","0","0","0","0","0","0","0","5","0","","02","6","2015","4","40.464286","-79.932347","","11","0","0","0","0","0","0","0","0","2","0","0","0","","","1","","0","","40 27:51.430","5","0","79 55:56.450","3","0","0","0","2301","0","0","0","N","0","0","0","1","02301","0","","6.0","","1","N","N","","0","","1","0","0","","0","Y","","3","1","0","0","0","0","0","2","0","3","","","","N","","","","","","","","","",""
"2015061688","","0","0","0","0","0","0","0","0","0","7","0","","02","6","2015","2","40.565261","-79.808521","","11","0","0","0","0","0","0","0","0","1","0","0","0","","","0","","0","","40 33:54.940","5","0","79 48:30.677","0","0","0","0","2206","0","0","0","N","0","0","0","1","02206","0","","5.0","","9","N","N","","1","","0","0","0","","0","N","","1","0","0","0","0","0","0","2","0","1","","","","N","","","","","","","","","",""
"2015062288","","2","0","0","0","0","0","0","0","0","4","0","","02","6","2015","1","40.453945","-79.979862","","11","0","0","0","0","0","0","0","0","2","0","0","0","","","2","","1","","40 27:14.202","4","0","79 58:47.503","4","0","0","0","2301","0","0","0","N","0","0","0","2","02301","2","","1.0","","1","N","N","","1","","0","0","0","","3","Y","","3","2","0","0","0","0","0","2","0","3","","","","N","","","","","","","","","",""
"2015061535","","2","0","0","0","0","0","0","0","0","4","0","","02","6","2015","6","40.482061","-80.040756","","11","0","0","0","0","0","1","0","0","","0","0","0","","","0","","0","","40 28:55.419","","0","80 02:26.721","0","0","0","0","2301","0","0","0","N","0","0","0","3","02301","0","","1.0","","1","N","N","","0","","0","0","0","","0","","","2","0","0","0","0","0","0","2","0","2","","","","N","","","","","","","","","",""
"2015062353","","1","0","0","0","0","0","0","0","0","1","0","","02","6","2015","1","40.443015","-80.052733","","11","0","0","0","0","0","1","0","0","1","0","0","0","","","0","","2","","40 26:34.854","3","0","80 03:09.838","0","0","0","0","2301","0","0","0","N","0","0","0","2","02301","0","","1.0","","9","N","N","","0","","0","0","1","","2","Y","","2","0","0","0","0","0","0","2","0","2","","","","N","","","","","","","","","",""
"2015060838","","1","0","0","0","0","0","0","0","0","5","0","","02","5","2015","7","40.382859","-80.043889","","11","0","0","0","0","0","1","0","1","2","0","0","0","","","0","","0","","40 22:58.294","1","0","80 02:38.002","0","0","0","0","2109","0","0","0","N","0","0","0","2","02109","0","","1.0","","1","N","N","","0","","0","0","0","","0","N","","2","0","0","0","0","0","0","2","1","2","","","","N","","","","","","","","","",""
"2015062429","","1","0","0","0","0","0","0","0","0","1","0","","02","6","2015","1","40.461846","-79.937012","","11","0","0","0","0","0","0","0","0","","0","0","0","","","0","","2","","40 27:42.645","","0","79 56:13.243","0","0","0","0","2301","0","0","0","N","0","0","0","1","02301","0","","4.0","","1","N","N","","0","","0","0","1","","0","","","2","0","0","0","0","0","0","2","0","2","","","","N","","","","","","","","","",""
"2015061406","","1","0","0","1","0","0","0","0","0","8","0","","02","6","2015","5","40.444904","-79.993896","","11","0","0","0","0","0","0","0","0","1","0","0","0","","","1","","1","","40 26:41.654","4","0","79 59:38.025","4","0","0","0","2301","1","0","0","N","0","0","0","2","02301","1","","1.0","","1","N","N","","0","","0","0","0","","2","N","","2","1","0","0","0","0","0","2","0","1","","","","N","","","","","","","","","",""
"2015061678","","2","0","0","0","0","0","0","0","0","4","0","","02","6","2015","4","40.655185","-80.086928","","11","0","0","0","0","0","0","0","0","1","0","0","0","","","3","","1","","40 39:18.666","1","0","80 05:12.940","4","0","0","0","2212","0","0","0","N","0","0","0","5","02505","3","","1.0","","1","N","N","","0","","0","0","0","","2","N","","2","3","0","0","0","0","0","2","0","2","","","","N","","","","","","","","","",""
"2015061679","","1","0","0","0","0","0","0","0","0","4","0","","02","6","2015","6","40.465165","-79.957999","","11","0","0","0","0","0","0","1","0","1","0","0","0","","","0","","1","","40 27:54.594","4","0","79 57:28.796","0","0","0","0","2301","0","0","0","N","0","0","0","2","02301","0","","1.0","","1","N","N","","1","","0","0","0","","2","N","","2","0","0","0","0","0","0","2","0","2","","","","N","","","","","","","","","",""
"2015063050","","1","0","0","0","0","0","0","0","0","7","0","","02","6","2015","5","40.286155","-79.828054","","11","0","0","0","0","0","0","0","0","9","0","0","0","","","1","","0","","40 17:10.158","6","0","79 49:40.994","8","0","0","0","2105","0","0","0","N","0","0","0","1","02105","0","","5.0","","1","N","N","","0","","0","0","0","","0","Y","","1","1","1","0","0","1","0","2","0","1","","","","N","","","","","","","","","",""
"2015062914","","1","0","0","0","0","0","0","0","0","7","0","","02","6","2015","7","40.456034","-80.029002","","11","0","0","0","0","0","0","0","0","1","0","0","0","","","1","","0","","40 27:21.721","2","1","80 01:44.408","4","0","0","0","2301","0","0","0","Y","0","0","0","1","02301","1","","5.0","","1","N","N","","0","","0","0","0","","0","N","","1","1","0","0","0","0","0","2","0","1","","","","N","","","","","","","","","",""
"2015061539","","1","0","0","0","0","0","0","0","0","7","0","","02","6","2015","5","40.302926","-79.82736","","11","0","1","0","0","0","0","0","0","2","0","0","0","","","0","","0","","40 18:10.532","1","0","79 49:38.497","0","0","0","0","2105","0","0","0","N","0","0","0","2","02105","0","","2.0","","1","N","N","","0","","0","0","0","","0","N","","1","0","0","0","0","0","0","1","0","1","","","","N","","","","","","","","","",""
"2015060767","","2","0","0","0","0","0","0","0","0","5","0","","02","6","2015","3","40.383312","-79.99581","","11","0","0","0","0","0","1","0","0","","0","0","0","","","0","","0","","40 22:59.923","","0","79 59:44.917","0","0","0","0","2301","0","0","0","N","0","0","0","4","02301","0","","1.0","","1","N","N","","0","","0","0","1","","0","","","3","0","0","0","0","0","0","2","0","3","","","","N","","","","","","","","","",""
"2015061541","","2","0","0","0","0","0","0","0","0","4","0","","02","6","2015","6","40.477664","-79.785484","","11","0","0","0","0","0","1","1","0","1","0","0","0","","","2","","1","","40 28:39.592","1","0","79 47:07.743","4","0","0","0","2113","0","0","0","N","0","0","0","2","02113","2","","1.0","","1","N","N","","0","","0","0","0","","2","Y","","2","2","0","0","0","0","0","2","0","2","","","","N","","","","","","","","","",""
"2015061554","","3","0","0","0","0","0","0","0","0","1","0","","02","5","2015","2","40.429709","-79.957021","","11","0","0","0","0","0","2","0","0","1","0","0","0","","","1","","0","","40 25:46.954","3","0","79 57:25.276","3","0","0","0","2301","0","0","0","N","0","0","0","3","68B03","0","","1.0","","1","N","N","","0","","1","0","0","","0","N","","3","1","0","0","0","0","0","2","0","3","","","","N","","","","","","","","","",""
"2015062372","","1","0","0","0","0","0","0","0","0","1","0","","02","6","2015","1","40.427723","-79.891233","","11","0","0","0","0","0","0","0","0","1","0","0","0","","","0","","0","","40 25:39.801","2","1","79 53:28.438","9","0","0","0","2426","0","0","0","N","0","0","0","2","02426","0","","1.0","","1","N","N","","0","","0","0","1","","0","N","","2","0","0","0","0","0","1","2","0","2","","","","N","","","","","","","","","",""
"2015061617","","1","0","0","0","0","0","0","0","0","1","0","","02","6","2015","5","40.484268","-79.907841","","11","0","1","2","0","0","0","0","0","","0","0","0","","","0","","2","","40 29:03.363","","0","79 54:28.228","0","0","0","0","2301","0","0","0","N","0","0","0","4","02301","0","","1.0","","1","N","N","","1","","0","0","2","","2","","","4","0","0","0","0","0","0","2","0","4","","","","N","","","","","","","","","",""
"2015063246","","0","0","0","0","0","0","0","0","0","4","0","55","02","6","2015","1","40.586871","-79.878279","","11","0","0","0","0","0","1","0","0","2","0","0","0","","","5","","0","","40 35:12.734","3","0","79 52:41.806","4","0","0","0","2209","0","0","0","N","0","0","0","5","68T02","5","","1.0","","8","N","N","","0","","0","0","2","","0","N","","2","5","0","0","0","0","0","2","0","2","","","N","Y","4","1","N","N","N","N","N","N","Y",""
"2015062510","","2","0","0","0","0","0","0","0","0","4","0","","02","6","2015","7","40.630063","-79.995387","","11","0","0","0","0","1","0","0","0","","0","0","0","","","2","","2","","40 37:48.226","","0","79 59:43.393","4","0","0","0","2216","0","0","0","N","0","0","0","2","02505","2","","1.0","","1","N","N","","0","","0","0","0","","3","","","2","2","0","0","0","0","0","2","0","2","","","","N","","","","","","","","","",""
"2015056063","","0","0","0","0","0","0","0","0","0","7","1","","02","5","2015","4","40.422052","-79.972732","","11","0","0","0","0","0","0","0","0","4","0","1","0","","","0","","0","","40 25:19.386","5","0","79 58:21.834","0","0","0","0","2301","0","0","0","N","0","0","0","2","02301","0","","5.0","","1","N","N","","0","","0","0","0","","0","Y","","1","0","0","0","0","0","0","2","0","1","","","","N","","","","","","","","","",""
"2015062294","","1","0","0","0","0","0","0","0","0","7","0","","02","6","2015","5","40.406842","-80.086878","","11","0","0","0","0","0","0","0","0","2","0","0","0","","","0","","0","","40 24:24.630","4","0","80 05:12.760","0","0","0","0","2415","0","0","0","N","0","0","0","2","02415","0","","5.0","","1","N","N","","0","","0","0","0","","0","N","","1","0","0","0","0","0","0","2","0","1","","","","N","","","","","","","","","",""
"2015060768","","1","0","0","0","0","0","0","0","0","5","0","","02","6","2015","3","40.479494","-80.043664","","11","0","0","0","0","0","0","0","1","1","0","0","0","","","0","","0","","40 28:46.180","1","0","80 02:37.192","0","0","0","0","2301","0","0","0","N","0","0","0","2","02301","0","","1.0","","1","N","N","","0","","0","0","0","","0","Y","","2","0","0","0","0","0","0","2","1","2","","","","N","","","","","","","","","",""
"2015061555","","0","0","0","0","0","0","0","0","0","1","0","55","02","6","2015","4","40.440106","-80.187835","","11","0","0","0","0","0","0","0","0","","0","0","0","","","0","","0","","40 26:24.381","","0","80 11:16.205","0","0","0","0","2214","0","0","0","N","0","0","0","2","68B03","0","","1.0","","1","N","N","","0","","0","0","2","","0","","","2","0","0","0","0","0","0","1","0","2","","","Y","Y","1","1","N","N","N","Y","N","N","N",""
"2015061683","","1","0","0","0","0","0","0","0","0","4","0","","02","6","2015","5","40.402012","-80.000594","","11","0","0","0","0","0","0","1","0","","0","0","0","","","0","","1","","40 24:07.244","","0","80 00:02.139","0","0","0","0","2301","0","0","0","N","0","0","0","7","02301","0","","1.0","","1","N","N","","0","","0","0","0","","2","","","2","0","0","0","0","0","0","2","1","2","","","","N","","","","","","","","","",""
"2015063123","","1","0","0","0","0","0","0","0","0","4","0","","02","6","2015","3","40.457757","-79.819207","","11","0","0","0","0","0","1","0","0","","0","0","0","","","0","","1","","40 27:27.925","","0","79 49:09.145","0","0","0","0","2113","0","0","0","N","0","0","0","5","02113","0","","1.0","","1","N","N","","1","","0","0","0","","3","","","2","0","0","0","0","0","0","2","0","2","","","","N","","","","","","","","","",""
"2015060908","","2","0","0","0","0","0","0","0","0","1","0","","02","6","2015","4","40.470031","-79.908691","","11","0","0","0","0","0","2","0","0","1","0","0","0","","","2","","0","","40 28:12.112","2","0","79 54:31.289","3","0","0","0","2301","0","0","0","N","0","0","0","6","02301","1","","1.0","","1","N","N","","0","","1","0","2","","0","N","","4","2","0","0","0","0","0","2","0","4","","","","N","","","","","","","","","",""
"2015062918","","1","0","0","0","0","0","0","0","0","4","0","","02","6","2015","2","40.427433","-79.721481","","11","0","0","0","0","0","1","0","0","1","0","0","0","","","0","","1","","40 25:38.757","2","0","79 43:17.333","0","0","0","0","2446","0","0","0","N","0","0","0","2","02446","0","","1.0","","1","N","N","","1","","0","0","0","","2","N","","2","0","0","0","0","0","0","2","0","2","","","","N","","","","","","","","","",""
"2015060770","","0","0","0","0","0","0","0","0","0","1","2","","02","6","2015","6","40.33798","-79.894971","","11","0","0","0","0","0","1","0","0","3","0","2","0","","","2","","2","","40 20:16.728","3","1","79 53:41.897","4","0","0","0","2473","0","0","0","Y","0","0","0","2","02473","2","","1.0","","1","N","N","","0","","0","0","0","","2","Y","","2","2","0","0","0","0","0","2","0","2","","","","N","","","","","","","","","",""
"2015060910","","1","0","0","0","0","0","0","0","0","4","0","","02","6","2015","4","40.403904","-80.092182","","11","0","0","0","1","0","1","0","0","","0","0","0","","","0","","2","","40 24:14.053","","0","80 05:31.854","0","0","0","0","2415","0","0","0","N","0","0","0","2","02415","0","","1.0","","1","N","N","","0","","0","0","1","","3","","","2","0","0","0","0","0","0","2","0","2","","","","N","","","","","","","","","",""
"2015062921","","0","0","0","0","0","0","0","0","0","5","0","","02","6","2015","3","40.486169","-80.052352","","11","0","0","0","0","0","0","0","0","","0","0","0","","","0","","0","","40 29:10.208","","0","80 03:08.467","0","0","0","0","2404","0","0","0","N","0","0","0","1","02404","0","","4.0","","9","N","N","","1","","0","0","1","","0","","","2","0","0","0","0","0","0","2","0","2","","","","N","","","","","","","","","",""
"2015060785","","1","0","0","0","0","0","0","0","0","7","0","","02","6","2015","3","40.452365","-79.887544","","11","0","0","0","0","0","0","0","0","1","0","0","0","","","0","","1","","40 27:08.514","7","0","79 53:15.158","0","0","0","0","2301","0","0","0","","0","0","0","1","02301","0","","5.0","","1","","","","0","","0","0","0","","3","N","","1","0","0","0","0","0","0","2","0","1","","","","N","","","","","","","","","",""
"2015062163","","2","0","0","0","0","0","0","0","0","1","0","","02","6","2015","6","40.645125","-79.938264","","11","0","0","0","0","0","1","0","0","1","0","0","0","","","1","","0","","40 38:42.451","2","0","79 56:17.752","4","0","0","0","2217","0","0","0","N","0","0","0","2","02505","1","","1.0","","1","N","N","","0","","0","0","0","","0","N","","2","1","0","0","0","0","0","2","0","2","","","","N","","","","","","","","","",""
"2015063045","","1","0","0","0","0","0","0","0","0","7","0","","02","6","2015","6","40.650231","-80.078214","","11","0","0","0","0","0","1","0","0","3","0","0","0","","","1","","0","","40 39:00.830","1","0","80 04:41.570","3","0","0","0","2212","0","0","0","N","0","0","0","1","02505","0","","5.0","","1","N","N","","0","","1","0","0","","0","N","","1","1","0","0","0","0","0","2","0","1","","","","N","","","","","","","","","",""
"2015063058","","2","0","0","0","0","0","0","0","0","4","0","","02","6","2015","2","40.491601","-80.061176","","11","0","0","0","0","0","1","0","0","","0","0","0","","","0","","1","","40 29:29.763","","0","80 03:40.233","0","0","0","0","2404","0","0","0","N","0","0","0","2","02404","0","","1.0","","1","N","N","","0","","0","0","0","","2","","","2","0","0","0","0","0","0","2","0","2","","","","N","","","","","","","","","",""
"2015060786","","2","0","0","0","0","0","0","0","0","4","0","","02","6","2015","3","40.368647","-80.102357","","11","0","0","0","0","0","0","0","0","","0","0","0","","","0","","0","","40 22:07.128","","7","80 06:08.484","0","0","0","0","2102","0","0","0","N","0","0","0","2","02102","0","","1.0","","1","N","N","","0","","0","0","0","","8","","","2","0","0","0","0","0","0","2","0","2","","","","N","","","","","","","","","",""
"2015062518","","1","0","0","0","0","0","0","0","0","7","0","","02","6","2015","3","40.541066","-79.803268","","11","0","0","1","0","0","0","0","0","1","0","0","0","","","0","","0","","40 32:27.836","7","0","79 48:11.765","0","0","0","0","2418","0","0","0","N","0","0","0","1","02418","0","","9.0","","1","N","N","","0","","0","0","0","","0","Y","","1","0","0","0","0","0","0","2","0","1","","","","N","","","","","","","","","",""
"2015062314","","1","0","0","0","0","0","0","0","0","4","0","","02","6","2015","6","40.655185","-80.086928","","11","0","0","0","0","0","1","0","0","","0","0","0","","","0","","1","","40 39:18.666","","0","80 05:12.940","0","0","0","0","2212","0","0","0","N","0","0","0","2","02505","0","","1.0","","9","N","N","","0","","0","0","1","","2","","","2","0","0","0","0","0","0","2","0","2","","","","N","","","","","","","","","",""
"2015061627","","1","0","0","0","0","0","0","0","0","1","1","","02","6","2015","6","40.475479","-80.065015","","11","0","0","0","0","0","1","0","0","","0","1","0","","","0","","3","","40 28:31.726","","0","80 03:54.055","0","0","0","0","2122","0","0","0","N","0","0","0","4","02122","0","","1.0","","1","N","N","","0","","0","0","0","","2","","","2","0","0","0","0","0","0","2","0","2","","","","N","","","","","","","","","",""
"2015063256","","0","0","0","0","0","0","0","0","0","5","0","","02","6","2015","3","40.642656","-80.067633","","11","0","0","0","0","0","3","0","0","","0","0","0","","","1","","1","","40 38:33.561","","0","80 04:03.477","3","0","0","3","2216","0","0","0","N","0","0","0","3","02505","0","","1.0","","1","N","N","","0","","1","0","0","","2","","","3","1","0","0","0","0","0","2","0","3","","","","N","","","","","","","","","",""
"2015063061","","0","0","0","0","0","0","0","0","0","1","0","","02","6","2015","2","40.620928","-79.917147","","11","0","0","1","0","0","0","0","1","","0","0","0","","","1","","0","","40 37:15.340","","0","79 55:01.728","4","0","0","0","2220","0","0","0","N","0","0","0","3","02220","1","","1.0","","1","N","N","","0","","0","0","2","","0","","","2","1","0","0","0","0","0","2","0","2","","","","N","","","","","","","","","",""
"2015062236","","2","0","0","0","0","0","0","0","0","4","0","","02","6","2015","7","40.513508","-80.000848","","11","0","0","0","0","0","0","0","0","1","0","0","0","","","1","","0","","40 30:48.628","1","0","80 00:03.054","4","0","0","0","2116","0","0","0","N","0","0","0","3","02116","1","","1.0","","1","N","N","","0","","0","0","0","","0","N","","2","1","0","0","0","0","0","2","0","2","","","","N","","","","","","","","","",""
"2015062928","","1","0","0","0","0","0","0","0","0","7","0","","02","6","2015","6","40.369378","-79.89175","","11","0","0","0","0","0","0","0","0","","0","0","0","","","0","","0","","40 22:09.760","","0","79 53:30.300","0","0","0","0","2473","0","0","0","N","0","0","0","2","02473","0","","2.0","","8","N","N","","0","","0","0","0","","0","","","1","0","0","0","0","0","0","2","0","1","","","","N","","","","","","","","","",""
"2015061498","","0","0","0","0","0","0","0","0","0","4","0","","02","6","2015","5","40.546177","-79.770448","","11","0","0","0","0","0","0","1","0","","0","0","0","","","0","","2","","40 32:46.237","","0","79 46:13.611","0","0","0","0","2121","0","0","0","N","0","0","0","3","02121","0","","1.0","","1","N","N","","2","","0","0","0","","3","","","2","0","0","0","0","0","0","1","0","2","","","","N","","","","","","","","","",""
"2015060931","","2","0","0","0","0","0","0","0","0","4","0","","02","6","2015","2","40.44313","-80.057889","","11","0","0","0","1","0","0","0","0","1","0","0","0","","","0","","1","","40 26:35.267","3","0","80 03:28.402","0","0","0","0","2301","0","0","0","N","0","0","0","5","02301","0","","1.0","","1","N","N","","0","","0","0","0","","3","N","","2","0","0","0","0","0","0","2","0","2","","","","N","","","","","","","","","",""
"2015061300","","2","0","0","0","0","0","0","0","0","4","0","","02","6","2015","5","40.46586","-79.922782","","11","0","0","0","0","0","0","1","0","","0","0","0","","","0","","1","","40 27:57.096","","0","79 55:22.015","0","0","0","0","2301","0","0","0","N","0","0","0","2","02301","0","","1.0","","1","N","N","","0","","0","0","0","","2","","","2","0","0","0","0","0","0","2","0","2","","","","N","","","","","","","","","",""
"2015062662","","1","0","0","0","0","0","0","0","0","4","0","","02","6","2015","2","40.359736","-80.000769","","11","0","0","0","0","0","0","1","0","","0","0","0","","","0","","2","","40 21:35.049","","0","80 00:02.768","0","0","0","0","2476","0","0","0","N","0","0","0","2","02476","0","","1.0","","1","N","N","","1","","0","0","0","","3","","","2","0","0","0","0","0","0","2","0","2","","","","N","","","","","","","","","",""
"2015062525","","1","0","0","0","0","0","0","0","0","7","0","","02","6","2015","1","40.384333","-79.8885","","11","0","0","0","0","0","0","0","0","2","0","0","0","","","2","","0","","40 23:03.600","6","0","79 53:18.600","4","0","0","0","2473","0","0","0","N","0","0","0","2","02473","2","","5.0","","1","N","N","","0","","0","0","0","","0","Y","","1","2","0","0","0","0","0","2","0","1","","","","N","","","","","","","","","",""
"2015060250","","1","0","0","0","0","0","0","0","0","1","0","","02","6","2015","1","40.516707","-80.192252","","11","0","0","0","0","0","0","0","0","","0","0","0","","","0","","2","","40 31:00.145","","0","80 11:32.106","0","0","0","0","2213","0","0","0","N","0","0","0","3","02213","0","","1.0","","1","N","N","","0","","0","0","1","","0","","","2","0","0","0","0","0","0","2","0","2","","","","N","","","","","","","","","",""
"2015060542","","2","0","0","0","0","0","0","0","0","4","0","","02","5","2015","5","40.33078","-80.021922","","11","0","0","0","0","0","0","0","0","1","0","0","0","","","0","","0","","40 19:50.808","4","0","80 01:18.918","0","0","0","0","2407","0","0","0","N","0","0","0","2","02407","0","","1.0","","1","N","N","","0","","0","0","0","","3","N","","2","0","0","0","0","0","0","2","0","2","","","","N","","","","","","","","","",""
"2015063188","","2","0","0","0","0","0","0","0","0","1","0","","02","6","2015","2","40.664084","-79.717678","","11","0","0","0","0","0","0","1","0","","0","0","0","","","1","","6","","40 39:50.704","","2","79 43:03.642","4","0","0","0","2106","0","0","0","N","0","0","0","2","68D02","1","","1.0","","9","N","N","","0","","0","0","0","","0","","","2","1","0","0","0","0","0","2","0","2","","","","N","","","","","","","","","",""
"2015061291","","1","0","0","0","0","0","0","0","0","7","0","","02","6","2015","2","40.481477","-79.87795","","11","0","0","0","0","0","0","0","0","2","0","0","0","","","1","","0","","40 28:53.316","6","0","79 52:40.619","4","0","0","0","2113","0","0","0","N","0","0","0","1","02113","1","","5.0","","9","N","N","","0","","0","0","0","","0","N","","1","1","0","0","0","0","0","2","0","1","","","","N","","","","","","","","","",""
"2015061292","","2","0","0","0","0","0","0","0","0","1","0","","02","6","2015","4","40.389206","-79.867905","","11","0","0","0","0","0","0","0","0","1","0","0","0","","","0","","2","","40 23:21.142","1","0","79 52:04.457","0","0","0","0","2473","0","0","0","N","0","0","0","6","02473","0","","1.0","","1","N","N","","0","","0","0","0","","0","N","","2","0","0","0","0","0","0","2","0","2","","","","N","","","","","","","","","",""
"2015060404","","0","0","0","0","0","0","0","0","0","5","1","","02","6","2015","3","40.410917","-80.083361","","11","0","0","0","0","0","1","0","0","","0","1","0","","","0","","1","","40 24:39.300","","0","80 05:00.101","0","0","0","0","2415","0","0","0","N","0","0","0","4","02415","0","","1.0","","1","N","N","","0","","0","0","0","","2","","","2","0","0","0","0","0","0","2","1","2","","","","N","","","","","","","","","",""
"2015061306","","2","0","0","0","0","0","0","0","0","1","0","","02","6","2015","5","40.614942","-80.097167","","11","0","0","0","1","0","1","0","0","","0","0","0","","","0","","1","","40 36:53.791","","0","80 05:49.800","0","0","0","0","2481","0","0","0","N","0","0","0","3","02481","0","","1.0","","1","N","N","","1","","0","0","0","","2","","","3","0","0","0","0","0","0","2","0","3","","","","N","","","","","","","","","",""
"2015062667","","1","0","0","0","0","0","0","0","0","4","0","","02","6","2015","2","40.384713","-79.995126","","11","0","0","0","0","0","0","1","0","","0","0","0","","","0","","2","","40 23:04.968","","0","79 59:42.454","0","0","0","0","2301","0","0","0","N","0","0","0","3","02301","0","","1.0","","1","N","N","","1","","0","0","0","","2","","","2","0","0","0","0","0","0","2","0","2","","","","N","","","","","","","","","",""
"2015061151","","1","0","0","0","0","0","0","0","0","4","0","","02","6","2015","4","40.653407","-80.067874","","11","0","0","0","0","0","0","0","0","1","0","0","0","","","0","","2","","40 39:12.266","6","0","80 04:04.348","0","0","0","0","2216","0","0","0","N","0","0","0","2","02505","0","","1.0","","1","N","N","","1","","0","0","0","","3","N","","2","0","0","0","0","0","0","2","0","2","","","","N","","","","","","","","","",""
"2015061295","","3","0","0","0","0","0","0","0","0","1","0","","02","6","2015","5","40.436647","-79.970796","","11","0","0","0","0","0","1","0","0","1","0","0","0","","","1","","3","","40 26:11.928","4","2","79 58:14.864","8","0","0","0","2301","0","0","0","N","0","0","0","4","02301","0","","1.0","","1","N","N","","0","","0","0","0","","4","N","","3","1","0","0","0","1","0","2","0","3","","","","N","","","","","","","","","",""
"2015060535","","1","0","0","0","0","0","0","0","0","8","0","","02","6","2015","3","40.48683","-79.887609","","11","0","0","0","0","0","1","0","0","","0","0","0","","","1","","0","","40 29:12.589","","7","79 53:15.391","4","0","0","0","2301","1","0","0","N","1","0","0","2","02301","1","","1.0","","1","N","N","","0","","0","0","0","","0","","","2","1","0","0","0","0","0","2","0","1","","","","N","","","","","","","","","",""
"2015061297","","4","0","0","0","0","0","0","0","0","1","0","","02","6","2015","5","40.442028","-79.993757","","11","0","0","0","0","0","0","0","0","","0","0","0","","","1","","2","","40 26:31.301","","0","79 59:37.526","4","0","0","0","2301","0","0","0","N","0","0","0","4","02301","1","","1.0","","1","N","N","","0","","0","0","0","","0","","","4","1","0","0","0","0","0","2","0","4","","","","N","","","","","","","","","",""
"2015062547","","2","0","0","0","0","0","0","0","0","4","0","","02","6","2015","1","40.464754","-80.069137","","11","0","0","0","0","0","0","0","0","","0","0","0","","","0","","0","","40 27:53.114","","0","80 04:08.893","0","0","0","0","2444","0","0","0","N","0","0","0","1","02444","0","","6.0","","1","N","N","","0","","0","0","0","","0","","","2","0","0","0","0","0","0","2","0","2","","","","N","","","","","","","","","",""
"2015062685","","2","0","0","0","0","0","0","0","0","1","0","","02","6","2015","3","40.612374","-80.054421","","11","0","0","0","0","0","0","0","0","","0","0","0","","","1","","1","","40 36:44.547","","0","80 03:15.917","4","0","0","0","2108","0","0","0","N","0","0","0","3","02108","1","","1.0","","1","N","N","","0","","0","0","0","","2","","","2","1","1","0","0","0","0","2","0","2","","","","N","","","","","","","","","",""