"CRN","ARRIVAL_TM","AUTOMOBILE_COUNT","BELTED_DEATH_COUNT","BELTED_SUSP_SERIOUS_INJ_COUNT","BICYCLE_COUNT","BICYCLE_DEATH_COUNT","BICYCLE_SUSP_SERIOUS_INJ_COUNT","BUS_COUNT","CHLDPAS_DEATH_COUNT","CHLDPAS_SUSP_SERIOUS_INJ_COUNT","COLLISION_TYPE","COMM_VEH_COUNT","CONS_ZONE_SPD_LIM","COUNTY","CRASH_MONTH","CRASH_YEAR","DAY_OF_WEEK","DEC_LATITUDE","DEC_LONGITUDE","DISPATCH_TM","DISTRICT","DRIVER_COUNT_16YR","DRIVER_COUNT_17YR","DRIVER_COUNT_18YR","DRIVER_COUNT_19YR","DRIVER_COUNT_20YR","DRIVER_COUNT_50_64YR","DRIVER_COUNT_65_74YR","DRIVER_COUNT_75PLUS","EST_HRS_CLOSED","FATAL_COUNT","HEAVY_TRUCK_COUNT","HORSE_BUGGY_COUNT","HOUR_OF_DAY","ILLUMINATION","INJURY_COUNT","INTERSECTION_RELATED","INTERSECT_TYPE","LANE_CLOSED","LATITUDE","LN_CLOSE_DIR","LOCATION_TYPE","LONGITUDE","MAX_SEVERITY_LEVEL","MCYCLE_DEATH_COUNT","MCYCLE_SUSP_SERIOUS_INJ_COUNT","MOTORCYCLE_COUNT","MUNICIPALITY","NONMOTR_COUNT","NONMOTR_DEATH_COUNT","NONMOTR_SUSP_SERIOUS_INJ_COUNT","NTFY_HIWY_MAINT","PED_COUNT","PED_DEATH_COUNT","PED_SUSP_SERIOUS_INJ_COUNT","PERSON_COUNT","POLICE_AGCY","POSSIBLE_INJ_COUNT","RDWY_SURF_TYPE_CD","RELATION_TO_ROAD","ROADWAY_CLEARED","ROAD_CONDITION","SCH_BUS_IND","SCH_ZONE_IND","SECONDARY_CRASH","SMALL_TRUCK_COUNT","SPEC_JURIS_CD","SUSP_MINOR_INJ_COUNT","SUSP_SERIOUS_INJ_COUNT","SUV_COUNT","TCD_FUNC_CD","TCD_TYPE","TFC_DETOUR_IND","TIME_OF_DAY","TOTAL_UNITS","TOT_INJ_COUNT","UNBELTED_OCC_COUNT","UNB_DEATH_COUNT","UNB_SUSP_SERIOUS_INJ_COUNT","UNK_INJ_DEG_COUNT","UNK_INJ_PER_COUNT","URBAN_RURAL","VAN_COUNT","VEHICLE_COUNT","WEATHER1","WEATHER2","WORKERS_PRES","WORK_ZONE_IND","WORK_ZONE_LOC","WORK_ZONE_TYPE","WZ_CLOSE_DETOUR","WZ_FLAGGER","WZ_LAW_OFFCR_IND","WZ_LN_CLOSURE","WZ_MOVING","WZ_OTHER","WZ_SHLDER_MDN","WZ_WORKERS_INJ_KILLED"
"2015059032","","0","0","0","0","0","0","0","0","0","1","0","","02","6","2015","3","40.558141","-80.023489","","11","0","0","0","0","0","1","0","0","","0","0","0","","","0","","1","","40 33:29.308","","0","80 01:24.560","0","0","0","0","2108","0","0","0","N","0","0","0","4","02108","0","","1.0","","1","N","N","","1","","0","0","0","","2","","","2","0","0","0","0","0","0","2","1","2","","","","N","","","","","","","","","",""
"2015065967","","1","0","0","0","0","0","0","0","0","7","0","","02","6","2015","4","40.600658","-79.750621","","11","0","0","0","0","0","0","0","0","","0","0","0","","","0","","0","","40 36:02.370","","0","79 45:02.235","0","0","0","0","2464","0","0","0","N","0","0","0","1","02464","0","","5.0","","1","N","N","","0","","0","0","0","","3","","","1","0","0","0","0","0","0","2","0","1","","","","N","","","","","","","","","",""
"2015063686","","1","0","0","0","0","0","0","0","0","7","0","","02","5","2015","6","40.517464","-80.13002","","11","0","0","0","0","0","0","0","0","1","0","0","0","","","0","","0","","40 31:02.871","3","2","80 07:48.071","0","0","0","0","2434","0","0","0","N","0","0","0","1","68B03","0","","2.0","","1","N","N","","0","","0","0","0","","0","N","","1","0","0","0","0","0","0","2","0","1","","","","N","","","","","","","","","",""
"2015065343","","2","0","0","0","0","0","0","0","0","5","0","","02","6","2015","3","40.463648","-79.923495","","11","0","0","0","0","0","0","1","0","1","0","0","0","","","0","","1","","40 27:49.131","4","0","79 55:24.582","0","0","0","0","2301","0","0","0","N","0","0","0","2","02301","0","","1.0","","1","N","N","","0","","0","0","0","","2","N","","2","0","0","0","0","0","0","2","0","2","","","","N","","","","","","","","","",""
"2015063820","","4","0","0","0","0","0","0","0","0","2","0","","02","6","2015","4","40.448257","-79.898639","","11","0","0","0","0","0","0","0","0","","0","0","0","","","0","","0","","40 26:53.724","","7","79 53:55.100","0","0","0","0","2301","0","0","0","N","0","0","0","1","02301","0","","6.0","","1","N","N","","0","","0","0","0","","2","","","4","0","0","0","0","0","0","2","0","4","","","","N","","","","","","","","","",""
"2015065477","","1","0","0","0","0","0","0","0","0","1","0","","02","6","2015","3","40.428508","-79.960294","","11","0","0","0","0","0","0","0","0","","0","0","0","","","0","","0","","40 25:42.630","","3","79 57:37.060","0","0","0","0","2301","0","0","0","N","0","0","0","2","02301","0","","1.0","","1","N","N","","0","","0","0","1","","0","","","2","0","0","0","0","0","0","2","0","2","","","","N","","","","","","","","","",""
"2015059033","","3","0","0","0","0","0","0","0","0","4","0","","02","6","2015","4","40.572128","-80.023673","","11","0","0","0","0","1","0","0","1","1","0","0","0","","","1","","1","","40 34:19.660","3","0","80 01:25.221","8","0","0","0","2108","0","0","0","N","0","0","0","3","02108","0","","1.0","","1","N","N","","0","","0","0","0","","2","Y","","3","1","0","0","0","1","0","2","0","3","","","","N","","","","","","","","","",""
"2015059858","","1","0","0","0","0","0","0","0","0","1","0","","02","6","2015","1","40.511593","-79.947443","","11","0","0","0","0","0","1","1","0","","0","0","0","","","1","","1","","40 30:41.734","","0","79 56:50.796","8","0","0","0","2118","0","0","0","N","0","0","0","3","02118","0","","1.0","","1","N","N","","1","","0","0","0","","2","","","2","1","0","0","0","1","0","2","0","2","","","","N","","","","","","","","","",""
"2015063687","","1","0","0","0","0","0","0","0","0","7","0","","02","6","2015","2","40.441344","-79.761191","","11","0","0","0","0","0","0","0","0","1","0","0","0","","","0","","0","","40 26:28.839","4","0","79 45:40.288","0","0","0","0","2446","0","0","0","N","0","0","0","1","68B03","0","","4.0","","9","N","N","","0","","0","0","0","","0","N","","1","0","0","0","0","0","0","2","0","1","","","","N","","","","","","","","","",""
"2015064448","","2","0","0","0","0","0","0","0","0","1","0","","02","6","2015","7","40.433499","-80.002967","","11","0","0","0","0","0","0","0","0","","0","0","0","","","1","","0","","40 26:00.597","","3","80 00:10.682","4","0","0","0","2301","0","0","0","N","0","0","0","7","02301","1","","1.0","","1","N","N","","0","","0","0","1","","0","","","3","1","0","0","0","0","0","2","0","3","","","","N","","","","","","","","","",""
"2015063748","","2","0","0","0","0","0","0","0","0","1","0","","02","6","2015","1","40.391779","-79.885528","","11","0","0","0","0","0","0","0","0","","0","0","0","","","1","","2","","40 23:30.404","","0","79 53:07.900","4","0","0","0","2473","0","0","0","N","0","0","0","3","02473","1","","1.0","","1","N","N","","0","","0","0","0","","0","","","2","1","0","0","0","0","0","2","0","2","","","","N","","","","","","","","","",""
"2015065332","","2","0","0","0","0","0","0","0","0","4","0","","02","6","2015","3","40.436579","-79.955532","","11","0","0","0","0","0","0","0","0","","0","0","0","","","0","","1","","40 26:11.684","","0","79 57:19.915","0","0","0","0","2301","0","0","0","N","0","0","0","2","02301","0","","1.0","","1","N","N","","0","","0","0","0","","3","","","2","0","0","0","0","0","0","2","0","2","","","","N","","","","","","","","","",""
"2015063688","","0","0","0","0","0","0","0","0","0","7","0","","02","6","2015","3","40.427599","-79.949974","","11","0","0","0","0","0","0","0","0","","0","0","0","","","0","","0","","40 25:39.355","","0","79 56:59.906","0","0","0","0","2301","0","0","0","N","0","0","0","1","68B03","0","","4.0","","9","N","N","","0","","0","0","1","","0","","","1","0","0","0","0","0","0","2","0","1","","","","N","","","","","","","","","",""
"2015065270","","1","0","0","0","0","0","0","0","0","7","0","","02","5","2015","1","40.388336","-80.098336","","11","0","0","0","0","0","0","0","0","","0","0","0","","","0","","0","","40 23:18.009","","0","80 05:54.009","0","0","0","0","2102","0","0","0","Y","0","0","0","1","68B03","0","","3.0","","1","N","N","","0","","0","0","0","","0","","","1","0","0","0","0","0","0","2","0","1","","","","N","","","","","","","","","",""
"2015065333","","2","0","0","0","0","0","0","0","0","1","0","","02","6","2015","2","40.444088","-80.055833","","11","0","0","0","0","0","2","0","0","","0","0","0","","","1","","3","","40 26:38.716","","0","80 03:20.998","4","0","0","0","2301","0","0","0","N","0","0","0","3","02301","1","","1.0","","1","N","N","","0","","0","0","0","","3","","","2","1","0","0","0","0","0","2","0","2","","","","N","","","","","","","","","",""
"2015066110","","0","0","0","0","0","0","0","0","0","7","0","","02","6","2015","5","40.480181","-80.02662","","11","0","0","0","0","0","0","0","0","1","0","0","0","","","2","","0","","40 28:48.651","1","0","80 01:35.832","4","0","0","0","2301","0","0","0","","0","0","0","2","02301","2","","2.0","","1","N","N","","0","","0","0","0","","0","N","","1","2","0","0","0","0","0","2","1","1","","","","N","","","","","","","","","",""
"2015063822","","0","0","0","0","0","0","0","0","0","4","0","","02","6","2015","5","40.618062","-79.903593","","11","0","0","1","0","0","0","0","0","","0","0","0","","","0","","2","","40 37:05.023","","0","79 54:12.933","0","0","0","0","2220","0","0","0","N","0","0","0","2","02220","0","","1.0","","1","N","N","","1","","0","0","1","","3","","","2","0","0","0","0","0","0","1","0","2","","","","N","","","","","","","","","",""
"2015058277","","2","0","0","0","0","0","0","0","0","2","0","","02","5","2015","1","40.457383","-79.936967","","11","0","0","0","0","0","1","0","0","","0","0","0","","","3","","2","","40 27:26.580","","0","79 56:13.081","8","0","0","0","2301","0","0","0","N","0","0","0","4","02301","0","","1.0","","1","N","N","","0","","0","0","0","","0","","","2","3","0","0","0","3","0","2","0","2","","","","N","","","","","","","","","",""
"2015065970","","1","0","0","0","0","0","0","0","0","7","0","","02","6","2015","4","40.456736","-80.020558","","11","0","0","0","0","0","0","0","0","","0","0","0","","","0","","0","","40 27:24.250","","0","80 01:14.010","0","0","0","0","2301","0","0","0","N","0","0","0","1","02301","0","","2.0","","1","N","N","","0","","0","0","0","","0","","","1","0","0","0","0","0","0","2","0","1","","","","N","","","","","","","","","",""
"2015065271","","0","0","0","0","0","0","0","0","0","1","0","45","02","5","2015","2","40.412147","-80.067459","","11","0","0","0","0","0","0","0","0","","0","0","0","","","1","","0","","40 24:43.728","","0","80 04:02.852","4","0","0","0","2435","0","0","0","N","0","0","0","2","68B03","1","","1.0","","1","N","N","","0","","0","0","2","","0","","","2","1","0","0","0","0","0","2","0","2","","","Y","Y","4","1","N","N","N","N","N","N","Y",""
"2015064536","","1","0","0","0","0","0","0","0","0","7","0","","02","6","2015","4","40.491956","-79.864907","","11","0","0","0","0","0","0","0","0","","0","0","0","","","1","","1","","40 29:31.040","","0","79 51:53.666","8","0","0","0","2408","0","0","0","N","0","0","0","1","02408","0","","5.0","","1","N","N","","0","","0","0","0","","2","","","1","1","0","0","0","1","0","2","0","1","","","","N","","","","","","","","","",""
"2015064678","","2","0","0","0","0","0","0","0","0","1","0","","02","6","2015","1","40.348646","-79.816331","","11","0","0","0","0","0","0","0","0","","0","0","0","","","0","","0","","40 20:55.127","","0","79 48:58.793","0","0","0","0","2477","0","0","0","N","0","0","0","0","02477","0","","2.0","","1","N","N","","0","","0","0","0","","0","","","4","0","0","0","0","0","0","2","1","4","","","","N","","","","","","","","","",""
"2015059790","","0","0","0","0","0","0","0","0","0","1","0","","02","6","2015","1","40.414215","-80.009632","","11","0","0","0","0","0","1","0","0","","0","0","0","","","0","","5","","40 24:51.175","","0","80 00:34.674","0","0","0","0","2301","0","0","0","N","0","0","0","2","02301","0","","1.0","","1","N","N","","0","","0","0","1","","2","","","2","0","0","0","0","0","0","2","1","2","","","","N","","","","","","","","","",""
"2015065272","","0","0","0","0","0","0","0","0","0","7","0","","02","6","2015","3","40.444725","-79.84335","","11","0","0","0","0","0","0","0","0","","0","0","0","","","1","","0","","40 26:41.011","","0","79 50:36.061","8","0","0","0","2419","0","0","0","Y","0","0","0","1","68B03","0","","4.0","","1","N","N","","0","","0","0","1","","0","","","1","1","1","0","0","1","0","2","0","1","","","","N","","","","","","","","","",""
"2015066114","","1","0","0","0","0","0","0","0","0","1","0","","02","6","2015","3","40.604688","-80.050799","","11","0","0","0","0","0","0","0","0","1","0","0","0","","","1","","1","","40 36:16.876","2","0","80 03:02.877","8","0","0","0","2108","0","0","0","N","0","0","0","3","02108","0","","1.0","","1","N","N","","0","","0","0","1","","2","N","","2","1","0","0","0","1","0","2","0","2","","","","N","","","","","","","","","",""
"2015064665","","1","0","0","0","0","0","0","0","0","6","0","","02","6","2015","1","40.408981","-80.091517","","11","0","0","0","0","0","0","0","1","","0","0","0","","","1","","0","","40 24:32.330","","0","80 05:29.460","8","0","0","0","2415","0","0","0","N","0","0","0","2","02415","0","","1.0","","1","N","N","","1","","0","0","0","","0","","","2","1","0","0","0","1","0","2","0","2","","","","N","","","","","","","","","",""
"2015066240","","1","0","0","0","0","0","0","0","0","7","0","","02","6","2015","7","40.656088","-79.887841","","11","0","0","0","0","0","0","0","0","1","0","0","0","","","1","","0","","40 39:21.918","6","0","79 53:16.227","4","0","0","0","2220","0","0","0","N","0","0","0","1","02220","1","","5.0","","1","N","N","","0","","0","0","0","","0","N","","1","1","0","0","0","0","0","1","0","1","","","","N","","","","","","","","","",""
"2015059862","","1","0","0","0","0","0","0","0","0","4","0","","02","6","2015","5","40.322607","-79.92636","","11","0","0","0","0","0","0","1","0","2","0","0","0","","","0","","2","","40 19:21.384","1","0","79 55:34.897","0","0","0","0","2440","0","0","0","N","0","0","0","3","02440","0","","1.0","","1","N","N","","1","","0","0","0","","3","N","","2","0","0","0","0","0","0","2","0","2","","","","N","","","","","","","","","",""
"2015059050","","0","0","0","0","0","0","0","0","0","8","0","","02","6","2015","5","40.442424","-79.999945","","11","0","0","0","0","0","1","0","0","","0","0","0","","","1","","5","","40 26:32.726","","0","79 59:59.802","8","0","0","0","2301","1","0","0","N","1","0","0","2","02301","0","","1.0","","1","N","N","","1","","0","0","0","","2","","","2","1","0","0","0","1","0","2","0","1","","","","N","","","","","","","","","",""
"2015065208","","0","0","0","0","0","0","0","0","0","4","0","","02","6","2015","2","40.594622","-80.100223","","11","0","0","0","0","0","0","0","0","1","0","0","0","","","2","","2","","40 35:40.639","1","0","80 06:00.801","4","0","0","0","2481","0","0","0","N","0","0","0","3","02481","2","","1.0","","1","N","N","","0","","0","0","2","","3","N","","2","2","0","0","0","0","0","2","0","2","","","","N","","","","","","","","","",""
"2015065273","","0","0","0","0","0","0","0","0","0","0","0","","02","6","2015","6","40.643545","-80.097055","","11","0","0","0","0","0","0","0","0","","0","0","0","","","1","","0","","40 38:36.763","","0","80 05:49.397","4","0","0","1","2212","0","0","0","N","0","0","0","1","68B03","1","","1.0","","1","N","N","","0","","0","0","0","","0","","","1","1","0","0","0","0","0","2","0","1","","","","N","","","","","","","","","",""
"2015066115","","1","0","0","0","0","0","0","0","0","4","0","","02","6","2015","4","40.452703","-80.170281","","11","0","0","1","0","0","0","0","0","","0","0","0","","","1","","0","","40 27:09.730","","0","80 10:13.010","4","0","0","0","2115","0","0","0","N","0","0","0","2","02115","1","","1.0","","1","N","N","","1","","0","0","0","","3","","","2","1","0","0","0","0","0","2","0","2","","","","N","","","","","","","","","",""
"2015063825","","1","0","0","0","0","0","0","0","0","7","0","25","02","6","2015","2","40.340922","-79.812168","","11","0","0","0","0","0","0","0","1","1","0","0","0","","","1","","0","","40 20:27.320","6","0","79 48:43.803","4","0","0","0","2477","0","0","0","N","0","0","0","1","02477","1","","2.0","","1","N","N","","0","","0","0","0","","0","Y","","1","1","0","0","0","0","0","2","0","1","","","N","Y","4","1","","","N","","","","Y",""
"2015066116","","0","0","0","0","0","0","0","0","0","4","0","","02","6","2015","4","40.442583","-80.157206","","11","0","0","0","0","0","0","0","0","","0","0","0","","","0","","0","","40 26:33.300","","0","80 09:25.940","0","0","0","0","2115","0","0","0","N","0","0","0","1","02115","0","","5.0","","1","N","N","","1","","0","0","2","","0","","","3","0","1","0","0","0","0","2","0","3","","","","N","","","","","","","","","",""
"2015065484","","2","0","0","0","0","0","0","0","0","4","0","","02","6","2015","3","40.459207","-79.92746","","11","0","0","0","0","0","1","0","0","3","0","0","0","","","0","","1","","40 27:33.145","1","0","79 55:38.855","0","0","0","0","2301","0","0","0","N","0","0","0","2","02301","0","","1.0","","1","N","N","","0","","0","0","0","","2","N","","2","0","0","0","0","0","0","2","0","2","","","","N","","","","","","","","","",""
"2015064681","","2","0","0","0","0","0","0","0","0","2","0","","02","6","2015","7","40.463853","-79.893504","","11","0","0","0","0","0","1","0","0","","0","0","0","","","1","","0","","40 27:49.870","","0","79 53:36.614","8","0","0","0","2301","0","0","0","N","0","0","0","1","02301","0","","1.0","","98","N","N","","0","","0","0","1","","0","","","3","1","0","0","0","1","0","2","0","3","","","","N","","","","","","","","","",""
"2015065561","","1","0","0","0","0","0","0","0","0","5","0","","02","6","2015","7","40.428399","-79.94676","","11","0","0","0","0","0","0","0","0","2","0","0","0","","","0","","0","","40 25:42.236","3","0","79 56:48.336","0","0","0","0","2301","0","0","0","N","0","0","0","3","68B03","0","","1.0","","9","N","N","","0","","0","0","1","","0","N","","2","0","0","0","0","0","0","2","0","2","","","","N","","","","","","","","","",""
"2015064540","","0","0","0","0","0","0","0","0","0","7","0","","02","6","2015","7","40.390356","-80.018587","","11","0","0","0","0","0","0","0","0","","0","0","0","","","0","","1","","40 23:25.281","","0","80 01:06.913","0","0","0","0","2301","0","0","0","N","0","0","0","2","02301","0","","5.0","","1","N","N","","0","","0","0","1","","0","","","1","0","0","0","0","0","0","2","0","1","","","","N","","","","","","","","","",""
"2015065351","","0","0","0","0","0","0","0","0","0","7","0","","02","6","2015","3","40.436627","-79.972773","","11","0","0","0","0","0","0","0","0","3","0","1","0","","","2","","0","","40 26:11.857","5","1","79 58:21.983","4","0","0","0","2301","0","0","0","N","0","0","0","4","02301","2","","5.0","","8","N","N","","0","","0","0","0","","0","Y","","1","2","0","0","0","0","0","2","0","1","","","","N","","","","","","","","","",""
"2015063828","","2","0","0","0","0","0","0","0","0","1","0","35","02","6","2015","6","40.440576","-79.713094","","11","0","0","0","1","0","1","0","0","","0","0","0","","","1","","0","","40 26:26.073","","0","79 42:47.140","8","0","0","0","2446","0","0","0","N","0","0","0","2","02446","0","","1.0","","1","N","N","","0","","0","0","0","","0","","","2","1","1","0","0","1","0","2","0","2","","","U","Y","8","1","","","N","","","","Y",""
"2015065562","","1","0","0","0","0","0","0","0","0","5","1","","02","6","2015","5","40.502961","-80.136689","","11","0","0","0","0","0","2","0","0","1","0","1","0","","","1","","0","","40 30:10.660","1","3","80 08:12.082","4","0","0","0","2115","0","0","0","N","0","0","0","2","68B03","1","","1.0","","9","N","N","","0","","0","0","0","","0","N","","2","1","0","0","0","0","0","2","0","2","","","","N","","","","","","","","","",""
"2015064042","","1","0","0","0","0","0","0","0","0","4","0","","02","6","2015","3","40.468489","-80.123872","","11","0","0","0","0","0","0","1","0","2","0","0","0","","","0","","0","","40 28:06.560","3","0","80 07:25.940","0","0","0","0","2115","0","0","0","N","0","0","0","3","02115","0","","1.0","","1","N","N","","0","","0","0","1","","0","N","","2","0","0","0","0","0","0","2","0","2","","","","N","","","","","","","","","",""
"2015064528","","2","0","0","0","0","0","0","0","0","1","0","","02","6","2015","6","40.615845","-79.946623","","11","0","0","0","0","0","1","0","0","","0","0","0","","","0","","0","","40 36:57.042","","0","79 56:47.841","0","0","0","0","2217","0","0","0","N","0","0","0","2","02505","0","","1.0","","1","N","N","","0","","0","0","0","","2","","","2","0","0","0","0","0","0","2","0","2","","","","N","","","","","","","","","",""
"2015064606","","2","0","0","0","0","0","0","0","0","4","0","","02","6","2015","7","40.468226","-80.085276","","11","0","0","0","0","0","0","0","0","1","0","0","0","","","0","","2","","40 28:05.613","4","0","80 05:06.993","0","0","0","0","2126","0","0","0","N","0","0","0","2","02126","0","","1.0","","9","N","N","","0","","0","0","0","","0","N","","2","0","0","0","0","0","0","2","0","2","","","","N","","","","","","","","","",""
"2015065419","","2","0","0","0","0","0","0","0","0","4","0","","02","6","2015","2","40.54532","-80.037721","","11","0","0","0","0","0","2","0","0","1","0","0","0","","","2","","2","","40 32:43.151","7","0","80 02:15.797","4","0","0","0","2116","0","0","0","N","0","0","0","4","02116","2","","1.0","","1","N","N","","0","","0","0","1","","3","Y","","3","2","0","0","0","0","0","2","0","3","","","","N","","","","","","","","","",""
"2015065487","","0","0","0","0","0","0","0","0","0","1","0","","02","6","2015","2","40.613794","-79.951375","","11","0","0","0","0","0","1","0","0","2","0","0","0","","","1","","2","","40 36:49.659","3","0","79 57:04.951","8","0","0","0","2207","0","0","0","N","0","0","0","2","02207","0","","1.0","","1","N","N","","0","","0","0","2","","0","N","","2","1","1","0","0","1","0","2","0","2","","","","N","","","","","","","","","",""
"2015065563","","1","0","0","0","0","0","0","0","0","99","0","","02","6","2015","6","40.491545","-80.125734","","11","0","0","0","0","0","0","0","0","","0","0","0","","","0","","0","","40 29:29.563","","0","80 07:32.642","0","0","0","0","2115","0","0","0","N","0","0","0","1","68B03","0","","1.0","","9","N","N","","0","","0","0","0","","0","","","1","0","0","0","0","0","0","2","0","1","","","","N","","","","","","","","","",""
"2015064607","","1","0","0","0","0","0","0","0","0","7","0","","02","6","2015","7","40.482526","-80.035348","","11","0","0","0","0","0","0","0","0","","0","0","0","","","0","","0","","40 28:57.093","","0","80 02:07.252","0","0","0","0","2301","0","0","0","N","0","0","0","1","02301","0","","5.0","","9","N","N","","0","","0","0","0","","3","","","1","0","0","0","0","0","0","2","0","1","","","","N","","","","","","","","","",""
"2015064670","","1","0","0","0","0","0","0","0","0","7","0","","02","6","2015","7","40.456305","-80.029089","","11","0","0","0","0","0","0","0","0","1","0","0","0","","","0","","0","","40 27:22.699","1","0","80 01:44.722","0","0","0","0","2301","0","0","0","N","0","0","0","1","02301","0","","5.0","","1","N","N","","0","","0","0","0","","0","Y","","1","0","0","0","0","0","0","2","0","1","","","","N","","","","","","","","","",""
"2015065502","","2","0","0","0","0","0","0","0","0","4","0","","02","6","2015","3","40.487737","-79.88106","","11","0","0","0","0","0","0","1","0","2","0","0","0","","","3","","0","","40 29:15.854","6","0","79 52:51.817","8","0","0","0","2112","0","0","0","N","0","0","0","4","02112","0","","1.0","","1","N","N","","0","","0","0","0","","0","Y","","2","3","0","0","0","3","1","2","0","2","","","","N","","","","","","","","","",""
"2015065564","","1","0","0","0","0","0","0","0","0","1","0","","02","6","2015","1","40.42564","-79.90565","","11","0","0","0","0","0","0","0","0","","0","0","0","","","1","","0","","40 25:32.304","","3","79 54:20.340","4","0","0","0","2301","0","0","0","N","0","0","0","3","68B03","1","","1.0","","1","N","N","","1","","0","0","0","","0","","","2","1","0","0","0","0","0","2","0","2","","","","N","","","","","","","","","",""
"2015065977","","1","0","0","0","0","0","0","0","0","2","0","","02","6","2015","4","40.399473","-79.935755","","11","0","0","0","0","0","0","0","0","","0","0","0","","","1","","10","","40 23:58.101","","3","79 56:08.717","3","0","0","0","2301","0","0","0","N","0","0","0","2","02301","0","","1.0","","1","N","N","","1","","1","0","0","","0","","","2","1","0","0","0","0","0","2","0","2","","","","N","","","","","","","","","",""
"2015065278","","0","0","0","0","0","0","0","0","0","0","0","","02","5","2015","2","40.612071","-79.757414","","11","0","0","0","0","0","1","0","0","","0","0","0","","","1","","0","","40 36:43.455","","2","79 45:26.689","4","0","0","1","2464","0","0","0","N","0","0","0","1","68D02","1","","1.0","","1","N","N","","0","","0","0","0","","0","","","1","1","0","0","0","0","0","2","0","1","","","","N","","","","","","","","","",""
"2015063757","","2","0","0","0","0","0","0","0","0","1","0","","02","6","2015","7","40.36803","-79.779756","","11","0","0","0","0","0","1","0","1","2","0","0","0","","","1","","1","","40 22:04.907","6","0","79 46:47.123","8","0","0","0","2111","0","0","0","N","0","0","0","11","02111","0","","1.0","","1","N","N","","0","","0","0","1","","2","N","","3","1","0","0","0","1","0","2","0","3","","","","N","","","","","","","","","",""
"2015065341","","2","0","0","0","0","0","0","0","0","4","0","","02","6","2015","2","40.386425","-79.865356","","11","0","1","0","0","0","0","0","0","","0","0","0","","","0","","0","","40 23:11.131","","0","79 51:55.281","0","0","0","0","2473","0","0","0","N","0","0","0","4","02473","0","","1.0","","1","N","N","","0","","0","0","0","","3","","","2","0","0","0","0","0","0","2","0","2","","","","N","","","","","","","","","",""
"2015065565","","1","0","0","0","0","0","0","0","0","7","0","","02","6","2015","1","40.461694","-80.192763","","11","0","0","0","0","0","0","0","0","1","0","0","0","","","0","","0","","40 27:42.097","3","0","80 11:33.946","0","0","0","0","2213","0","0","0","Y","0","0","0","2","68B03","0","","4.0","","1","N","N","","0","","0","0","0","","0","N","","1","0","0","0","0","0","0","2","0","1","","","","N","","","","","","","","","",""
"2015065214","","1","0","0","0","0","0","0","0","0","1","0","","02","6","2015","7","40.438633","-80.063329","","11","0","0","0","0","0","1","0","0","2","0","0","0","","","1","","1","","40 26:19.077","3","0","80 03:47.985","4","0","0","1","2421","0","0","0","N","0","0","0","2","02421","1","","1.0","","1","N","N","","0","","0","0","0","","2","N","","2","1","0","0","0","0","0","2","0","2","","","","N","","","","","","","","","",""
"2015064673","","1","0","0","0","0","0","0","0","0","1","0","","02","6","2015","6","40.400069","-79.90509","","11","0","0","0","1","0","1","0","0","1","0","0","0","","","1","","2","","40 24:00.248","5","0","79 54:18.325","8","0","0","0","2438","0","0","0","N","0","0","0","4","02438","0","","1.0","","1","N","N","","0","","0","0","1","","0","N","","2","1","1","0","0","1","0","2","0","2","","","","N","","","","","","","","","",""
"2015064533","","2","0","0","0","0","0","0","0","0","4","0","","02","6","2015","1","40.425799","-80.019809","","11","0","0","0","0","0","1","0","0","","0","0","0","","","0","","1","","40 25:32.876","","0","80 01:11.311","0","0","0","0","2301","0","0","0","N","0","0","0","3","02301","0","","1.0","","9","N","N","","0","","0","0","0","","2","","","2","0","0","0","0","0","0","2","0","2","","","","N","","","","","","","","","",""
"2015065216","","2","0","0","0","0","0","0","0","0","1","0","15","02","6","2015","2","40.394396","-79.997265","","11","0","0","0","0","0","0","0","0","9","0","0","0","","","1","","2","","40 23:39.824","1","0","79 59:50.155","3","0","0","0","2301","0","0","0","N","0","0","0","5","02301","0","","1.0","","1","N","N","","1","","1","0","0","","2","N","","3","1","0","0","0","0","0","2","0","3","","","Y","Y","4","1","","Y","N","Y","","","",""
"2015063699","","1","0","0","0","0","0","0","0","0","7","0","","02","6","2015","1","40.62462","-79.741313","","11","0","0","0","0","0","1","0","0","1","0","0","0","","","1","","0","","40 37:28.632","2","0","79 44:28.728","4","0","0","0","2106","0","0","0","Y","0","0","0","2","68D02","1","","4.0","","1","N","N","","0","","0","0","0","","0","N","","1","1","0","0","0","0","0","2","0","1","","","","N","","","","","","","","","",""
"2015065506","","0","0","0","0","0","0","0","0","0","7","0","","02","6","2015","3","40.452325","-80.007364","","11","0","0","0","0","0","0","0","0","1","0","0","0","","","0","","0","","40 27:08.370","2","7","80 00:26.510","0","0","0","0","2301","0","0","0","N","0","0","0","2","02301","0","","5.0","","1","N","N","","0","","0","0","1","","0","Y","","1","0","0","0","0","0","0","2","0","1","","","","N","","","","","","","","","",""
"2015063762","","1","0","0","0","0","0","0","0","0","1","0","","02","6","2015","5","40.291202","-79.913967","","11","0","0","0","0","0","2","0","0","","0","0","0","","","1","","3","","40 17:28.326","","0","79 54:50.281","8","0","0","0","2440","0","0","0","N","0","0","0","4","02440","0","","1.0","","9","N","N","","1","","0","0","0","","3","","","2","1","0","0","0","1","0","2","0","2","","","","N","","","","","","","","","",""
"2015066045","","1","0","0","0","0","0","0","0","0","1","0","","02","6","2015","3","40.644714","-80.069876","","11","0","0","0","1","0","1","0","0","","0","0","0","","","1","","0","","40 38:40.971","","0","80 04:11.553","4","0","0","0","2212","0","0","0","N","0","0","0","2","02505","1","","1.0","","1","N","N","","0","","0","0","1","","0","","","2","1","0","0","0","0","0","2","0","2","","","","N","","","","","","","","","",""