"CRN","ARRIVAL_TM","AUTOMOBILE_COUNT","BELTED_DEATH_COUNT","BELTED_SUSP_SERIOUS_INJ_COUNT","BICYCLE_COUNT","BICYCLE_DEATH_COUNT","BICYCLE_SUSP_SERIOUS_INJ_COUNT","BUS_COUNT","CHLDPAS_DEATH_COUNT","CHLDPAS_SUSP_SERIOUS_INJ_COUNT","COLLISION_TYPE","COMM_VEH_COUNT","CONS_ZONE_SPD_LIM","COUNTY","CRASH_MONTH","CRASH_YEAR","DAY_OF_WEEK","DEC_LATITUDE","DEC_LONGITUDE","DISPATCH_TM","DISTRICT","DRIVER_COUNT_16YR","DRIVER_COUNT_17YR","DRIVER_COUNT_18YR","DRIVER_COUNT_19YR","DRIVER_COUNT_20YR","DRIVER_COUNT_50_64YR","DRIVER_COUNT_65_74YR","DRIVER_COUNT_75PLUS","EST_HRS_CLOSED","FATAL_COUNT","HEAVY_TRUCK_COUNT","HORSE_BUGGY_COUNT","HOUR_OF_DAY","ILLUMINATION","INJURY_COUNT","INTERSECTION_RELATED","INTERSECT_TYPE","LANE_CLOSED","LATITUDE","LN_CLOSE_DIR","LOCATION_TYPE","LONGITUDE","MAX_SEVERITY_LEVEL","MCYCLE_DEATH_COUNT","MCYCLE_SUSP_SERIOUS_INJ_COUNT","MOTORCYCLE_COUNT","MUNICIPALITY","NONMOTR_COUNT","NONMOTR_DEATH_COUNT","NONMOTR_SUSP_SERIOUS_INJ_COUNT","NTFY_HIWY_MAINT","PED_COUNT","PED_DEATH_COUNT","PED_SUSP_SERIOUS_INJ_COUNT","PERSON_COUNT","POLICE_AGCY","POSSIBLE_INJ_COUNT","RDWY_SURF_TYPE_CD","RELATION_TO_ROAD","ROADWAY_CLEARED","ROAD_CONDITION","SCH_BUS_IND","SCH_ZONE_IND","SECONDARY_CRASH","SMALL_TRUCK_COUNT","SPEC_JURIS_CD","SUSP_MINOR_INJ_COUNT","SUSP_SERIOUS_INJ_COUNT","SUV_COUNT","TCD_FUNC_CD","TCD_TYPE","TFC_DETOUR_IND","TIME_OF_DAY","TOTAL_UNITS","TOT_INJ_COUNT","UNBELTED_OCC_COUNT","UNB_DEATH_COUNT","UNB_SUSP_SERIOUS_INJ_COUNT","UNK_INJ_DEG_COUNT","UNK_INJ_PER_COUNT","URBAN_RURAL","VAN_COUNT","VEHICLE_COUNT","WEATHER1","WEATHER2","WORKERS_PRES","WORK_ZONE_IND","WORK_ZONE_LOC","WORK_ZONE_TYPE","WZ_CLOSE_DETOUR","WZ_FLAGGER","WZ_LAW_OFFCR_IND","WZ_LN_CLOSURE","WZ_MOVING","WZ_OTHER","WZ_SHLDER_MDN","WZ_WORKERS_INJ_KILLED"
"2015066058","","2","0","0","0","0","0","0","0","0","1","0","","02","6","2015","6","40.36803","-79.779756","","11","0","0","0","0","0","0","0","0","2","0","0","0","","","1","","1","","40 22:04.907","4","0","79 46:47.123","8","0","0","0","2111","0","0","0","N","0","0","0","4","02111","0","","1.0","","1","N","N","","0","","0","0","1","","2","N","","3","1","1","0","0","1","0","2","0","3","","","","N","","","","","","","","","",""
"2015063774","","1","0","0","0","0","0","0","0","0","1","0","","02","6","2015","5","40.521523","-79.879431","","11","0","1","0","0","0","1","0","0","","0","0","0","","","0","","0","","40 31:17.481","","0","79 52:45.950","0","0","0","0","2432","0","0","0","N","0","0","0","2","02432","0","","1.0","","1","N","N","","0","","0","0","0","","0","","","2","0","0","0","0","0","0","2","1","2","","","","N","","","","","","","","","",""
"2015065508","","2","0","0","0","0","0","0","0","0","4","0","","02","6","2015","3","40.477435","-80.029573","","11","0","0","0","0","0","0","0","0","2","0","0","0","","","0","","0","","40 28:38.766","7","0","80 01:46.462","0","0","0","0","2301","0","0","0","N","0","0","0","2","02301","0","","1.0","","1","N","N","","0","","0","0","0","","0","N","","2","0","1","0","0","0","0","2","0","2","","","","N","","","","","","","","","",""
"2015059065","","2","0","0","0","0","0","0","0","0","1","1","","02","5","2015","4","40.388644","-79.830233","","11","0","0","0","0","0","0","0","0","2","0","1","0","","","1","","2","","40 23:19.117","3","0","79 49:48.839","8","0","0","0","2111","0","0","0","N","0","0","0","3","02111","0","","1.0","","9","N","N","","0","","0","0","0","","2","N","","3","1","0","0","0","1","0","2","0","3","","","","N","","","","","","","","","",""
"2015065443","","2","0","0","0","0","0","0","0","0","4","0","","02","6","2015","3","40.467765","-79.800969","","11","0","0","0","0","0","1","0","0","","0","0","0","","","1","","0","","40 28:03.954","","0","79 48:03.488","8","0","0","0","2113","0","0","0","N","0","0","0","3","02113","0","","1.0","","9","N","N","","0","","0","0","0","","0","","","2","1","0","0","0","1","0","2","0","2","","","","N","","","","","","","","","",""
"2015065444","","2","0","0","0","0","0","0","0","0","1","0","","02","6","2015","3","40.312063","-79.893996","","11","0","0","0","0","0","0","0","1","1","0","0","0","","","1","","2","","40 18:43.426","1","0","79 53:38.384","4","0","0","0","2302","0","0","0","N","0","0","0","3","02302","1","","1.0","","1","N","N","","0","","0","0","0","","0","N","","2","1","0","0","0","0","0","2","0","2","","","","N","","","","","","","","","",""
"2015063779","","1","0","0","1","0","0","0","0","0","8","0","","02","6","2015","2","40.580814","-80.056463","","11","0","0","0","0","0","0","0","0","","0","0","0","","","1","","0","","40 34:50.930","","0","80 03:23.267","4","0","0","0","2108","1","0","0","N","0","0","0","2","02108","1","","1.0","","1","N","N","","0","","0","0","0","","0","","","2","1","0","0","0","0","0","2","0","1","","","","N","","","","","","","","","",""
"2015065224","","1","0","0","0","0","0","0","0","0","2","0","","02","6","2015","2","40.472571","-79.819751","","11","0","0","0","0","0","0","0","0","2","0","0","0","","","1","","0","","40 28:21.257","6","0","79 49:11.105","3","0","0","0","2113","0","0","0","N","0","0","0","2","02113","0","","1.0","","1","N","N","","0","","1","0","1","","0","Y","","2","1","1","0","0","0","0","2","0","2","","","","N","","","","","","","","","",""
"2015063780","","2","0","0","0","0","0","0","0","0","1","0","","02","6","2015","3","40.448754","-80.1058","","11","0","0","0","0","0","0","0","0","1","0","0","0","","","0","","0","","40 26:55.514","3","0","80 06:20.879","0","0","0","0","2115","0","0","0","N","0","0","0","3","02115","0","","1.0","","1","N","N","","0","","0","0","1","","0","N","","3","0","0","0","0","0","0","2","0","3","","","","N","","","","","","","","","",""
"2015059069","","1","0","0","0","0","0","0","0","0","7","0","","02","6","2015","4","40.451469","-80.205994","","11","0","0","0","0","0","0","0","0","","0","0","0","","","0","","0","","40 27:05.290","","3","80 12:21.580","0","0","0","0","2214","0","0","0","N","0","0","0","2","02214","0","","2.0","","1","N","N","","0","","0","0","0","","0","","","1","0","0","0","0","0","0","2","0","1","","","","N","","","","","","","","","",""
"2015066053","","1","0","0","0","0","0","0","0","0","1","0","","02","6","2015","4","40.325224","-79.792212","","11","0","0","0","0","0","1","0","0","1","0","0","0","","","1","","0","","40 19:30.807","6","0","79 47:31.962","8","0","0","0","2477","0","0","0","N","0","0","0","3","02477","0","","1.0","","1","N","N","","1","","0","0","0","","0","N","","2","1","2","0","0","1","2","2","0","2","","","","N","","","","","","","","","",""
"2015063781","","2","0","0","0","0","0","0","0","0","4","0","","02","6","2015","6","40.332373","-80.0211","","11","0","1","0","0","0","0","1","0","","0","0","0","","","1","","0","","40 19:56.543","","0","80 01:15.959","4","0","0","0","2407","0","0","0","N","0","0","0","2","02407","1","","1.0","","1","N","N","","0","","0","0","0","","3","","","2","1","0","0","0","0","0","2","0","2","","","","N","","","","","","","","","",""
"2015066133","","1","0","0","0","0","0","0","0","0","7","0","","02","6","2015","5","40.530938","-79.966744","","11","0","0","0","0","0","0","1","0","","0","0","0","","","0","","0","","40 31:51.376","","0","79 58:00.279","0","0","0","0","2118","0","0","0","N","0","0","0","1","02118","0","","2.0","","1","N","N","","0","","0","0","0","","0","","","1","0","0","0","0","0","0","2","0","1","","","","N","","","","","","","","","",""
"2015065435","","1","0","0","0","0","0","0","0","0","4","0","","02","6","2015","3","40.367808","-80.104016","","11","0","0","0","0","0","0","0","0","1","0","0","0","","","2","","0","","40 22:04.110","6","0","80 06:14.456","8","0","0","0","2102","0","0","0","N","0","0","0","2","02102","0","","1.0","","1","N","N","","1","","0","0","0","","0","Y","","2","2","0","0","0","2","0","2","0","2","","","","N","","","","","","","","","",""
"2015064633","","2","0","0","0","0","0","0","0","0","4","0","","02","6","2015","5","40.429656","-79.892091","","11","0","0","0","0","0","0","0","1","","0","0","0","","","1","","2","","40 25:46.763","","0","79 53:31.527","4","0","0","0","2426","0","0","0","N","0","0","0","3","02426","1","","1.0","","1","N","N","","0","","0","0","0","","3","","","2","1","0","0","0","0","0","2","0","2","","","","N","","","","","","","","","",""
"2015059810","","2","0","0","0","0","0","0","0","0","1","0","","02","6","2015","7","40.436134","-79.784635","","11","0","0","0","0","1","0","1","0","","0","0","0","","","2","","0","","40 26:10.084","","0","79 47:04.687","4","0","0","0","2446","0","0","0","N","0","0","0","7","02446","2","","1.0","","1","N","N","","0","","0","0","0","","0","","","2","2","0","0","0","0","0","2","0","2","","","","N","","","","","","","","","",""
"2015059006","","2","0","0","0","0","0","0","0","0","4","0","","02","6","2015","5","40.451451","-79.90819","","11","0","0","0","0","1","0","0","0","1","0","0","0","","","3","","1","","40 27:05.223","2","0","79 54:29.484","4","0","0","0","2301","0","0","0","N","0","0","0","4","02301","3","","1.0","","1","N","N","","0","","0","0","0","","2","N","","2","3","0","0","0","0","0","2","0","2","","","","N","","","","","","","","","",""
"2015058311","","2","0","0","0","0","0","0","0","0","4","0","","02","6","2015","2","40.453974","-80.056308","","11","0","0","0","0","0","0","0","0","1","0","0","0","","","1","","2","","40 27:14.306","3","0","80 03:22.708","3","0","0","0","2301","0","0","0","N","0","0","0","2","02301","0","","1.0","","1","N","N","","0","","1","0","0","","3","N","","2","1","2","0","0","0","0","2","0","2","","","","N","","","","","","","","","",""
"2015064476","","3","0","0","0","0","0","0","0","0","4","0","","02","6","2015","7","40.46479","-79.948288","","11","0","0","0","0","0","1","0","0","2","0","0","0","","","0","","1","","40 27:53.244","2","0","79 56:53.836","0","0","0","0","2301","0","0","0","N","0","0","0","2","02301","0","","1.0","","1","N","N","","0","","0","0","0","","3","Y","","3","0","0","0","0","0","0","2","0","3","","","","N","","","","","","","","","",""
"2015065993","","1","0","0","0","0","0","0","0","0","5","1","","02","5","2015","2","40.449044","-80.004423","","11","0","0","0","0","0","0","0","0","","0","1","0","","","0","","0","","40 26:56.558","","3","80 00:15.921","0","0","0","0","2301","0","0","0","N","0","0","0","2","68B03","0","","1.0","","1","N","N","","0","","0","0","0","","0","","","2","0","0","0","0","0","0","2","0","2","","","","N","","","","","","","","","",""
"2015064700","","2","0","0","0","0","0","0","0","0","1","0","","02","6","2015","7","40.355395","-79.990705","","11","0","0","0","0","0","0","0","0","2","0","0","0","","","2","","2","","40 21:19.422","1","0","79 59:26.538","8","0","0","0","2476","0","0","0","N","0","0","0","7","02476","0","","1.0","","1","N","N","","0","","0","0","0","","0","N","","2","2","0","0","0","2","0","2","0","2","","","","N","","","","","","","","","",""
"2015059828","","2","0","0","0","0","0","0","0","0","5","0","","02","6","2015","5","40.34889","-79.939012","","11","0","0","0","0","0","0","0","2","1","0","0","0","","","1","","2","","40 20:56.003","4","0","79 56:20.443","8","0","0","0","2473","0","0","0","N","0","0","0","2","02473","0","","1.0","","1","N","N","","0","","0","0","0","","2","N","","2","1","0","0","0","1","0","2","0","2","","","","N","","","","","","","","","",""
"2015064624","","2","0","0","0","0","0","0","0","0","5","0","","02","6","2015","6","40.489839","-79.971914","","11","0","0","0","0","0","0","0","0","","0","0","0","","","0","","0","","40 29:23.421","","0","79 58:18.891","0","0","0","0","2445","0","0","0","N","0","0","0","1","02445","0","","1.0","","9","N","N","","0","","0","0","0","","0","","","2","0","0","0","0","0","0","2","0","2","","","","N","","","","","","","","","",""
"2015059010","","0","0","0","0","0","0","0","0","0","1","0","","02","6","2015","5","40.444099","-80.042777","","11","0","0","0","0","0","0","0","0","","0","0","0","","","0","","0","","40 26:38.756","","0","80 02:33.997","0","0","0","0","2301","0","0","0","N","0","0","0","1","02301","0","","2.0","","1","N","N","","1","","0","0","1","","3","","","2","0","0","0","0","0","0","2","0","2","","","","N","","","","","","","","","",""
"2015059829","","1","0","0","0","0","0","0","0","0","5","0","","02","5","2015","6","40.474126","-80.072646","","11","0","0","0","0","0","0","0","0","2","0","0","0","","","1","","0","","40 28:26.853","5","0","80 04:21.525","4","0","0","0","2122","0","0","0","N","0","0","0","1","02122","1","","1.0","","1","N","N","","1","","0","0","1","","0","Y","","3","1","1","0","0","0","0","2","0","3","","","","N","","","","","","","","","",""
"2015064561","","1","0","0","0","0","0","0","0","0","7","0","","02","6","2015","7","40.532115","-79.712778","","11","0","0","0","1","0","0","0","0","","0","0","0","","","0","","1","","40 31:55.614","","0","79 42:45.999","0","0","0","0","2466","0","0","0","N","0","0","0","1","02466","0","","2.0","","1","N","N","","0","","0","0","0","","3","","","1","0","0","0","0","0","0","1","0","1","","","","N","","","","","","","","","",""
"2015065373","","1","0","0","0","0","0","0","0","0","4","0","","02","6","2015","3","40.413944","-79.845947","","11","0","0","0","0","0","1","1","0","","0","0","0","","","0","","2","","40 24:50.199","","0","79 50:45.409","0","0","0","0","2431","0","0","0","N","0","0","0","2","02431","0","","1.0","","1","N","N","","0","","0","0","1","","3","","","2","0","0","0","0","0","0","2","0","2","","","","N","","","","","","","","","",""
"2015066072","","0","0","0","0","0","0","0","0","0","8","0","","02","6","2015","7","40.425597","-79.886996","","11","0","0","0","0","0","0","0","0","1","0","0","0","","","1","","0","","40 25:32.149","7","7","79 53:13.185","3","0","0","0","2411","1","0","0","N","1","0","0","2","02411","0","","1.0","","9","N","N","","1","","1","0","0","","3","Y","","2","1","0","0","0","0","0","2","0","1","","","","N","","","","","","","","","",""
"2015064562","","0","0","0","1","0","0","0","0","0","4","0","","02","6","2015","6","40.467771","-79.945935","","11","0","0","0","0","0","0","0","0","","0","0","0","","","1","","1","","40 28:03.975","","0","79 56:45.366","8","0","0","0","2301","1","0","0","N","0","0","0","2","02301","0","","1.0","","1","N","N","","0","","0","0","0","","0","","","2","1","0","0","0","1","0","2","1","1","","","","N","","","","","","","","","",""
"2015058253","","1","0","0","0","0","0","0","0","0","7","0","","02","6","2015","3","40.449706","-80.025099","","11","0","0","0","0","0","0","0","0","","0","0","0","","","0","","1","","40 26:58.940","","0","80 01:30.356","0","0","0","0","2301","0","0","0","N","0","0","0","2","02301","0","","1.0","","1","N","N","","0","","0","0","0","","2","","","1","0","0","0","0","0","0","2","0","1","","","","N","","","","","","","","","",""
"2015064495","","1","0","0","0","0","0","0","0","0","4","0","","02","6","2015","6","40.44297","-80.025048","","11","0","0","0","0","0","1","0","0","1","0","0","0","","","0","","2","","40 26:34.691","4","0","80 01:30.174","0","0","0","0","2301","0","0","0","N","0","0","0","2","02301","0","","1.0","","1","N","N","","0","","0","0","0","","2","N","","2","0","0","0","0","0","0","2","1","2","","","","N","","","","","","","","","",""
"2015058255","","1","0","0","0","0","0","0","0","0","6","0","","02","6","2015","3","40.422796","-79.93672","","11","0","0","0","0","0","0","0","1","","0","0","0","","","1","","0","","40 25:22.067","","0","79 56:12.193","4","0","0","0","2301","0","0","0","N","0","0","0","2","02301","1","","4.0","","1","N","N","","0","","0","0","0","","0","","","2","1","0","0","0","0","0","2","1","2","","","","N","","","","","","","","","",""
"2015059013","","2","0","0","0","0","0","0","0","0","4","0","","02","6","2015","2","40.644721","-79.938355","","11","0","0","0","0","0","2","0","0","1","0","0","0","","","1","","1","","40 38:40.996","2","0","79 56:18.078","4","0","0","0","2217","0","0","0","N","0","0","0","3","02505","1","","1.0","","1","N","N","","0","","0","0","0","","2","N","","2","1","2","0","0","0","0","2","0","2","","","","N","","","","","","","","","",""
"2015064628","","2","0","0","0","0","0","0","0","0","1","0","","02","6","2015","5","40.426765","-79.890221","","11","0","0","0","0","0","0","0","0","1","0","0","0","","","0","","0","","40 25:36.355","1","0","79 53:24.794","0","0","0","0","2426","0","0","0","N","0","0","0","4","02426","0","","1.0","","9","N","N","","0","","0","0","0","","0","N","","2","0","0","0","0","0","0","2","0","2","","","","N","","","","","","","","","",""
"2015066011","","1","0","0","0","0","0","0","0","0","7","0","","02","6","2015","5","40.439674","-79.934837","","11","0","0","0","0","0","0","0","0","1","0","0","0","","","0","","0","","40 26:22.828","6","0","79 56:05.413","0","0","0","0","2301","0","0","0","N","0","0","0","1","02301","0","","5.0","","1","N","N","","0","","0","0","0","","0","Y","","1","0","0","0","0","0","0","2","0","1","","","","N","","","","","","","","","",""
"2015066144","","0","0","0","0","0","0","0","0","0","8","0","","02","6","2015","1","40.468796","-79.917786","","11","0","0","0","0","0","0","0","0","","0","0","0","","","1","","0","","40 28:07.665","","0","79 55:04.028","3","0","0","0","2301","1","0","0","N","1","0","0","2","02301","0","","1.0","","1","N","N","","0","","1","0","0","","0","","","2","1","0","0","0","0","0","2","0","1","","","","N","","","","","","","","","",""
"2015065251","","2","0","0","0","0","0","0","0","0","4","0","","02","6","2015","3","40.469567","-80.018638","","11","0","0","0","1","0","0","0","0","1","0","0","0","","","1","","0","","40 28:10.441","3","0","80 01:07.095","4","0","0","0","2301","0","0","0","N","0","0","0","1","02301","1","","1.0","","1","N","N","","0","","0","0","0","","0","N","","2","1","0","0","0","0","0","2","0","2","","","","N","","","","","","","","","",""
"2015066145","","0","0","0","0","0","0","0","0","0","8","0","","02","5","2015","2","40.496175","-79.857171","","11","0","0","0","0","0","0","0","0","","0","0","0","","","1","","0","","40 29:46.230","","0","79 51:25.816","3","0","0","0","2408","1","0","0","N","1","0","0","2","02408","0","","1.0","","9","N","N","","0","","1","0","1","","0","","","2","1","0","0","0","0","0","2","0","1","","","","N","","","","","","","","","",""
"2015064708","","1","0","0","0","0","0","0","0","0","7","0","","02","6","2015","5","40.384796","-79.977007","","11","1","0","0","0","0","0","0","0","","0","0","0","","","0","","2","","40 23:05.265","","0","79 58:37.225","0","0","0","0","2413","0","0","0","N","0","0","0","1","02413","0","","2.0","","1","N","N","","0","","0","0","0","","0","","","1","0","0","0","0","0","0","2","0","1","","","","N","","","","","","","","","",""
"2015057493","","2","0","0","0","0","0","0","0","0","4","0","","02","5","2015","4","40.328713","-80.050581","","11","0","0","0","0","0","1","1","0","2","0","0","0","","","0","","1","","40 19:43.366","2","0","80 03:02.092","0","0","0","0","2407","0","0","0","N","0","0","0","2","02407","0","","1.0","","1","N","N","","0","","0","0","0","","3","Y","","2","0","0","0","0","0","0","2","0","2","","","","N","","","","","","","","","",""
"2015059084","","1","0","0","0","0","0","0","0","0","6","0","","02","6","2015","3","40.501778","-79.793467","","11","0","0","0","0","0","1","0","0","3","0","0","0","","","0","","0","","40 30:06.399","5","0","79 47:36.482","0","0","0","0","2113","0","0","0","N","0","0","0","2","02113","0","","1.0","","1","N","N","","0","","0","0","0","","0","N","","2","0","0","0","0","0","0","2","1","2","","","","N","","","","","","","","","",""
"2015065383","","1","0","0","1","0","0","0","0","0","8","0","","02","6","2015","3","40.442009","-80.00129","","11","0","0","0","0","0","1","0","0","","0","0","0","","","1","","0","","40 26:31.232","","0","80 00:04.644","4","0","0","0","2301","1","0","0","N","0","0","0","2","02301","1","","1.0","","1","N","N","","0","","0","0","0","","0","","","2","1","0","0","0","0","0","2","0","1","","","","N","","","","","","","","","",""
"2015064645","","1","0","0","0","0","0","0","0","0","7","0","","02","6","2015","7","40.427872","-79.928659","","11","0","0","0","0","0","0","0","0","","0","0","0","","","0","","0","","40 25:40.340","","2","79 55:43.173","0","0","0","0","2301","0","0","0","Y","0","0","0","1","02301","0","","2.0","","1","N","N","","0","","0","0","0","","0","","","1","0","0","0","0","0","0","2","0","1","","","","N","","","","","","","","","",""
"2015059017","","2","0","0","0","0","0","0","0","0","1","0","","02","5","2015","4","40.506767","-80.006989","","11","0","0","0","0","0","1","0","0","1","0","0","0","","","2","","1","","40 30:24.360","2","0","80 00:25.161","4","0","0","0","2116","0","0","0","N","0","0","0","2","02116","1","","1.0","","1","N","N","","0","","0","0","0","","2","N","","2","2","0","0","0","1","0","2","0","2","","","","N","","","","","","","","","",""
"2015059838","","2","0","0","0","0","0","0","0","0","5","0","","02","6","2015","7","40.542625","-80.01341","","11","0","0","0","0","0","0","1","0","","0","0","0","","","0","","0","","40 32:33.450","","0","80 00:48.275","0","0","0","0","2116","0","0","0","N","0","0","0","2","02116","0","","1.0","","1","N","N","","0","","0","0","0","","2","","","2","0","0","0","0","0","0","2","0","2","","","","N","","","","","","","","","",""
"2015064430","","1","0","0","0","0","0","0","0","0","99","0","","02","6","2015","6","40.437799","-80.236483","","11","0","1","0","0","0","0","0","0","","0","0","0","","","0","","0","","40 26:16.078","","0","80 14:11.340","0","0","0","0","2214","0","0","0","N","0","0","0","2","02214","0","","1.0","","1","N","N","","0","","0","0","0","","0","","","1","0","0","0","0","0","0","2","0","1","","","","N","","","","","","","","","",""
"2015064500","","1","0","0","0","0","0","0","0","0","1","0","","02","6","2015","2","40.379391","-79.806988","","11","0","0","0","0","0","1","0","0","1","0","0","0","","","0","","1","","40 22:45.808","4","0","79 48:25.156","0","0","0","0","2111","0","0","0","N","0","0","0","3","02111","0","","1.0","","1","N","N","","0","","0","0","2","","0","N","","3","0","0","0","0","0","0","2","0","3","","","","N","","","","","","","","","",""
"2015058322","","2","0","0","0","0","0","0","0","0","7","0","","02","5","2015","6","40.597091","-80.167141","","11","0","0","0","0","0","0","0","0","2","0","0","0","","","0","","2","","40 35:49.527","3","0","80 10:01.709","0","0","0","0","2480","0","0","0","N","0","0","0","2","02480","0","","5.0","","1","N","N","","0","","0","0","0","","3","N","","2","0","0","0","0","0","0","1","0","2","","","","N","","","","","","","","","",""
"2015063733","","0","0","0","0","0","0","0","0","0","8","0","","02","6","2015","4","40.352092","-79.851009","","11","0","0","0","0","0","0","0","0","","0","0","0","","","1","","1","","40 21:07.531","","0","79 51:03.632","8","0","0","0","2304","1","0","0","N","1","0","0","2","02304","0","","1.0","","1","N","N","","0","","0","0","1","","2","","","2","1","1","0","0","1","0","2","0","1","","","","N","","","","","","","","","",""
"2015065385","","2","0","0","0","0","0","0","0","0","1","0","","02","6","2015","2","40.585611","-80.036054","","11","0","0","0","0","0","0","1","0","2","0","0","0","","","1","","1","","40 35:08.199","1","0","80 02:09.795","8","0","0","0","2108","0","0","0","N","0","0","0","5","02108","0","","1.0","","1","N","N","","0","","0","0","1","","2","N","","3","1","0","0","0","1","0","2","0","3","","","","N","","","","","","","","","",""
"2015064712","","1","0","0","0","0","0","0","0","0","0","0","35","02","6","2015","6","40.434868","-79.714464","","11","0","0","0","0","0","0","0","0","","0","0","0","","","0","","0","","40 26:05.524","","0","79 42:52.070","0","0","0","0","2446","0","0","0","N","0","0","0","3","02446","0","","1.0","","1","N","N","","1","","0","0","0","","0","","","3","0","0","0","0","0","0","2","1","3","","","Y","Y","4","1","","","N","","","","Y",""
"2015059019","","1","0","0","0","0","0","0","0","0","5","0","","02","6","2015","3","40.434533","-79.924226","","11","0","0","0","0","0","1","0","0","","0","0","0","","","0","","0","","40 26:04.318","","0","79 55:27.213","0","0","0","0","2301","0","0","0","N","0","0","0","2","02301","0","","1.0","","1","N","N","","0","","0","0","1","","0","","","2","0","1","0","0","0","0","2","0","2","","","","N","","","","","","","","","",""
"2015059840","","1","0","0","1","0","0","0","0","0","8","1","","02","5","2015","7","40.477149","-80.066197","","11","0","0","0","0","0","0","0","0","1","0","1","0","","","1","","2","","40 28:37.737","5","0","80 03:58.310","3","0","0","0","2122","1","0","0","N","0","0","0","3","02122","0","","1.0","","9","N","N","","0","","1","0","0","","2","Y","","3","1","0","0","0","0","0","2","0","2","","","","N","","","","","","","","","",""
"2015059087","","2","0","0","0","0","0","0","0","0","2","0","","02","6","2015","4","40.453981","-80.014537","","11","0","0","0","0","0","1","0","0","2","0","0","0","","","0","","1","","40 27:14.331","1","0","80 00:52.333","0","0","0","0","2301","0","0","0","N","0","0","0","2","02301","0","","1.0","","1","N","N","","0","","0","0","0","","2","N","","2","0","0","0","0","0","0","2","0","2","","","","N","","","","","","","","","",""
"2015065386","","2","0","0","0","0","0","0","0","0","1","0","","02","6","2015","4","40.450091","-80.109827","","11","0","0","1","0","0","0","0","0","","0","0","0","","","0","","2","","40 27:00.328","","0","80 06:35.378","0","0","0","0","2115","0","0","0","N","0","0","0","3","02115","0","","1.0","","1","N","N","","1","","0","0","0","","2","","","3","0","0","0","0","0","0","2","0","3","","","","N","","","","","","","","","",""
"2015059020","","1","0","0","0","0","0","0","0","0","2","0","","02","6","2015","5","40.380014","-80.072239","","11","0","0","0","0","0","0","0","0","","0","0","0","","","1","","2","","40 22:48.050","","0","80 04:20.060","3","0","0","0","2117","0","0","0","N","0","0","0","2","02117","0","","1.0","","1","N","N","","0","","1","0","1","","3","","","2","1","0","0","0","0","0","2","0","2","","","","N","","","","","","","","","",""
"2015065387","","2","0","0","0","0","0","0","0","0","1","0","","02","6","2015","7","40.451867","-80.161111","","11","0","0","0","0","0","0","0","0","","0","0","0","","","0","","1","","40 27:06.721","","0","80 09:39.998","0","0","0","0","2115","0","0","0","N","0","0","0","4","02115","0","","1.0","","9","N","N","","0","","0","0","0","","2","","","2","0","0","0","0","0","0","2","0","2","","","","N","","","","","","","","","",""
"2015065388","","1","0","0","0","0","0","0","0","0","7","0","","02","6","2015","1","40.463778","-80.145208","","11","1","0","0","0","0","0","0","0","4","0","0","0","","","5","","0","","40 27:49.600","6","0","80 08:42.750","2","0","0","0","2115","0","0","0","N","0","0","0","5","02115","1","","2.0","","9","N","N","","0","","1","3","0","","0","Y","","1","5","3","0","3","0","0","2","0","1","","","","N","","","","","","","","","",""
"2015059090","","1","0","0","0","0","0","0","0","0","8","0","","02","6","2015","5","40.458636","-79.957467","","11","0","0","0","0","0","0","0","0","4","0","0","0","","","1","","10","","40 27:31.090","1","3","79 57:26.881","2","0","0","0","2301","1","0","1","N","1","0","1","2","02301","0","","1.0","","1","N","N","","1","","0","1","1","","0","Y","","4","1","0","0","0","0","0","2","0","3","","","","N","","","","","","","","","",""
"2015066085","","0","0","0","0","0","0","0","0","0","0","0","","02","6","2015","3","40.564457","-79.957557","","11","0","0","0","0","0","0","0","0","2","0","0","0","","","1","","0","","40 33:52.044","1","0","79 57:27.204","4","0","0","0","2207","0","0","0","Y","0","0","0","4","02207","1","","1.0","","9","N","N","","0","","0","0","1","","0","N","","1","1","0","0","0","0","0","2","0","1","","","","N","","","","","","","","","",""
"2015063799","","1","0","0","0","0","0","0","0","0","0","0","","02","6","2015","4","40.387343","-80.091336","","11","0","0","0","0","0","1","0","0","","0","0","0","","","1","","0","","40 23:14.436","","0","80 05:28.810","4","0","0","0","2117","0","0","0","N","0","0","0","1","02117","1","","1.0","","1","N","N","","0","","0","0","0","","0","","","1","1","0","0","0","0","0","2","0","1","","","","N","","","","","","","","","",""
"2015065389","","0","0","0","1","0","0","0","0","0","8","0","","02","6","2015","4","40.349121","-80.023521","","11","0","0","0","0","0","0","0","0","","0","0","0","","","1","","2","","40 20:56.834","","0","80 01:24.677","3","0","0","0","2407","1","0","0","N","0","0","0","2","02407","0","","1.0","","1","N","N","","0","","1","0","0","","3","","","2","1","0","0","0","0","0","2","1","1","","","","N","","","","","","","","","",""
"2015064651","","1","0","0","0","0","0","0","0","0","7","0","","02","6","2015","7","40.400546","-79.83369","","11","0","0","0","0","0","0","0","0","2","0","0","0","","","0","","5","","40 24:01.967","4","0","79 50:01.285","0","0","0","0","2425","0","0","0","Y","0","0","0","1","02425","0","","1.0","","1","N","N","","0","","0","0","0","","2","N","","1","0","0","0","0","0","0","2","0","1","","","","N","","","","","","","","","",""