"CRN","ARRIVAL_TM","AUTOMOBILE_COUNT","BELTED_DEATH_COUNT","BELTED_SUSP_SERIOUS_INJ_COUNT","BICYCLE_COUNT","BICYCLE_DEATH_COUNT","BICYCLE_SUSP_SERIOUS_INJ_COUNT","BUS_COUNT","CHLDPAS_DEATH_COUNT","CHLDPAS_SUSP_SERIOUS_INJ_COUNT","COLLISION_TYPE","COMM_VEH_COUNT","CONS_ZONE_SPD_LIM","COUNTY","CRASH_MONTH","CRASH_YEAR","DAY_OF_WEEK","DEC_LATITUDE","DEC_LONGITUDE","DISPATCH_TM","DISTRICT","DRIVER_COUNT_16YR","DRIVER_COUNT_17YR","DRIVER_COUNT_18YR","DRIVER_COUNT_19YR","DRIVER_COUNT_20YR","DRIVER_COUNT_50_64YR","DRIVER_COUNT_65_74YR","DRIVER_COUNT_75PLUS","EST_HRS_CLOSED","FATAL_COUNT","HEAVY_TRUCK_COUNT","HORSE_BUGGY_COUNT","HOUR_OF_DAY","ILLUMINATION","INJURY_COUNT","INTERSECTION_RELATED","INTERSECT_TYPE","LANE_CLOSED","LATITUDE","LN_CLOSE_DIR","LOCATION_TYPE","LONGITUDE","MAX_SEVERITY_LEVEL","MCYCLE_DEATH_COUNT","MCYCLE_SUSP_SERIOUS_INJ_COUNT","MOTORCYCLE_COUNT","MUNICIPALITY","NONMOTR_COUNT","NONMOTR_DEATH_COUNT","NONMOTR_SUSP_SERIOUS_INJ_COUNT","NTFY_HIWY_MAINT","PED_COUNT","PED_DEATH_COUNT","PED_SUSP_SERIOUS_INJ_COUNT","PERSON_COUNT","POLICE_AGCY","POSSIBLE_INJ_COUNT","RDWY_SURF_TYPE_CD","RELATION_TO_ROAD","ROADWAY_CLEARED","ROAD_CONDITION","SCH_BUS_IND","SCH_ZONE_IND","SECONDARY_CRASH","SMALL_TRUCK_COUNT","SPEC_JURIS_CD","SUSP_MINOR_INJ_COUNT","SUSP_SERIOUS_INJ_COUNT","SUV_COUNT","TCD_FUNC_CD","TCD_TYPE","TFC_DETOUR_IND","TIME_OF_DAY","TOTAL_UNITS","TOT_INJ_COUNT","UNBELTED_OCC_COUNT","UNB_DEATH_COUNT","UNB_SUSP_SERIOUS_INJ_COUNT","UNK_INJ_DEG_COUNT","UNK_INJ_PER_COUNT","URBAN_RURAL","VAN_COUNT","VEHICLE_COUNT","WEATHER1","WEATHER2","WORKERS_PRES","WORK_ZONE_IND","WORK_ZONE_LOC","WORK_ZONE_TYPE","WZ_CLOSE_DETOUR","WZ_FLAGGER","WZ_LAW_OFFCR_IND","WZ_LN_CLOSURE","WZ_MOVING","WZ_OTHER","WZ_SHLDER_MDN","WZ_WORKERS_INJ_KILLED"
"2015064730","","0","0","0","0","0","0","0","0","0","4","0","","02","6","2015","7","40.436808","-79.774342","","11","0","0","1","1","0","0","0","0","1","0","0","0","","","0","","0","","40 26:12.510","3","0","79 46:27.630","0","0","0","0","2446","0","0","0","Y","0","0","0","3","02446","0","","1.0","","9","N","N","","1","","0","0","1","","0","N","","2","0","0","0","0","0","0","2","0","2","","","","N","","","","","","","","","",""
"2015065544","","2","0","0","0","0","0","0","0","0","6","0","","02","6","2015","4","40.4839","-79.813505","","11","0","0","0","0","0","1","0","0","1","0","0","0","","","1","","0","","40 29:02.041","3","0","79 48:48.619","8","0","0","0","2113","0","0","0","N","0","0","0","3","02113","0","","1.0","","1","N","N","","0","","0","0","0","","0","N","","2","1","0","0","0","1","0","2","0","2","","","","N","","","","","","","","","",""
"2015065002","","2","0","0","0","0","0","0","0","0","4","0","","02","6","2015","2","40.449706","-80.025099","","11","0","0","0","0","0","0","0","0","2","0","0","0","","","1","","1","","40 26:58.940","4","3","80 01:30.356","4","0","0","0","2301","0","0","0","N","0","0","0","3","02301","1","","1.0","","1","N","N","","0","","0","0","0","","2","N","","2","1","0","0","0","0","0","2","0","2","","","","N","","","","","","","","","",""
"2015064731","","0","0","0","0","0","0","0","0","0","7","0","","02","6","2015","1","40.535489","-79.95445","","11","0","0","0","0","0","0","0","0","1","0","0","0","","","1","","0","","40 32:07.760","6","0","79 57:16.020","4","0","0","0","2118","0","0","0","N","0","0","0","2","02118","1","","5.0","","1","N","N","","0","","0","0","0","","0","N","","1","1","0","0","0","0","0","2","1","1","","","","N","","","","","","","","","",""
"2015065545","","0","0","0","0","0","0","0","0","0","4","0","","02","6","2015","5","40.44811","-79.709521","","11","0","0","1","0","0","0","0","1","","0","0","0","","","1","","1","","40 26:53.195","","0","79 42:34.276","8","0","0","0","2466","0","0","0","N","0","0","0","3","02466","0","","1.0","","1","N","N","","0","","0","0","1","","3","","","2","1","0","0","0","1","0","2","1","2","","","","N","","","","","","","","","",""
"2015063544","","1","0","0","0","0","0","0","0","0","1","0","","02","6","2015","4","40.414081","-80.030214","","11","0","0","0","0","0","1","1","0","","0","0","0","","","0","","0","","40 24:50.691","","0","80 01:48.771","0","0","0","0","2301","0","0","0","N","0","0","0","2","02301","0","","1.0","","1","N","N","","0","","0","0","1","","0","","","2","0","0","0","0","0","0","2","0","2","","","","N","","","","","","","","","",""
"2015065083","","0","0","0","0","0","0","0","0","0","4","0","","02","6","2015","1","40.370244","-80.097889","","11","0","0","0","0","0","1","0","0","1","0","0","0","","","1","","0","","40 22:12.880","2","0","80 05:52.400","4","0","0","1","2102","0","0","0","N","0","0","0","3","02102","1","","1.0","","1","N","N","","0","","0","0","1","","0","N","","2","1","0","0","0","0","0","2","0","2","","","","N","","","","","","","","","",""
"2015066809","","1","0","0","0","0","0","0","0","0","1","0","","02","6","2015","7","40.487584","-79.896596","","11","1","0","0","0","0","0","0","0","","0","0","0","","","0","","0","","40 29:15.302","","0","79 53:47.744","0","0","0","0","2301","0","0","0","N","0","0","0","2","02301","0","","1.0","","9","N","N","","0","","0","0","1","","0","","","2","0","0","0","0","0","0","2","0","2","","","","N","","","","","","","","","",""
"2015066823","","2","0","0","0","0","0","0","0","0","1","0","","02","6","2015","1","40.432765","-80.028216","","11","0","0","0","0","0","0","0","0","1","0","0","0","","","1","","2","","40 25:57.955","2","2","80 01:41.578","4","0","0","0","2301","0","0","0","N","0","0","0","3","02301","1","","1.0","","9","N","N","","0","","0","0","0","","3","N","","2","1","0","0","0","0","0","2","0","2","","","","N","","","","","","","","","",""
"2015066951","","0","0","0","0","0","0","0","0","0","7","0","","02","6","2015","1","40.453606","-79.88505","","11","0","0","0","0","0","0","0","0","","0","0","0","","","0","","0","","40 27:12.980","","0","79 53:06.180","9","0","0","0","2301","0","0","0","N","0","0","0","2","02301","0","","2.0","","9","N","N","","0","","0","0","1","","0","","","1","0","0","0","0","0","2","2","0","1","","","","N","","","","","","","","","",""
"2015068220","","0","0","0","0","0","0","0","0","0","7","0","","02","6","2015","2","40.495678","-79.940205","","11","0","0","0","0","0","0","0","0","2","0","0","0","","","0","","0","","40 29:44.439","2","3","79 56:24.737","0","0","0","0","2461","0","0","0","N","0","0","0","1","68D02","0","","4.0","","1","N","N","","1","","0","0","0","","0","N","","1","0","0","0","0","0","0","2","0","1","","","","N","","","","","","","","","",""
"2015068967","","1","0","0","0","0","0","0","0","0","7","0","","02","6","2015","5","40.506861","-80.048636","","11","0","0","0","0","0","1","0","0","1","0","0","0","","","0","","0","","40 30:24.700","7","0","80 02:55.090","0","0","0","0","2116","0","0","0","N","0","0","0","1","02116","0","","5.0","","9","N","N","","0","","0","0","0","","0","Y","","1","0","0","0","0","0","0","2","0","1","","","","N","","","","","","","","","",""
"2015066810","","0","0","0","0","0","0","0","0","0","4","0","","02","6","2015","7","40.370078","-80.1","","11","0","0","1","0","0","0","0","0","","0","0","0","","","0","","2","","40 22:12.280","","0","80 06:00.000","0","0","0","0","2102","0","0","0","N","0","0","0","4","02102","0","","1.0","","9","N","N","","1","","0","0","1","","0","","","2","0","0","0","0","0","0","2","0","2","","","","N","","","","","","","","","",""
"2015069037","","1","0","0","0","0","0","0","0","0","7","0","","02","7","2015","6","40.425167","-80.01911","","11","0","0","0","0","0","0","0","0","2","0","0","0","","","0","","0","","40 25:30.601","4","0","80 01:08.797","0","0","0","0","2301","0","0","0","N","0","0","0","3","02301","0","","3.0","","1","N","N","","0","","0","0","0","","2","N","","1","0","0","0","0","0","0","2","0","1","","","","N","","","","","","","","","",""
"2015066887","","0","0","0","0","0","0","0","0","0","0","0","","02","6","2015","5","40.556129","-79.787963","","11","0","0","0","0","0","0","0","0","","0","0","0","","","1","","0","","40 33:22.065","","0","79 47:16.668","8","0","0","1","2121","0","0","0","N","0","0","0","1","02121","0","","2.0","","9","N","N","","0","","0","0","0","","0","","","1","1","0","0","0","1","0","2","0","1","","","","N","","","","","","","","","",""
"2015066953","","1","0","0","0","0","0","0","0","0","7","0","","02","6","2015","6","40.485478","-79.703567","","11","0","0","0","0","0","0","0","0","1","0","0","0","","","0","","0","","40 29:07.720","4","0","79 42:12.840","0","0","0","0","2466","0","0","0","N","0","0","0","1","02466","0","","5.0","","9","N","N","","0","","0","0","0","","0","N","","1","0","0","0","0","0","0","2","0","1","","","","N","","","","","","","","","",""
"2015063622","","2","0","0","0","0","0","0","0","0","4","0","","02","6","2015","5","40.365503","-80.108196","","11","0","0","0","0","0","1","0","0","1","0","0","0","","","0","","2","","40 21:55.811","4","0","80 06:29.504","0","0","0","0","2102","0","0","0","N","0","0","0","3","02102","0","","1.0","","1","N","N","","0","","0","0","0","","2","Y","","2","0","0","0","0","0","0","2","0","2","","","","N","","","","","","","","","",""
"2015069051","","2","0","0","0","0","0","0","0","0","1","0","","02","7","2015","4","40.550051","-80.017391","","11","0","0","1","0","0","0","0","0","","0","0","0","","","0","","2","","40 33:00.182","","0","80 01:02.606","0","0","0","0","2116","0","0","0","N","0","0","0","3","02116","0","","1.0","","1","N","N","","0","","0","0","0","","0","","","2","0","2","0","0","0","0","2","0","2","","","","N","","","","","","","","","",""
"2015069053","","2","0","0","0","0","0","0","0","0","4","0","","02","7","2015","6","40.434053","-79.764402","","11","0","0","0","0","0","0","1","1","1","0","0","0","","","2","","2","","40 26:02.590","4","0","79 45:51.847","4","0","0","0","2446","0","0","0","N","0","0","0","2","02446","2","","1.0","","1","N","N","","0","","0","0","0","","2","N","","2","2","0","0","0","0","0","2","0","2","","","","N","","","","","","","","","",""
"2015066827","","1","0","0","0","0","0","0","0","0","5","0","","02","6","2015","4","40.419125","-79.934977","","11","0","0","0","0","0","0","0","0","1","0","0","0","","","1","","0","","40 25:08.849","6","0","79 56:05.917","4","0","0","0","2301","0","0","0","N","0","0","0","1","02301","1","","1.0","","1","N","N","","1","","0","0","0","","0","Y","","2","1","0","0","0","0","0","2","0","2","","","","N","","","","","","","","","",""
"2015069121","","2","0","0","0","0","0","0","0","0","4","0","","02","7","2015","4","40.286602","-80.022163","","11","0","0","0","0","0","0","0","1","","0","0","0","","","1","","2","","40 17:11.767","","0","80 01:19.786","4","0","0","0","2219","0","0","0","N","0","0","0","2","02219","1","","1.0","","1","N","N","","0","","0","0","0","","3","","","2","1","0","0","0","0","0","2","0","2","","","","N","","","","","","","","","",""
"2015066955","","1","0","0","0","0","0","0","0","0","7","0","","02","6","2015","5","40.461415","-79.924821","","11","0","0","0","0","0","0","0","0","","0","0","0","","","0","","1","","40 27:41.094","","0","79 55:29.355","0","0","0","0","2301","0","0","0","N","0","0","0","5","02301","0","","5.0","","1","N","N","","0","","0","0","0","","0","","","1","0","5","0","0","0","0","2","0","1","","","","N","","","","","","","","","",""
"2015069184","","0","0","0","0","0","0","0","0","0","7","0","","02","7","2015","7","40.544128","-80.029559","","11","0","0","0","0","0","0","1","0","","0","0","0","","","1","","3","","40 32:38.860","","0","80 01:46.412","4","0","0","1","2116","0","0","0","N","0","0","0","1","02116","1","","2.0","","1","N","N","","0","","0","0","0","","0","","","1","1","0","0","0","0","0","2","0","1","","","","N","","","","","","","","","",""
"2015064307","","3","0","0","0","0","0","0","0","0","1","0","","02","6","2015","6","40.472028","-79.973153","","11","0","0","0","0","0","0","0","0","1","0","0","0","","","2","","0","","40 28:19.301","4","0","79 58:23.350","8","0","0","0","2301","0","0","0","N","0","0","0","4","02301","0","","1.0","","1","N","N","","0","","0","0","0","","0","N","","3","2","2","0","0","2","0","2","0","3","","","","N","","","","","","","","","",""
"2015063627","","2","0","0","0","0","0","0","0","0","1","0","","02","6","2015","4","40.488518","-79.936855","","11","0","0","1","0","0","0","0","0","","0","0","0","","","1","","2","","40 29:18.663","","0","79 56:12.677","4","0","0","0","2301","0","0","0","N","0","0","0","4","02301","1","","1.0","","1","N","N","","0","","0","0","0","","2","","","2","1","4","0","0","0","0","2","0","2","","","","N","","","","","","","","","",""
"2015069042","","0","0","0","0","0","0","0","0","0","4","0","","02","7","2015","5","40.351499","-80.062517","","11","1","1","0","0","0","1","0","0","2","0","0","0","","","1","","1","","40 21:05.395","5","0","80 03:45.062","8","0","0","0","2123","0","0","0","N","0","0","0","6","02123","0","","1.0","","1","N","N","","0","","0","0","2","","3","Y","","3","1","1","0","0","1","0","2","1","3","","","","N","","","","","","","","","",""
"2015066818","","1","0","0","0","0","0","0","0","0","7","0","","02","6","2015","1","40.432089","-79.889906","","11","0","0","0","0","0","0","0","0","","0","0","0","","","0","","0","","40 25:55.520","","0","79 53:23.660","0","0","0","0","2426","0","0","0","N","0","0","0","1","02426","0","","2.0","","9","N","N","","0","","0","0","0","","0","","","1","0","0","0","0","0","0","2","0","1","","","","N","","","","","","","","","",""
"2015067631","","2","0","0","0","0","0","0","0","0","2","0","","02","6","2015","2","40.456279","-79.97498","","11","0","0","0","0","1","0","0","0","","0","0","0","","","1","","1","","40 27:22.604","","0","79 58:29.928","8","0","0","0","2301","0","0","0","N","0","0","0","6","02301","0","","1.0","","1","N","N","","0","","0","0","0","","2","","","2","1","0","0","0","1","0","2","0","2","","","","N","","","","","","","","","",""
"2015063614","","1","0","0","0","0","0","0","0","0","7","0","","02","6","2015","2","40.513784","-79.794882","","11","0","0","0","0","0","0","0","0","","0","0","0","","","0","","0","","40 30:49.624","","0","79 47:41.575","0","0","0","0","2466","0","0","0","N","0","0","0","2","68T02","0","","2.0","","8","N","N","","0","","0","0","0","","0","","","1","0","0","0","0","0","0","2","0","1","","","","N","","","","","","","","","",""
"2015068975","","2","0","0","0","0","0","0","0","0","4","0","","02","6","2015","2","40.434117","-79.752267","","11","0","0","0","0","0","1","0","1","","0","0","0","","","0","","2","","40 26:02.822","","7","79 45:08.162","0","0","0","0","2446","0","0","0","N","0","0","0","2","02446","0","","1.0","","1","N","N","","0","","0","0","0","","8","","","2","0","0","0","0","0","0","2","0","2","","","","N","","","","","","","","","",""
"2015069057","","1","0","0","0","0","0","0","0","0","1","0","","02","7","2015","5","40.515817","-80.004506","","11","0","0","0","0","0","0","0","0","1","0","0","0","","","1","","0","","40 30:56.942","2","0","80 00:16.221","8","0","0","0","2116","0","0","0","N","0","0","0","4","02116","0","","1.0","","1","N","N","","0","","0","0","1","","0","N","","2","1","3","0","0","1","0","2","0","2","","","","N","","","","","","","","","",""
"2015066831","","1","0","0","0","0","0","0","0","0","7","0","","02","6","2015","7","40.465998","-79.922713","","11","0","0","0","0","0","0","0","0","","0","0","0","","","1","","1","","40 27:57.593","","0","79 55:21.767","8","0","0","0","2301","0","0","0","N","0","0","0","1","02301","0","","5.0","","1","N","N","","0","","0","0","0","","2","","","1","1","0","0","0","1","0","2","0","1","","","","N","","","","","","","","","",""
"2015069045","","2","0","0","0","0","0","0","0","0","4","0","","02","7","2015","6","40.46255","-79.983479","","11","0","0","0","0","0","1","0","0","","0","0","0","","","1","","2","","40 27:45.180","","7","79 59:00.524","4","0","0","0","2301","0","0","0","N","0","0","0","3","02301","1","","1.0","","1","N","N","","0","","0","0","0","","3","","","2","1","1","0","0","0","1","2","0","2","","","","N","","","","","","","","","",""
"2015069058","","0","0","0","0","0","0","0","0","0","7","0","","02","7","2015","6","40.342295","-79.973377","","11","0","0","0","0","0","0","0","0","","0","0","0","","","1","","1","","40 20:32.262","","0","79 58:24.157","2","0","1","1","2403","0","0","0","N","0","0","0","1","02403","0","","2.0","","1","N","N","","0","","0","1","0","","3","","","1","1","0","0","0","0","0","2","0","1","","","","N","","","","","","","","","",""
"2015069187","","1","0","0","0","0","0","0","0","0","7","0","","02","7","2015","7","40.275031","-79.879406","","11","0","0","0","0","0","0","0","1","2","0","0","0","","","1","","0","","40 16:30.110","6","0","79 52:45.860","8","0","0","0","2105","0","0","0","N","0","0","0","2","02105","0","","2.0","","1","N","N","","0","","0","0","0","","0","Y","","1","1","0","0","0","1","0","2","0","1","","","","N","","","","","","","","","",""
"2015064310","","1","0","0","0","0","0","0","0","0","0","0","","02","6","2015","6","40.435939","-80.033814","","11","0","0","0","0","0","0","1","0","1","0","0","0","","","1","","0","","40 26:09.380","1","0","80 02:01.730","4","0","0","0","2301","0","0","0","N","0","0","0","3","02301","1","","1.0","","1","N","N","","0","","0","0","0","","2","N","","2","1","0","0","0","0","1","2","0","1","","","","N","","","","","","","","","",""
"2015069060","","2","0","0","0","0","0","0","0","0","0","0","","02","7","2015","6","40.483826","-80.036822","","11","0","0","0","0","0","0","0","0","","0","0","0","","","0","","2","","40 29:01.773","","0","80 02:12.559","0","0","0","0","2301","0","0","0","N","0","0","0","1","02301","0","","4.0","","1","N","N","","0","","0","0","0","","0","","","2","0","0","0","0","0","0","2","0","2","","","","N","","","","","","","","","",""
"2015066896","","0","0","0","0","0","0","0","0","0","4","0","","02","6","2015","1","40.364542","-79.983514","","11","0","1","1","0","0","0","0","0","2","0","0","0","","","2","","0","","40 21:52.350","2","0","79 59:00.650","4","0","0","0","2413","0","0","0","N","0","0","0","5","02413","2","","1.0","","1","N","N","","0","","0","0","2","","0","N","","2","2","0","0","0","0","0","2","0","2","","","","N","","","","","","","","","",""
"2015069047","","1","0","0","0","0","0","0","0","0","4","0","","02","7","2015","6","40.427155","-79.976389","","11","0","0","0","0","0","0","0","0","1","0","0","0","","","0","","1","","40 25:37.758","2","0","79 58:35.000","0","0","0","0","2301","0","0","0","","0","0","0","4","02301","0","","1.0","","1","","","","0","","0","0","1","","0","Y","","2","0","0","0","0","0","0","2","0","2","","","","N","","","","","","","","","",""
"2015068432","","0","0","0","0","0","0","0","0","0","7","0","45","02","7","2015","4","40.438998","-80.011141","","11","0","0","0","0","0","0","0","0","1","0","0","0","","","1","","0","","40 26:20.391","4","3","80 00:40.106","4","0","0","0","2301","0","0","0","Y","0","0","0","1","68B03","1","","4.0","","1","N","N","","0","","0","0","1","","0","N","","1","1","0","0","0","0","0","2","0","1","","","Y","Y","2","1","N","N","Y","Y","N","N","N",""
"2015069048","","0","0","0","0","0","0","0","0","0","7","0","","02","7","2015","5","40.448031","-79.987325","","11","0","0","0","0","0","0","0","0","2","0","0","0","","","0","","0","","40 26:52.910","5","0","79 59:14.370","0","0","0","0","2301","0","0","0","N","0","0","0","1","02301","0","","4.0","","1","N","N","","0","","0","0","1","","3","N","","1","0","0","0","0","0","0","2","0","1","","","","N","","","","","","","","","",""
"2015068306","","1","0","0","0","0","0","0","0","0","1","0","","02","7","2015","4","40.343943","-79.798758","","11","0","1","0","0","0","0","0","1","","0","0","0","","","1","","2","","40 20:38.193","","0","79 47:55.529","8","0","0","0","2477","0","0","0","N","0","0","0","2","02477","0","","1.0","","1","N","N","","1","","0","0","0","","0","","","2","1","0","0","0","1","0","2","0","2","","","","N","","","","","","","","","",""
"2015066898","","1","0","0","0","0","0","0","0","0","4","0","","02","6","2015","1","40.428723","-79.987513","","11","0","0","0","0","0","1","0","0","1","0","0","0","","","0","","2","","40 25:43.401","2","0","79 59:15.046","0","0","0","0","2301","0","0","0","N","0","0","0","3","02301","0","","1.0","","1","N","N","","0","","0","0","0","","0","Y","","2","0","0","0","0","0","0","2","1","2","","","","N","","","","","","","","","",""
"2015064313","","2","0","0","0","0","0","0","0","0","4","0","","02","6","2015","5","40.395008","-79.879883","","11","0","0","0","0","0","1","0","0","2","0","0","0","","","0","","1","","40 23:42.028","5","0","79 52:47.577","0","0","0","0","2473","0","0","0","N","0","0","0","2","02473","0","","1.0","","1","N","N","","0","","0","0","0","","3","N","","2","0","0","0","0","0","0","2","0","2","","","","N","","","","","","","","","",""
"2015063620","","1","0","0","0","0","0","0","0","0","7","0","","02","6","2015","4","40.471711","-79.81026","","11","0","0","0","0","0","1","0","0","","0","0","0","","","1","","0","","40 28:18.158","","0","79 48:36.936","4","0","0","0","2113","0","0","0","N","0","0","0","1","02113","1","","5.0","","1","N","N","","1","","0","0","0","","0","","","2","1","0","0","0","0","0","2","0","2","","","","N","","","","","","","","","",""
"2015069049","","0","0","0","0","0","0","0","0","0","7","0","","02","7","2015","6","40.314889","-79.983483","","11","0","0","0","0","0","0","0","1","1","0","0","0","","","1","","0","","40 18:53.600","4","0","79 59:00.540","4","0","0","0","2219","0","0","0","N","0","0","0","1","02219","1","","5.0","","1","N","N","","0","","0","0","1","","0","N","","1","1","0","0","0","0","0","2","0","1","","","","N","","","","","","","","","",""
"2015066836","","1","0","0","0","0","0","0","0","0","7","0","","02","6","2015","1","40.370411","-79.786048","","11","0","0","0","0","0","0","0","0","2","0","0","0","","","0","","0","","40 22:13.478","3","0","79 47:09.774","0","0","0","0","2111","0","0","0","N","0","0","0","1","02111","0","","5.0","","9","N","N","","0","","0","0","0","","0","N","","1","0","0","0","0","0","0","2","0","1","","","","N","","","","","","","","","",""
"2015067040","","0","0","0","0","0","0","0","0","0","4","0","","02","6","2015","2","40.323819","-79.782307","","11","0","0","0","0","0","1","0","0","2","0","0","0","","","1","","0","","40 19:25.748","6","0","79 46:56.306","8","0","0","0","2477","0","0","0","N","0","0","0","4","02477","0","","1.0","","1","N","N","","0","","0","0","2","","0","N","","2","1","0","0","0","1","0","2","0","2","","","","N","","","","","","","","","",""
"2015069315","","1","0","0","0","0","0","0","0","0","7","0","","02","7","2015","5","40.407578","-79.813708","","11","0","0","0","0","0","1","0","0","2","0","0","0","","","1","","0","","40 24:27.280","5","0","79 48:49.350","8","0","0","0","2467","0","0","0","N","0","0","0","2","02467","0","","5.0","","1","N","N","","0","","0","0","0","","0","Y","","1","1","2","0","0","1","0","2","0","1","","","","N","","","","","","","","","",""
"2015068373","","0","0","0","0","0","0","0","0","0","1","0","","02","6","2015","2","40.372988","-79.792768","","11","0","0","1","0","0","0","0","0","1","0","0","0","","","1","","2","","40 22:22.756","4","0","79 47:33.966","4","0","0","0","2111","0","0","0","N","0","0","0","5","02111","1","","1.0","","1","N","N","","1","","0","0","1","","0","N","","2","1","0","0","0","0","0","2","0","2","","","","N","","","","","","","","","",""
"2015067642","","0","0","0","0","0","0","0","0","0","0","0","","02","6","2015","6","40.393478","-79.884673","","11","0","0","0","0","0","1","0","0","2","0","0","0","","","0","","0","","40 23:36.519","5","0","79 53:04.822","0","0","0","0","2473","0","0","0","N","0","0","0","1","02473","0","","1.0","","8","N","N","","1","","0","0","0","","0","Y","","1","0","0","0","0","0","0","2","0","1","","","","N","","","","","","","","","",""
"2015066917","","1","0","0","0","0","0","0","0","0","7","0","","02","6","2015","6","40.381202","-79.883134","","11","0","0","0","0","0","0","0","0","1","0","0","0","","","0","","0","","40 22:52.326","4","0","79 52:59.281","0","0","0","0","2473","0","0","0","N","0","0","0","1","02473","0","","5.0","","1","N","N","","0","","0","0","0","","0","N","","1","0","0","0","0","0","0","2","0","1","","","","N","","","","","","","","","",""
"2015068574","","1","0","0","0","0","0","0","0","0","7","0","","02","4","2015","6","40.617943","-79.868342","","11","0","0","1","0","0","0","0","0","2","0","0","0","","","0","","0","","40 37:04.596","1","0","79 52:06.030","0","0","0","0","2220","0","0","0","N","0","0","0","1","02220","0","","2.0","","1","N","N","","0","","0","0","0","","0","N","","1","0","0","0","0","0","0","2","0","1","","","","N","","","","","","","","","",""
"2015068298","","1","0","0","0","0","0","0","0","0","4","0","","02","7","2015","4","40.435158","-79.956441","","11","0","0","0","0","0","0","0","0","","0","0","0","","","0","","1","","40 26:06.567","","0","79 57:23.189","0","0","0","0","2301","0","0","0","N","0","0","0","2","02301","0","","1.0","","1","N","N","","0","","0","0","1","","2","","","2","0","0","0","0","0","0","2","0","2","","","","N","","","","","","","","","",""
"2015068311","","1","0","0","0","0","0","0","0","0","6","0","","02","7","2015","4","40.565366","-79.859358","","11","0","0","0","0","0","0","1","0","","0","0","0","","","0","","0","","40 33:55.317","","0","79 51:33.688","9","0","0","0","2209","0","0","0","N","0","0","0","3","02209","0","","1.0","","1","N","N","","0","","0","0","1","","0","","","2","0","1","0","0","0","2","2","0","2","","","","N","","","","","","","","","",""
"2015069067","","0","0","0","0","0","0","0","0","0","7","0","","02","7","2015","6","40.435961","-79.946602","","11","0","0","0","0","0","0","0","1","","0","0","0","","","0","","0","","40 26:09.461","","0","79 56:47.766","0","0","0","0","2301","0","0","0","N","0","0","0","1","02301","0","","1.0","","1","N","N","","0","","0","0","1","","3","","","1","0","0","0","0","0","0","2","0","1","","","","N","","","","","","","","","",""
"2015068374","","1","0","0","0","0","0","0","0","0","7","0","","02","6","2015","5","40.565869","-80.152017","","11","0","0","1","0","0","0","0","0","","0","0","0","","","1","","0","","40 33:57.130","","0","80 09:07.260","4","0","0","0","2459","0","0","0","N","0","0","0","1","02459","1","","4.0","","9","N","N","","0","","0","0","0","","0","","","1","1","0","0","0","0","0","1","0","1","","","","N","","","","","","","","","",""
"2015066903","","2","0","0","0","0","0","0","0","0","4","0","","02","6","2015","1","40.382781","-79.976854","","11","0","0","0","0","0","0","0","0","","0","0","0","","","0","","2","","40 22:58.011","","0","79 58:36.674","0","0","0","0","2413","0","0","0","N","0","0","0","3","02301","0","","1.0","","1","N","N","","0","","0","0","0","","0","","","2","0","0","0","0","0","0","2","0","2","","","","N","","","","","","","","","",""
"2015066918","","1","0","0","0","0","0","0","0","0","4","0","","02","6","2015","7","40.359595","-79.872646","","11","0","1","0","0","0","0","0","0","","0","0","0","","","0","","1","","40 21:34.543","","0","79 52:21.526","0","0","0","0","2473","0","0","0","N","0","0","0","7","02473","0","","1.0","","9","N","N","","0","","0","0","1","","3","","","2","0","0","0","0","0","0","2","0","2","","","","N","","","","","","","","","",""
"2015068987","","1","0","0","0","0","0","0","0","0","4","0","","02","7","2015","6","40.439147","-79.962119","","11","0","0","0","0","0","1","0","0","2","0","0","0","","","2","","2","","40 26:20.929","4","0","79 57:43.628","8","0","0","0","2301","0","0","0","N","0","0","0","5","02301","0","","1.0","","1","N","N","","1","","0","0","0","","2","N","","2","2","0","0","0","2","0","2","0","2","","","","N","","","","","","","","","",""
"2015066919","","2","0","0","0","0","0","0","0","0","4","0","","02","6","2015","1","40.498358","-80.020306","","11","0","0","0","0","0","1","0","1","1","0","0","0","","","1","","2","","40 29:54.088","5","0","80 01:13.103","8","0","0","0","2116","0","0","0","N","0","0","0","2","02116","0","","1.0","","9","N","N","","0","","0","0","0","","2","N","","2","1","0","0","0","1","0","2","0","2","","","","N","","","","","","","","","",""
"2015066766","","2","0","0","0","0","0","0","0","0","1","0","","02","6","2015","7","40.438416","-79.771672","","11","0","0","0","0","0","0","0","0","1","0","0","0","","","0","","0","","40 26:18.296","3","0","79 46:18.020","0","0","0","0","2446","0","0","0","N","0","0","0","4","02446","0","","1.0","","1","N","N","","0","","0","0","1","","0","N","","3","0","0","0","0","0","0","2","0","3","","","","N","","","","","","","","","",""
"2015068376","","1","0","0","0","0","0","0","0","0","7","0","","02","7","2015","4","40.356284","-80.094689","","11","0","0","0","0","0","0","0","0","1","0","0","0","","","0","","0","","40 21:22.624","4","0","80 05:40.882","0","0","0","0","2123","0","0","0","","0","0","0","1","02123","0","","4.0","","1","","","","0","","0","0","0","","0","Y","","1","0","0","0","0","0","0","2","0","1","","","","N","","","","","","","","","",""