"CRN","ARRIVAL_TM","AUTOMOBILE_COUNT","BELTED_DEATH_COUNT","BELTED_SUSP_SERIOUS_INJ_COUNT","BICYCLE_COUNT","BICYCLE_DEATH_COUNT","BICYCLE_SUSP_SERIOUS_INJ_COUNT","BUS_COUNT","CHLDPAS_DEATH_COUNT","CHLDPAS_SUSP_SERIOUS_INJ_COUNT","COLLISION_TYPE","COMM_VEH_COUNT","CONS_ZONE_SPD_LIM","COUNTY","CRASH_MONTH","CRASH_YEAR","DAY_OF_WEEK","DEC_LATITUDE","DEC_LONGITUDE","DISPATCH_TM","DISTRICT","DRIVER_COUNT_16YR","DRIVER_COUNT_17YR","DRIVER_COUNT_18YR","DRIVER_COUNT_19YR","DRIVER_COUNT_20YR","DRIVER_COUNT_50_64YR","DRIVER_COUNT_65_74YR","DRIVER_COUNT_75PLUS","EST_HRS_CLOSED","FATAL_COUNT","HEAVY_TRUCK_COUNT","HORSE_BUGGY_COUNT","HOUR_OF_DAY","ILLUMINATION","INJURY_COUNT","INTERSECTION_RELATED","INTERSECT_TYPE","LANE_CLOSED","LATITUDE","LN_CLOSE_DIR","LOCATION_TYPE","LONGITUDE","MAX_SEVERITY_LEVEL","MCYCLE_DEATH_COUNT","MCYCLE_SUSP_SERIOUS_INJ_COUNT","MOTORCYCLE_COUNT","MUNICIPALITY","NONMOTR_COUNT","NONMOTR_DEATH_COUNT","NONMOTR_SUSP_SERIOUS_INJ_COUNT","NTFY_HIWY_MAINT","PED_COUNT","PED_DEATH_COUNT","PED_SUSP_SERIOUS_INJ_COUNT","PERSON_COUNT","POLICE_AGCY","POSSIBLE_INJ_COUNT","RDWY_SURF_TYPE_CD","RELATION_TO_ROAD","ROADWAY_CLEARED","ROAD_CONDITION","SCH_BUS_IND","SCH_ZONE_IND","SECONDARY_CRASH","SMALL_TRUCK_COUNT","SPEC_JURIS_CD","SUSP_MINOR_INJ_COUNT","SUSP_SERIOUS_INJ_COUNT","SUV_COUNT","TCD_FUNC_CD","TCD_TYPE","TFC_DETOUR_IND","TIME_OF_DAY","TOTAL_UNITS","TOT_INJ_COUNT","UNBELTED_OCC_COUNT","UNB_DEATH_COUNT","UNB_SUSP_SERIOUS_INJ_COUNT","UNK_INJ_DEG_COUNT","UNK_INJ_PER_COUNT","URBAN_RURAL","VAN_COUNT","VEHICLE_COUNT","WEATHER1","WEATHER2","WORKERS_PRES","WORK_ZONE_IND","WORK_ZONE_LOC","WORK_ZONE_TYPE","WZ_CLOSE_DETOUR","WZ_FLAGGER","WZ_LAW_OFFCR_IND","WZ_LN_CLOSURE","WZ_MOVING","WZ_OTHER","WZ_SHLDER_MDN","WZ_WORKERS_INJ_KILLED"
"2015069136","","0","0","0","0","0","0","0","0","0","0","0","","02","7","2015","4","40.49381","-79.871858","","11","0","0","0","0","0","0","0","0","","0","0","0","","","1","","0","","40 29:37.716","","0","79 52:18.688","3","0","0","0","2112","0","0","0","Y","0","0","0","1","68D02","0","","1.0","","1","N","N","","0","","1","0","1","","0","","","1","1","0","0","0","0","0","2","0","1","","","","N","","","","","","","","","",""
"2015066920","","1","0","0","0","0","0","0","0","0","1","0","","02","6","2015","7","40.34837","-79.944808","","11","0","0","0","0","0","0","1","0","","0","0","0","","","1","","2","","40 20:54.133","","0","79 56:41.310","8","0","0","0","2473","0","0","0","N","0","0","0","2","02473","0","","1.0","","1","N","N","","0","","0","0","1","","2","","","2","1","0","0","0","1","0","2","0","2","","","","N","","","","","","","","","",""
"2015069257","","2","0","0","0","0","0","0","0","0","5","0","","02","7","2015","6","40.449667","-80.0183","","11","0","0","0","0","0","0","0","0","","0","0","0","","","0","","1","","40 26:58.800","","0","80 01:05.879","0","0","0","0","2301","0","0","0","N","0","0","0","3","02301","0","","1.0","","9","N","N","","0","","0","0","0","","0","","","2","0","0","0","0","0","0","2","0","2","","","","N","","","","","","","","","",""
"2015068990","","1","0","0","0","0","0","0","0","0","1","0","","02","7","2015","6","40.347294","-79.864156","","11","0","0","0","0","0","1","0","0","","0","0","0","","","0","","0","","40 20:50.257","","0","79 51:50.961","0","0","0","0","2304","0","0","0","N","0","0","0","2","02304","0","","1.0","","1","N","N","","1","","0","0","0","","0","","","2","0","0","0","0","0","0","2","0","2","","","","N","","","","","","","","","",""
"2015069149","","2","0","0","0","0","0","0","0","0","1","0","","02","7","2015","6","40.415172","-79.924711","","11","0","0","0","0","0","0","1","0","","0","0","0","","","1","","0","","40 24:54.620","","0","79 55:28.960","4","0","0","0","2301","0","0","0","N","0","0","0","5","02301","1","","1.0","","1","N","N","","0","","0","0","0","","0","","","2","1","0","0","0","0","0","2","0","2","","","","N","","","","","","","","","",""
"2015068513","","0","0","0","0","0","0","0","0","0","99","0","","02","6","2015","7","40.435174","-79.748674","","11","0","0","0","0","0","1","0","0","","0","0","0","","","0","","0","","40 26:06.625","","0","79 44:55.225","0","0","0","0","2446","0","0","0","N","0","0","0","4","68T09","0","","1.0","","9","N","N","","0","","0","0","0","","0","","","1","0","0","0","0","0","0","2","1","1","","","","N","","","","","","","","","",""
"2015068315","","3","0","0","0","0","0","0","0","0","6","0","","02","7","2015","4","40.386754","-79.976884","","11","0","0","0","0","0","0","0","0","1","0","0","0","","","3","","0","","40 23:12.314","6","0","79 58:36.782","3","0","0","0","2301","0","0","0","N","0","0","0","4","02301","2","","1.0","","1","N","N","","0","","1","0","2","","0","Y","","5","3","0","0","0","0","0","2","0","5","","","","N","","","","","","","","","",""
"2015066922","","2","0","1","0","0","0","0","0","0","1","0","","02","6","2015","1","40.434589","-80.030861","","11","0","0","0","0","0","0","0","0","1","0","0","0","","","3","","0","","40 26:04.521","2","0","80 01:51.100","2","0","0","0","2301","0","0","0","N","0","0","0","3","02301","1","","1.0","","1","N","N","","0","","1","1","0","","0","Y","","2","3","0","0","0","0","0","2","0","2","","","","N","","","","","","","","","",""
"2015067661","","2","0","0","0","0","0","0","0","0","5","0","","02","6","2015","2","40.441431","-80.03339","","11","0","0","0","0","0","0","0","0","2","0","0","0","","","0","","0","","40 26:29.153","5","0","80 02:00.203","0","0","0","0","2301","0","0","0","N","0","0","0","1","02301","0","","6.0","","9","N","N","","1","","0","0","2","","0","Y","","5","0","0","0","0","0","0","2","0","5","","","","N","","","","","","","","","",""
"2015066770","","1","0","0","0","0","0","0","0","0","7","0","","02","6","2015","6","40.276349","-79.891243","","11","0","0","0","0","0","0","0","0","","0","0","0","","","0","","6","","40 16:34.857","","2","79 53:28.475","0","0","0","0","2471","0","0","0","N","0","0","0","1","02440","0","","2.0","","9","N","N","","0","","0","0","0","","3","","","1","0","0","0","0","0","0","2","0","1","","","","N","","","","","","","","","",""
"2015066783","","2","0","0","0","0","0","0","0","0","1","0","","02","6","2015","7","40.469766","-79.92705","","11","0","0","0","0","0","1","0","0","2","0","0","0","","","2","","1","","40 28:11.157","1","0","79 55:37.380","4","0","0","0","2301","0","0","0","N","0","0","0","4","02301","2","","1.0","","1","N","N","","0","","0","0","0","","0","Y","","2","2","0","0","0","0","2","2","0","2","","","","N","","","","","","","","","",""
"2015066784","","2","0","0","0","0","0","0","0","0","4","0","","02","6","2015","1","40.449472","-80.002558","","11","0","0","0","0","0","0","0","0","1","0","0","0","","","0","","2","","40 26:58.099","2","0","80 00:09.210","9","0","0","0","2301","0","0","0","N","0","0","0","2","02301","0","","1.0","","1","N","N","","0","","0","0","0","","1","N","","2","0","0","0","0","0","1","2","0","2","","","","N","","","","","","","","","",""
"2015068995","","1","0","0","0","0","0","0","0","0","7","0","","02","7","2015","5","40.350872","-79.888306","","11","0","0","0","0","0","0","0","1","1","0","0","0","","","1","","2","","40 21:03.139","6","0","79 53:17.901","2","0","0","0","2423","0","0","0","N","0","0","0","1","02304","0","","5.0","","1","N","N","","0","","0","1","0","","3","Y","","1","1","0","0","0","0","0","2","0","1","","","","N","","","","","","","","","",""
"2015066785","","1","0","0","0","0","0","0","0","0","4","0","","02","6","2015","1","40.49517","-79.830518","","11","0","0","0","0","0","0","0","0","","0","0","0","","","1","","0","","40 29:42.612","","0","79 49:49.864","4","0","0","0","2113","0","0","0","N","0","0","0","4","02113","1","","1.0","","1","N","N","","0","","0","0","1","","0","","","2","1","1","0","0","0","0","2","0","2","","","","N","","","","","","","","","",""
"2015069153","","1","0","0","0","0","0","0","0","0","4","0","","02","7","2015","5","40.508146","-80.25077","","11","0","0","0","0","0","0","0","1","1","0","0","0","","","1","","2","","40 30:29.325","2","2","80 15:02.771","4","0","0","0","2213","0","0","0","N","0","0","0","2","02501","1","","1.0","","1","N","N","","0","","0","0","1","","3","N","","2","1","0","0","0","0","0","2","0","2","","","","N","","","","","","","","","",""
"2015066786","","2","0","0","0","0","0","0","0","0","1","0","","02","6","2015","1","40.447418","-79.990628","","11","0","0","0","0","0","0","0","0","2","0","0","0","","","1","","6","","40 26:50.704","1","8","79 59:26.259","3","0","0","0","2301","0","0","0","N","0","0","0","3","02301","0","","1.0","","1","N","N","","0","","1","0","0","","4","N","","2","1","0","0","0","0","0","2","0","2","","","","N","","","","","","","","","",""
"2015069155","","1","0","0","0","0","0","0","0","0","4","0","","02","7","2015","6","40.465165","-79.957999","","11","0","0","0","0","0","0","0","0","1","0","0","0","","","0","","1","","40 27:54.594","6","0","79 57:28.796","0","0","0","0","2301","0","0","0","N","0","0","0","2","02301","0","","1.0","","9","N","N","","0","","0","0","1","","2","N","","2","0","0","0","0","0","0","2","0","2","","","","N","","","","","","","","","",""
"2015063652","","2","0","0","0","0","0","0","0","0","2","0","","02","6","2015","5","40.472682","-79.958885","","11","0","0","0","0","0","0","0","0","2","0","0","0","","","4","","0","","40 28:21.655","5","0","79 57:31.985","2","0","0","0","2301","0","0","0","N","0","0","0","4","02301","3","","1.0","","1","N","N","","0","","0","1","0","","0","Y","","2","4","0","0","0","0","0","2","0","2","","","","N","","","","","","","","","",""
"2015068383","","1","0","0","0","0","0","0","0","0","7","0","","02","6","2015","7","40.430972","-80.139667","","11","0","0","0","0","0","0","0","0","","0","0","0","","","1","","0","","40 25:51.500","","0","80 08:22.800","4","0","0","0","2115","0","0","0","N","0","0","0","2","02501","1","","2.0","","9","N","N","","0","","0","0","0","","0","","","1","1","0","0","0","0","0","2","0","1","","","","N","","","","","","","","","",""
"2015068396","","4","0","0","0","0","0","0","0","0","4","0","","02","7","2015","4","40.359497","-79.981884","","11","0","0","0","0","0","1","0","1","1","0","0","0","","","2","","2","","40 21:34.188","2","0","79 58:54.783","3","0","0","0","2476","0","0","0","N","0","0","0","2","02476","0","","1.0","","1","N","N","","0","","2","0","0","","3","N","","4","2","0","0","0","0","0","2","0","4","","","","N","","","","","","","","","",""
"2015066850","","1","0","0","0","0","0","0","0","0","4","0","","02","6","2015","1","40.429267","-79.999168","","11","0","0","0","0","0","0","0","0","1","0","0","0","","","0","","1","","40 25:45.362","2","0","79 59:57.003","0","0","0","0","2301","0","0","0","N","0","0","0","4","02301","0","","1.0","","1","N","N","","1","","0","0","0","","2","N","","2","0","1","0","0","0","0","2","0","2","","","","N","","","","","","","","","",""
"2015067667","","0","0","0","0","0","0","0","0","0","7","0","","02","6","2015","2","40.626825","-80.033244","","11","0","0","0","0","0","0","0","0","1","0","0","0","","","0","","0","","40 37:36.569","4","0","80 01:59.678","0","0","0","0","2216","0","0","0","N","0","0","0","1","02505","0","","4.0","","9","N","N","","0","","0","0","1","","0","N","","1","0","1","0","0","0","0","1","0","1","","","","N","","","","","","","","","",""
"2015063654","","1","0","0","0","0","0","0","0","0","7","0","","02","6","2015","5","40.476046","-80.103169","","11","0","0","0","0","1","0","0","0","","0","0","0","","","0","","0","","40 28:33.765","","0","80 06:11.408","0","0","0","0","2126","0","0","0","N","0","0","0","1","02126","0","","5.0","","1","N","N","","0","","0","0","0","","0","","","1","0","0","0","0","0","0","2","0","1","","","","N","","","","","","","","","",""
"2015069266","","1","0","0","0","0","0","0","0","0","4","0","","02","7","2015","7","40.5177","-79.845536","","11","0","0","0","0","0","0","1","0","","0","0","0","","","0","","0","","40 31:03.720","","0","79 50:43.930","0","0","0","0","2451","0","0","0","N","0","0","0","1","02451","0","","6.0","","1","N","N","","1","","0","0","0","","0","","","2","0","0","0","0","0","0","2","0","2","","","","N","","","","","","","","","",""
"2015066855","","2","0","0","0","0","0","0","0","0","1","0","","02","6","2015","1","40.536839","-80.02162","","11","0","0","0","0","0","0","0","1","","0","0","0","","","1","","0","","40 32:12.620","","0","80 01:17.832","8","0","0","0","2116","0","0","0","N","0","0","0","2","02116","0","","1.0","","1","N","N","","0","","0","0","0","","0","","","2","1","0","0","0","1","0","2","0","2","","","","N","","","","","","","","","",""
"2015067590","","1","0","0","0","0","0","0","0","0","4","0","","02","6","2015","2","40.45559","-79.979269","","11","0","0","0","0","0","0","1","0","","0","0","0","","","3","","1","","40 27:20.124","","0","79 58:45.368","4","0","0","0","2301","0","0","0","N","0","0","0","4","02301","3","","1.0","","1","N","N","","0","","0","0","1","","3","","","2","3","0","0","0","0","0","2","0","2","","","","N","","","","","","","","","",""
"2015065064","","1","0","0","0","0","0","0","0","0","2","0","","02","6","2015","1","40.362301","-79.826096","","11","0","0","0","0","0","0","0","0","4","1","0","0","","","4","","1","","40 21:44.283","7","0","79 49:33.947","1","0","0","0","2111","0","0","0","N","0","0","0","5","02111","0","2","1.0","","9","N","N","","1","0","0","0","0","","2","Y","","2","4","5","1","0","4","0","2","0","2","","","","N","","","","","","","","","",""
"2015063658","","0","0","0","0","0","0","0","0","0","4","0","","02","6","2015","5","40.459221","-79.927468","","11","0","0","0","0","0","1","0","0","","0","0","0","","","0","","1","","40 27:33.197","","0","79 55:38.885","0","0","0","0","2301","0","0","0","N","0","0","0","4","02301","0","","1.0","","1","N","N","","0","","0","0","2","","2","","","2","0","0","0","0","0","0","2","0","2","","","","N","","","","","","","","","",""
"2015068404","","1","0","0","0","0","0","0","0","0","4","0","","02","6","2015","4","40.494315","-80.052952","","11","0","0","0","0","0","0","0","0","","0","0","0","","","0","","0","","40 29:39.533","","0","80 03:10.626","0","0","0","0","2404","0","0","0","N","0","0","0","4","02404","0","","1.0","","1","N","N","","0","","0","0","1","","0","","","2","0","0","0","0","0","0","2","0","2","","","","N","","","","","","","","","",""
"2015065938","","0","0","0","0","0","0","0","0","0","4","0","","02","6","2015","4","40.357152","-79.832754","","11","0","0","0","0","0","1","0","0","","0","0","0","","","0","","3","","40 21:25.747","","0","79 49:57.914","0","0","0","0","2304","0","0","0","N","0","0","0","3","02304","0","","1.0","","1","N","N","","1","","0","0","1","","2","","","2","0","0","0","0","0","0","2","0","2","","","","N","","","","","","","","","",""
"2015064417","","2","0","0","0","0","0","0","0","0","1","0","","02","6","2015","6","40.464851","-79.853147","","11","0","0","0","0","0","0","0","0","","0","0","0","","","2","","1","","40 27:53.463","","0","79 51:11.329","8","0","0","0","2113","0","0","0","N","0","0","0","3","02113","0","","1.0","","1","N","N","","0","","0","0","0","","0","","","2","2","0","0","0","2","1","2","0","2","","","","N","","","","","","","","","",""
"2015066857","","1","0","0","0","0","0","0","0","0","7","0","","02","6","2015","7","40.517853","-80.0294","","11","0","0","0","0","0","0","0","0","1","0","0","0","","","1","","2","","40 31:04.270","7","0","80 01:45.841","4","0","0","0","2474","0","0","0","N","0","0","0","2","02474","1","","5.0","","9","N","N","","0","","0","0","0","","3","Y","","1","1","0","0","0","0","0","2","0","1","","","","N","","","","","","","","","",""
"2015066870","","2","0","0","0","0","0","0","0","0","1","0","","02","6","2015","7","40.404193","-80.055634","","11","0","0","0","0","0","0","0","0","","0","0","0","","","0","","0","","40 24:15.094","","0","80 03:20.282","0","0","0","0","2117","0","0","0","N","0","0","0","4","02117","0","","1.0","","1","N","N","","0","","0","0","0","","0","","","2","0","0","0","0","0","0","2","0","2","","","","N","","","","","","","","","",""
"2015067673","","1","0","0","0","0","0","0","0","0","7","0","","02","6","2015","6","40.607806","-80.180118","","11","0","0","0","0","0","0","0","0","","0","0","0","","","0","","0","","40 36:28.100","","0","80 10:48.424","9","0","0","0","2480","0","0","0","N","0","0","0","1","02480","0","","5.0","","1","N","N","","0","","0","0","0","","0","","","1","0","0","0","0","0","1","1","0","1","","","","N","","","","","","","","","",""
"2015069020","","1","0","0","0","0","0","0","0","0","1","0","","02","7","2015","5","40.335841","-80.132523","","11","0","0","0","0","0","0","1","0","","0","0","0","","","0","","2","","40 20:09.028","","0","80 07:57.082","0","0","0","0","2119","0","0","0","N","0","0","0","3","02119","0","","1.0","","1","N","N","","1","","0","0","0","","0","","","2","0","0","0","0","0","0","2","0","2","","","","N","","","","","","","","","",""
"2015069164","","1","0","0","0","0","0","0","0","0","7","0","","02","7","2015","6","40.456803","-80.004917","","11","0","0","0","0","0","1","0","0","","0","0","0","","","1","","0","","40 27:24.490","","0","80 00:17.700","8","0","0","0","2301","0","0","0","N","0","0","0","1","02301","0","","5.0","","1","N","N","","0","","0","0","0","","0","","","1","1","0","0","0","1","0","2","0","1","","","","N","","","","","","","","","",""
"2015064355","","1","0","0","0","0","0","0","0","0","1","1","","02","6","2015","6","40.415035","-80.011273","","11","1","0","0","0","0","0","0","0","","0","1","0","","","0","","1","","40 24:54.125","","3","80 00:40.583","0","0","0","0","2301","0","0","0","N","0","0","0","3","02301","0","","1.0","","1","N","N","","0","","0","0","0","","0","","","2","0","0","0","0","0","0","2","0","2","","","","N","","","","","","","","","",""
"2015064419","","1","0","0","0","0","0","0","0","0","7","0","","02","6","2015","6","40.520933","-79.838031","","11","0","0","0","0","1","0","0","0","1","0","0","0","","","0","","0","","40 31:15.358","3","0","79 50:16.911","0","0","0","0","2451","0","0","0","N","0","0","0","2","02451","0","","5.0","","1","N","N","","0","","0","0","0","","0","N","","1","0","0","0","0","0","0","2","0","1","","","","N","","","","","","","","","",""
"2015066732","","1","0","0","0","0","0","0","0","0","1","0","","02","6","2015","7","40.452092","-79.826425","","11","0","0","1","0","0","0","0","0","","0","0","0","","","0","","0","","40 27:07.530","","0","79 49:35.130","0","0","0","0","2113","0","0","0","N","0","0","0","2","02113","0","","1.0","","1","N","N","","0","","0","0","1","","0","","","2","0","0","0","0","0","0","2","0","2","","","","N","","","","","","","","","",""
"2015068329","","2","0","0","0","0","0","0","0","0","1","0","","02","7","2015","4","40.441903","-80.03456","","11","0","0","0","0","0","0","0","0","","0","0","0","","","0","","0","","40 26:30.850","","0","80 02:04.416","0","0","0","0","2301","0","0","0","N","0","0","0","2","02301","0","","6.0","","1","N","N","","0","","0","0","0","","2","","","2","0","1","0","0","0","0","2","0","2","","","","N","","","","","","","","","",""
"2015066859","","1","0","0","0","0","0","0","0","0","1","0","","02","6","2015","7","40.520836","-79.991678","","11","0","0","0","0","0","1","0","0","1","0","0","0","","","0","","0","","40 31:15.010","1","0","79 59:30.040","0","0","0","0","2116","0","0","0","N","0","0","0","3","02116","0","","1.0","","9","N","N","","1","","0","0","0","","0","N","","2","0","0","0","0","0","0","2","0","2","","","","N","","","","","","","","","",""
"2015069273","","1","0","0","0","0","0","0","0","0","4","0","","02","7","2015","7","40.459193","-79.970767","","11","0","0","0","0","0","1","0","0","1","0","0","0","","","0","","1","","40 27:33.094","1","0","79 58:14.761","0","0","0","0","2301","0","0","0","N","0","0","0","3","02301","0","","1.0","","1","N","N","","0","","0","0","1","","2","N","","2","0","0","0","0","0","0","2","0","2","","","","N","","","","","","","","","",""
"2015065068","","1","0","0","0","0","0","0","0","0","4","0","","02","6","2015","1","40.472331","-80.062203","","11","0","0","0","0","0","0","0","0","2","0","0","0","","","1","","2","","40 28:20.391","6","0","80 03:43.930","8","0","0","0","2444","0","0","0","N","0","0","0","2","02444","0","","1.0","","1","N","N","","0","","0","0","1","","0","Y","","2","1","0","0","0","1","1","2","0","2","","","","N","","","","","","","","","",""
"2015063664","","1","0","0","0","0","0","0","0","0","7","0","","02","6","2015","5","40.434925","-79.944641","","11","0","0","0","0","0","0","0","0","","0","0","0","","","0","","0","","40 26:05.731","","0","79 56:40.708","9","0","0","0","2301","0","0","0","N","0","0","0","1","02301","0","","5.0","","1","N","N","","0","","0","0","0","","0","","","1","0","0","0","0","0","1","2","0","1","","","","N","","","","","","","","","",""
"2015067595","","3","0","0","0","0","0","0","0","0","1","0","","02","6","2015","2","40.440989","-80.006389","","11","0","0","0","0","0","0","0","0","","0","0","0","","","1","","0","","40 26:27.560","","0","80 00:23.000","4","0","0","0","2301","0","0","0","N","0","0","0","2","02301","1","","6.0","","1","N","N","","0","","0","0","0","","0","","","3","1","0","0","0","0","0","2","0","3","","","","N","","","","","","","","","",""
"2015063665","","0","0","0","0","0","0","0","0","0","7","0","","02","6","2015","4","40.261097","-79.850933","","11","0","1","0","0","0","0","0","0","3","0","0","0","","","0","","0","","40 15:39.950","6","0","79 51:03.360","0","0","0","0","2105","0","0","0","Y","0","0","0","3","02105","0","","5.0","","1","N","N","","1","","0","0","0","","0","Y","","1","0","1","0","0","0","0","2","0","1","","","","N","","","","","","","","","",""
"2015069088","","0","0","0","0","0","0","0","0","0","99","0","","02","7","2015","4","40.280373","-79.933267","","11","0","0","0","0","0","0","0","0","","0","0","0","","","0","","0","","40 16:49.342","","0","79 55:59.760","0","0","0","0","2440","0","0","0","N","0","0","0","1","68T09","0","","1.0","","1","N","N","","0","","0","0","1","","0","","","1","0","0","0","0","0","0","2","0","1","","","","N","","","","","","","","","",""
"2015066874","","1","0","0","0","0","0","0","0","0","8","0","","02","6","2015","1","40.435083","-79.99325","","11","0","0","0","0","0","0","0","0","","0","0","0","","","1","","0","","40 26:06.300","","0","79 59:35.700","8","0","0","0","2301","1","0","0","N","1","0","0","2","02301","0","","1.0","","1","N","N","","0","","0","0","0","","0","","","2","1","0","0","0","1","0","2","0","1","","","","N","","","","","","","","","",""
"2015067611","","1","0","0","0","0","0","0","0","0","1","0","","02","6","2015","2","40.442357","-79.760073","","11","0","0","0","0","0","2","0","0","1","0","0","0","","","0","","2","","40 26:32.484","1","0","79 45:36.263","0","0","0","0","2446","0","0","0","N","0","0","0","2","02446","0","","1.0","","1","N","N","","0","","0","0","1","","0","Y","","2","0","0","0","0","0","0","2","0","2","","","","N","","","","","","","","","",""
"2015069167","","1","0","0","0","0","0","0","0","0","4","0","","02","6","2015","6","40.384887","-79.873786","","11","0","0","0","0","0","0","0","0","1","0","0","0","","","1","","2","","40 23:05.592","7","0","79 52:25.629","8","0","0","0","2473","0","0","0","N","0","0","0","4","02473","0","","1.0","","1","N","N","","0","","0","0","1","","0","N","","2","1","0","0","0","1","1","2","0","2","","","","N","","","","","","","","","",""
"2015064423","","3","0","0","0","0","0","0","0","0","4","0","","02","6","2015","6","40.350062","-79.817883","","11","0","0","0","0","0","2","0","1","","0","0","0","","","2","","1","","40 21:00.223","","0","79 49:04.378","4","0","0","0","2477","0","0","0","N","0","0","0","5","02477","2","","1.0","","9","N","N","","0","","0","0","0","","3","","","3","2","0","0","0","0","0","2","0","3","","","","N","","","","","","","","","",""
"2015066736","","2","0","0","0","0","0","0","0","0","4","0","","02","6","2015","4","40.453438","-80.077668","","11","0","0","0","0","0","1","0","0","1","0","0","0","","","0","","2","","40 27:12.376","1","0","80 04:39.604","0","0","0","0","2301","0","0","0","N","0","0","0","3","02301","0","","1.0","","1","N","N","","1","","0","0","0","","0","N","","3","0","0","0","0","0","0","2","0","3","","","","N","","","","","","","","","",""
"2015069089","","1","0","0","0","0","0","0","0","0","5","0","","02","7","2015","4","40.433873","-79.747753","","11","0","0","0","0","0","1","1","0","","0","0","0","","","0","","0","","40 26:01.944","","0","79 44:51.909","0","0","0","0","2446","0","0","0","N","0","0","0","3","68T09","0","","1.0","","1","N","N","","0","","0","0","1","","0","","","2","0","0","0","0","0","0","2","0","2","","","","N","","","","","","","","","",""
"2015066862","","2","0","0","0","0","0","0","0","0","1","0","","02","6","2015","1","40.615681","-80.094185","","11","0","0","0","0","0","1","0","0","","0","0","0","","","1","","1","","40 36:56.450","","3","80 05:39.065","4","0","0","0","2481","0","0","0","N","0","0","0","4","02481","1","","1.0","","9","N","N","","0","","0","0","0","","2","","","2","1","0","0","0","0","0","2","0","2","","","","N","","","","","","","","","",""
"2015064360","","0","0","0","0","0","0","1","0","0","8","1","","02","6","2015","6","40.443175","-79.956602","","11","0","0","0","0","0","1","0","0","1","0","0","0","","","1","","2","","40 26:35.430","1","0","79 57:23.767","2","0","0","0","2301","1","0","1","","1","0","1","2","02503","0","","1.0","","9","N","N","","0","","0","1","0","","2","N","","2","1","0","0","0","0","0","2","0","1","","","","N","","","","","","","","","",""
"2015063667","","0","0","0","0","0","0","0","0","0","4","0","","02","5","2015","1","40.397648","-80.106137","","11","0","0","0","0","0","1","0","1","","0","0","0","","","0","","2","","40 23:51.533","","0","80 06:22.093","0","0","0","1","2102","0","0","0","N","0","0","0","4","02102","0","","1.0","","1","N","N","","0","","0","0","1","","3","","","2","0","0","0","0","0","0","2","0","2","","","","N","","","","","","","","","",""
"2015068953","","1","0","0","0","0","0","0","0","0","5","1","55","02","7","2015","4","40.567841","-79.855313","","11","0","0","0","0","0","0","0","0","2","0","1","0","","","0","","0","","40 34:04.228","4","0","79 51:19.125","0","0","0","0","2209","0","0","0","N","0","0","0","2","68T02","0","","1.0","","1","N","N","","0","","0","0","0","","0","N","","2","0","0","0","0","0","0","2","0","2","","","N","Y","4","1","N","N","N","N","N","N","Y",""
"2015066737","","2","0","0","0","0","0","0","0","0","1","0","","02","6","2015","7","40.429084","-80.024318","","11","0","0","0","1","0","0","0","0","","0","0","0","","","0","","7","","40 25:44.701","","2","80 01:27.544","0","0","0","0","2301","0","0","0","N","0","0","0","5","02301","0","","1.0","","9","N","N","","0","","0","0","0","","4","","","2","0","0","0","0","0","0","2","0","2","","","","N","","","","","","","","","",""
"2015069105","","4","0","0","0","0","0","0","0","0","4","0","","02","7","2015","6","40.667948","-80.024716","","11","0","0","0","0","0","1","1","0","2","0","0","0","","","1","","2","","40 40:04.612","4","0","80 01:28.978","3","0","0","0","2216","0","0","0","N","0","0","0","4","02505","0","","1.0","","1","N","N","","0","","1","0","0","","3","N","","4","1","0","0","0","0","0","2","0","4","","","","N","","","","","","","","","",""
"2015066801","","1","0","0","0","0","0","0","0","0","7","0","","02","6","2015","1","40.451737","-79.884745","","11","0","0","0","0","0","0","0","0","1","0","0","0","","","0","","2","","40 27:06.253","1","0","79 53:05.082","0","0","0","0","2301","0","0","0","N","0","0","0","1","02301","0","","2.0","","1","N","N","","0","","0","0","0","","3","Y","","1","0","0","0","0","0","0","2","0","1","","","","N","","","","","","","","","",""
"2015066877","","2","0","0","0","0","0","0","0","0","4","0","","02","6","2015","1","40.414887","-80.011224","","11","0","0","0","0","0","0","0","0","","0","0","0","","","0","","2","","40 24:53.592","","0","80 00:40.408","0","0","0","0","2301","0","0","0","N","0","0","0","2","02301","0","","1.0","","1","N","N","","0","","0","0","0","","2","","","2","0","0","0","0","0","0","2","0","2","","","","N","","","","","","","","","",""
"2015067616","","1","0","0","0","0","0","0","0","0","8","0","","02","6","2015","6","40.407919","-79.909152","","11","0","0","0","0","0","0","0","1","9","0","0","0","","","1","","1","","40 24:28.507","7","0","79 54:32.946","8","0","0","0","2438","1","0","0","N","1","0","0","2","02438","0","","1.0","","9","N","N","","0","","0","0","0","","2","N","","2","1","0","0","0","1","0","2","0","1","","","","N","","","","","","","","","",""
"2015068413","","2","0","0","0","0","0","0","0","0","4","0","","02","7","2015","4","40.464304","-79.936669","","11","0","0","0","0","0","0","0","0","","0","0","0","","","0","","2","","40 27:51.494","","0","79 56:12.008","0","0","0","0","2301","0","0","0","N","0","0","0","2","02301","0","","1.0","","1","N","N","","0","","0","0","0","","0","","","2","0","0","0","0","0","0","2","0","2","","","","N","","","","","","","","","",""