"CRN","ARRIVAL_TM","AUTOMOBILE_COUNT","BELTED_DEATH_COUNT","BELTED_SUSP_SERIOUS_INJ_COUNT","BICYCLE_COUNT","BICYCLE_DEATH_COUNT","BICYCLE_SUSP_SERIOUS_INJ_COUNT","BUS_COUNT","CHLDPAS_DEATH_COUNT","CHLDPAS_SUSP_SERIOUS_INJ_COUNT","COLLISION_TYPE","COMM_VEH_COUNT","CONS_ZONE_SPD_LIM","COUNTY","CRASH_MONTH","CRASH_YEAR","DAY_OF_WEEK","DEC_LATITUDE","DEC_LONGITUDE","DISPATCH_TM","DISTRICT","DRIVER_COUNT_16YR","DRIVER_COUNT_17YR","DRIVER_COUNT_18YR","DRIVER_COUNT_19YR","DRIVER_COUNT_20YR","DRIVER_COUNT_50_64YR","DRIVER_COUNT_65_74YR","DRIVER_COUNT_75PLUS","EST_HRS_CLOSED","FATAL_COUNT","HEAVY_TRUCK_COUNT","HORSE_BUGGY_COUNT","HOUR_OF_DAY","ILLUMINATION","INJURY_COUNT","INTERSECTION_RELATED","INTERSECT_TYPE","LANE_CLOSED","LATITUDE","LN_CLOSE_DIR","LOCATION_TYPE","LONGITUDE","MAX_SEVERITY_LEVEL","MCYCLE_DEATH_COUNT","MCYCLE_SUSP_SERIOUS_INJ_COUNT","MOTORCYCLE_COUNT","MUNICIPALITY","NONMOTR_COUNT","NONMOTR_DEATH_COUNT","NONMOTR_SUSP_SERIOUS_INJ_COUNT","NTFY_HIWY_MAINT","PED_COUNT","PED_DEATH_COUNT","PED_SUSP_SERIOUS_INJ_COUNT","PERSON_COUNT","POLICE_AGCY","POSSIBLE_INJ_COUNT","RDWY_SURF_TYPE_CD","RELATION_TO_ROAD","ROADWAY_CLEARED","ROAD_CONDITION","SCH_BUS_IND","SCH_ZONE_IND","SECONDARY_CRASH","SMALL_TRUCK_COUNT","SPEC_JURIS_CD","SUSP_MINOR_INJ_COUNT","SUSP_SERIOUS_INJ_COUNT","SUV_COUNT","TCD_FUNC_CD","TCD_TYPE","TFC_DETOUR_IND","TIME_OF_DAY","TOTAL_UNITS","TOT_INJ_COUNT","UNBELTED_OCC_COUNT","UNB_DEATH_COUNT","UNB_SUSP_SERIOUS_INJ_COUNT","UNK_INJ_DEG_COUNT","UNK_INJ_PER_COUNT","URBAN_RURAL","VAN_COUNT","VEHICLE_COUNT","WEATHER1","WEATHER2","WORKERS_PRES","WORK_ZONE_IND","WORK_ZONE_LOC","WORK_ZONE_TYPE","WZ_CLOSE_DETOUR","WZ_FLAGGER","WZ_LAW_OFFCR_IND","WZ_LN_CLOSURE","WZ_MOVING","WZ_OTHER","WZ_SHLDER_MDN","WZ_WORKERS_INJ_KILLED"
"2015068683","","1","0","0","0","0","0","0","0","0","4","0","","02","7","2015","4","40.546177","-79.770448","","11","0","0","0","0","1","0","0","0","1","0","0","0","","","1","","2","","40 32:46.237","4","0","79 46:13.611","4","0","0","0","2121","0","0","0","N","0","0","0","2","02121","1","","1.0","","1","N","N","","1","","0","0","0","","3","Y","","2","1","0","0","0","0","0","1","0","2","","","","N","","","","","","","","","",""
"2015068542","","0","0","0","0","0","0","0","0","0","7","0","","02","6","2015","3","40.329113","-79.840681","","11","0","0","0","0","0","0","1","0","1","0","0","0","","","0","","2","","40 19:44.806","1","0","79 50:26.451","0","0","0","0","2304","0","0","0","N","0","0","0","1","02304","0","","1.0","","9","N","N","","2","","0","0","0","","0","N","","2","0","0","0","0","0","0","2","0","2","","","","N","","","","","","","","","",""
"2015069213","","0","0","0","0","0","0","0","0","0","7","0","","02","7","2015","6","40.456594","-79.975911","","11","0","0","0","0","0","1","0","0","","0","0","0","","","0","","0","","40 27:23.740","","0","79 58:33.280","0","0","0","0","2301","0","0","0","","0","0","0","1","02301","0","","2.0","","9","N","N","","0","","0","0","1","","0","","","1","0","0","0","0","0","0","2","0","1","","","","N","","","","","","","","","",""
"2015067076","","1","0","0","0","0","0","0","0","0","2","0","","02","6","2015","2","40.510048","-79.797106","","11","0","0","0","0","0","1","0","0","2","0","0","0","","","1","","0","","40 30:36.174","6","0","79 47:49.580","2","0","0","0","2113","0","0","0","N","0","0","0","2","02113","0","","1.0","","1","N","N","","0","","0","1","0","","0","Y","","2","1","0","0","0","0","0","2","1","2","","","","N","","","","","","","","","",""
"2015066531","","0","0","0","0","0","0","0","0","0","1","0","","02","6","2015","6","40.592141","-80.074993","","11","0","0","0","0","0","0","0","0","","0","0","0","","","1","","3","","40 35:31.706","","0","80 04:29.976","8","0","0","0","2481","0","0","0","Y","0","0","0","4","02481","0","","1.0","","1","N","N","","0","","0","0","2","","3","","","2","1","0","0","0","1","0","2","0","2","","","","N","","","","","","","","","",""
"2015069288","","2","0","0","0","0","0","0","0","0","1","0","","02","6","2015","7","40.443081","-79.956729","","11","0","0","0","0","1","0","0","0","2","0","0","0","","","0","","0","","40 26:35.093","4","0","79 57:24.226","0","0","0","0","2301","0","0","0","N","0","0","0","3","02506","0","","1.0","","1","N","N","","0","","0","0","0","","2","N","","2","0","0","0","0","0","0","2","0","2","","","","N","","","","","","","","","",""
"2015067138","","2","0","0","0","0","0","0","0","0","1","0","","02","6","2015","2","40.609449","-79.761981","","11","0","0","0","0","0","0","0","0","","0","0","0","","","0","","0","","40 36:34.016","","0","79 45:43.133","0","0","0","0","2464","0","0","0","Y","0","0","0","2","68D02","0","","1.0","","1","N","N","","0","","0","0","0","","0","","","2","0","0","0","0","0","0","1","0","2","","","","N","","","","","","","","","",""
"2015067900","","2","0","0","0","0","0","0","0","0","4","0","","02","6","2015","3","40.427607","-79.976343","","11","0","0","0","0","0","0","0","0","1","0","0","0","","","0","","1","","40 25:39.385","3","0","79 58:34.834","0","0","0","0","2301","0","0","0","N","0","0","0","2","02301","0","","1.0","","1","N","N","","0","","0","0","0","","3","Y","","2","0","0","0","0","0","0","2","0","2","","","","N","","","","","","","","","",""
"2015066385","","1","0","0","0","0","0","0","0","0","4","0","","02","6","2015","5","40.463668","-79.705456","","11","0","0","0","0","0","0","0","0","1","0","0","0","","","1","","1","","40 27:49.204","4","0","79 42:19.641","4","0","0","0","2466","0","0","0","N","0","0","0","2","02466","1","","1.0","","9","N","N","","1","","0","0","0","","2","N","","2","1","0","0","0","0","0","2","0","2","","","","N","","","","","","","","","",""
"2015067901","","2","0","0","0","0","0","0","0","0","4","0","","02","6","2015","2","40.401967","-80.000684","","11","0","0","0","0","0","1","0","0","5","0","0","0","","","3","","1","","40 24:07.080","7","0","80 00:02.464","4","0","0","0","2301","0","0","0","N","0","0","0","3","02601","3","","1.0","","1","N","N","","0","","0","0","0","","2","Y","","2","3","0","0","0","0","0","2","0","2","","","","N","","","","","","","","","",""
"2015069278","","1","0","0","0","0","0","0","0","0","8","0","","02","7","2015","7","40.440003","-80.017475","","11","0","0","0","0","0","0","0","0","2","0","0","0","","","2","","0","","40 26:24.009","4","0","80 01:02.911","3","0","0","0","2301","2","0","0","N","2","0","0","4","02301","0","","1.0","","1","N","N","","0","","2","0","0","","0","N","","3","2","0","0","0","0","0","2","0","1","","","","N","","","","","","","","","",""
"2015067902","","1","0","0","0","0","0","0","0","0","8","0","","02","6","2015","2","40.3948","-79.813668","","11","0","0","0","0","0","1","0","0","1","0","0","0","","","1","","0","","40 23:41.280","6","0","79 48:49.203","8","0","0","0","2111","1","0","0","N","1","0","0","2","02111","0","","1.0","","9","N","N","","0","","0","0","0","","0","Y","","2","1","0","0","0","1","0","2","0","1","","","","N","","","","","","","","","",""
"2015066534","","1","0","0","0","0","0","0","0","0","1","0","","02","6","2015","5","40.434425","-80.032885","","11","0","0","0","0","0","0","0","0","","0","0","0","","","0","","0","","40 26:03.930","","0","80 01:58.386","0","0","0","0","2301","0","0","0","N","0","0","0","3","02301","0","","1.0","","9","N","N","","0","","0","0","1","","0","","","2","0","0","0","0","0","0","2","0","2","","","","N","","","","","","","","","",""
"2015067822","","2","0","0","0","0","0","0","0","0","2","0","","02","6","2015","3","40.461578","-79.967126","","11","0","0","0","0","0","0","0","0","1","0","0","0","","","1","","3","","40 27:41.680","5","3","79 58:01.653","8","0","0","0","2301","0","0","0","N","0","0","0","2","02301","0","","1.0","","1","N","N","","0","","0","0","0","","2","Y","","2","1","0","0","0","1","0","2","0","2","","","","N","","","","","","","","","",""
"2015066522","","1","0","0","0","0","0","0","0","0","0","0","","02","6","2015","7","40.61445","-80.037131","","11","0","0","0","0","0","0","0","0","","0","0","0","","","0","","0","","40 36:52.020","","0","80 02:13.670","0","0","0","0","2216","0","0","0","N","0","0","0","1","02501","0","","5.0","","9","N","N","","0","","0","0","0","","0","","","1","0","0","0","0","0","0","1","0","1","","","","N","","","","","","","","","",""
"2015068767","","1","0","0","0","0","0","0","0","0","7","0","","02","7","2015","5","40.450842","-79.943614","","11","0","0","0","0","0","0","1","0","","0","0","0","","","0","","0","","40 27:03.030","","0","79 56:37.010","0","0","0","0","2301","0","0","0","N","0","0","0","1","02301","0","","5.0","","1","N","N","","0","","0","0","0","","2","","","1","0","0","0","0","0","0","2","0","1","","","","N","","","","","","","","","",""
"2015069218","","0","0","0","0","0","0","0","0","0","7","0","","02","7","2015","7","40.461677","-79.890002","","11","0","0","0","0","0","0","0","0","","0","0","0","","","1","","2","","40 27:42.037","","0","79 53:24.007","8","0","0","1","2301","0","0","0","N","0","0","0","1","02301","0","","4.0","","1","N","N","","0","","0","0","0","","3","","","1","1","0","0","0","1","0","2","0","1","","","","N","","","","","","","","","",""
"2015066523","","1","0","0","0","0","0","0","0","0","1","0","","02","6","2015","5","40.357524","-79.843974","","11","0","0","0","1","0","0","0","0","1","0","0","0","","","0","","0","","40 21:27.087","3","3","79 50:38.308","0","0","0","0","2303","0","0","0","N","0","0","0","2","02303","0","","1.0","","9","N","N","","1","","0","0","0","","0","Y","","2","0","0","0","0","0","0","2","0","2","","","","N","","","","","","","","","",""
"2015066389","","2","0","0","0","0","0","0","0","0","2","0","","02","6","2015","5","40.444449","-79.995637","","11","0","0","0","0","0","0","0","0","1","0","0","0","","","0","","1","","40 26:40.016","4","0","79 59:44.293","0","0","0","0","2301","0","0","0","N","0","0","0","2","02301","0","","1.0","","9","N","N","","0","","0","0","0","","2","N","","2","0","0","0","0","0","0","2","0","2","","","","N","","","","","","","","","",""
"2015068690","","3","0","0","0","0","0","0","0","0","1","0","","02","7","2015","5","40.413877","-80.03027","","11","0","0","0","0","1","0","0","0","2","0","0","0","","","0","","2","","40 24:49.958","1","0","80 01:48.971","0","0","0","0","2301","0","0","0","N","0","0","0","4","02301","0","","1.0","","1","N","N","","0","","0","0","1","","0","N","","4","0","0","0","0","0","0","2","0","4","","","","N","","","","","","","","","",""
"2015068755","","1","0","0","0","0","0","0","0","0","7","0","","02","7","2015","4","40.458662","-79.998496","","11","0","0","0","0","0","0","0","0","1","0","0","0","","","0","","3","","40 27:31.184","2","0","79 59:54.587","0","0","0","0","2301","0","0","0","N","0","0","0","1","02301","0","","2.0","","1","N","N","","0","","0","0","0","","0","N","","1","0","0","0","0","0","0","2","0","1","","","","N","","","","","","","","","",""
"2015067084","","1","0","0","0","0","0","0","0","0","1","0","","02","6","2015","2","40.429286","-79.999241","","11","0","0","0","0","0","1","0","0","1","0","0","0","","","0","","1","","40 25:45.428","4","8","79 59:57.266","0","0","0","0","2301","0","0","0","N","0","0","0","2","02301","0","","1.0","","1","N","N","","1","","0","0","0","","4","N","","2","0","0","0","0","0","0","2","0","2","","","","N","","","","","","","","","",""
"2015068771","","1","0","0","0","0","0","0","0","0","4","1","","02","6","2015","1","40.461608","-80.192481","","11","0","0","0","0","0","1","0","0","2","0","1","0","","","2","","0","","40 27:41.787","4","0","80 11:32.933","4","0","0","0","2213","0","0","0","N","0","0","0","4","68B03","2","","1.0","","1","N","N","","0","","0","0","0","","0","N","","2","2","0","0","0","0","0","2","0","2","","","","N","","","","","","","","","",""
"2015067086","","1","0","0","0","0","0","0","0","0","1","0","","02","6","2015","5","40.35484","-80.037336","","11","0","0","0","0","1","0","1","0","","0","0","0","","","0","","0","","40 21:17.424","","0","80 02:14.409","0","0","0","0","2109","0","0","0","N","0","0","0","2","02109","0","","1.0","","9","N","N","","1","","0","0","0","","2","","","2","0","0","0","0","0","0","2","0","2","","","","N","","","","","","","","","",""
"2015068693","","1","0","0","0","0","0","0","0","0","4","0","","02","7","2015","5","40.457562","-79.90151","","11","0","0","0","0","0","0","0","0","2","0","0","0","","","0","","1","","40 27:27.222","4","0","79 54:05.435","0","0","0","0","2301","0","0","0","N","0","0","0","2","02301","0","","1.0","","1","N","N","","0","","0","0","1","","2","Y","","2","0","0","0","0","0","0","2","0","2","","","","N","","","","","","","","","",""
"2015068772","","1","0","0","0","0","0","0","0","0","4","0","","02","6","2015","7","40.435983","-79.973787","","11","0","0","0","1","0","0","1","0","2","0","0","0","","","0","","0","","40 26:09.537","3","0","79 58:25.634","0","0","0","0","2301","0","0","0","N","0","0","0","10","68B03","0","","1.0","","1","N","N","","0","","0","0","2","","0","N","","3","0","0","0","0","0","0","2","0","3","","","","N","","","","","","","","","",""
"2015067702","","1","0","0","0","0","0","0","0","0","7","0","","02","6","2015","1","40.551119","-79.817922","","11","0","0","0","0","0","0","0","0","2","0","0","0","","","1","","0","","40 33:04.027","2","0","79 49:04.519","4","0","0","0","2208","0","0","0","N","0","0","0","1","68D02","1","","4.0","","9","N","N","","0","","0","0","0","","0","N","","1","1","0","0","0","0","0","2","0","1","","","","N","","","","","","","","","",""
"2015067087","","2","0","0","0","0","0","0","0","0","4","0","","02","6","2015","7","40.386268","-80.048193","","11","0","0","0","0","0","1","0","0","1","0","0","0","","","0","","2","","40 23:10.564","3","0","80 02:53.494","0","0","0","0","2109","0","0","0","N","0","0","0","3","02109","0","","1.0","","9","N","N","","0","","0","0","0","","3","N","","2","0","0","0","0","0","0","2","0","2","","","","N","","","","","","","","","",""
"2015066396","","2","0","0","0","0","0","0","0","0","1","0","","02","6","2015","5","40.401303","-79.880671","","11","0","0","0","1","0","0","0","0","","0","0","0","","","0","","2","","40 24:04.691","","0","79 52:50.417","0","0","0","0","2475","0","0","0","","0","0","0","2","02475","0","","1.0","","9","","","","0","","0","0","0","","2","","","2","0","0","0","0","0","0","2","0","2","","","","N","","","","","","","","","",""
"2015068694","","2","0","0","0","0","0","0","0","0","4","0","","02","7","2015","5","40.436235","-79.919127","","11","0","0","0","0","0","1","0","0","2","0","0","0","","","1","","1","","40 26:10.446","5","0","79 55:08.857","4","0","0","0","2301","0","0","0","N","0","0","0","2","02301","1","","1.0","","1","N","N","","0","","0","0","0","","3","N","","2","1","1","0","0","0","0","2","0","2","","","","N","","","","","","","","","",""
"2015068773","","3","0","0","0","0","0","0","0","0","7","0","","02","6","2015","4","40.591824","-80.097036","","11","0","2","0","0","0","0","0","0","","0","0","0","","","1","","3","","40 35:30.566","","0","80 05:49.330","8","0","0","0","2481","0","0","0","N","0","0","0","8","68B03","0","","4.0","","1","N","N","","0","","0","0","1","","0","","","4","1","0","0","0","1","0","2","0","4","","","","N","","","","","","","","","",""
"2015052275","","1","0","0","0","0","0","0","0","0","2","0","","02","5","2015","6","40.454369","-79.947668","","11","0","0","0","0","0","0","1","0","1","0","0","0","","","0","","1","","40 27:15.727","3","0","79 56:51.605","0","0","0","0","2301","0","0","0","N","0","0","0","2","02301","0","","1.0","","1","N","N","","0","","0","0","0","","2","N","","2","0","0","0","0","0","0","2","1","2","","","","N","","","","","","","","","",""
"2015068901","","1","0","0","0","0","0","0","0","0","7","0","","02","6","2015","6","40.430511","-79.761771","","11","0","0","0","0","0","0","0","0","","0","0","0","","","0","","3","","40 25:49.839","","0","79 45:42.375","0","0","0","0","2446","0","0","0","N","0","0","0","2","02446","0","","4.0","","1","N","N","","0","","0","0","0","","3","","","1","0","2","0","0","0","0","2","0","1","","","","N","","","","","","","","","",""
"2015068124","","1","0","0","0","0","0","0","0","0","1","0","","02","6","2015","4","40.491945","-80.329723","","11","0","0","0","0","0","0","0","0","2","0","0","0","","","4","","1","","40 29:31.002","3","0","80 19:47.003","3","0","0","0","2203","0","0","0","N","0","0","0","4","02203","2","","1.0","","1","N","N","","0","","2","0","1","","0","N","","2","4","0","0","0","0","0","1","0","2","","","","N","","","","","","","","","",""
"2015068915","","1","0","0","0","0","0","0","0","0","7","0","","02","7","2015","6","40.461213","-80.030773","","11","0","0","0","0","0","0","0","0","1","0","0","0","","","0","","0","","40 27:40.368","3","2","80 01:50.782","0","0","0","0","2301","0","0","0","N","0","0","0","2","02301","0","","3.0","","1","N","N","","0","","0","0","0","","0","N","","1","0","0","0","0","0","0","2","0","1","","","","N","","","","","","","","","",""
"2015066630","","1","0","1","0","0","0","0","0","0","7","0","","02","6","2015","5","40.330104","-79.988217","","11","0","0","0","0","0","1","0","0","2","0","0","0","","","1","","2","","40 19:48.375","1","0","79 59:17.582","2","0","0","0","2219","0","0","0","N","0","0","0","2","02219","0","","1.0","","9","N","N","","1","","0","1","0","","2","Y","","2","1","0","0","0","0","0","2","0","2","","","","N","","","","","","","","","",""
"2015068916","","0","0","0","0","0","0","0","0","0","7","0","","02","7","2015","6","40.413814","-79.997035","","11","0","0","0","0","0","0","0","0","","0","0","0","","","0","","2","","40 24:49.730","","0","79 59:49.326","9","0","0","0","2301","0","0","0","N","0","0","0","1","02301","0","","5.0","","1","N","N","","1","","0","0","0","","0","","","1","0","0","0","0","0","1","2","0","1","","","","N","","","","","","","","","",""
"2015066700","","1","0","0","0","0","0","0","0","0","2","0","","02","6","2015","5","40.527182","-79.950414","","11","1","0","0","0","0","0","0","0","1","0","0","0","","","0","","2","","40 31:37.856","5","0","79 57:01.489","0","0","0","0","2118","0","0","0","N","0","0","0","2","02118","0","","1.0","","9","N","N","","0","","0","0","1","","2","N","","2","0","0","0","0","0","0","2","0","2","","","","N","","","","","","","","","",""
"2015052280","","1","0","0","0","0","0","0","0","0","4","0","","02","5","2015","6","40.219929","-79.846247","","11","0","0","0","0","0","1","0","0","2","0","0","0","","","0","","2","","40 13:11.745","2","0","79 50:46.488","0","0","0","0","2204","0","0","0","N","0","0","0","2","02204","0","","1.0","","1","N","N","","0","","0","0","1","","3","N","","2","0","1","0","0","0","0","2","0","2","","","","N","","","","","","","","","",""
"2015068917","","1","0","0","0","0","0","0","0","0","7","0","","02","7","2015","6","40.457541","-79.843459","","11","0","0","0","0","0","0","0","0","2","0","0","0","","","1","","0","","40 27:27.147","5","0","79 50:36.451","3","0","0","0","2113","0","0","0","N","0","0","0","1","02113","0","","5.0","","1","N","N","","0","","1","0","0","","0","Y","","1","1","1","0","0","0","0","2","0","1","","","","N","","","","","","","","","",""
"2015068920","","0","0","0","0","0","0","0","0","0","5","1","","02","7","2015","6","40.449288","-80.025453","","11","0","0","0","0","0","0","0","0","","0","1","0","","","0","","7","","40 26:57.435","","2","80 01:31.632","9","0","0","0","2301","0","0","0","N","0","0","0","2","02301","0","","1.0","","1","N","N","","0","","0","0","1","","0","","","2","0","0","0","0","0","1","2","0","2","","","","N","","","","","","","","","",""
"2015053182","","1","0","0","0","0","0","0","0","0","4","0","","02","5","2015","2","40.449819","-79.929656","","11","0","0","0","0","0","1","0","0","","0","0","0","","","1","","1","","40 26:59.348","","0","79 55:46.761","3","0","0","0","2301","0","0","0","N","0","0","0","2","02301","0","","1.0","","1","N","N","","0","","1","0","1","","2","","","2","1","0","0","0","0","0","2","0","2","","","","N","","","","","","","","","",""
"2015067378","","1","0","0","0","0","0","0","0","0","7","1","55","02","6","2015","7","40.566999","-79.854759","","11","0","0","0","0","0","0","0","0","2","0","1","0","","","1","","0","","40 34:01.198","4","0","79 51:17.133","8","0","0","0","2209","0","0","0","N","0","0","0","2","68T02","0","","3.0","","8","N","N","","0","","0","0","0","","0","N","","2","1","1","0","0","1","0","2","0","2","","","N","Y","4","1","N","N","N","N","N","N","Y",""
"2015053104","","1","0","0","1","0","0","0","0","0","8","0","","02","5","2015","2","40.438844","-79.990973","","11","0","0","0","0","0","1","0","0","","0","0","0","","","1","","5","","40 26:19.838","","0","79 59:27.502","4","0","0","0","2301","1","0","0","N","0","0","0","3","02301","1","","1.0","","1","N","N","","0","","0","0","0","","2","","","2","1","0","0","0","0","0","2","0","1","","","","N","","","","","","","","","",""
"2015051647","","0","0","0","0","0","0","0","0","0","4","0","","02","5","2015","4","40.471046","-79.924952","","11","0","0","0","0","0","2","0","0","","0","0","0","","","4","","1","","40 28:15.765","","0","79 55:29.827","4","0","0","0","2301","0","0","0","N","0","0","0","7","02301","4","","1.0","","1","N","N","","0","","0","0","1","","3","","","2","4","4","0","0","0","0","2","1","2","","","","N","","","","","","","","","",""
"2015067446","","4","0","0","0","0","0","0","0","0","1","0","","02","6","2015","3","40.425518","-79.908449","","11","0","0","0","0","0","1","0","0","1","0","0","0","","","0","","0","","40 25:31.863","4","4","79 54:30.416","0","0","0","0","2301","0","0","0","N","0","0","0","9","68B03","0","","1.0","","1","N","N","","0","","0","0","0","","0","N","","4","0","0","0","0","0","0","2","0","4","","","","N","","","","","","","","","",""
"2015068133","","1","0","0","0","0","0","0","0","0","4","0","","02","6","2015","6","40.50096","-80.039795","","11","0","0","0","0","0","1","0","0","","0","0","0","","","0","","1","","40 30:03.456","","0","80 02:23.262","0","0","0","0","2116","0","0","0","N","0","0","0","3","02116","0","","1.0","","1","N","N","","1","","0","0","0","","3","","","2","0","0","0","0","0","0","2","0","2","","","","N","","","","","","","","","",""
"2015068198","","1","0","0","0","0","0","0","0","0","7","0","","02","6","2015","2","40.413038","-80.105594","","11","0","0","0","0","0","0","0","0","","0","0","0","","","0","","0","","40 24:46.937","","0","80 06:20.140","0","0","0","0","2115","0","0","0","N","0","0","0","1","68B03","0","","4.0","","1","N","N","","0","","0","0","0","","0","","","1","0","0","0","0","0","0","2","0","1","","","","N","","","","","","","","","",""
"2015052232","","1","0","0","0","0","0","0","0","0","4","0","","02","5","2015","6","40.440057","-79.998687","","11","0","0","0","0","0","2","0","0","","0","0","0","","","0","","1","","40 26:24.205","","0","79 59:55.273","0","0","0","0","2301","0","0","0","N","0","0","0","2","02301","0","","1.0","","1","N","N","","0","","0","0","1","","2","","","2","0","0","0","0","0","0","2","0","2","","","","N","","","","","","","","","",""
"2015068850","","1","0","0","0","0","0","0","0","0","7","0","","02","7","2015","5","40.411511","-80.004092","","11","0","0","0","0","0","0","0","0","1","0","0","0","","","0","","0","","40 24:41.440","3","0","80 00:14.730","0","0","0","0","2301","0","0","0","N","0","0","0","1","02301","0","","5.0","","1","N","N","","0","","0","0","0","","0","N","","1","0","0","0","0","0","0","2","0","1","","","","N","","","","","","","","","",""
"2015068863","","0","0","0","0","0","0","0","0","0","1","0","","02","7","2015","5","40.605478","-79.755461","","11","0","0","0","0","0","1","0","0","1","0","0","0","","","0","","0","","40 36:19.719","1","0","79 45:19.658","0","0","0","0","2464","0","0","0","N","0","0","0","2","02464","0","","1.0","","1","N","N","","1","","0","0","0","","0","N","","2","0","0","0","0","0","0","2","1","2","","","","N","","","","","","","","","",""
"2015066639","","0","0","0","0","0","0","0","0","0","1","0","","02","6","2015","6","40.425392","-80.001809","","11","0","0","0","0","0","1","0","0","2","0","0","0","","","0","","0","","40 25:31.411","1","4","80 00:06.514","0","0","0","0","2301","0","0","0","N","0","0","0","4","02301","0","","1.0","","1","N","N","","0","","0","0","3","","0","N","","3","0","0","0","0","0","0","2","0","3","","","","N","","","","","","","","","",""
"2015066708","","0","0","0","0","0","0","0","0","0","4","0","","02","6","2015","7","40.454766","-80.022452","","11","0","0","0","0","0","0","0","1","","0","0","0","","","1","","2","","40 27:17.157","","0","80 01:20.827","8","0","0","0","2301","0","0","0","N","0","0","0","2","02301","0","","1.0","","1","N","N","","0","","0","0","1","","3","","","2","1","0","0","0","1","1","2","0","2","","","","N","","","","","","","","","",""
"2015068199","","2","0","0","0","0","0","0","0","0","1","0","","02","6","2015","2","40.433296","-80.021946","","11","0","0","0","0","0","0","0","1","1","0","0","0","","","0","","0","","40 25:59.865","4","4","80 01:19.005","0","0","0","0","2301","0","0","0","N","0","0","0","4","68B03","0","","1.0","","1","N","N","","0","","0","0","1","","0","N","","3","0","0","0","0","0","0","2","0","3","","","","N","","","","","","","","","",""
"2015053187","","2","0","0","0","0","0","0","0","0","4","0","","02","5","2015","2","40.473737","-80.028831","","11","0","0","0","0","0","0","1","0","","0","0","0","","","0","","1","","40 28:25.453","","0","80 01:43.791","0","0","0","0","2301","0","0","0","N","0","0","0","2","02301","0","","4.0","","1","N","N","","0","","0","0","0","","2","","","2","0","0","0","0","0","0","2","0","2","","","","N","","","","","","","","","",""
"2015066640","","1","0","0","0","0","0","0","0","0","7","0","","02","6","2015","7","40.411437","-80.189792","","11","0","0","0","1","0","0","0","0","1","0","0","0","","","1","","0","","40 24:41.173","5","0","80 11:23.252","4","0","0","0","2214","0","0","0","N","0","0","0","1","02214","1","","5.0","","9","N","N","","0","","0","0","0","","0","Y","","1","1","0","0","0","0","0","1","0","1","","","","N","","","","","","","","","",""
"2015052235","","0","0","0","0","0","0","0","0","0","99","0","","02","5","2015","6","40.5788","-79.866629","","11","0","0","0","0","0","0","0","0","","0","0","0","","","1","","0","","40 34:43.681","","0","79 51:59.865","4","0","0","0","2209","0","0","0","N","0","0","0","1","02209","1","","1.0","","1","N","N","","0","","0","0","0","","0","","","1","1","0","0","0","0","0","1","1","1","","","","N","","","","","","","","","",""
"2015053866","","2","0","0","0","0","0","0","0","0","99","0","","02","5","2015","4","40.343774","-79.981063","","11","0","0","0","0","0","0","0","1","","0","0","0","","","1","","0","","40 20:37.587","","0","79 58:51.825","8","0","0","0","2403","0","0","0","N","0","0","0","1","02403","0","","2.0","","1","N","N","","0","","0","0","0","","0","","","2","1","0","0","0","1","0","2","0","2","","","","N","","","","","","","","","",""
"2015052302","","1","0","0","0","0","0","0","0","0","1","1","","02","5","2015","6","40.46392","-79.949483","","11","0","0","0","0","0","0","0","0","","0","1","0","","","1","","0","","40 27:50.111","","0","79 56:58.138","4","0","0","0","2301","0","0","0","N","0","0","0","2","02301","1","","6.0","","1","N","N","","0","","0","0","0","","2","","","3","1","0","0","0","0","0","2","0","2","","","","N","","","","","","","","","",""
"2015053109","","1","0","0","0","0","0","0","0","0","4","0","","02","5","2015","6","40.437921","-79.769558","","11","0","0","0","0","0","0","0","0","1","0","0","0","","","0","","0","","40 26:16.514","1","0","79 46:10.409","0","0","0","0","2446","0","0","0","N","0","0","0","2","02446","0","","1.0","","1","N","N","","0","","0","0","1","","3","N","","2","0","0","0","0","0","0","2","0","2","","","","N","","","","","","","","","",""
"2015051747","","2","0","0","0","0","0","0","0","0","5","1","","02","5","2015","3","40.518712","-80.167602","","11","0","0","0","0","0","1","0","0","2","0","1","0","","","1","","0","","40 31:07.362","4","0","80 10:03.367","4","0","0","0","2420","0","0","0","N","0","0","0","3","02420","1","","1.0","","1","N","N","","0","","0","0","0","","0","N","","3","1","0","0","0","0","0","2","0","3","","","","N","","","","","","","","","",""
"2015053394","","0","0","0","0","0","0","0","0","0","1","1","","02","5","2015","6","40.546385","-80.241524","","11","0","0","0","0","0","0","0","0","1","0","1","0","","","0","","2","","40 32:46.986","3","0","80 14:29.485","0","0","0","0","2213","0","0","0","N","0","0","0","2","02213","0","","1.0","","1","N","N","","0","","0","0","1","","3","N","","2","0","1","0","0","0","0","2","0","2","","","","N","","","","","","","","","",""
"2015051111","","2","0","0","0","0","0","0","0","0","4","0","","02","5","2015","3","40.435158","-79.956441","","11","0","0","0","0","0","0","0","0","1","0","0","0","","","0","","2","","40 26:06.567","4","0","79 57:23.189","0","0","0","0","2301","0","0","0","N","0","0","0","2","02301","0","","1.0","","1","N","N","","0","","0","0","0","","2","N","","2","0","0","0","0","0","0","2","0","2","","","","N","","","","","","","","","",""