"CRN","ARRIVAL_TM","AUTOMOBILE_COUNT","BELTED_DEATH_COUNT","BELTED_SUSP_SERIOUS_INJ_COUNT","BICYCLE_COUNT","BICYCLE_DEATH_COUNT","BICYCLE_SUSP_SERIOUS_INJ_COUNT","BUS_COUNT","CHLDPAS_DEATH_COUNT","CHLDPAS_SUSP_SERIOUS_INJ_COUNT","COLLISION_TYPE","COMM_VEH_COUNT","CONS_ZONE_SPD_LIM","COUNTY","CRASH_MONTH","CRASH_YEAR","DAY_OF_WEEK","DEC_LATITUDE","DEC_LONGITUDE","DISPATCH_TM","DISTRICT","DRIVER_COUNT_16YR","DRIVER_COUNT_17YR","DRIVER_COUNT_18YR","DRIVER_COUNT_19YR","DRIVER_COUNT_20YR","DRIVER_COUNT_50_64YR","DRIVER_COUNT_65_74YR","DRIVER_COUNT_75PLUS","EST_HRS_CLOSED","FATAL_COUNT","HEAVY_TRUCK_COUNT","HORSE_BUGGY_COUNT","HOUR_OF_DAY","ILLUMINATION","INJURY_COUNT","INTERSECTION_RELATED","INTERSECT_TYPE","LANE_CLOSED","LATITUDE","LN_CLOSE_DIR","LOCATION_TYPE","LONGITUDE","MAX_SEVERITY_LEVEL","MCYCLE_DEATH_COUNT","MCYCLE_SUSP_SERIOUS_INJ_COUNT","MOTORCYCLE_COUNT","MUNICIPALITY","NONMOTR_COUNT","NONMOTR_DEATH_COUNT","NONMOTR_SUSP_SERIOUS_INJ_COUNT","NTFY_HIWY_MAINT","PED_COUNT","PED_DEATH_COUNT","PED_SUSP_SERIOUS_INJ_COUNT","PERSON_COUNT","POLICE_AGCY","POSSIBLE_INJ_COUNT","RDWY_SURF_TYPE_CD","RELATION_TO_ROAD","ROADWAY_CLEARED","ROAD_CONDITION","SCH_BUS_IND","SCH_ZONE_IND","SECONDARY_CRASH","SMALL_TRUCK_COUNT","SPEC_JURIS_CD","SUSP_MINOR_INJ_COUNT","SUSP_SERIOUS_INJ_COUNT","SUV_COUNT","TCD_FUNC_CD","TCD_TYPE","TFC_DETOUR_IND","TIME_OF_DAY","TOTAL_UNITS","TOT_INJ_COUNT","UNBELTED_OCC_COUNT","UNB_DEATH_COUNT","UNB_SUSP_SERIOUS_INJ_COUNT","UNK_INJ_DEG_COUNT","UNK_INJ_PER_COUNT","URBAN_RURAL","VAN_COUNT","VEHICLE_COUNT","WEATHER1","WEATHER2","WORKERS_PRES","WORK_ZONE_IND","WORK_ZONE_LOC","WORK_ZONE_TYPE","WZ_CLOSE_DETOUR","WZ_FLAGGER","WZ_LAW_OFFCR_IND","WZ_LN_CLOSURE","WZ_MOVING","WZ_OTHER","WZ_SHLDER_MDN","WZ_WORKERS_INJ_KILLED"
"2015049921","","2","0","0","0","0","0","0","0","0","4","0","","02","5","2015","6","40.395344","-79.997486","","11","0","0","0","0","0","0","0","0","","0","0","0","","","0","","2","","40 23:43.237","","0","79 59:50.949","0","0","0","0","2301","0","0","0","N","0","0","0","1","02301","0","","4.0","","1","N","N","","0","","0","0","0","","0","","","3","0","0","0","0","0","0","2","1","3","","","","N","","","","","","","","","",""
"2015050709","","1","0","0","0","0","0","0","0","0","4","0","","02","5","2015","6","40.557122","-80.018141","","11","0","0","0","0","0","0","1","1","","0","0","0","","","0","","1","","40 33:25.639","","0","80 01:05.307","0","0","0","0","2108","0","0","0","N","0","0","0","2","02108","0","","1.0","","1","N","N","","0","","0","0","1","","2","","","2","0","0","0","0","0","0","2","0","2","","","","N","","","","","","","","","",""
"2015052866","","1","0","0","0","0","0","0","0","0","7","0","","02","4","2015","1","40.442793","-79.784862","","11","0","0","0","0","0","0","0","0","2","0","0","0","","","1","","0","","40 26:34.054","3","0","79 47:05.502","3","0","0","0","2446","0","0","0","N","0","0","0","1","68B03","0","","3.0","","1","N","N","","0","","1","0","0","","0","N","","1","1","1","0","0","0","0","2","0","1","","","","N","","","","","","","","","",""
"2015050710","","2","0","0","0","0","0","0","0","0","4","0","","02","5","2015","6","40.586779","-80.041751","","11","1","0","0","0","0","1","0","0","2","0","0","0","","","0","","1","","40 35:12.405","2","0","80 02:30.305","0","0","0","0","2108","0","0","0","N","0","0","0","3","02108","0","","1.0","","1","N","N","","0","","0","0","0","","2","N","","2","0","0","0","0","0","0","2","0","2","","","","N","","","","","","","","","",""
"2015052867","","1","0","0","0","0","0","0","0","0","5","0","45","02","4","2015","4","40.411882","-80.076922","","11","0","0","0","0","0","0","0","0","","0","0","0","","","0","","0","","40 24:42.774","","0","80 04:36.920","0","0","0","0","2117","0","0","0","N","0","0","0","2","68B03","0","","1.0","","9","N","N","","0","","0","0","1","","0","","","2","0","0","0","0","0","0","2","0","2","","","N","Y","8","2","N","N","N","N","N","Y","N",""
"2015050711","","1","0","0","0","0","0","0","0","0","1","0","","02","5","2015","1","40.355248","-80.050289","","11","0","0","0","0","1","2","0","0","2","0","0","0","","","0","","1","","40 21:18.891","2","0","80 03:01.040","0","0","0","0","2109","0","0","0","N","0","0","0","3","02109","0","","1.0","","1","N","N","","0","","0","0","2","","2","N","","3","0","0","0","0","0","0","2","0","3","","","","N","","","","","","","","","",""
"2015052868","","0","0","0","0","0","0","0","0","0","1","0","","02","5","2015","4","40.471963","-80.115981","","11","0","0","0","0","0","0","0","0","2","0","0","0","","","2","","0","","40 28:19.067","1","0","80 06:57.530","4","0","0","0","2126","0","0","0","N","0","0","0","3","68B03","2","","1.0","","1","N","N","","1","","0","0","0","","0","N","","2","2","2","0","0","0","0","2","1","2","","","","N","","","","","","","","","",""
"2015049997","","1","0","0","0","0","0","0","0","0","5","1","","02","5","2015","7","40.393049","-80.013209","","11","0","0","0","0","0","0","0","0","3","0","0","0","","","0","","0","","40 23:34.976","7","0","80 00:47.554","0","0","0","0","2301","0","0","0","N","0","0","0","2","02301","0","","1.0","","1","N","N","","0","","0","0","0","","0","N","","2","0","0","0","0","0","0","2","0","2","","","","N","","","","","","","","","",""
"2015050849","","0","0","0","0","0","0","0","0","0","1","0","99","02","5","2015","7","40.558255","-79.959113","","11","0","0","0","0","0","1","0","0","1","0","0","0","","","1","","0","","40 33:29.719","2","0","79 57:32.805","3","0","0","2","2207","0","0","0","N","0","0","0","3","02207","0","","1.0","","1","N","N","","0","","1","0","0","","0","N","","2","1","0","0","0","0","0","2","0","2","","","N","Y","4","1","","","N","Y","","","Y",""
"2015049998","","1","0","0","0","0","0","0","0","0","2","0","","02","5","2015","7","40.348583","-79.834342","","11","0","0","0","0","0","0","0","0","1","0","0","0","","","0","","1","","40 20:54.900","7","0","79 50:03.630","9","0","0","0","2304","0","0","0","N","0","0","0","3","02304","0","","1.0","","1","N","N","","0","","0","0","0","","3","Y","","2","0","0","0","0","0","2","2","0","2","","","","N","","","","","","","","","",""
"2015050915","","2","0","0","0","0","0","0","0","0","1","0","","02","5","2015","1","40.443034","-79.838877","","11","0","0","0","0","0","0","1","0","","0","0","0","","","1","","0","","40 26:34.922","","0","79 50:19.957","8","0","0","0","2419","0","0","0","N","0","0","0","3","68B03","0","","1.0","","1","N","N","","0","","0","0","0","","0","","","3","1","0","0","0","1","0","2","1","3","","","","N","","","","","","","","","",""
"2015050960","","1","0","0","0","0","0","0","0","0","2","0","","02","5","2015","3","40.438093","-79.756179","","11","0","0","0","0","0","0","0","0","","0","0","0","","","0","","0","","40 26:17.135","","0","79 45:22.245","0","0","0","0","2446","0","0","0","N","0","0","0","2","68T09","0","","1.0","","1","N","N","","0","","0","0","1","","0","","","2","0","0","0","0","0","0","2","0","2","","","","N","","","","","","","","","",""
"2015049999","","2","0","0","0","0","0","0","0","0","5","0","","02","5","2015","7","40.457029","-79.934813","","11","0","0","0","0","0","0","0","0","","0","0","0","","","0","","0","","40 27:25.305","","0","79 56:05.327","0","0","0","0","2301","0","0","0","N","0","0","0","1","02301","0","","1.0","","1","N","N","","0","","0","0","1","","0","","","3","0","1","0","0","0","0","2","0","3","","","","N","","","","","","","","","",""
"2015052938","","2","0","0","0","0","0","0","0","0","5","0","","02","5","2015","2","40.445541","-79.932326","","11","0","0","0","0","0","0","0","0","2","0","0","0","","","0","","0","","40 26:43.947","3","0","79 55:56.374","0","0","0","0","2301","0","0","0","N","0","0","0","1","02301","0","","1.0","","1","N","N","","0","","0","0","0","","0","N","","2","0","0","0","0","0","0","2","0","2","","","","N","","","","","","","","","",""
"2015052873","","1","0","0","0","0","0","0","0","0","1","0","","02","5","2015","6","40.378555","-80.098995","","11","0","0","0","0","0","0","0","0","","0","1","0","","","2","","0","","40 22:42.797","","0","80 05:56.382","8","0","0","0","2102","0","0","0","N","0","0","0","3","68B03","0","","1.0","","1","N","N","","0","","0","0","0","","0","","","2","2","0","0","0","2","0","2","0","2","","","","N","","","","","","","","","",""
"2015052874","","1","0","0","0","0","0","0","0","0","1","0","","02","5","2015","6","40.42515","-80.120264","","11","0","0","0","0","0","0","0","1","","0","0","0","","","0","","0","","40 25:30.540","","0","80 07:12.952","0","0","0","0","2115","0","0","0","N","0","0","0","2","68B03","0","","1.0","","1","N","N","","0","","0","0","1","","0","","","2","0","0","0","0","0","0","2","0","2","","","","N","","","","","","","","","",""
"2015052940","","3","0","0","0","0","0","0","0","0","7","0","","02","5","2015","1","40.470271","-79.931789","","11","0","0","0","0","0","0","0","0","","0","0","0","","","1","","2","","40 28:12.975","","0","79 55:54.440","4","0","0","0","2301","0","0","0","N","0","0","0","2","02301","1","","4.0","","1","N","N","","0","","0","0","0","","0","","","3","1","0","0","0","0","0","2","0","3","","","","N","","","","","","","","","",""
"2015049250","","1","0","0","0","0","0","0","0","0","7","0","","02","5","2015","3","40.492394","-79.910362","","11","0","0","0","0","0","0","0","0","","0","0","0","","","0","","7","","40 29:32.620","","3","79 54:37.303","0","0","0","0","2112","0","0","0","Y","0","0","0","2","68D02","0","","4.0","","1","N","N","","0","","0","0","0","","0","","","1","0","0","0","0","0","0","2","0","1","","","","N","","","","","","","","","",""
"2015050977","","1","0","0","0","0","0","0","0","0","4","0","","02","5","2015","3","40.447398","-79.977801","","11","0","0","0","0","0","0","0","0","","0","0","0","","","0","","1","","40 26:50.632","","0","79 58:40.083","0","0","0","0","2301","0","0","0","N","0","0","0","3","02301","0","","1.0","","1","N","N","","0","","0","0","1","","2","","","2","0","0","0","0","0","0","2","0","2","","","","N","","","","","","","","","",""
"2015052106","","2","0","0","0","0","0","0","0","0","4","0","","02","5","2015","5","40.404363","-79.883772","","11","0","0","0","0","0","1","0","0","","0","0","0","","","0","","0","","40 24:15.705","","0","79 53:01.580","0","0","0","0","2475","0","0","0","N","0","0","0","2","02475","0","","1.0","","1","N","N","","0","","0","0","0","","0","","","2","0","0","0","0","0","0","2","0","2","","","","N","","","","","","","","","",""
"2015050005","","1","0","0","0","0","0","0","0","0","7","0","","02","5","2015","7","40.449379","-79.985066","","11","0","0","0","0","0","0","0","0","1","0","0","0","","","1","","0","","40 26:57.765","3","0","79 59:06.237","3","0","0","0","2301","0","0","0","N","0","0","0","1","02301","0","","5.0","","1","N","N","","0","","1","0","0","","2","N","","1","1","0","0","0","0","0","2","0","1","","","","N","","","","","","","","","",""
"2015052108","","0","0","0","0","0","0","0","0","0","7","0","","02","5","2015","5","40.392373","-80.010212","","11","0","0","0","0","0","0","0","0","","0","0","0","","","0","","0","","40 23:32.542","","0","80 00:36.763","0","0","0","0","2301","0","0","0","N","0","0","0","1","02301","0","","5.0","","1","N","N","","0","","0","0","1","","0","","","1","0","0","0","0","0","0","2","0","1","","","","N","","","","","","","","","",""
"2015049937","","1","0","0","0","0","0","0","0","0","8","0","","02","5","2015","3","40.386267","-80.043913","","11","0","0","0","0","0","1","0","0","2","0","0","0","","","1","","0","","40 23:10.562","7","0","80 02:38.088","3","0","0","0","2109","1","0","0","N","1","0","0","2","02109","0","","1.0","","1","N","N","","0","","1","0","0","","0","Y","","2","1","0","0","0","0","0","2","0","1","","","","N","","","","","","","","","",""
"2015049938","","2","0","0","0","0","0","0","0","0","4","0","","02","5","2015","5","40.501996","-80.204806","","11","0","0","0","0","0","1","0","0","1","0","0","0","","","2","","1","","40 30:07.184","2","0","80 12:17.303","8","0","0","0","2213","0","0","0","N","0","0","0","2","02213","0","","1.0","","1","N","N","","0","","0","0","0","","3","N","","2","2","0","0","0","2","0","2","0","2","","","","N","","","","","","","","","",""
"2015048501","","1","0","0","0","0","0","0","0","0","7","0","","02","5","2015","7","40.43607","-79.968673","","11","0","0","0","0","0","0","0","0","2","0","0","0","","","0","","7","","40 26:09.852","3","2","79 58:07.223","0","0","0","0","2301","0","0","0","N","0","0","0","1","02301","0","","2.0","","1","N","N","","0","","0","0","0","","0","Y","","1","0","0","0","0","0","0","2","0","1","","","","N","","","","","","","","","",""
"2015050084","","2","0","0","0","0","0","0","0","0","4","0","","02","5","2015","6","40.454908","-80.012752","","11","0","0","0","0","0","1","0","0","","0","0","0","","","0","","1","","40 27:17.668","","0","80 00:45.907","9","0","0","0","2301","0","0","0","N","0","0","0","3","02301","0","","1.0","","1","N","N","","0","","0","0","0","","0","","","2","0","0","0","0","0","1","2","0","2","","","","N","","","","","","","","","",""
"2015051341","","2","0","0","0","0","0","0","0","0","1","0","","02","5","2015","4","40.362249","-79.844044","","11","0","0","0","0","0","0","1","0","","0","0","0","","","0","","7","","40 21:44.098","","0","79 50:38.558","0","0","0","0","2303","0","0","0","N","0","0","0","3","02303","0","","1.0","","1","N","N","","0","","0","0","0","","0","","","3","0","0","0","0","0","0","2","1","3","","","","N","","","","","","","","","",""
"2015052897","","0","0","0","0","0","0","0","0","0","7","0","","02","5","2015","3","40.663407","-80.07393","","11","0","0","0","0","0","1","0","0","1","0","0","0","","","1","","0","","40 39:48.265","5","0","80 04:26.148","3","0","0","1","2212","0","0","0","N","0","0","0","1","02505","0","","5.0","","1","N","N","","0","","1","0","0","","0","Y","","1","1","0","0","0","0","0","2","0","1","","","","N","","","","","","","","","",""
"2015049209","","1","0","0","1","0","0","0","0","0","8","0","","02","5","2015","4","40.442224","-79.957895","","11","0","0","0","0","0","0","0","0","","0","0","0","","","1","","1","","40 26:32.008","","0","79 57:28.423","8","0","0","0","2301","1","0","0","N","0","0","0","2","02301","0","","1.0","","1","N","N","","0","","0","0","0","","2","","","2","1","1","0","0","1","0","2","0","1","","","","N","","","","","","","","","",""
"2015048576","","1","0","0","0","0","0","0","0","0","4","1","","02","5","2015","2","40.454431","-79.991819","","11","0","0","0","0","0","1","0","0","","0","1","0","","","0","","2","","40 27:15.951","","0","79 59:30.548","0","0","0","0","2301","0","0","0","N","0","0","0","1","02301","0","","1.0","","1","N","N","","0","","0","0","0","","0","","","2","0","0","0","0","0","0","2","0","2","","","","N","","","","","","","","","",""
"2015052822","","1","0","0","0","0","0","0","0","0","1","0","","02","5","2015","1","40.431558","-79.99766","","11","0","0","0","0","0","1","0","0","","0","0","0","","","1","","0","","40 25:53.609","","3","79 59:51.575","4","0","0","1","2301","0","0","0","N","0","0","0","3","02301","1","","1.0","","1","N","N","","0","","0","0","0","","0","","","2","1","0","0","0","0","0","2","0","2","","","","N","","","","","","","","","",""
"2015051342","","0","0","0","0","0","0","0","0","0","1","0","","02","5","2015","4","40.521685","-80.042416","","11","0","0","0","0","0","0","0","0","2","0","0","0","","","0","","0","","40 31:18.065","4","0","80 02:32.698","0","0","0","0","2474","0","0","0","N","0","0","0","2","02474","0","","1.0","","1","N","N","","0","","0","0","2","","0","N","","2","0","0","0","0","0","0","2","0","2","","","","N","","","","","","","","","",""
"2015051415","","1","0","0","0","0","0","0","0","0","4","0","","02","5","2015","4","40.425944","-79.953796","","11","0","0","0","0","0","1","0","0","2","0","0","0","","","2","","2","","40 25:33.399","4","1","79 57:13.665","8","0","0","0","2301","0","0","0","N","0","0","0","2","02301","0","","1.0","","1","N","N","","0","","0","0","1","","1","N","","2","2","0","0","0","2","0","2","0","2","","","","N","","","","","","","","","",""
"2015053629","","1","0","0","0","0","0","0","0","0","7","0","","02","2","2015","5","40.446508","-80.167448","","11","0","0","0","0","0","0","0","0","","0","0","0","","","0","","0","","40 26:47.427","","2","80 10:02.811","0","0","0","0","2115","0","0","0","N","0","0","0","1","68B03","0","","2.0","","1","N","N","","0","","0","0","0","","0","","","1","0","1","0","0","0","0","2","0","1","","","","N","","","","","","","","","",""
"2015052194","","1","0","0","0","0","0","0","0","0","4","0","","02","5","2015","5","40.45194","-79.923965","","11","0","0","0","0","0","1","1","0","","0","0","0","","","0","","1","","40 27:06.984","","0","79 55:26.274","0","0","0","0","2301","0","0","0","N","0","0","0","2","02301","0","","1.0","","1","N","N","","0","","0","0","0","","2","","","2","0","1","0","0","0","0","2","1","2","","","","N","","","","","","","","","",""
"2015050866","","0","0","0","0","0","0","0","0","0","6","0","","02","5","2015","3","40.423798","-79.977703","","11","0","0","0","0","0","0","0","0","5","0","0","0","","","0","","1","","40 25:25.672","5","0","79 58:39.730","0","0","0","0","2301","0","0","0","N","0","0","0","1","02301","0","","2.0","","9","N","N","","0","","0","0","2","","2","Y","","2","0","0","0","0","0","0","2","0","2","","","","N","","","","","","","","","",""
"2015053630","","0","0","0","0","0","0","0","0","0","7","0","","02","2","2015","7","40.493393","-80.124983","","11","0","0","0","0","0","0","0","0","","0","0","0","","","0","","0","","40 29:36.216","","0","80 07:29.937","0","0","0","0","2115","0","0","0","N","0","0","0","1","68B03","0","","4.0","","1","N","N","","0","","0","0","1","","0","","","1","0","0","0","0","0","0","2","0","1","","","","N","","","","","","","","","",""
"2015052195","","1","0","0","0","0","0","0","0","0","1","0","","02","5","2015","6","40.473989","-79.970571","","11","0","0","0","0","0","1","0","0","","0","0","0","","","0","","0","","40 28:26.359","","3","79 58:14.056","0","0","0","0","2301","0","0","0","N","0","0","0","3","02301","0","","1.0","","1","N","N","","1","","0","0","0","","0","","","2","0","0","0","0","0","0","2","0","2","","","","N","","","","","","","","","",""
"2015050013","","2","0","0","0","0","0","0","0","0","1","0","","02","5","2015","6","40.340235","-79.96737","","11","0","0","0","0","1","1","0","0","","0","0","0","","","1","","2","","40 20:24.847","","0","79 58:02.531","8","0","0","0","2454","0","0","0","N","0","0","0","4","02454","0","","1.0","","1","N","N","","0","","0","0","1","","2","","","3","1","0","0","0","1","0","2","0","3","","","","N","","","","","","","","","",""
"2015053631","","1","0","0","0","0","0","0","0","0","7","0","","02","2","2015","1","40.52128","-80.142566","","11","0","0","0","0","0","0","0","0","","0","0","0","","","1","","0","","40 31:16.609","","0","80 08:33.237","2","0","0","0","2434","0","0","0","N","0","0","0","1","68B03","0","","4.0","","1","N","N","","0","","0","1","0","","0","","","1","1","1","0","1","0","0","2","0","1","","","","N","","","","","","","","","",""
"2015052901","","1","0","0","0","0","0","0","0","0","7","0","","02","5","2015","7","40.343147","-79.860627","","11","0","0","0","0","0","0","0","0","2","0","0","0","","","0","","0","","40 20:35.329","5","0","79 51:38.257","0","0","0","0","2304","0","0","0","N","0","0","0","0","02304","0","","2.0","","9","N","N","","0","","0","0","0","","0","Y","","1","0","0","0","0","0","0","2","0","1","","","","N","","","","","","","","","",""
"2015049200","","1","0","0","0","0","0","0","0","0","2","0","","02","5","2015","4","40.443882","-79.938809","","11","0","0","0","0","0","1","0","0","","0","0","0","","","1","","3","","40 26:37.974","","0","79 56:19.714","8","0","0","0","2301","0","0","0","","0","0","0","3","02301","0","","1.0","","1","","","","0","","0","0","1","","0","","","2","1","0","0","0","1","0","2","0","2","","","","N","","","","","","","","","",""
"2015050014","","1","0","0","0","0","0","0","0","0","1","0","","02","5","2015","5","40.509505","-80.211924","","11","1","0","0","0","0","0","0","0","1","0","0","0","","","0","","2","","40 30:34.219","4","0","80 12:42.925","0","0","0","0","2213","0","0","0","N","0","0","0","2","02213","0","","1.0","","1","N","N","","0","","0","0","1","","0","N","","2","0","0","0","0","0","0","2","0","2","","","","N","","","","","","","","","",""
"2015052133","","1","0","0","0","0","0","0","0","0","8","0","","02","5","2015","7","40.338887","-80.065955","","11","0","0","0","0","0","0","0","0","","0","0","0","","","1","","1","","40 20:19.994","","0","80 03:57.437","4","0","0","0","2123","1","0","0","N","1","0","0","2","02123","1","","1.0","","1","N","N","","0","","0","0","0","","2","","","2","1","0","0","0","0","0","2","0","1","","","","N","","","","","","","","","",""
"2015052197","","3","0","0","0","0","0","0","0","0","1","0","","02","5","2015","6","40.450994","-79.906673","","11","0","0","0","0","0","0","0","0","","0","0","0","","","0","","0","","40 27:03.578","","0","79 54:24.023","0","0","0","0","2301","0","0","0","N","0","0","0","4","02301","0","","1.0","","1","N","N","","0","","0","0","1","","0","","","4","0","0","0","0","0","0","2","0","4","","","","N","","","","","","","","","",""
"2015049946","","1","0","0","0","0","0","0","0","0","1","0","","02","5","2015","6","40.355734","-79.834467","","11","0","0","0","0","0","0","0","0","","0","0","0","","","0","","0","","40 21:20.643","","0","79 50:04.082","0","0","0","0","2304","0","0","0","N","0","0","0","3","02304","0","","1.0","","1","N","N","","0","","0","0","1","","0","","","2","0","0","0","0","0","0","2","0","2","","","","N","","","","","","","","","",""
"2015053633","","0","0","0","0","0","0","0","0","0","1","0","","02","5","2015","2","40.506241","-80.033088","","11","0","0","0","0","0","0","1","0","","0","0","0","","","0","","0","","40 30:22.469","","0","80 01:59.116","0","0","0","0","2116","0","0","0","N","0","0","0","3","68B03","0","","1.0","","9","N","N","","1","","0","0","1","","0","","","2","0","0","0","0","0","0","2","0","2","","","","N","","","","","","","","","",""
"2015052121","","1","0","0","0","0","0","0","0","0","7","0","","02","5","2015","6","40.464911","-80.073339","","11","0","0","0","0","0","0","0","0","","0","0","0","","","0","","0","","40 27:53.680","","0","80 04:24.020","0","0","0","0","2444","0","0","0","N","0","0","0","1","02444","0","","5.0","","1","N","N","","0","","0","0","0","","0","","","1","0","0","0","0","0","0","2","0","1","","","","N","","","","","","","","","",""
"2015048455","","0","0","0","1","0","0","0","0","0","8","0","","02","5","2015","2","40.432291","-80.008016","","11","0","0","0","0","0","0","0","0","","0","0","0","","","1","","2","","40 25:56.247","","0","80 00:28.857","4","0","0","0","2301","1","0","0","N","0","0","0","2","02301","1","","1.0","","9","N","N","","0","","0","0","1","","0","","","2","1","0","0","0","0","0","2","0","1","","","","N","","","","","","","","","",""
"2015049215","","2","0","0","0","0","0","0","0","0","1","0","","02","5","2015","2","40.384928","-79.80337","","11","0","0","0","0","0","0","0","0","1","0","0","0","","","4","","0","","40 23:05.740","1","0","79 48:12.132","4","0","0","0","2424","0","0","0","N","0","0","0","4","02424","2","","1.0","","1","N","N","","0","","0","0","0","","0","N","","2","4","0","0","0","2","0","2","0","2","","","","N","","","","","","","","","",""
"2015048583","","1","0","0","0","0","0","0","0","0","4","0","","02","5","2015","2","40.558106","-79.984642","","11","0","1","0","0","0","0","0","0","1","0","0","0","","","0","","2","","40 33:29.181","3","0","79 59:04.710","0","0","0","0","2207","0","0","0","N","0","0","0","2","02207","0","","1.0","","1","N","N","","0","","0","0","1","","3","N","","2","0","0","0","0","0","0","2","0","2","","","","N","","","","","","","","","",""
"2015049337","","1","0","0","0","0","0","0","0","0","8","0","","02","5","2015","4","40.441918","-80.001868","","11","0","0","0","0","0","0","0","0","","0","0","0","","","1","","1","","40 26:30.904","","0","80 00:06.724","3","0","0","0","2301","1","0","0","N","1","0","0","2","02301","0","","1.0","","1","N","N","","0","","1","0","0","","2","","","2","1","0","0","0","0","0","2","0","1","","","","N","","","","","","","","","",""
"2015052135","","1","0","0","0","0","0","0","0","0","7","0","","02","5","2015","6","40.440579","-80.23885","","11","0","0","0","0","0","0","0","0","","0","0","0","","","0","","0","","40 26:26.086","","0","80 14:19.860","0","0","0","0","2214","0","0","0","N","0","0","0","1","02214","0","","5.0","","1","N","N","","0","","0","0","0","","0","","","1","0","0","0","0","0","0","2","0","1","","","","N","","","","","","","","","",""
"2015049203","","0","0","0","0","0","0","0","0","0","1","0","","02","5","2015","4","40.489348","-79.953296","","11","0","0","0","0","0","0","0","0","1","0","0","0","","","0","","0","","40 29:21.654","1","0","79 57:11.866","0","0","0","0","2118","0","0","0","N","0","0","0","2","02118","0","","1.0","","1","N","N","","1","","0","0","0","","0","N","","2","0","0","0","0","0","0","2","1","2","","","","N","","","","","","","","","",""
"2015052124","","2","0","0","0","0","0","0","0","0","1","0","","02","5","2015","6","40.426966","-80.002513","","11","0","0","0","0","0","0","0","0","","0","0","0","","","1","","0","","40 25:37.077","","0","80 00:09.045","4","0","0","0","2301","0","0","0","N","0","0","0","1","02301","1","","6.0","","1","N","N","","0","","0","0","0","","3","","","3","1","0","0","0","0","0","2","1","3","","","","N","","","","","","","","","",""
"2015051364","","1","0","0","0","0","0","0","0","0","5","0","","02","5","2015","3","40.440788","-80.093257","","11","0","0","0","0","0","0","0","0","","0","0","0","","","0","","0","","40 26:26.837","","0","80 05:35.725","0","0","0","0","2115","0","0","0","N","0","0","0","2","02115","0","","1.0","","1","N","N","","1","","0","0","0","","0","","","2","0","0","0","0","0","0","2","0","2","","","","N","","","","","","","","","",""
"2015049217","","1","0","0","0","0","0","0","0","0","5","0","","02","5","2015","6","40.378559","-80.045785","","11","0","0","0","0","0","1","1","0","2","0","0","0","","","0","","0","","40 22:42.813","2","0","80 02:44.827","0","0","0","0","2109","0","0","0","N","0","0","0","2","02109","0","","1.0","","1","N","N","","0","","0","0","2","","0","N","","3","0","0","0","0","0","0","2","0","3","","","","N","","","","","","","","","",""
"2015048585","","1","0","0","0","0","0","0","0","0","4","0","","02","3","2015","4","40.477532","-79.952848","","11","0","0","0","0","0","0","0","0","","0","0","0","","","0","","2","","40 28:39.115","","0","79 57:10.252","0","0","0","0","2301","0","0","0","N","0","0","0","1","02301","0","","1.0","","9","N","N","","0","","0","0","2","","0","","","3","0","0","0","0","0","0","2","0","3","","","","N","","","","","","","","","",""
"2015052137","","1","0","0","0","0","0","0","0","0","7","0","","02","5","2015","6","40.45539","-79.976275","","11","0","0","0","0","0","0","0","0","","0","0","0","","","0","","0","","40 27:19.403","","0","79 58:34.590","0","0","0","0","2301","0","0","0","N","0","0","0","1","02301","0","","4.0","","1","N","N","","0","","0","0","0","","0","","","1","0","0","0","0","0","0","2","0","1","","","","N","","","","","","","","","",""
"2015049951","","2","0","0","0","0","0","0","0","0","4","0","","02","5","2015","6","40.436233","-79.77244","","11","0","0","0","0","0","1","0","0","1","0","0","0","","","1","","1","","40 26:10.438","3","0","79 46:20.784","4","0","0","0","2446","0","0","0","N","0","0","0","3","02446","1","","1.0","","1","N","N","","0","","0","0","0","","2","N","","2","1","0","0","0","0","0","2","0","2","","","","N","","","","","","","","","",""
"2015049205","","3","0","0","0","0","0","0","0","0","6","0","","02","5","2015","4","40.287901","-80.011215","","11","0","0","0","0","0","1","0","0","2","0","0","0","","","0","","0","","40 17:16.443","5","0","80 00:40.374","0","0","0","0","2219","0","0","0","N","0","0","0","3","02219","0","","1.0","","1","N","N","","0","","0","0","0","","0","Y","","3","0","0","0","0","0","0","2","0","3","","","","N","","","","","","","","","",""
"2015049218","","2","0","0","0","0","0","0","0","0","4","0","","02","5","2015","7","40.386268","-80.048193","","11","0","0","0","0","0","1","0","0","","0","0","0","","","0","","2","","40 23:10.564","","0","80 02:53.494","0","0","0","0","2109","0","0","0","N","0","0","0","5","02109","0","","1.0","","1","N","N","","0","","0","0","0","","3","","","2","0","0","0","0","0","0","2","0","2","","","","N","","","","","","","","","",""
"2015048447","","2","0","0","0","0","0","0","0","0","6","0","","02","5","2015","2","40.240883","-79.860116","","11","0","0","0","0","1","1","0","0","2","0","0","0","","","2","","1","","40 14:27.178","4","0","79 51:36.419","8","0","0","0","2105","0","0","0","N","0","0","0","3","02105","0","","1.0","","1","N","N","","0","","0","0","0","","3","N","","2","2","0","0","0","2","0","1","0","2","","","","N","","","","","","","","","",""