"CRN","ARRIVAL_TM","AUTOMOBILE_COUNT","BELTED_DEATH_COUNT","BELTED_SUSP_SERIOUS_INJ_COUNT","BICYCLE_COUNT","BICYCLE_DEATH_COUNT","BICYCLE_SUSP_SERIOUS_INJ_COUNT","BUS_COUNT","CHLDPAS_DEATH_COUNT","CHLDPAS_SUSP_SERIOUS_INJ_COUNT","COLLISION_TYPE","COMM_VEH_COUNT","CONS_ZONE_SPD_LIM","COUNTY","CRASH_MONTH","CRASH_YEAR","DAY_OF_WEEK","DEC_LATITUDE","DEC_LONGITUDE","DISPATCH_TM","DISTRICT","DRIVER_COUNT_16YR","DRIVER_COUNT_17YR","DRIVER_COUNT_18YR","DRIVER_COUNT_19YR","DRIVER_COUNT_20YR","DRIVER_COUNT_50_64YR","DRIVER_COUNT_65_74YR","DRIVER_COUNT_75PLUS","EST_HRS_CLOSED","FATAL_COUNT","HEAVY_TRUCK_COUNT","HORSE_BUGGY_COUNT","HOUR_OF_DAY","ILLUMINATION","INJURY_COUNT","INTERSECTION_RELATED","INTERSECT_TYPE","LANE_CLOSED","LATITUDE","LN_CLOSE_DIR","LOCATION_TYPE","LONGITUDE","MAX_SEVERITY_LEVEL","MCYCLE_DEATH_COUNT","MCYCLE_SUSP_SERIOUS_INJ_COUNT","MOTORCYCLE_COUNT","MUNICIPALITY","NONMOTR_COUNT","NONMOTR_DEATH_COUNT","NONMOTR_SUSP_SERIOUS_INJ_COUNT","NTFY_HIWY_MAINT","PED_COUNT","PED_DEATH_COUNT","PED_SUSP_SERIOUS_INJ_COUNT","PERSON_COUNT","POLICE_AGCY","POSSIBLE_INJ_COUNT","RDWY_SURF_TYPE_CD","RELATION_TO_ROAD","ROADWAY_CLEARED","ROAD_CONDITION","SCH_BUS_IND","SCH_ZONE_IND","SECONDARY_CRASH","SMALL_TRUCK_COUNT","SPEC_JURIS_CD","SUSP_MINOR_INJ_COUNT","SUSP_SERIOUS_INJ_COUNT","SUV_COUNT","TCD_FUNC_CD","TCD_TYPE","TFC_DETOUR_IND","TIME_OF_DAY","TOTAL_UNITS","TOT_INJ_COUNT","UNBELTED_OCC_COUNT","UNB_DEATH_COUNT","UNB_SUSP_SERIOUS_INJ_COUNT","UNK_INJ_DEG_COUNT","UNK_INJ_PER_COUNT","URBAN_RURAL","VAN_COUNT","VEHICLE_COUNT","WEATHER1","WEATHER2","WORKERS_PRES","WORK_ZONE_IND","WORK_ZONE_LOC","WORK_ZONE_TYPE","WZ_CLOSE_DETOUR","WZ_FLAGGER","WZ_LAW_OFFCR_IND","WZ_LN_CLOSURE","WZ_MOVING","WZ_OTHER","WZ_SHLDER_MDN","WZ_WORKERS_INJ_KILLED"
"2015049207","","1","0","0","0","0","0","0","0","0","4","0","","02","5","2015","4","40.351223","-79.829446","","11","0","0","0","0","0","1","0","0","","0","0","0","","","0","","0","","40 21:04.402","","0","79 49:46.005","0","0","0","0","2477","0","0","0","N","0","0","0","6","02477","0","","1.0","","1","N","N","","0","","0","0","1","","3","","","2","0","0","0","0","0","0","2","0","2","","","","N","","","","","","","","","",""
"2015049219","","1","0","0","0","0","0","0","0","0","1","0","","02","5","2015","3","40.509909","-80.201796","","11","0","0","0","0","0","1","0","0","1","0","0","0","","","0","","2","","40 30:35.673","1","0","80 12:06.467","0","0","0","0","2213","0","0","0","N","0","0","0","2","02213","0","","1.0","","1","N","N","","0","","0","0","1","","0","N","","2","0","0","0","0","0","0","2","0","2","","","","N","","","","","","","","","",""
"2015050097","","1","0","0","0","0","0","0","0","0","4","0","","02","5","2015","6","40.465342","-80.074632","","11","0","0","0","0","0","0","0","0","","0","0","0","","","0","","3","","40 27:55.231","","0","80 04:28.675","0","0","0","0","2444","0","0","0","N","0","0","0","2","02444","0","","1.0","","1","N","N","","1","","0","0","0","","0","","","2","0","0","0","0","0","0","2","0","2","","","","N","","","","","","","","","",""
"2015052127","","0","0","0","0","0","0","0","0","0","7","0","","02","5","2015","6","40.442935","-80.029852","","11","0","0","0","0","0","0","0","0","","0","0","0","","","0","","0","","40 26:34.567","","0","80 01:47.468","0","0","0","0","2301","0","0","0","N","0","0","0","0","02301","0","","5.0","","1","N","N","","0","","0","0","0","","0","","","1","0","0","0","0","0","0","2","1","1","","","","N","","","","","","","","","",""
"2015052896","","1","0","0","0","0","0","0","0","0","6","0","","02","5","2015","1","40.458696","-79.888619","","11","0","0","0","0","0","1","0","0","","0","0","0","","","0","","2","","40 27:31.305","","0","79 53:19.028","0","0","0","0","2301","0","0","0","N","0","0","0","2","02301","0","","1.0","","1","N","N","","0","","0","0","0","","0","","","2","0","0","0","0","0","0","2","1","2","","","","N","","","","","","","","","",""
"2015052204","","1","0","0","0","0","0","0","0","0","4","0","","02","5","2015","6","40.464221","-80.011268","","11","0","0","0","0","0","0","0","0","","0","0","0","","","1","","3","","40 27:51.195","","0","80 00:40.564","8","0","0","0","2301","0","0","0","N","0","0","0","3","02301","0","","1.0","","1","N","N","","0","","0","0","1","","3","","","2","1","0","0","0","1","0","2","0","2","","","","N","","","","","","","","","",""
"2015049220","","1","0","0","0","0","0","0","0","0","2","0","","02","5","2015","2","40.366858","-80.026633","","11","0","0","0","0","0","1","0","0","","0","0","0","","","1","","0","","40 22:00.690","","0","80 01:35.877","4","0","0","0","2416","0","0","0","N","0","0","0","2","02416","1","","1.0","","1","N","N","","1","","0","0","0","","0","","","2","1","0","0","0","0","0","2","0","2","","","","N","","","","","","","","","",""
"2015050098","","2","0","0","0","0","0","0","0","0","1","0","","02","5","2015","6","40.461968","-79.840969","","11","0","0","0","0","0","2","1","0","","0","0","0","","","1","","0","","40 27:43.085","","0","79 50:27.489","8","0","0","0","2113","0","0","0","N","0","0","0","6","02113","0","","1.0","","1","N","N","","2","","0","0","0","","0","","","4","1","1","0","0","1","0","2","0","4","","","","N","","","","","","","","","",""
"2015049954","","1","0","0","0","0","0","0","0","0","5","0","","02","5","2015","6","40.448039","-80.017839","","11","0","0","0","0","1","0","0","0","","0","0","0","","","0","","1","","40 26:52.940","","0","80 01:04.220","0","0","0","0","2301","0","0","0","N","0","0","0","2","02301","0","","1.0","","1","N","N","","1","","0","0","0","","2","","","2","0","0","0","0","0","0","2","0","2","","","","N","","","","","","","","","",""
"2015049221","","1","0","0","0","0","0","0","0","0","7","0","","02","5","2015","4","40.364409","-80.024696","","11","0","0","0","0","0","0","0","0","","0","0","0","","","1","","0","","40 21:51.872","","0","80 01:28.904","3","0","0","0","2416","0","0","0","N","0","0","0","1","02416","0","","5.0","","1","N","N","","0","","1","0","0","","0","","","1","1","0","0","0","0","0","2","0","1","","","","N","","","","","","","","","",""
"2015053652","","0","0","0","0","0","0","0","0","0","7","0","","02","4","2015","3","40.654664","-79.759206","","11","0","0","0","0","0","0","0","0","2","0","0","0","","","0","","0","","40 39:16.789","1","0","79 45:33.141","9","0","0","0","2202","0","0","0","N","0","0","0","1","68D02","0","","4.0","","1","N","N","","1","","0","0","0","","8","N","","1","0","0","0","0","0","1","1","0","1","","","","N","","","","","","","","","",""
"2015048463","","2","0","0","0","0","0","0","0","0","4","0","","02","5","2015","7","40.397671","-80.106105","","11","0","0","0","0","0","0","0","0","","0","0","0","","","0","","2","","40 23:51.616","","0","80 06:21.977","0","0","0","0","2102","0","0","0","N","0","0","0","3","02102","0","","1.0","","1","N","N","","0","","0","0","0","","0","","","2","0","0","0","0","0","0","2","0","2","","","","N","","","","","","","","","",""
"2015050877","","1","0","0","0","0","0","0","0","0","5","0","","02","5","2015","3","40.459194","-80.016381","","11","0","0","0","0","0","1","0","0","","0","0","0","","","0","","2","","40 27:33.098","","0","80 00:58.971","0","0","0","0","2301","0","0","0","N","0","0","0","4","02301","0","","1.0","","1","N","N","","1","","0","0","0","","0","","","2","0","2","0","0","0","0","2","0","2","","","","N","","","","","","","","","",""
"2015052835","","2","0","0","0","0","0","0","0","0","1","0","","02","5","2015","1","40.377273","-79.801368","","11","0","0","1","0","0","1","0","1","1","0","0","0","","","1","","2","","40 22:38.184","3","0","79 48:04.924","4","0","0","0","2111","0","0","0","N","0","0","0","3","02111","1","","1.0","","1","N","N","","0","","0","0","1","","0","N","","3","1","0","0","0","0","0","2","0","3","","","","N","","","","","","","","","",""
"2015053653","","3","0","0","0","0","0","0","0","0","1","0","","02","4","2015","4","40.49454","-79.904837","","11","0","0","0","0","0","0","0","0","1","0","0","0","","","0","","0","","40 29:40.345","2","0","79 54:17.413","0","0","0","0","2401","0","0","0","N","0","0","0","4","68D02","0","","1.0","","1","N","N","","0","","0","0","1","","0","N","","4","0","0","0","0","0","0","2","0","4","","","","N","","","","","","","","","",""
"2015048592","","3","0","0","0","0","0","0","0","0","1","0","","02","5","2015","1","40.503863","-79.948785","","11","0","0","0","0","0","1","0","0","1","0","0","0","","","0","","2","","40 30:13.908","1","0","79 56:55.627","0","0","0","0","2430","0","0","0","N","0","0","0","4","02430","0","","1.0","","1","N","N","","0","","0","0","1","","3","Y","","4","0","1","0","0","0","0","2","0","4","","","","N","","","","","","","","","",""
"2015052914","","2","0","0","0","0","0","0","0","0","6","0","","02","5","2015","5","40.392663","-80.058311","","11","0","0","0","0","0","0","0","0","1","0","0","0","","","1","","3","","40 23:33.586","1","0","80 03:29.919","8","0","0","0","2117","0","0","0","N","0","0","0","1","02117","0","","1.0","","1","N","N","","0","","0","0","0","","0","N","","2","1","1","0","0","1","0","2","0","2","","","","N","","","","","","","","","",""
"2015049959","","1","0","0","0","0","0","0","0","0","4","0","","02","5","2015","3","40.389654","-80.133459","","11","0","0","0","0","0","0","1","0","1","0","0","0","","","1","","1","","40 23:22.755","4","0","80 08:00.452","8","0","0","0","2102","0","0","0","N","0","0","0","3","02102","0","","1.0","","1","N","N","","1","","0","0","0","","3","N","","2","1","3","0","0","1","0","2","0","2","","","","N","","","","","","","","","",""
"2015052837","","0","0","0","0","0","0","0","0","0","1","0","","02","5","2015","1","40.365088","-79.775321","","11","0","0","0","0","0","1","0","0","1","0","0","0","","","0","","2","","40 21:54.316","3","0","79 46:31.155","0","0","0","0","2111","0","0","0","N","0","0","0","6","02111","0","","1.0","","1","N","N","","0","","0","0","2","","0","N","","2","0","0","0","0","0","0","2","0","2","","","","N","","","","","","","","","",""
"2015050106","","1","0","0","0","0","0","0","0","0","7","0","","02","5","2015","7","40.63527","-80.006687","","11","0","0","0","0","0","0","0","1","2","0","0","0","","","1","","0","","40 38:06.972","2","0","80 00:24.072","4","0","0","0","2216","0","0","0","N","0","0","0","1","02505","1","","2.0","","1","N","N","","0","","0","0","0","","0","N","","1","1","0","0","0","0","0","2","0","1","","","","N","","","","","","","","","",""
"2015052839","","1","0","0","0","0","0","0","0","0","1","0","","02","5","2015","3","40.340838","-79.940591","","11","0","0","0","0","0","1","0","0","2","0","0","0","","","1","","2","","40 20:27.016","2","0","79 56:26.126","8","0","0","0","2473","0","0","0","N","0","0","0","2","02473","0","","1.0","","1","N","N","","0","","0","0","1","","3","Y","","2","1","0","0","0","1","0","2","0","2","","","","N","","","","","","","","","",""
"2015051361","","0","0","0","0","0","0","0","0","0","0","0","","02","5","2015","7","40.534224","-80.049972","","11","0","0","0","0","0","0","1","0","","0","0","0","","","1","","3","","40 32:03.205","","0","80 02:59.900","8","0","0","1","2116","0","0","0","N","0","0","0","1","02116","0","","1.0","","1","N","N","","0","","0","0","0","","0","","","1","1","0","0","0","1","0","2","0","1","","","","N","","","","","","","","","",""
"2015048534","","0","0","0","0","0","0","0","0","0","0","0","","02","5","2015","6","40.487599","-80.009055","","11","0","0","0","0","0","0","0","0","","0","0","0","","","1","","0","","40 29:15.358","","0","80 00:32.597","4","0","0","1","2301","0","0","0","N","0","0","0","1","68B03","1","","1.0","","1","N","N","","0","","0","0","0","","0","","","1","1","0","0","0","0","0","2","0","1","","","","N","","","","","","","","","",""
"2015051363","","1","0","0","0","0","0","0","0","0","7","0","","02","5","2015","2","40.571502","-79.995146","","11","0","0","0","0","0","0","0","0","1","0","0","0","","","1","","0","","40 34:17.406","4","0","79 59:42.526","4","0","0","0","2108","0","0","0","N","0","0","0","1","02108","1","","4.0","","1","N","N","","0","","0","0","0","","0","N","","1","1","0","0","0","0","0","2","0","1","","","","N","","","","","","","","","",""
"2015049977","","1","0","0","0","0","0","1","0","0","2","1","","02","5","2015","6","40.42133","-79.886085","","11","0","0","0","0","0","1","0","0","2","0","0","0","","","5","","2","","40 25:16.788","7","0","79 53:09.906","4","0","0","0","2463","0","0","0","N","0","0","0","8","02503","5","","1.0","","1","N","N","","0","","0","0","0","","3","Y","","2","5","0","0","0","0","0","2","0","2","","","","N","","","","","","","","","",""
"2015050109","","2","0","0","0","0","0","0","0","0","1","0","","02","5","2015","7","40.482011","-79.808533","","11","0","0","0","0","0","0","1","0","2","0","0","0","","","3","","0","","40 28:55.238","5","0","79 48:30.719","3","0","0","0","2113","0","0","0","N","0","0","0","4","02113","1","","1.0","","1","N","N","","0","","1","0","2","","0","N","","4","3","0","0","0","1","0","2","0","4","","","","N","","","","","","","","","",""
"2015048405","","1","0","0","0","0","0","0","0","0","0","0","","02","4","2015","2","40.621335","-80.096057","","11","0","0","0","0","0","1","0","0","","0","0","0","","","0","","0","","40 37:16.805","","0","80 05:45.806","0","0","0","0","2212","0","0","0","N","0","0","0","2","68B03","0","","1.0","","1","N","N","","0","","0","0","1","","0","","","2","0","0","0","0","0","0","2","0","2","","","","N","","","","","","","","","",""
"2015048470","","1","0","0","0","0","0","0","0","0","7","0","","02","5","2015","2","40.37619","-80.004776","","11","0","0","0","0","0","0","1","0","1","0","0","0","","","0","","0","","40 22:34.284","2","0","80 00:17.195","0","0","0","0","2301","0","0","0","N","0","0","0","1","02301","0","","4.0","","9","N","N","","0","","0","0","0","","0","N","","1","0","0","0","0","0","0","2","0","1","","","","N","","","","","","","","","",""
"2015050821","","1","0","0","0","0","0","0","0","0","1","0","","02","5","2015","2","40.486909","-80.054958","","11","0","0","0","0","0","3","0","0","","0","0","0","","","0","","0","","40 29:12.872","","0","80 03:17.849","0","0","0","0","2404","0","0","0","N","0","0","0","3","02404","0","","1.0","","1","N","N","","0","","0","0","1","","0","","","3","0","0","0","0","0","0","2","1","3","","","","N","","","","","","","","","",""
"2015050110","","2","0","0","0","0","0","0","0","0","1","0","","02","5","2015","2","40.218648","-79.844516","","11","0","0","0","0","0","0","1","0","","0","0","0","","","0","","6","","40 13:07.131","","2","79 50:40.258","0","0","0","0","2204","0","0","0","N","0","0","0","2","02204","0","","1.0","","1","N","N","","0","","0","0","0","","3","","","2","0","0","0","0","0","0","2","0","2","","","","N","","","","","","","","","",""
"2015052073","","1","0","0","0","0","0","0","0","0","7","0","","02","5","2015","5","40.414371","-79.729688","","11","0","0","0","0","0","0","0","0","1","0","0","0","","","0","","0","","40 24:51.734","3","0","79 43:46.877","0","0","0","0","2446","0","0","0","N","0","0","0","3","68T09","0","","3.0","","1","N","N","","0","","0","0","0","","0","N","","1","0","0","0","0","0","0","2","0","1","","","","N","","","","","","","","","",""
"2015048406","","1","0","0","0","0","0","0","0","0","7","0","","02","5","2015","6","40.496456","-80.017944","","11","0","0","0","0","0","0","0","0","","0","0","0","","","2","","0","","40 29:47.240","","0","80 01:04.597","8","0","0","0","2301","0","0","0","N","0","0","0","2","68B03","0","","3.0","","1","N","N","","0","","0","0","0","","0","","","1","2","2","0","0","2","0","2","0","1","","","","N","","","","","","","","","",""
"2015050125","","3","0","0","0","0","0","0","0","0","1","0","","02","5","2015","7","40.458003","-79.708372","","11","0","0","0","0","0","0","2","2","1","0","0","0","","","2","","1","","40 27:28.811","3","0","79 42:30.140","4","0","0","0","2466","0","0","0","N","0","0","0","5","02466","2","","1.0","","1","N","N","","0","","0","0","1","","2","Y","","4","2","0","0","0","0","0","2","0","4","","","","N","","","","","","","","","",""
"2015050900","","1","0","0","0","0","0","0","0","0","5","1","","02","4","2015","2","40.431128","-79.872872","","11","0","0","0","0","0","0","0","0","","0","1","0","","","0","","6","","40 25:52.059","","2","79 52:22.340","0","0","0","0","2426","0","0","0","N","0","0","0","2","68B03","0","","1.0","","1","N","N","","0","","0","0","0","","4","","","2","0","0","0","0","0","0","2","0","2","","","","N","","","","","","","","","",""
"2015049367","","1","0","0","0","0","0","0","0","0","4","0","","02","5","2015","4","40.432281","-79.952743","","11","0","0","0","0","0","0","0","0","1","0","0","0","","","0","","0","","40 25:56.211","2","0","79 57:09.874","0","0","0","0","2301","0","0","0","N","0","0","0","1","02301","0","","1.0","","1","N","N","","0","","0","0","1","","0","N","","2","0","0","0","0","0","0","2","0","2","","","","N","","","","","","","","","",""
"2015051011","","1","0","0","0","0","0","0","0","0","4","0","","02","4","2015","1","40.365388","-80.108163","","11","0","0","0","0","0","1","0","0","2","0","0","0","","","3","","2","","40 21:55.396","6","0","80 06:29.387","8","0","0","0","2102","0","0","0","N","0","0","0","5","02102","0","","1.0","","1","N","N","","0","","0","0","0","","2","Y","","3","3","0","0","0","3","0","2","2","3","","","","N","","","","","","","","","",""
"2015048896","","1","0","0","0","0","0","0","0","0","7","0","","02","4","2015","1","40.387795","-79.828484","","11","0","0","0","0","0","0","0","0","1","0","0","0","","","1","","0","","40 23:16.063","3","0","79 49:42.544","4","0","0","0","2111","0","0","0","Y","0","0","0","1","02111","1","","2.0","","1","N","N","","0","","0","0","0","","0","N","","1","1","1","0","0","0","0","2","0","1","","","","N","","","","","","","","","",""
"2015050901","","2","0","0","0","0","0","0","0","0","4","0","","02","4","2015","5","40.465197","-80.000093","","11","0","0","0","0","0","0","0","0","","0","0","0","","","0","","0","","40 27:54.710","","0","80 00:00.334","0","0","0","0","2301","0","0","0","N","0","0","0","2","68B03","0","","1.0","","1","N","N","","0","","0","0","0","","0","","","2","0","0","0","0","0","0","2","0","2","","","","N","","","","","","","","","",""
"2015050193","","1","0","0","0","0","0","0","0","0","4","0","","02","5","2015","7","40.482606","-80.041394","","11","0","0","0","0","0","0","0","0","","0","0","0","","","0","","2","","40 28:57.381","","0","80 02:29.018","0","0","0","0","2301","0","0","0","N","0","0","0","5","02301","0","","1.0","","1","N","N","","0","","0","0","1","","0","","","2","0","0","0","0","0","0","2","0","2","","","","N","","","","","","","","","",""
"2015048187","","1","0","0","0","0","0","0","0","0","7","0","","02","5","2015","7","40.351544","-80.010444","","11","0","0","0","0","0","0","0","0","2","0","0","0","","","0","","0","","40 21:05.558","5","0","80 00:37.598","0","0","0","0","2403","0","0","0","N","0","0","0","1","02403","0","","2.0","","1","N","N","","0","","0","0","0","","0","N","","1","0","0","0","0","0","0","2","0","1","","","","N","","","","","","","","","",""
"2015050902","","2","0","0","0","0","0","0","0","0","4","0","","02","4","2015","5","40.435213","-79.998185","","11","0","0","0","0","0","0","1","0","","0","0","0","","","0","","0","","40 26:06.768","","0","79 59:53.466","0","0","0","0","2301","0","0","0","N","0","0","0","2","68B03","0","","1.0","","1","N","N","","0","","0","0","0","","0","","","2","0","0","0","0","0","0","2","0","2","","","","N","","","","","","","","","",""
"2015048680","","0","0","0","0","0","0","0","0","0","7","0","","02","5","2015","3","40.422247","-79.854391","","11","0","0","0","0","0","0","0","0","","0","0","0","","","0","","1","","40 25:20.088","","0","79 51:15.809","0","0","0","0","2431","0","0","0","N","0","0","0","1","02431","0","","3.0","","1","N","N","","0","","0","0","1","","0","","","1","0","0","0","0","0","0","2","0","1","","","","N","","","","","","","","","",""
"2015051025","","2","0","0","0","0","0","0","0","0","2","0","","02","5","2015","3","40.391544","-80.043919","","11","0","0","0","0","0","0","0","0","","0","0","0","","","0","","0","","40 23:29.557","","0","80 02:38.107","0","0","0","0","2422","0","0","0","N","0","0","0","2","02422","0","","1.0","","1","N","N","","0","","0","0","0","","0","","","2","0","0","0","0","0","0","2","0","2","","","","N","","","","","","","","","",""
"2015048692","","1","0","0","0","0","0","0","0","0","1","0","","02","3","2015","6","40.39501","-80.101945","","11","0","0","0","0","0","0","0","0","1","0","0","0","","","1","","0","","40 23:42.035","1","0","80 06:07.002","8","0","0","0","2102","0","0","0","N","0","0","0","2","68B03","0","","1.0","","9","N","N","","1","","0","0","0","","0","N","","2","1","0","0","0","1","0","2","0","2","","","","N","","","","","","","","","",""
"2015050337","","0","0","0","0","0","0","0","0","0","1","0","","02","5","2015","1","40.533171","-79.959025","","11","0","0","0","0","0","0","0","0","","0","0","0","","","3","","0","","40 31:59.416","","0","79 57:32.490","8","0","0","0","2118","0","0","0","N","0","0","0","6","02118","0","","1.0","","1","N","N","","1","","0","0","0","","0","","","2","3","0","0","0","3","0","2","1","2","","","","N","","","","","","","","","",""
"2015050417","","1","0","0","0","0","0","0","0","0","1","0","","02","5","2015","2","40.506828","-80.006915","","11","0","0","0","0","0","0","0","0","2","0","0","0","","","1","","1","","40 30:24.582","2","0","80 00:24.893","8","0","0","0","2116","0","0","0","N","0","0","0","2","02116","0","","1.0","","9","N","N","","1","","0","0","0","","2","N","","2","1","0","0","0","1","0","2","0","2","","","","N","","","","","","","","","",""
"2015048125","","1","0","0","0","0","0","0","0","0","4","0","","02","5","2015","1","40.350014","-79.871543","","11","0","0","0","0","0","0","0","0","2","0","0","0","","","2","","1","","40 21:00.051","6","0","79 52:17.553","8","0","0","0","2304","0","0","0","N","0","0","0","3","02304","0","","1.0","","1","N","N","","0","","0","0","1","","2","N","","2","2","0","0","0","2","0","2","0","2","","","","N","","","","","","","","","",""
"2015050903","","0","0","0","0","0","0","0","0","0","1","0","","02","5","2015","6","40.425724","-79.901896","","11","0","0","0","0","0","0","0","0","","0","0","0","","","0","","0","","40 25:32.607","","0","79 54:06.827","0","0","0","0","2301","0","0","0","N","0","0","0","2","68B03","0","","1.0","","1","N","N","","2","","0","0","0","","0","","","2","0","0","0","0","0","0","2","0","2","","","","N","","","","","","","","","",""
"2015048615","","2","0","0","0","0","0","0","0","0","4","0","","02","5","2015","1","40.673408","-80.098405","","11","0","0","0","0","0","0","0","0","","0","0","0","","","0","","1","","40 40:24.270","","0","80 05:54.259","0","0","0","0","2212","0","0","0","N","0","0","0","2","02505","0","","1.0","","1","N","N","","0","","0","0","0","","2","","","2","0","0","0","0","0","0","2","0","2","","","","N","","","","","","","","","",""
"2015048681","","3","0","0","0","0","0","0","0","0","1","0","","02","5","2015","3","40.322415","-79.837911","","11","0","0","0","0","0","1","0","0","","0","0","0","","","0","","0","","40 19:20.693","","0","79 50:16.481","0","0","0","0","2304","0","0","0","N","0","0","0","4","02304","0","","1.0","","1","N","N","","0","","0","0","0","","0","","","3","0","0","0","0","0","0","2","0","3","","","","N","","","","","","","","","",""
"2015051026","","0","0","0","0","0","0","0","0","0","7","0","","02","5","2015","3","40.484744","-80.015413","","11","0","0","0","0","0","0","0","0","2","0","0","0","","","1","","0","","40 29:05.079","2","0","80 00:55.487","4","0","0","0","2301","0","0","0","","0","0","0","1","02301","1","","4.0","","1","","","","0","","0","0","1","","0","N","","1","1","0","0","0","0","0","2","0","1","","","","N","","","","","","","","","",""
"2015048693","","0","0","0","0","0","0","0","0","0","7","1","","02","3","2015","6","40.465146","-80.111599","","11","0","0","0","0","0","0","0","0","","0","1","0","","","0","","0","","40 27:54.525","","3","80 06:41.758","0","0","0","0","2126","0","0","0","N","0","0","0","2","68B03","0","","4.0","","2","N","N","","1","","0","0","0","","0","","","2","0","0","0","0","0","0","2","0","2","","","","N","","","","","","","","","",""
"2015049590","","0","0","0","0","0","0","0","0","0","1","0","","02","5","2015","5","40.343916","-79.971377","","11","1","0","0","1","0","0","0","0","","0","0","0","","","1","","0","","40 20:38.097","","0","79 58:16.958","8","0","0","0","2403","0","0","0","N","0","0","0","5","02403","0","","1.0","","1","N","N","","2","","0","0","0","","2","","","2","1","0","0","0","1","0","2","0","2","","","","N","","","","","","","","","",""
"2015048126","","3","0","0","0","0","0","0","0","0","7","0","","02","5","2015","7","40.353461","-79.91601","","11","0","0","1","1","1","0","0","0","1","0","0","0","","","1","","0","","40 21:12.458","3","0","79 54:57.637","3","0","0","0","2473","0","0","0","N","0","0","0","3","02473","0","","1.0","","1","N","N","","0","","1","0","0","","2","N","","3","1","0","0","0","0","0","2","0","3","","","","N","","","","","","","","","",""
"2015050132","","2","0","0","0","0","0","0","0","0","4","0","","02","5","2015","7","40.481656","-80.030968","","11","0","0","0","0","0","0","0","0","","0","0","0","","","1","","0","","40 28:53.960","","0","80 01:51.486","8","0","0","0","2301","0","0","0","N","0","0","0","1","02301","0","","1.0","","1","N","N","","0","","0","0","0","","0","","","2","1","0","0","0","1","0","2","0","2","","","","N","","","","","","","","","",""
"2015050904","","1","0","0","0","0","0","0","0","0","7","0","","02","5","2015","2","40.401699","-80.106641","","11","0","0","0","0","0","1","0","0","2","0","0","0","","","1","","0","","40 24:06.115","2","0","80 06:23.907","8","0","0","0","2102","0","0","0","N","0","0","0","3","68B03","0","","2.0","","1","N","N","","0","","0","0","1","","0","N","","2","1","0","0","0","1","0","2","0","2","","","","N","","","","","","","","","",""
"2015048694","","4","0","0","0","0","0","0","0","0","1","0","","02","4","2015","5","40.413221","-80.065213","","11","0","0","0","0","0","1","0","0","1","0","0","0","","","0","","0","","40 24:47.595","4","0","80 03:54.765","0","0","0","0","2435","0","0","0","N","0","0","0","4","68B03","0","","1.0","","1","N","N","","0","","0","0","0","","0","N","","4","0","0","0","0","0","0","2","0","4","","","","N","","","","","","","","","",""
"2015048049","","0","0","0","0","0","0","0","0","0","1","0","","02","5","2015","1","40.489358","-79.778233","","11","1","0","0","0","0","1","0","0","","0","0","0","","","1","","1","","40 29:21.690","","0","79 46:41.637","8","0","0","0","2466","0","0","0","N","0","0","0","2","02466","0","","1.0","","1","N","N","","1","","0","0","1","","3","","","2","1","0","0","0","1","0","2","0","2","","","","N","","","","","","","","","",""
"2015050419","","1","0","0","1","0","0","0","0","0","8","0","","02","5","2015","1","40.451509","-79.908149","","11","0","0","0","0","0","0","0","0","","0","0","0","","","1","","1","","40 27:05.432","","0","79 54:29.335","4","0","0","0","2301","1","0","0","N","0","0","0","2","02301","1","","1.0","","1","N","N","","0","","0","0","0","","2","","","2","1","0","0","0","0","0","2","0","1","","","","N","","","","","","","","","",""
"2015048127","","1","0","0","0","0","0","0","0","0","4","0","","02","5","2015","1","40.444202","-80.028173","","11","0","0","0","0","0","1","0","0","1","0","0","0","","","1","","1","","40 26:39.126","4","3","80 01:41.424","3","0","0","0","2301","0","0","0","N","0","0","0","4","02301","0","","1.0","","1","N","N","","0","","1","0","1","","2","N","","2","1","0","0","0","0","0","2","0","2","","","","N","","","","","","","","","",""
"2015051016","","0","0","0","0","0","0","0","0","0","7","0","","02","5","2015","2","40.416381","-79.877564","","11","0","0","0","0","0","0","0","0","","0","0","0","","","0","","0","","40 24:58.973","","0","79 52:39.232","0","0","0","0","2463","0","0","0","N","0","0","0","1","02463","0","","5.0","","1","N","N","","1","","0","0","0","","0","","","1","0","1","0","0","0","0","2","0","1","","","","N","","","","","","","","","",""
"2015048695","","1","0","0","0","0","0","0","0","0","4","1","","02","4","2015","6","40.606362","-80.094491","","11","0","0","0","0","0","0","0","0","","0","1","0","","","0","","0","","40 36:22.904","","0","80 05:40.167","0","0","0","0","2481","0","0","0","N","0","0","0","4","68B03","0","","1.0","","1","N","N","","0","","0","0","1","","0","","","3","0","0","0","0","0","0","2","0","3","","","","N","","","","","","","","","",""
"2015048837","","2","0","0","0","0","0","0","0","0","1","0","","02","5","2015","2","40.363521","-80.043179","","11","1","0","0","0","0","0","0","0","","0","0","0","","","0","","0","","40 21:48.674","","0","80 02:35.443","0","0","0","0","2109","0","0","0","N","0","0","0","1","02109","0","","1.0","","1","N","N","","0","","0","0","0","","0","","","2","0","0","0","0","0","0","2","0","2","","","","N","","","","","","","","","",""