"CRN","ARRIVAL_TM","AUTOMOBILE_COUNT","BELTED_DEATH_COUNT","BELTED_SUSP_SERIOUS_INJ_COUNT","BICYCLE_COUNT","BICYCLE_DEATH_COUNT","BICYCLE_SUSP_SERIOUS_INJ_COUNT","BUS_COUNT","CHLDPAS_DEATH_COUNT","CHLDPAS_SUSP_SERIOUS_INJ_COUNT","COLLISION_TYPE","COMM_VEH_COUNT","CONS_ZONE_SPD_LIM","COUNTY","CRASH_MONTH","CRASH_YEAR","DAY_OF_WEEK","DEC_LATITUDE","DEC_LONGITUDE","DISPATCH_TM","DISTRICT","DRIVER_COUNT_16YR","DRIVER_COUNT_17YR","DRIVER_COUNT_18YR","DRIVER_COUNT_19YR","DRIVER_COUNT_20YR","DRIVER_COUNT_50_64YR","DRIVER_COUNT_65_74YR","DRIVER_COUNT_75PLUS","EST_HRS_CLOSED","FATAL_COUNT","HEAVY_TRUCK_COUNT","HORSE_BUGGY_COUNT","HOUR_OF_DAY","ILLUMINATION","INJURY_COUNT","INTERSECTION_RELATED","INTERSECT_TYPE","LANE_CLOSED","LATITUDE","LN_CLOSE_DIR","LOCATION_TYPE","LONGITUDE","MAX_SEVERITY_LEVEL","MCYCLE_DEATH_COUNT","MCYCLE_SUSP_SERIOUS_INJ_COUNT","MOTORCYCLE_COUNT","MUNICIPALITY","NONMOTR_COUNT","NONMOTR_DEATH_COUNT","NONMOTR_SUSP_SERIOUS_INJ_COUNT","NTFY_HIWY_MAINT","PED_COUNT","PED_DEATH_COUNT","PED_SUSP_SERIOUS_INJ_COUNT","PERSON_COUNT","POLICE_AGCY","POSSIBLE_INJ_COUNT","RDWY_SURF_TYPE_CD","RELATION_TO_ROAD","ROADWAY_CLEARED","ROAD_CONDITION","SCH_BUS_IND","SCH_ZONE_IND","SECONDARY_CRASH","SMALL_TRUCK_COUNT","SPEC_JURIS_CD","SUSP_MINOR_INJ_COUNT","SUSP_SERIOUS_INJ_COUNT","SUV_COUNT","TCD_FUNC_CD","TCD_TYPE","TFC_DETOUR_IND","TIME_OF_DAY","TOTAL_UNITS","TOT_INJ_COUNT","UNBELTED_OCC_COUNT","UNB_DEATH_COUNT","UNB_SUSP_SERIOUS_INJ_COUNT","UNK_INJ_DEG_COUNT","UNK_INJ_PER_COUNT","URBAN_RURAL","VAN_COUNT","VEHICLE_COUNT","WEATHER1","WEATHER2","WORKERS_PRES","WORK_ZONE_IND","WORK_ZONE_LOC","WORK_ZONE_TYPE","WZ_CLOSE_DETOUR","WZ_FLAGGER","WZ_LAW_OFFCR_IND","WZ_LN_CLOSURE","WZ_MOVING","WZ_OTHER","WZ_SHLDER_MDN","WZ_WORKERS_INJ_KILLED"
"2015050906","","0","0","0","0","0","0","0","0","0","1","0","","02","5","2015","4","40.422448","-80.100195","","11","0","0","0","0","0","2","0","0","","0","0","0","","","3","","0","","40 25:20.811","","0","80 06:00.701","4","0","0","0","2115","0","0","0","N","0","0","0","8","68B03","2","","1.0","","1","N","N","","2","","0","0","3","","0","","","5","3","0","0","0","1","0","2","0","5","","","","N","","","","","","","","","",""
"2015048618","","0","0","0","0","0","0","0","0","0","7","0","","02","5","2015","3","40.491022","-80.307472","","11","0","0","0","0","1","0","0","0","","0","0","0","","","0","","0","","40 29:27.679","","0","80 18:26.899","0","0","0","0","2203","0","0","0","N","0","0","0","1","02203","0","","5.0","","9","N","N","","0","","0","0","1","","0","","","1","0","0","0","0","0","0","2","0","1","","","","N","","","","","","","","","",""
"2015051017","","1","0","0","0","0","0","0","0","0","7","0","","02","5","2015","3","40.422978","-79.85623","","11","0","0","0","0","0","0","0","0","1","0","0","0","","","1","","0","","40 25:22.719","4","0","79 51:22.428","4","0","0","0","2431","0","0","0","Y","0","0","0","2","02431","1","","4.0","","1","N","N","","0","","0","0","1","","0","N","","2","1","0","0","0","0","0","2","0","2","","","","N","","","","","","","","","",""
"2015048684","","2","0","0","0","0","0","0","0","0","4","0","","02","4","2015","5","40.51857","-80.218824","","11","0","0","0","0","0","0","0","0","","0","0","0","","","1","","0","","40 31:06.853","","0","80 13:07.765","8","0","0","0","2213","0","0","0","N","0","0","0","3","02213","0","","1.0","","1","N","N","","0","","0","0","0","","0","","","2","1","0","0","0","1","0","2","0","2","","","","N","","","","","","","","","",""
"2015048696","","0","0","0","0","0","0","0","0","0","0","1","","02","4","2015","1","40.498807","-80.120585","","11","0","0","0","0","0","0","0","0","3","0","1","0","","","1","","0","","40 29:55.706","1","0","80 07:14.107","4","0","0","0","2115","0","0","0","Y","0","0","0","1","68B03","1","","1.0","","1","N","N","","0","","0","0","0","","0","N","","1","1","0","0","0","0","0","2","0","1","","","","N","","","","","","","","","",""
"2015049512","","0","0","0","0","0","0","0","0","0","4","0","","02","5","2015","5","40.272856","-79.875683","","11","0","0","0","0","0","0","0","0","","0","0","0","","","2","","1","","40 16:22.281","","0","79 52:32.458","8","0","0","0","2105","0","0","0","N","0","0","0","3","02105","0","","1.0","","1","N","N","","0","","0","0","1","","3","","","2","2","0","0","0","2","0","2","1","2","","","","N","","","","","","","","","",""
"2015050341","","0","0","0","0","0","0","0","0","0","7","0","","02","5","2015","1","40.276378","-79.878283","","11","0","0","0","0","0","0","1","0","1","0","0","0","","","1","","2","","40 16:34.961","6","0","79 52:41.819","8","0","0","0","2105","0","0","0","N","0","0","0","2","02105","0","","4.0","","1","N","N","","0","","0","0","1","","0","N","","1","1","0","0","0","1","0","2","0","1","","","","N","","","","","","","","","",""
"2015048838","","0","0","0","0","0","0","0","0","0","4","0","","02","4","2015","4","40.356969","-80.028463","","11","0","0","0","0","0","1","1","0","","0","0","0","","","0","","1","","40 21:25.087","","0","80 01:42.468","0","0","0","0","2407","0","0","0","N","0","0","0","3","02416","0","","1.0","","1","N","N","","0","","0","0","1","","3","","","2","0","0","0","0","0","0","2","1","2","","","","N","","","","","","","","","",""
"2015050907","","0","0","0","0","0","0","0","0","0","1","0","","02","5","2015","4","40.435388","-79.967326","","11","0","0","0","1","0","0","0","0","2","0","0","0","","","2","","0","","40 26:07.395","4","0","79 58:02.375","8","0","0","0","2301","0","0","0","N","0","0","0","6","68B03","0","","1.0","","1","N","N","","0","","0","0","3","","0","N","","3","2","0","0","0","2","0","2","0","3","","","","N","","","","","","","","","",""
"2015048697","","0","0","0","0","0","0","0","0","0","0","0","","02","4","2015","4","40.541587","-80.122038","","11","0","0","1","0","0","0","0","0","","0","0","0","","","1","","0","","40 32:29.714","","0","80 07:19.338","8","0","0","1","2460","0","0","0","N","0","0","0","1","68B03","0","","3.0","","1","N","N","","0","","0","0","0","","0","","","1","1","0","0","0","1","0","1","0","1","","","","N","","","","","","","","","",""
"2015048827","","2","0","0","0","0","0","0","0","0","4","0","","02","5","2015","4","40.477581","-79.785254","","11","0","0","0","0","0","0","1","0","","0","0","0","","","0","","1","","40 28:39.293","","0","79 47:06.915","0","0","0","0","2113","0","0","0","N","0","0","0","3","02113","0","","1.0","","1","N","N","","0","","0","0","0","","2","","","2","0","0","0","0","0","0","2","0","2","","","","N","","","","","","","","","",""
"2015048839","","1","0","0","0","0","0","0","0","0","1","0","","02","4","2015","4","40.522514","-80.174645","","11","0","0","0","0","0","2","0","0","1","0","0","0","","","2","","0","","40 31:21.051","3","0","80 10:28.723","8","0","0","0","2420","0","0","0","N","0","0","0","2","02420","0","","1.0","","1","N","N","","0","","0","0","0","","0","N","","2","2","0","0","0","2","0","2","1","2","","","","N","","","","","","","","","",""
"2015050422","","0","0","0","0","0","0","0","0","0","7","0","","02","5","2015","2","40.594528","-79.870471","","11","0","0","0","0","0","1","0","0","","0","0","0","","","0","","0","","40 35:40.302","","0","79 52:13.697","0","0","0","0","2209","0","0","0","N","0","0","0","1","02209","0","","2.0","","1","N","N","","1","","0","0","0","","0","","","1","0","0","0","0","0","0","2","0","1","","","","N","","","","","","","","","",""
"2015050908","","1","0","0","0","0","0","0","0","0","4","0","","02","5","2015","5","40.475238","-80.199724","","11","0","0","0","0","0","1","0","0","","0","0","0","","","1","","0","","40 28:30.858","","0","80 11:59.007","8","0","0","0","2213","0","0","0","N","0","0","0","4","68B03","0","","1.0","","1","N","N","","0","","0","0","1","","0","","","2","1","0","0","0","1","0","2","0","2","","","","N","","","","","","","","","",""
"2015050213","","0","0","0","0","0","0","0","0","0","1","1","40","02","4","2015","7","40.411207","-80.074816","","11","0","0","0","0","0","1","0","0","1","0","1","0","","","0","","0","","40 24:40.346","4","0","80 04:29.336","0","0","0","0","2117","0","0","0","N","0","0","0","2","68B03","0","","1.0","","1","N","N","","0","","0","0","1","","0","N","","2","0","0","0","0","0","0","2","0","2","","","Y","Y","2","1","N","N","Y","N","Y","N","Y",""
"2015048698","","0","0","0","0","0","0","0","0","0","1","0","","02","5","2015","7","40.444392","-80.009197","","11","0","0","0","0","0","0","0","0","1","0","0","0","","","2","","0","","40 26:39.812","1","3","80 00:33.108","8","0","0","0","2301","0","0","0","N","0","0","0","3","68B03","0","","1.0","","1","N","N","","2","","0","0","0","","0","N","","2","2","0","0","0","2","1","2","0","2","","","","N","","","","","","","","","",""
"2015048840","","3","0","0","0","0","0","0","0","0","4","0","","02","4","2015","5","40.520876","-80.170298","","11","0","0","0","0","0","0","0","0","","0","0","0","","","1","","0","","40 31:15.152","","0","80 10:13.072","8","0","0","0","2420","0","0","0","N","0","0","0","1","02420","0","","6.0","","1","N","N","","1","","0","0","0","","0","","","4","1","1","0","0","1","0","2","0","4","","","","N","","","","","","","","","",""
"2015049596","","0","0","0","0","0","0","0","0","0","4","0","","02","5","2015","5","40.391952","-80.015198","","11","0","0","0","0","0","0","1","0","","0","0","0","","","1","","2","","40 23:31.027","","0","80 00:54.712","8","0","0","1","2301","0","0","0","N","0","0","0","3","02301","0","","1.0","","1","Y","N","","0","","0","0","0","","0","","","2","1","1","0","0","1","0","2","1","2","","","","N","","","","","","","","","",""
"2015050909","","0","0","0","0","0","0","0","0","0","0","0","","02","5","2015","6","40.424981","-80.114712","","11","0","0","0","0","1","0","0","0","","0","0","0","","","1","","0","","40 25:29.930","","0","80 06:52.962","8","0","0","0","2115","0","0","0","N","0","0","0","2","68B03","0","","1.0","","1","N","N","","0","","0","0","1","","0","","","1","1","0","0","0","1","0","2","0","1","","","","N","","","","","","","","","",""
"2015048622","","1","0","0","0","0","0","0","0","0","1","0","","02","5","2015","2","40.611104","-79.735294","","11","0","0","0","0","0","0","0","0","","0","0","0","","","0","","0","","40 36:39.976","","0","79 44:07.057","0","0","0","0","2106","0","0","0","N","0","0","0","1","02106","0","","1.0","","1","N","N","","0","","0","0","1","","0","","","2","0","0","0","0","0","0","2","0","2","","","","N","","","","","","","","","",""
"2015049376","","2","0","0","0","0","0","0","0","0","1","0","","02","5","2015","4","40.458117","-79.903769","","11","0","0","0","0","0","1","0","0","1","0","0","0","","","1","","2","","40 27:29.221","6","0","79 54:13.568","8","0","0","0","2301","0","0","0","N","0","0","0","2","02301","0","","1.0","","1","N","N","","0","","0","0","0","","2","Y","","2","1","1","0","0","1","0","2","0","2","","","","N","","","","","","","","","",""
"2015050214","","1","0","0","0","0","0","0","0","0","7","0","","02","5","2015","4","40.520579","-80.063676","","11","0","0","0","0","0","0","0","0","","0","0","0","","","0","","0","","40 31:14.086","","0","80 03:49.235","0","0","0","0","2215","0","0","0","Y","0","0","0","1","68B03","0","","4.0","","1","N","N","","0","","0","0","0","","0","","","1","0","0","0","0","0","0","2","0","1","","","","N","","","","","","","","","",""
"2015048699","","1","0","0","0","0","0","0","0","0","1","0","","02","5","2015","7","40.393666","-80.100922","","11","0","0","0","0","0","1","0","0","","0","0","0","","","1","","0","","40 23:37.199","","0","80 06:03.318","8","0","0","1","2102","0","0","0","N","0","0","0","2","68B03","0","","1.0","","1","N","N","","0","","0","0","0","","0","","","2","1","0","0","0","1","0","2","0","2","","","","N","","","","","","","","","",""
"2015048054","","0","0","0","0","0","0","0","0","0","4","0","","02","5","2015","1","40.602026","-80.080449","","11","0","0","0","0","0","0","0","0","2","0","0","0","","","1","","0","","40 36:07.294","1","0","80 04:49.616","4","0","0","0","2481","0","0","0","N","0","0","0","7","02481","1","","1.0","","1","N","N","","0","","0","0","0","","0","Y","","2","1","0","0","0","0","0","2","2","2","","","","N","","","","","","","","","",""
"2015048907","","2","0","0","0","0","0","0","0","0","1","0","","02","5","2015","2","40.34889","-79.939012","","11","0","0","0","0","0","1","0","0","1","0","0","0","","","1","","2","","40 20:56.003","3","0","79 56:20.443","8","0","0","0","2473","0","0","0","N","0","0","0","2","02473","0","","1.0","","1","N","N","","0","","0","0","0","","2","Y","","2","1","0","0","0","1","0","2","0","2","","","","N","","","","","","","","","",""
"2015050910","","2","0","0","0","0","0","0","0","0","1","0","","02","5","2015","6","40.429481","-80.029036","","11","0","0","0","0","0","0","0","0","","0","0","0","","","0","","0","","40 25:46.133","","0","80 01:44.528","0","0","0","0","2301","0","0","0","N","0","0","0","2","68B03","0","","1.0","","1","N","N","","0","","0","0","0","","0","","","2","0","0","0","0","0","0","2","0","2","","","","N","","","","","","","","","",""
"2015048623","","2","0","0","0","0","0","0","0","0","4","0","","02","5","2015","7","40.645811","-79.709681","","11","0","0","0","0","0","1","0","0","","0","0","0","","","0","","2","","40 38:44.921","","7","79 42:34.852","0","0","0","0","2106","0","0","0","N","0","0","0","2","02106","0","","1.0","","1","N","N","","0","","0","0","0","","3","","","2","0","0","0","0","0","0","2","0","2","","","","N","","","","","","","","","",""
"2015050281","","1","0","0","0","0","0","0","0","0","5","0","","02","5","2015","7","40.489917","-80.018448","","11","0","0","0","0","0","0","0","0","","0","0","0","","","0","","0","","40 29:23.702","","0","80 01:06.411","0","0","0","0","2301","0","0","0","N","0","0","0","1","02301","0","","1.0","","1","N","N","","0","","0","0","1","","0","","","2","0","0","0","0","0","0","2","0","2","","","","N","","","","","","","","","",""
"2015049530","","2","0","0","0","0","0","0","0","0","4","0","","02","5","2015","2","40.582227","-80.062891","","11","0","0","0","0","0","0","0","0","2","0","0","0","","","0","","1","","40 34:56.017","4","0","80 03:46.409","0","0","0","0","2108","0","0","0","N","0","0","0","2","02108","0","","1.0","","1","N","N","","0","","0","0","0","","3","N","","2","0","0","0","0","0","0","2","0","2","","","","N","","","","","","","","","",""
"2015050911","","1","0","0","0","0","0","0","0","0","99","0","","02","5","2015","6","40.537721","-80.078825","","11","0","0","0","0","0","0","1","0","1","0","0","0","","","2","","0","","40 32:15.797","2","0","80 04:43.771","3","0","0","1","2215","0","0","0","N","0","0","0","4","68B03","0","","1.0","","1","N","N","","0","","2","0","0","","0","Y","","2","2","0","0","0","0","0","2","0","2","","","","N","","","","","","","","","",""
"2015048624","","1","0","0","0","0","0","0","0","0","8","0","","02","4","2015","4","40.572128","-80.023673","","11","0","0","0","0","0","0","0","0","","0","0","0","","","1","","1","","40 34:19.660","","0","80 01:25.221","4","0","0","0","2108","1","0","0","N","1","0","0","3","02108","1","","1.0","","1","N","N","","0","","0","0","0","","2","","","3","1","0","0","0","0","1","2","0","2","","","","N","","","","","","","","","",""
"2015051022","","1","0","0","0","0","0","0","0","0","4","0","","02","5","2015","6","40.338544","-80.017787","","11","0","0","0","0","0","0","0","1","","0","0","0","","","3","","1","","40 20:18.757","","0","80 01:04.033","4","0","0","0","2407","0","0","0","N","0","0","0","3","02407","3","","1.0","","1","N","N","","0","","0","0","1","","2","","","2","3","0","0","0","0","0","2","0","2","","","","N","","","","","","","","","",""
"2015049531","","2","0","0","0","0","0","0","0","0","4","0","","02","5","2015","2","40.566055","-79.998807","","11","0","0","0","0","0","1","0","0","","0","0","0","","","0","","5","","40 33:57.797","","0","79 59:55.705","0","0","0","0","2108","0","0","0","N","0","0","0","3","02108","0","","1.0","","1","N","N","","0","","0","0","0","","3","","","2","0","0","0","0","0","0","2","0","2","","","","N","","","","","","","","","",""
"2015049599","","1","0","0","0","0","0","0","0","0","7","0","","02","5","2015","5","40.402208","-80.016104","","11","0","0","0","0","0","0","0","1","1","0","0","0","","","0","","0","","40 24:07.948","3","0","80 00:57.974","0","0","0","0","2301","0","0","0","N","0","0","0","1","02301","0","","4.0","","1","N","N","","0","","0","0","0","","3","N","","2","0","0","0","0","0","0","2","0","1","","","","N","","","","","","","","","",""
"2015050913","","1","0","0","0","0","0","0","0","0","7","0","","02","5","2015","1","40.503862","-80.135238","","11","0","0","0","0","0","0","0","0","1","0","0","0","","","1","","2","","40 30:13.902","3","2","80 08:06.855","8","0","0","0","2115","0","0","0","N","0","0","0","1","68B03","0","","4.0","","1","N","N","","0","","0","0","0","","0","N","","1","1","0","0","0","1","0","2","0","1","","","","N","","","","","","","","","",""
"2015048625","","1","0","0","0","0","0","0","0","0","1","0","","02","4","2015","5","40.579044","-80.027669","","11","0","2","0","0","0","0","0","0","","0","0","0","","","0","","0","","40 34:44.557","","0","80 01:39.609","0","0","0","0","2108","0","0","0","N","0","0","0","3","02108","0","","1.0","","9","N","N","","0","","0","0","1","","0","","","2","0","0","0","0","0","0","2","0","2","","","","N","","","","","","","","","",""
"2015051023","","0","0","0","0","0","0","0","0","0","4","0","","02","5","2015","6","40.329606","-80.030541","","11","0","0","0","0","0","0","0","0","","0","0","0","","","0","","0","","40 19:46.581","","0","80 01:49.948","0","0","0","0","2407","0","0","0","N","0","0","0","4","02407","0","","1.0","","1","N","N","","0","","0","0","2","","0","","","2","0","0","0","0","0","0","2","0","2","","","","N","","","","","","","","","",""
"2015050283","","0","0","0","0","0","0","0","0","0","7","0","","02","5","2015","5","40.349044","-79.938145","","11","0","1","0","0","0","0","0","0","1","0","0","0","","","1","","0","","40 20:56.560","4","0","79 56:17.323","2","0","0","0","2473","0","0","0","N","0","0","0","1","02473","0","","5.0","","1","N","N","","1","","0","1","0","","0","N","","1","1","1","0","1","0","0","2","0","1","","","","N","","","","","","","","","",""
"2015049532","","1","0","0","0","0","0","0","0","0","4","0","","02","5","2015","3","40.566197","-80.043347","","11","0","0","0","1","0","0","0","0","1","0","0","0","","","0","","2","","40 33:58.309","3","0","80 02:36.049","0","0","0","0","2108","0","0","0","N","0","0","0","4","02108","0","","1.0","","1","N","N","","1","","0","0","0","","3","N","","2","0","0","0","0","0","0","2","0","2","","","","N","","","","","","","","","",""
"2015050360","","0","0","0","0","0","0","0","0","0","1","0","","02","5","2015","4","40.380592","-80.103436","","11","0","0","1","0","0","0","0","0","1","0","0","0","","","0","","0","","40 22:50.130","2","7","80 06:12.370","0","0","0","0","2102","0","0","0","N","0","0","0","3","02102","0","","1.0","","1","N","N","","1","","0","0","1","","0","N","","2","0","0","0","0","0","0","2","0","2","","","","N","","","","","","","","","",""
"2015048200","","1","0","0","0","0","0","0","0","0","7","0","","02","5","2015","2","40.41796","-79.88013","","11","0","0","0","0","0","0","0","0","1","0","0","0","","","2","","2","","40 25:04.656","3","0","79 52:48.468","8","0","0","0","2463","0","0","0","N","0","0","0","3","02463","0","","2.0","","1","N","N","","0","","0","0","0","","0","Y","","1","2","0","0","0","2","0","2","0","1","","","","N","","","","","","","","","",""
"2015050914","","1","0","0","0","0","0","0","0","0","7","0","","02","5","2015","1","40.424575","-80.106139","","11","0","0","0","1","0","0","0","0","","0","0","0","","","0","","0","","40 25:28.469","","3","80 06:22.099","0","0","0","0","2115","0","0","0","Y","0","0","0","1","68B03","0","","4.0","","1","N","N","","0","","0","0","0","","0","","","1","0","0","0","0","0","0","2","0","1","","","","N","","","","","","","","","",""
"2015048626","","0","0","0","0","0","0","0","0","0","2","0","","02","5","2015","7","40.567176","-80.016471","","11","0","0","0","0","0","1","0","0","2","0","0","0","","","1","","1","","40 34:01.833","2","0","80 00:59.294","8","0","0","0","2108","0","0","0","N","0","0","0","4","02108","0","","1.0","","1","N","N","","0","","0","0","2","","2","N","","2","1","0","0","0","1","0","2","0","2","","","","N","","","","","","","","","",""
"2015051024","","0","0","0","0","0","0","0","0","0","4","0","","02","5","2015","6","40.343892","-80.027119","","11","0","0","0","0","0","0","0","0","","0","0","0","","","1","","0","","40 20:38.011","","0","80 01:37.627","4","0","0","0","2407","0","0","0","N","0","0","0","3","02407","1","","1.0","","1","N","N","","0","","0","0","2","","0","","","2","1","0","0","0","0","0","2","0","2","","","","N","","","","","","","","","",""
"2015049533","","1","0","0","0","0","0","0","0","0","4","0","","02","5","2015","4","40.342971","-80.053057","","11","0","0","0","0","0","2","0","0","","0","0","0","","","0","","1","","40 20:34.697","","0","80 03:11.004","0","0","0","0","2407","0","0","0","N","0","0","0","5","02407","0","","1.0","","1","N","N","","1","","0","0","0","","2","","","2","0","0","0","0","0","0","2","0","2","","","","N","","","","","","","","","",""
"2015048136","","0","0","0","0","0","0","0","0","0","7","0","","02","5","2015","1","40.327722","-80.067797","","11","1","0","0","0","0","0","0","0","","0","0","0","","","0","","0","","40 19:39.799","","0","80 04:04.069","0","0","0","0","2123","0","0","0","N","0","0","0","2","02123","0","","2.0","","1","N","N","","0","","0","0","1","","0","","","1","0","0","0","0","0","0","2","0","1","","","","N","","","","","","","","","",""
"2015049809","","1","0","0","0","0","0","0","0","0","8","0","","02","4","2015","2","40.491599","-79.968023","","11","0","1","0","0","0","0","0","0","","0","0","0","","","1","","0","","40 29:29.758","","0","79 58:04.881","2","0","0","0","2118","1","0","1","N","1","0","1","2","02118","0","","2.0","","1","N","N","","0","","0","1","0","","0","","","2","1","0","0","0","0","0","2","0","1","","","","N","","","","","","","","","",""
"2015049888","","1","0","0","0","0","0","0","0","0","1","0","","02","5","2015","6","40.445744","-79.828026","","11","0","0","0","0","0","1","0","0","","0","0","0","","","1","","0","","40 26:44.679","","0","79 49:40.894","4","0","0","0","2113","0","0","0","N","0","0","0","2","02113","1","","1.0","","1","N","N","","1","","0","0","0","","0","","","2","1","1","0","0","0","0","2","0","2","","","","N","","","","","","","","","",""
"2015094900","","1","0","0","0","0","0","0","0","0","4","0","","02","9","2015","7","40.639381","-79.95895","","11","0","0","0","0","0","0","0","0","2","0","0","0","","","1","","0","","40 38:21.770","6","0","79 57:32.220","4","0","0","0","2217","0","0","0","N","0","0","0","5","02505","1","","1.0","","9","N","N","","0","","0","0","1","","0","Y","","2","1","0","0","0","0","0","2","0","2","","","","N","","","","","","","","","",""
"2015049605","","2","0","0","0","0","0","0","0","0","4","0","","02","5","2015","5","40.442067","-79.857585","","11","0","0","0","0","0","0","0","0","1","0","0","0","","","2","","2","","40 26:31.441","2","0","79 51:27.306","4","0","0","0","2419","0","0","0","N","0","0","0","3","02419","2","","1.0","","1","N","N","","0","","0","0","0","","3","Y","","2","2","0","0","0","0","0","2","0","2","","","","N","","","","","","","","","",""
"2015048138","","1","0","0","0","0","0","0","0","0","1","0","","02","5","2015","1","40.456934","-79.998833","","11","0","0","0","0","0","2","0","0","","0","0","0","","","0","","1","","40 27:24.964","","0","79 59:55.797","0","0","0","0","2301","0","0","0","N","0","0","0","2","02301","0","","1.0","","1","N","N","","1","","0","0","0","","2","","","2","0","0","0","0","0","0","2","0","2","","","","N","","","","","","","","","",""
"2015048913","","0","0","0","0","0","0","0","0","0","4","0","","02","5","2015","3","40.415463","-80.071998","","11","0","0","0","0","0","0","0","0","2","0","0","0","","","0","","0","","40 24:55.667","4","0","80 04:19.193","0","0","0","0","2435","0","0","0","Y","0","0","0","4","02435","0","","1.0","","9","N","N","","1","","0","0","1","","0","N","","2","0","0","0","0","0","0","2","0","2","","","","N","","","","","","","","","",""
"2015048215","","1","0","0","0","0","0","0","0","0","7","0","","02","5","2015","7","40.362354","-80.119075","","11","0","0","0","0","0","0","0","0","","0","0","0","","","0","","0","","40 21:44.473","","0","80 07:08.670","0","0","0","0","2102","0","0","0","N","0","0","0","1","68B03","0","","2.0","","1","N","N","","0","","0","0","0","","0","","","1","0","0","0","0","0","0","2","0","1","","","","N","","","","","","","","","",""
"2015049522","","1","0","0","0","0","0","0","0","0","5","0","","02","5","2015","3","40.432765","-80.028216","","11","0","0","0","1","0","0","0","0","1","0","0","0","","","0","","2","","40 25:57.955","2","0","80 01:41.578","0","0","0","0","2301","0","0","0","N","0","0","0","3","02301","0","","2.0","","1","N","N","","0","","0","0","1","","0","N","","2","0","3","0","0","0","0","2","0","2","","","","N","","","","","","","","","",""
"2015048849","","1","0","0","0","0","0","0","0","0","7","0","","02","5","2015","2","40.463325","-80.194077","","11","0","0","0","0","0","0","0","0","1","0","0","0","","","0","","0","","40 27:47.969","3","0","80 11:38.676","0","0","0","0","2213","0","0","0","N","0","0","0","1","68B03","0","","4.0","","1","N","N","","0","","0","0","0","","0","N","","1","0","0","0","0","0","0","2","0","1","","","","N","","","","","","","","","",""
"2015048285","","2","0","0","0","0","0","0","0","0","4","0","","02","4","2015","4","40.616058","-80.093251","","11","0","0","0","0","0","1","0","0","1","0","0","0","","","1","","1","","40 36:57.808","2","0","80 05:35.702","4","0","0","0","2212","0","0","0","N","0","0","0","3","02505","1","","1.0","","1","N","N","","0","","0","0","0","","2","N","","3","1","0","0","0","0","0","2","1","3","","","","N","","","","","","","","","",""
"2015048780","","1","0","0","0","0","0","0","0","0","4","0","","02","5","2015","2","40.591203","-79.947992","","11","0","0","0","0","0","0","0","0","","0","0","0","","","1","","1","","40 35:28.332","","0","79 56:52.772","8","0","0","0","2207","0","0","0","N","0","0","0","2","02207","0","","1.0","","1","N","N","","0","","0","0","1","","2","","","2","1","0","0","0","1","0","2","0","2","","","","N","","","","","","","","","",""
"2015048077","","2","0","0","0","0","0","0","0","0","1","0","","02","3","2015","3","40.510703","-80.098725","","11","0","0","0","0","0","0","0","0","1","0","0","0","","","0","","0","","40 30:38.530","1","0","80 05:55.410","0","0","0","0","2429","0","0","0","N","0","0","0","2","02215","0","","1.0","","1","N","N","","0","","0","0","0","","0","N","","2","0","0","0","0","0","0","2","0","2","","","","N","","","","","","","","","",""
"2015050435","","1","0","0","0","0","0","0","0","0","7","0","","02","5","2015","3","40.668689","-79.699746","","11","0","0","0","0","0","0","0","1","2","0","0","0","","","1","","0","","40 40:07.281","2","0","79 41:59.086","4","0","0","0","2106","0","0","0","N","0","0","0","1","02106","1","","5.0","","1","N","N","","0","","0","0","0","","0","Y","","1","1","0","0","0","0","0","1","0","1","","","","N","","","","","","","","","",""
"2015048141","","1","0","0","0","0","0","0","0","0","4","0","","02","5","2015","1","40.42211","-79.927755","","11","0","0","0","0","0","2","0","0","4","1","0","0","","","0","","2","","40 25:19.596","7","0","79 55:39.918","1","1","0","1","2301","0","0","0","N","0","0","0","2","02301","0","2","1.0","","1","N","N","","0","0","0","0","0","","2","Y","","2","0","0","0","0","0","0","2","0","2","","","","N","","","","","","","","","",""
"2015049400","","1","0","0","0","0","0","0","0","0","1","0","","02","5","2015","4","40.530576","-80.009915","","11","0","0","0","0","0","0","0","0","","0","0","0","","","0","","1","","40 31:50.073","","0","80 00:35.695","0","0","0","0","2116","0","0","0","N","0","0","0","2","02116","0","","1.0","","1","N","Y","","0","","0","0","1","","2","","","2","0","0","0","0","0","0","2","0","2","","","","N","","","","","","","","","",""
"2015048142","","0","0","0","0","0","0","0","0","0","4","0","","02","5","2015","1","40.399974","-80.024029","","11","0","0","0","1","0","0","0","0","","0","0","0","","","1","","0","","40 23:59.908","","0","80 01:26.504","8","0","0","1","2301","0","0","0","N","0","0","0","2","02301","0","","1.0","","1","N","N","","0","","0","0","1","","0","","","2","1","0","0","0","1","0","2","0","2","","","","N","","","","","","","","","",""
"2015049401","","2","0","0","0","0","0","0","0","0","4","0","","02","5","2015","5","40.378432","-79.989739","","11","0","0","0","0","0","0","0","0","1","0","0","0","","","1","","2","","40 22:42.355","1","0","79 59:23.061","8","0","0","0","2476","0","0","0","N","0","0","0","2","02476","0","","1.0","","1","N","N","","0","","0","0","0","","3","N","","2","1","0","0","0","1","0","2","0","2","","","","N","","","","","","","","","",""