"CRN","ARRIVAL_TM","AUTOMOBILE_COUNT","BELTED_DEATH_COUNT","BELTED_SUSP_SERIOUS_INJ_COUNT","BICYCLE_COUNT","BICYCLE_DEATH_COUNT","BICYCLE_SUSP_SERIOUS_INJ_COUNT","BUS_COUNT","CHLDPAS_DEATH_COUNT","CHLDPAS_SUSP_SERIOUS_INJ_COUNT","COLLISION_TYPE","COMM_VEH_COUNT","CONS_ZONE_SPD_LIM","COUNTY","CRASH_MONTH","CRASH_YEAR","DAY_OF_WEEK","DEC_LATITUDE","DEC_LONGITUDE","DISPATCH_TM","DISTRICT","DRIVER_COUNT_16YR","DRIVER_COUNT_17YR","DRIVER_COUNT_18YR","DRIVER_COUNT_19YR","DRIVER_COUNT_20YR","DRIVER_COUNT_50_64YR","DRIVER_COUNT_65_74YR","DRIVER_COUNT_75PLUS","EST_HRS_CLOSED","FATAL_COUNT","HEAVY_TRUCK_COUNT","HORSE_BUGGY_COUNT","HOUR_OF_DAY","ILLUMINATION","INJURY_COUNT","INTERSECTION_RELATED","INTERSECT_TYPE","LANE_CLOSED","LATITUDE","LN_CLOSE_DIR","LOCATION_TYPE","LONGITUDE","MAX_SEVERITY_LEVEL","MCYCLE_DEATH_COUNT","MCYCLE_SUSP_SERIOUS_INJ_COUNT","MOTORCYCLE_COUNT","MUNICIPALITY","NONMOTR_COUNT","NONMOTR_DEATH_COUNT","NONMOTR_SUSP_SERIOUS_INJ_COUNT","NTFY_HIWY_MAINT","PED_COUNT","PED_DEATH_COUNT","PED_SUSP_SERIOUS_INJ_COUNT","PERSON_COUNT","POLICE_AGCY","POSSIBLE_INJ_COUNT","RDWY_SURF_TYPE_CD","RELATION_TO_ROAD","ROADWAY_CLEARED","ROAD_CONDITION","SCH_BUS_IND","SCH_ZONE_IND","SECONDARY_CRASH","SMALL_TRUCK_COUNT","SPEC_JURIS_CD","SUSP_MINOR_INJ_COUNT","SUSP_SERIOUS_INJ_COUNT","SUV_COUNT","TCD_FUNC_CD","TCD_TYPE","TFC_DETOUR_IND","TIME_OF_DAY","TOTAL_UNITS","TOT_INJ_COUNT","UNBELTED_OCC_COUNT","UNB_DEATH_COUNT","UNB_SUSP_SERIOUS_INJ_COUNT","UNK_INJ_DEG_COUNT","UNK_INJ_PER_COUNT","URBAN_RURAL","VAN_COUNT","VEHICLE_COUNT","WEATHER1","WEATHER2","WORKERS_PRES","WORK_ZONE_IND","WORK_ZONE_LOC","WORK_ZONE_TYPE","WZ_CLOSE_DETOUR","WZ_FLAGGER","WZ_LAW_OFFCR_IND","WZ_LN_CLOSURE","WZ_MOVING","WZ_OTHER","WZ_SHLDER_MDN","WZ_WORKERS_INJ_KILLED"
"2015079533","2313","1","0","0","0","0","0","0","0","0","7","0","","02","7","2015","2","40.501592","-80.075325","2306","11","0","0","0","0","0","0","0","0","2","0","0","0","","","1","","1","","40 30:05.731","1","0","80 04:31.171","8","0","0","0","2405","0","0","0","N","0","0","0","1","02215","0","","2.0","","1","N","N","","0","","0","0","0","","2","N","","1","1","0","0","0","1","0","2","0","1","","","","N","","","","","","","","","",""
"2015078986","1434","2","0","0","0","0","0","0","0","0","4","0","","02","7","2015","3","40.438739","-79.752328","1432","11","0","0","0","0","0","1","0","0","1","0","0","0","","","1","","1","","40 26:19.462","3","0","79 45:08.381","8","0","0","0","2446","0","0","0","N","0","0","0","2","02446","0","","1.0","","1","N","N","","0","","0","0","0","","2","N","","2","1","0","0","0","1","0","2","0","2","","","","N","","","","","","","","","",""
"2015078834","1756","1","0","0","0","0","0","0","0","0","1","0","","02","7","2015","3","40.348259","-79.947345","1754","11","0","0","0","0","0","0","0","0","1","0","0","0","","","0","","2","","40 20:53.731","4","0","79 56:50.441","0","0","0","0","2473","0","0","0","N","0","0","0","2","02473","0","","1.0","","1","N","N","","1","","0","0","0","","2","N","","2","0","0","0","0","0","0","2","0","2","","","","N","","","","","","","","","",""
"2015078166","1008","2","0","0","0","0","0","0","0","0","5","0","","02","7","2015","2","40.339378","-79.888467","1005","11","0","0","0","0","0","0","0","0","2","0","0","0","","","0","","0","","40 20:21.760","5","0","79 53:18.480","0","0","0","0","2433","0","0","0","N","0","0","0","1","02433","0","","4.0","","1","N","N","","0","","0","0","1","","0","Y","","3","0","0","0","0","0","0","2","0","3","","","","N","","","","","","","","","",""
"2015078975","1655","1","0","0","0","0","0","0","0","0","4","0","","02","7","2015","6","40.511279","-79.793405","1646","11","0","0","0","0","0","0","0","0","2","0","0","0","","","0","","0","","40 30:40.604","4","0","79 47:36.259","0","0","0","0","2466","0","0","0","N","0","0","0","3","02466","0","","1.0","","1","N","N","","0","","0","0","0","","0","N","","2","0","0","0","0","0","0","2","1","2","","","","N","","","","","","","","","",""
"2015079817","0933","0","0","0","0","0","0","0","0","0","5","0","","02","7","2015","5","40.438651","-79.754347","0931","11","0","0","0","0","0","0","0","0","1","0","0","0","","","1","","0","","40 26:19.142","3","2","79 45:15.650","2","0","0","0","2446","0","0","0","Y","0","0","0","2","02446","0","","1.0","","1","N","N","","2","","0","1","0","","0","N","","2","1","1","0","1","0","0","2","0","2","","","","N","","","","","","","","","",""
"2015080292","1559","1","0","0","0","0","0","0","0","0","7","0","","02","8","2015","4","40.446003","-79.844597","1556","11","0","0","0","0","0","1","0","0","","0","0","0","","","1","","0","","40 26:45.610","","0","79 50:40.550","8","0","0","0","2419","0","0","0","N","0","0","0","1","02419","0","","5.0","","1","N","N","","0","","0","0","0","","0","","","1","1","0","0","0","1","0","2","0","1","","","","N","","","","","","","","","",""
"2015079537","1517","0","0","0","0","0","0","0","0","0","0","0","","02","8","2015","2","40.461965","-79.84097","1512","11","0","0","0","0","0","1","0","0","1","0","0","0","","","0","","0","","40 27:43.075","6","0","79 50:27.491","0","0","0","0","2113","0","0","0","N","0","0","0","2","02113","0","","1.0","","1","N","N","","0","","0","0","1","","0","Y","","1","0","0","0","0","0","0","2","0","1","","","","N","","","","","","","","","",""
"2015078838","2126","1","0","0","0","0","0","0","0","0","4","1","","02","7","2015","4","40.357543","-80.00061","2122","11","0","0","0","0","0","2","0","0","3","0","1","0","","","0","","2","","40 21:27.153","4","0","80 00:02.197","0","0","0","0","2476","0","0","0","N","0","0","0","2","02476","0","","1.0","","1","N","N","","0","","0","0","0","","2","Y","","2","0","0","0","0","0","0","2","0","2","","","","N","","","","","","","","","",""
"2015080294","1641","3","0","0","0","0","0","0","0","0","4","0","","02","8","2015","4","40.331921","-79.844307","1638","11","0","0","0","0","0","1","0","0","1","0","0","0","","","1","","1","","40 19:54.915","6","0","79 50:39.505","4","0","0","0","2304","0","0","0","N","0","0","0","3","02304","1","","1.0","","1","N","N","","0","","0","0","0","","3","N","","3","1","1","0","0","0","0","2","0","3","","","","N","","","","","","","","","",""
"2015079554","1450","0","0","0","0","0","0","0","0","0","4","0","","02","8","2015","2","40.443065","-79.997445","1445","11","0","0","0","0","0","2","0","0","1","0","0","0","","","1","","2","","40 26:35.035","6","0","79 59:50.801","4","0","0","0","2301","0","0","0","N","0","0","0","4","02503","1","","1.0","","1","N","N","","0","","0","0","2","","0","N","","3","1","0","0","0","0","0","2","1","3","","","","N","","","","","","","","","",""
"2015078993","1500","1","0","0","0","0","0","0","0","0","1","0","","02","7","2015","4","40.474449","-79.957703","1438","11","0","0","0","0","0","0","0","0","","0","0","0","","","0","","1","","40 28:28.017","","0","79 57:27.732","0","0","0","0","2301","0","0","0","N","0","0","0","2","02301","0","","1.0","","1","N","N","","0","","0","0","0","","2","","","2","0","0","0","0","0","0","2","1","2","","","","N","","","","","","","","","",""
"2015079544","1635","2","0","0","0","0","0","0","0","0","4","0","","02","7","2015","5","40.456371","-80.04905","1615","11","0","0","0","0","0","0","0","0","","0","0","0","","","0","","2","","40 27:22.935","","0","80 02:56.580","9","0","0","0","2301","0","0","0","N","0","0","0","3","02301","0","","1.0","","1","N","N","","0","","0","0","0","","3","","","2","0","0","0","0","0","3","2","0","2","","","","N","","","","","","","","","",""
"2015080442","0437","1","0","0","0","0","0","0","0","0","7","0","","02","7","2015","5","40.294245","-79.831855","0437","11","0","0","0","0","0","0","0","0","","0","0","0","","","1","","0","","40 17:39.281","","0","79 49:54.677","8","0","0","0","2443","0","0","0","Y","0","0","0","1","02443","0","","2.0","","1","N","N","","0","","0","0","0","","0","","","1","1","1","0","0","1","0","2","0","1","","","","N","","","","","","","","","",""
"2015079686","2222","2","0","0","0","0","0","0","0","0","5","0","","02","8","2015","2","40.49307","-79.762187","2207","11","0","2","0","0","0","0","0","0","","0","0","0","","","0","","2","","40 29:35.051","","0","79 45:43.874","0","0","0","0","2466","0","0","0","N","0","0","0","2","02466","0","","1.0","","9","N","N","","0","","0","0","0","","0","","","2","0","0","0","0","0","0","2","0","2","","","","N","","","","","","","","","",""
"2015079414","1406","1","0","0","0","0","0","0","0","0","1","0","","02","7","2015","6","40.649075","-80.096928","1401","11","0","0","0","0","0","0","0","0","1","0","0","0","","","1","","1","","40 38:56.671","4","0","80 05:48.942","4","0","0","0","2212","0","0","0","N","0","0","0","2","02505","1","","1.0","","1","N","N","","0","","0","0","0","","2","Y","","2","1","0","0","0","0","0","2","1","2","","","","N","","","","","","","","","",""
"2015079545","1450","2","0","0","0","0","0","0","0","0","4","0","","02","8","2015","2","40.415532","-80.029902","1445","11","0","0","0","0","0","0","0","0","","0","0","0","","","1","","0","","40 24:55.914","","0","80 01:47.646","8","0","0","0","2301","0","0","0","N","0","0","0","2","02301","0","","1.0","","9","N","N","","0","","0","0","1","","0","","","3","1","0","0","0","1","0","2","0","3","","","","N","","","","","","","","","",""
"2015078856","1833","1","0","0","0","0","0","0","0","0","7","0","","02","7","2015","6","40.417961","-80.05848","1833","11","0","0","0","0","0","0","0","0","","0","0","0","","","0","","2","","40 25:04.661","","0","80 03:30.527","0","0","0","0","2435","0","0","0","N","0","0","0","1","02435","0","","5.0","","1","N","N","","0","","0","0","0","","0","","","1","0","0","0","0","0","0","2","0","1","","","","N","","","","","","","","","",""
"2015079688","2320","1","0","0","0","0","0","0","0","0","4","0","15","02","8","2015","2","40.454175","-79.996854","2310","11","0","0","0","0","0","1","0","0","9","0","0","0","","","1","","1","","40 27:15.029","1","0","79 59:48.676","4","0","0","0","2301","0","0","0","N","0","0","0","4","02301","1","","1.0","","9","N","N","","0","","0","0","0","","2","N","","2","1","0","0","0","0","0","2","1","2","","","Y","Y","2","1","","","N","Y","","","",""
"2015078934","1340","2","0","0","0","0","0","0","0","0","4","0","","02","7","2015","6","40.319152","-80.117563","1330","11","0","0","0","0","0","0","1","0","","0","0","0","","","0","","1","","40 19:08.946","","0","80 07:03.225","9","0","0","0","2119","0","0","0","N","0","0","0","2","02119","0","","1.0","","1","N","N","","0","","0","0","0","","2","","","2","0","0","0","0","0","1","2","0","2","","","","N","","","","","","","","","",""
"2015079690","0632","1","0","0","0","0","0","0","0","0","4","0","","02","8","2015","2","40.448933","-80.000739","0627","11","0","0","0","0","0","0","1","0","2","0","0","0","","","1","","1","","40 26:56.157","3","0","80 00:02.660","4","0","0","0","2301","0","0","0","N","0","0","0","3","02301","1","","1.0","","1","N","N","","0","","0","0","1","","2","N","","2","1","0","0","0","0","0","2","0","2","","","","N","","","","","","","","","",""
"2015080979","1321","2","0","0","0","0","0","0","0","0","5","0","","02","8","2015","6","40.419643","-79.927184","1316","11","0","0","0","0","0","1","0","0","1","0","0","0","","","0","","1","","40 25:10.714","3","0","79 55:37.862","0","0","0","0","2301","0","0","0","N","0","0","0","7","02301","0","","1.0","","1","N","N","","0","","0","0","0","","2","N","","2","0","0","0","0","0","0","2","0","2","","","","N","","","","","","","","","",""
"2015080238","1748","1","0","0","0","0","0","0","0","0","4","0","","02","8","2015","3","40.593811","-80.013036","1746","11","0","0","0","0","0","1","0","0","2","0","0","0","","","1","","3","","40 35:37.720","6","7","80 00:46.930","4","0","0","0","2108","0","0","0","N","0","0","0","3","02501","1","","1.0","","1","N","N","","0","","0","0","0","","0","Y","","2","1","0","0","0","0","0","1","1","2","","","","N","","","","","","","","","",""
"2015080980","1341","1","0","0","0","0","0","0","0","0","4","0","","02","8","2015","6","40.422703","-79.940489","1335","11","0","0","0","0","0","0","1","0","","0","0","0","","","1","","0","","40 25:21.730","","0","79 56:25.760","8","0","0","0","2301","0","0","0","N","0","0","0","1","02301","0","","1.0","","1","N","N","","1","","0","0","0","","0","","","2","1","0","0","0","1","0","2","0","2","","","","N","","","","","","","","","",""
"2015079692","2322","1","0","0","0","0","0","0","0","0","7","0","","02","8","2015","2","40.433478","-79.946806","2309","11","0","1","0","0","0","0","0","0","","0","0","0","","","0","","0","","40 26:00.520","","0","79 56:48.500","0","0","0","0","2301","0","0","0","N","0","0","0","1","02301","0","","5.0","","9","N","N","","0","","0","0","0","","0","","","1","0","0","0","0","0","0","2","0","1","","","","N","","","","","","","","","",""
"2015079706","0100","0","0","0","0","0","0","0","0","0","7","0","","02","8","2015","3","40.362619","-80.081814","0058","11","0","0","1","0","0","0","0","0","2","0","0","0","","","1","","0","","40 21:45.430","3","0","80 04:54.530","8","0","0","0","2123","0","0","0","N","0","0","0","3","02123","0","","5.0","","9","N","N","","0","","0","0","1","","0","N","","1","1","0","0","0","1","0","2","0","1","","","","N","","","","","","","","","",""
"2015080981","1335","1","0","0","0","0","0","0","0","0","7","0","","02","8","2015","6","40.417731","-79.966369","1321","11","0","0","1","0","0","0","0","0","1","0","0","0","","","0","","0","","40 25:03.830","7","0","79 57:58.930","0","0","0","0","2301","0","0","0","N","0","0","0","1","02301","0","","5.0","","1","N","N","","0","","0","0","0","","0","N","","1","0","0","0","0","0","0","2","0","1","","","","N","","","","","","","","","",""
"2015078863","2340","2","0","0","0","0","0","0","0","0","5","0","","02","7","2015","6","40.362889","-79.96998","2338","11","0","1","0","0","0","0","0","0","1","0","0","0","","","0","","0","","40 21:46.400","4","0","79 58:11.928","0","0","0","0","2476","0","0","0","N","0","0","0","1","02476","0","","2.0","","1","N","N","","0","","0","0","0","","0","N","","2","0","0","0","0","0","0","2","0","2","","","","N","","","","","","","","","",""
"2015080587","1320","1","0","0","0","0","0","0","0","0","0","0","","02","8","2015","1","40.555198","-79.936091","1314","11","0","0","0","0","0","0","0","1","2","0","0","0","","","2","","0","","40 33:18.712","5","0","79 56:09.927","3","0","0","1","2207","0","0","0","N","0","0","0","3","02207","1","","1.0","","1","N","N","","0","","1","0","0","","3","Y","","2","2","0","0","0","0","0","2","0","2","","","","N","","","","","","","","","",""
"2015079552","1537","0","0","0","0","0","0","0","0","0","7","0","","02","8","2015","2","40.555954","-79.958215","1534","11","0","0","0","0","0","0","0","0","2","0","0","0","","","0","","0","","40 33:21.436","1","0","79 57:29.575","0","0","0","0","2207","0","0","0","Y","0","0","0","3","02207","0","","2.0","","1","N","N","","0","","0","0","1","","0","Y","","1","0","0","0","0","0","0","2","0","1","","","","N","","","","","","","","","",""
"2015078118","0814","1","0","0","0","0","0","0","0","0","6","0","","02","7","2015","4","40.669604","-80.106432","0808","11","0","0","0","0","1","1","1","0","2","0","0","0","","","2","","0","","40 40:10.574","1","0","80 06:23.155","3","0","0","0","2212","0","0","0","N","0","0","0","3","02505","1","","1.0","","1","N","N","","0","","1","0","2","","0","N","","3","2","0","0","0","0","0","2","0","3","","","","N","","","","","","","","","",""
"2015079629","1753","2","0","0","0","0","0","0","0","0","1","0","","02","8","2015","2","40.457485","-79.917474","1750","11","0","0","0","0","0","1","0","0","","0","0","0","","","1","","2","","40 27:26.946","","0","79 55:02.907","4","0","0","0","2301","0","0","0","N","0","0","0","4","02301","1","","1.0","","9","N","N","","0","","0","0","0","","0","","","2","1","0","0","0","0","0","2","0","2","","","","N","","","","","","","","","",""
"2015079423","0746","1","0","0","0","0","0","0","0","0","1","0","","02","8","2015","2","40.447898","-80.026172","0745","11","0","0","0","0","0","1","0","0","1","0","0","0","","","0","","6","","40 26:52.431","2","8","80 01:34.219","0","0","0","0","2301","0","0","0","N","0","0","0","5","02301","0","","1.0","","1","N","N","","1","","0","0","0","","4","N","","2","0","0","0","0","0","0","2","0","2","","","","N","","","","","","","","","",""
"2015080320","1809","1","0","0","0","0","0","0","0","0","1","0","","02","8","2015","3","40.424923","-80.11428","1758","11","0","0","0","0","0","1","0","0","","0","0","0","","","2","","0","","40 25:29.724","","0","80 06:51.409","4","0","0","0","2115","0","0","0","N","0","0","0","2","68B03","2","","1.0","","1","N","N","","0","","0","0","1","","0","","","2","2","0","0","0","0","0","2","0","2","","","","N","","","","","","","","","",""
"2015080984","2126","2","0","0","0","0","0","0","0","0","1","0","","02","8","2015","3","40.358548","-80.127913","2126","11","0","0","0","0","0","1","0","0","1","0","0","0","","","3","","0","","40 21:30.774","4","0","80 07:40.487","4","0","0","0","2119","0","0","0","N","0","0","0","3","02119","1","","2.0","","1","N","N","","0","","0","0","0","","2","N","","2","3","1","0","0","2","0","2","0","2","","","","N","","","","","","","","","",""
"2015078194","2108","2","0","0","0","0","0","0","0","0","2","0","","02","7","2015","4","40.499941","-79.733991","2102","11","0","0","0","0","0","1","0","0","1","0","0","0","","","2","","0","","40 29:59.787","6","0","79 44:02.367","8","0","0","0","2466","0","0","0","N","0","0","0","2","02466","0","","1.0","","1","N","N","","0","","0","0","0","","0","N","","2","2","0","0","0","2","0","2","0","2","","","","N","","","","","","","","","",""
"2015079004","1248","2","0","0","0","0","0","0","0","0","1","0","","02","7","2015","6","40.55851","-79.907192","1246","11","0","0","0","0","0","0","1","0","1","0","0","0","","","1","","2","","40 33:30.636","5","0","79 54:25.890","3","0","0","1","2209","0","0","0","N","0","0","0","3","02209","0","","1.0","","1","N","N","","0","","1","0","0","","3","N","","3","1","0","0","0","0","0","2","0","3","","","","N","","","","","","","","","",""
"2015078866","0314","2","0","0","0","0","0","0","0","0","4","0","","02","8","2015","7","40.35015","-79.862973","0312","11","0","0","0","0","0","0","0","0","9","0","0","0","","","2","","1","","40 21:00.540","3","0","79 51:46.702","4","0","0","0","2304","0","0","0","N","0","0","0","3","02304","2","","1.0","","1","N","N","","0","","0","0","0","","0","N","","2","2","0","0","0","0","1","2","0","2","","","","N","","","","","","","","","",""
"2015079633","1628","0","0","0","0","0","0","0","0","0","7","0","","02","8","2015","2","40.437058","-80.039861","1620","11","0","0","0","0","0","0","0","0","","0","0","0","","","0","","0","","40 26:13.408","","0","80 02:23.499","0","0","0","0","2301","0","0","0","Y","0","0","0","4","02301","0","","5.0","","9","N","N","","0","","0","0","1","","0","","","1","0","0","0","0","0","0","2","0","1","","","","N","","","","","","","","","",""
"2015079571","1215","1","0","0","0","0","0","0","0","0","4","0","","02","8","2015","1","40.505708","-80.147225","1200","11","0","0","0","0","0","1","0","0","2","0","0","0","","","0","","3","","40 30:20.549","1","0","80 08:50.010","0","0","0","0","2213","0","0","0","N","0","0","0","2","68B03","0","","1.0","","1","N","N","","1","","0","0","0","","3","N","","2","0","0","0","0","0","0","2","0","2","","","","N","","","","","","","","","",""
"2015079636","1723","2","0","0","0","0","0","0","0","0","5","0","","02","8","2015","7","40.452099","-80.007856","1721","11","0","0","0","0","0","0","0","0","","0","0","0","","","1","","5","","40 27:07.555","","0","80 00:28.280","4","0","0","0","2301","0","0","0","N","0","0","0","2","02301","1","","1.0","","1","N","","","0","","0","0","0","","0","","","2","1","0","0","0","0","0","2","0","2","","","","N","","","","","","","","","",""
"2015080455","0004","0","0","0","0","0","0","0","0","0","0","0","","02","8","2015","1","40.448678","-80.165851","0001","11","0","0","0","0","0","0","0","0","","0","0","0","","","3","","0","","40 26:55.239","","2","80 09:57.062","2","0","0","0","2115","0","0","0","N","0","0","0","3","68B03","0","","4.0","","1","N","N","","0","","1","2","1","","8","","","1","3","2","0","2","0","0","2","0","1","","","","N","","","","","","","","","",""
"2015078197","1634","2","0","0","0","0","0","0","0","0","4","0","","02","7","2015","4","40.450983","-79.964971","1628","11","0","0","0","0","0","0","0","1","","0","0","0","","","0","","2","","40 27:03.538","","0","79 57:53.895","0","0","0","0","2301","0","0","0","N","0","0","0","2","02301","0","","1.0","","1","N","N","","0","","0","0","0","","0","","","2","0","0","0","0","0","0","2","0","2","","","","N","","","","","","","","","",""
"2015079007","1049","1","0","0","0","0","0","0","0","0","5","0","","02","7","2015","6","40.5034","-80.025118","1035","11","0","0","0","0","0","0","0","0","2","0","0","0","","","0","","1","","40 30:12.241","4","3","80 01:30.426","0","0","0","0","2116","0","0","0","N","0","0","0","2","02116","0","","1.0","","1","N","N","","0","","0","0","1","","0","N","","2","0","0","0","0","0","0","2","0","2","","","","N","","","","","","","","","",""
"2015079427","1738","2","0","0","0","0","0","0","0","0","4","0","","02","7","2015","3","40.400745","-80.063974","1733","11","0","0","0","0","0","0","0","0","1","0","0","0","","","1","","0","","40 24:02.682","2","0","80 03:50.305","4","0","0","0","2117","0","0","0","N","0","0","0","3","02117","1","","1.0","","1","N","N","","0","","0","0","0","","0","N","","2","1","0","0","0","0","0","2","0","2","","","","N","","","","","","","","","",""
"2015080312","1300","2","0","0","0","0","0","0","0","0","7","0","","02","6","2015","1","40.534772","-80.074924","1236","11","0","0","0","0","0","1","0","0","","0","0","0","","","1","","0","","40 32:05.179","","0","80 04:29.728","4","0","0","0","2215","0","0","0","N","0","0","0","3","68B03","1","","4.0","","1","N","N","","0","","0","0","0","","0","","","2","1","1","0","0","0","0","2","0","2","","","","N","","","","","","","","","",""
"2015079637","2325","0","0","0","0","0","0","0","0","0","0","0","","02","7","2015","5","40.456119","-80.162341","2323","11","0","0","0","0","1","0","0","0","","0","0","0","","","2","","0","","40 27:22.029","","0","80 09:44.429","3","0","0","0","2115","0","0","0","N","0","0","0","2","02115","0","","1.0","","1","N","N","","0","","2","0","1","","0","","","1","2","0","0","0","0","0","2","0","1","","","","N","","","","","","","","","",""
"2015080456","0201","1","0","0","0","0","0","0","0","0","7","0","","02","8","2015","4","40.458181","-80.188625","0201","11","0","0","0","0","0","0","0","0","","0","0","0","","","0","","7","","40 27:29.451","","2","80 11:19.051","0","0","0","0","2213","0","0","0","Y","0","0","0","4","68B03","0","","4.0","","1","N","N","","0","","0","0","0","","0","","","1","0","0","0","0","0","0","2","0","1","","","","N","","","","","","","","","",""
"2015078186","1302","1","0","0","0","0","0","0","0","0","1","0","","02","7","2015","5","40.36509","-79.9085","1238","11","0","0","0","0","0","1","0","0","","0","0","0","","","0","","3","","40 21:54.324","","0","79 54:30.600","0","0","0","0","2301","0","0","0","N","0","0","0","4","02301","0","","1.0","","1","N","N","","1","","0","0","0","","0","","","2","0","0","0","0","0","0","2","0","2","","","","N","","","","","","","","","",""
"2015078198","2222","1","0","0","0","0","0","0","0","0","4","0","","02","7","2015","4","40.435804","-79.962272","2215","11","0","0","0","0","0","1","0","0","1","0","0","0","","","3","","1","","40 26:08.894","2","0","79 57:44.179","4","0","0","0","2301","0","0","0","N","0","0","0","5","02301","3","","1.0","","1","N","N","","0","","0","0","1","","2","Y","","2","3","0","0","0","0","0","2","0","2","","","","N","","","","","","","","","",""
"2015078944","1538","2","0","0","0","0","0","0","0","0","4","0","","02","7","2015","3","40.617515","-79.945652","1536","11","0","1","0","0","0","0","1","0","","0","0","0","","","1","","0","","40 37:03.055","","0","79 56:44.348","8","0","0","0","2217","0","0","0","N","0","0","0","4","02505","0","","1.0","","1","N","N","","0","","0","0","0","","0","","","2","1","0","0","0","1","0","2","0","2","","","","N","","","","","","","","","",""
"2015080247","1910","1","0","0","0","0","0","0","0","0","4","0","","02","8","2015","3","40.400758","-80.031792","1908","11","0","0","0","0","0","0","1","0","","0","0","0","","","0","","1","","40 24:02.730","","0","80 01:54.450","0","0","0","0","2301","0","0","0","N","0","0","0","2","02301","0","","1.0","","1","N","N","","0","","0","0","1","","3","","","2","0","0","0","0","0","0","2","0","2","","","","N","","","","","","","","","",""
"2015080313","1835","1","0","0","0","0","0","0","0","0","7","0","45","02","7","2015","3","40.429796","-80.028536","1745","11","0","0","0","0","0","0","0","0","","0","0","0","","","0","","0","","40 25:47.265","","0","80 01:42.729","0","0","0","0","2301","0","0","0","N","0","0","0","2","68B03","0","","2.0","","1","N","N","","0","","0","0","0","","0","","","1","0","0","0","0","0","0","2","0","1","","","N","Y","4","1","N","N","N","N","N","N","Y",""
"2015080989","1440","2","0","0","0","0","0","0","0","0","4","0","","02","8","2015","5","40.549379","-79.840016","1432","11","0","0","1","1","0","0","0","0","","0","0","0","","","0","","1","","40 32:57.766","","0","79 50:24.056","0","0","0","0","2208","0","0","0","N","0","0","0","6","02208","0","","1.0","","1","N","N","","0","","0","0","0","","2","","","2","0","3","0","0","0","0","2","0","2","","","","N","","","","","","","","","",""
"2015078872","0226","0","0","0","0","0","0","0","0","0","7","0","","02","7","2015","5","40.466027","-79.730644","0224","11","0","0","0","0","0","0","0","0","","0","0","0","","","0","","0","","40 27:57.697","","0","79 43:50.318","9","0","0","0","2466","0","0","0","N","0","0","0","1","02466","0","","5.0","","1","N","N","","0","","0","0","1","","0","","","1","0","0","0","0","0","1","2","0","1","","","","N","","","","","","","","","",""
"2015078187","1100","1","0","0","0","0","0","0","0","0","5","1","","02","7","2015","5","40.437733","-80.000234","1100","11","0","0","0","0","0","0","0","0","","0","1","0","","","0","","1","","40 26:15.840","","0","80 00:00.841","0","0","0","0","2301","0","0","0","N","0","0","0","2","02301","0","","1.0","","1","N","N","","0","","0","0","0","","2","","","2","0","0","0","0","0","0","2","0","2","","","","N","","","","","","","","","",""
"2015078945","1227","0","0","0","0","0","0","0","0","0","2","0","","02","7","2015","6","40.475425","-79.793623","1216","11","0","0","0","0","0","0","0","0","2","0","0","0","","","2","","2","","40 28:31.530","6","0","79 47:37.042","3","0","0","0","2113","0","0","0","N","0","0","0","2","02113","0","","1.0","","1","N","N","","0","","2","0","1","","0","Y","","2","2","0","0","0","0","0","2","1","2","","","","N","","","","","","","","","",""
"2015080533","1325","2","0","0","0","0","0","0","0","0","1","0","","02","8","2015","4","40.631458","-79.940796","1325","11","0","0","0","0","0","0","0","0","","0","0","0","","","1","","2","","40 37:53.248","","0","79 56:26.867","8","0","0","0","2217","0","0","0","N","0","0","0","2","02505","0","","1.0","","1","N","N","","0","","0","0","0","","3","","","2","1","0","0","0","1","0","2","0","2","","","","N","","","","","","","","","",""
"2015080248","1553","1","0","0","0","0","0","0","0","0","1","0","30","02","8","2015","4","40.356198","-79.98012","1550","11","0","0","1","0","0","0","0","0","2","0","0","0","","","2","","0","","40 21:22.311","2","0","79 58:48.432","4","0","0","0","2476","0","0","0","N","0","0","0","4","02476","1","","1.0","","1","N","N","","1","","0","0","2","","2","N","","4","2","1","0","0","1","0","2","0","4","","","N","Y","4","1","","","N","","","","",""
"2015080314","2347","1","0","0","0","0","0","0","0","0","1","0","40","02","7","2015","6","40.42587","-80.031004","2347","11","0","0","0","0","0","1","0","0","","0","0","0","","","0","","10","","40 25:33.131","","4","80 01:51.615","0","0","0","0","2301","0","0","0","Y","0","0","0","3","68B03","0","","1.0","","1","N","N","","1","","0","0","0","","8","","","2","0","0","0","0","0","0","2","0","2","","","Y","Y","4","1","N","N","N","Y","N","N","N",""
"2015080388","0048","1","0","0","0","0","0","0","0","0","7","0","","02","7","2015","1","40.535508","-79.961536","0044","11","0","0","0","1","0","0","0","0","1","0","0","0","","","0","","0","","40 32:07.827","1","0","79 57:41.528","0","0","0","0","2118","0","0","0","N","0","0","0","1","02118","0","","5.0","","1","N","N","","0","","0","0","0","","0","N","","1","0","0","0","0","0","0","2","0","1","","","","N","","","","","","","","","",""
"2015080600","1623","1","0","0","0","0","0","0","0","0","7","0","","02","8","2015","3","40.398179","-79.916472","1620","11","0","0","0","0","0","0","0","0","1","0","0","0","","","0","","0","","40 23:53.443","5","0","79 54:59.299","0","0","0","0","2472","0","0","0","N","0","0","0","1","02472","0","","2.0","","9","N","N","","0","","0","0","0","","0","Y","","1","0","0","0","0","0","0","2","0","1","","","","N","","","","","","","","","",""