"CRN","ARRIVAL_TM","AUTOMOBILE_COUNT","BELTED_DEATH_COUNT","BELTED_SUSP_SERIOUS_INJ_COUNT","BICYCLE_COUNT","BICYCLE_DEATH_COUNT","BICYCLE_SUSP_SERIOUS_INJ_COUNT","BUS_COUNT","CHLDPAS_DEATH_COUNT","CHLDPAS_SUSP_SERIOUS_INJ_COUNT","COLLISION_TYPE","COMM_VEH_COUNT","CONS_ZONE_SPD_LIM","COUNTY","CRASH_MONTH","CRASH_YEAR","DAY_OF_WEEK","DEC_LATITUDE","DEC_LONGITUDE","DISPATCH_TM","DISTRICT","DRIVER_COUNT_16YR","DRIVER_COUNT_17YR","DRIVER_COUNT_18YR","DRIVER_COUNT_19YR","DRIVER_COUNT_20YR","DRIVER_COUNT_50_64YR","DRIVER_COUNT_65_74YR","DRIVER_COUNT_75PLUS","EST_HRS_CLOSED","FATAL_COUNT","HEAVY_TRUCK_COUNT","HORSE_BUGGY_COUNT","HOUR_OF_DAY","ILLUMINATION","INJURY_COUNT","INTERSECTION_RELATED","INTERSECT_TYPE","LANE_CLOSED","LATITUDE","LN_CLOSE_DIR","LOCATION_TYPE","LONGITUDE","MAX_SEVERITY_LEVEL","MCYCLE_DEATH_COUNT","MCYCLE_SUSP_SERIOUS_INJ_COUNT","MOTORCYCLE_COUNT","MUNICIPALITY","NONMOTR_COUNT","NONMOTR_DEATH_COUNT","NONMOTR_SUSP_SERIOUS_INJ_COUNT","NTFY_HIWY_MAINT","PED_COUNT","PED_DEATH_COUNT","PED_SUSP_SERIOUS_INJ_COUNT","PERSON_COUNT","POLICE_AGCY","POSSIBLE_INJ_COUNT","RDWY_SURF_TYPE_CD","RELATION_TO_ROAD","ROADWAY_CLEARED","ROAD_CONDITION","SCH_BUS_IND","SCH_ZONE_IND","SECONDARY_CRASH","SMALL_TRUCK_COUNT","SPEC_JURIS_CD","SUSP_MINOR_INJ_COUNT","SUSP_SERIOUS_INJ_COUNT","SUV_COUNT","TCD_FUNC_CD","TCD_TYPE","TFC_DETOUR_IND","TIME_OF_DAY","TOTAL_UNITS","TOT_INJ_COUNT","UNBELTED_OCC_COUNT","UNB_DEATH_COUNT","UNB_SUSP_SERIOUS_INJ_COUNT","UNK_INJ_DEG_COUNT","UNK_INJ_PER_COUNT","URBAN_RURAL","VAN_COUNT","VEHICLE_COUNT","WEATHER1","WEATHER2","WORKERS_PRES","WORK_ZONE_IND","WORK_ZONE_LOC","WORK_ZONE_TYPE","WZ_CLOSE_DETOUR","WZ_FLAGGER","WZ_LAW_OFFCR_IND","WZ_LN_CLOSURE","WZ_MOVING","WZ_OTHER","WZ_SHLDER_MDN","WZ_WORKERS_INJ_KILLED"
"2015078457","0014","1","0","0","0","0","0","0","0","0","7","0","","02","7","2015","5","40.35593","-80.131163","0011","11","0","0","0","1","0","0","0","0","","0","0","0","","","0","","0","","40 21:21.348","","0","80 07:52.188","0","0","0","0","2119","0","0","0","N","0","0","0","1","02119","0","","5.0","","1","N","","","0","","0","0","0","","0","","","1","0","0","0","0","0","0","2","0","1","","","","N","","","","","","","","","",""
"2015086996","1514","0","0","0","0","0","0","0","0","0","7","0","","02","8","2015","6","40.473554","-80.062778","1510","11","0","0","0","0","0","0","0","0","","0","0","0","","","0","","0","","40 28:24.795","","0","80 03:46.001","0","0","0","0","2444","0","0","0","N","0","0","0","1","02444","0","","5.0","","1","N","N","","0","","0","0","0","","0","","","1","0","0","0","0","0","0","2","1","1","","","","N","","","","","","","","","",""
"2015086289","1523","1","0","0","0","0","0","0","0","0","1","0","","02","8","2015","4","40.616216","-79.94632","1510","11","0","0","0","1","0","1","0","0","","0","0","0","","","1","","0","","40 36:58.377","","0","79 56:46.751","4","0","0","1","2217","0","0","0","N","0","0","0","2","02505","1","","1.0","","1","N","N","","0","","0","0","0","","0","","","2","1","0","0","0","0","0","2","0","2","","","","N","","","","","","","","","",""
"2015086290","1051","2","0","0","0","0","0","0","0","0","4","0","","02","8","2015","6","40.444632","-80.149467","1050","11","0","0","0","0","0","0","0","2","2","0","0","0","","","0","","0","","40 26:40.676","4","0","80 08:58.082","0","0","0","0","2115","0","0","0","N","0","0","0","4","02115","0","","1.0","","1","N","N","","0","","0","0","0","","0","N","","2","0","0","0","0","0","0","2","0","2","","","","N","","","","","","","","","",""
"2015079920","1941","1","0","0","0","0","0","0","0","0","4","0","","02","6","2015","6","40.428732","-79.945946","1910","11","0","0","0","1","0","1","0","0","","0","0","0","","","0","","0","","40 25:43.436","","0","79 56:45.407","0","0","0","0","2301","0","0","0","N","0","0","0","3","68B03","0","","1.0","","9","Y","N","","1","","0","0","1","","0","","","3","0","0","0","0","0","0","2","0","3","","","","N","","","","","","","","","",""
"2015086858","2155","1","0","0","0","0","0","0","0","0","4","0","","02","8","2015","1","40.497721","-79.789513","2147","11","0","0","0","0","0","2","0","0","2","0","0","0","","","1","","2","","40 29:51.795","2","0","79 47:22.246","4","0","0","0","2113","0","0","0","N","0","0","0","2","02113","1","","1.0","","1","N","N","","0","","0","0","0","","0","Y","","2","1","0","0","0","0","0","2","1","2","","","","N","","","","","","","","","",""
"2015086151","1110","0","0","0","0","0","0","0","0","0","4","1","","02","8","2015","6","40.422029","-80.048328","1109","11","0","0","0","0","0","2","0","0","1","0","1","0","","","0","","2","","40 25:19.306","3","2","80 02:53.980","0","0","0","0","2435","0","0","0","N","0","0","0","2","02435","0","","1.0","","1","N","N","","1","","0","0","0","","3","N","","2","0","0","0","0","0","0","2","0","2","","","","N","","","","","","","","","",""
"2015078319","1646","1","0","0","0","0","0","0","0","0","1","0","","02","7","2015","3","40.458635","-79.957464","1631","11","0","0","0","0","0","1","0","0","","0","0","0","","","0","","10","","40 27:31.087","","0","79 57:26.872","0","0","0","0","2301","0","0","0","N","0","0","0","2","02301","0","","1.0","","1","N","N","","0","","0","0","1","","0","","","2","0","0","0","0","0","0","2","0","2","","","","N","","","","","","","","","",""
"2015079072","1537","2","0","0","0","0","0","0","0","0","1","0","","02","8","2015","7","40.648286","-79.937373","1527","11","1","0","0","0","0","1","0","0","","0","0","0","","","0","","2","","40 38:53.831","","0","79 56:14.542","0","0","0","0","2217","0","0","0","N","0","0","0","5","02505","0","","1.0","","1","N","N","","0","","0","0","0","","0","","","2","0","0","0","0","0","0","2","0","2","","","","N","","","","","","","","","",""
"2015079086","1536","1","0","0","0","0","0","0","0","0","4","0","","02","7","2015","6","40.510523","-79.993084","1530","11","0","0","0","0","0","0","1","0","","0","0","0","","","0","","0","","40 30:37.883","","0","79 59:35.101","0","0","0","0","2116","0","0","0","N","0","0","0","2","02116","0","","1.0","","1","N","N","","1","","0","0","0","","0","","","2","0","0","0","0","0","0","2","0","2","","","","N","","","","","","","","","",""
"2015080677","1621","1","0","0","0","0","0","0","0","0","1","0","","02","8","2015","5","40.456904","-79.758798","1621","11","0","0","0","0","1","0","0","0","","0","0","0","","","0","","0","","40 27:24.855","","0","79 45:31.673","0","0","0","0","2446","0","0","0","N","0","0","0","3","02446","0","","1.0","","1","N","N","","0","","0","0","2","","0","","","3","0","0","0","0","0","0","2","0","3","","","","N","","","","","","","","","",""
"2015079921","1643","3","0","0","0","0","0","0","0","0","1","0","","02","6","2015","3","40.430678","-79.873255","1542","11","0","0","0","0","0","1","0","0","","0","0","0","","","1","","0","","40 25:50.441","","0","79 52:23.719","4","0","0","0","2411","0","0","0","N","0","0","0","4","68B03","1","","1.0","","1","N","N","","0","","0","0","0","","0","","","3","1","0","0","0","0","0","2","0","3","","","","N","","","","","","","","","",""
"2015080740","2009","0","0","0","0","0","0","0","0","0","0","0","","02","8","2015","3","40.391573","-79.886565","2005","11","0","0","0","0","0","1","0","0","2","0","0","0","","","1","","0","","40 23:29.664","6","0","79 53:11.633","2","0","1","1","2473","0","0","0","N","0","0","0","1","02473","0","","1.0","","98","N","N","","0","","0","1","0","","0","Y","","1","1","0","0","0","0","0","2","0","1","","","","N","","","","","","","","","",""
"2015079855","0714","2","0","0","0","0","0","0","0","0","4","0","","02","8","2015","3","40.667154","-80.102148","0707","11","0","0","0","0","1","0","0","0","","0","0","0","","","1","","2","","40 40:01.754","","0","80 06:07.732","4","0","0","0","2212","0","0","0","N","0","0","0","3","02505","1","","1.0","","1","N","N","","0","","0","0","0","","2","","","2","1","0","0","0","0","0","2","0","2","","","","N","","","","","","","","","",""
"2015078395","2036","2","0","0","0","0","0","0","0","0","1","0","","02","7","2015","4","40.347305","-79.986413","2036","11","0","0","0","0","0","1","0","0","","0","0","0","","","0","","0","","40 20:50.298","","0","79 59:11.086","0","0","0","0","2476","0","0","0","N","0","0","0","2","02476","0","","1.0","","1","N","N","","0","","0","0","0","","0","","","2","0","0","0","0","0","0","2","0","2","","","","N","","","","","","","","","",""
"2015079922","2335","2","0","0","0","0","0","0","0","0","1","0","","02","7","2015","5","40.440993","-80.185672","2327","11","0","0","0","1","0","0","0","0","","0","0","0","","","0","","0","","40 26:27.574","","0","80 11:08.420","0","0","0","0","2214","0","0","0","N","0","0","0","7","68B03","0","","1.0","","1","N","N","","0","","0","0","1","","0","","","3","0","0","0","0","0","0","1","0","3","","","","N","","","","","","","","","",""
"2015079934","2342","2","0","0","0","0","0","0","0","0","1","0","","02","8","2015","7","40.434755","-79.997316","2316","11","0","0","0","0","0","0","0","0","1","0","0","0","","","0","","0","","40 26:05.119","4","0","79 59:50.338","0","0","0","0","2301","0","0","0","N","0","0","0","2","68B03","0","","1.0","","1","N","N","","0","","0","0","0","","0","N","","2","0","0","0","0","0","0","2","0","2","","","","N","","","","","","","","","",""
"2015086861","0059","2","0","0","0","0","0","0","0","0","6","0","","02","8","2015","1","40.423446","-80.066765","0056","11","0","0","0","0","0","0","0","0","","0","0","0","","","0","","2","","40 25:24.407","","0","80 04:00.354","0","0","0","0","2301","0","0","0","N","0","0","0","3","02301","0","","1.0","","1","N","N","","0","","0","0","0","","0","","","2","0","0","0","0","0","0","2","0","2","","","","N","","","","","","","","","",""
"2015086153","1143","0","0","0","0","0","0","0","0","0","5","1","","02","8","2015","6","40.428793","-79.981245","1140","11","0","0","0","0","0","0","0","0","1","0","1","0","","","0","","0","","40 25:43.653","3","0","79 58:52.481","0","0","0","0","2301","0","0","0","N","0","0","0","2","02301","0","","1.0","","1","N","N","","1","","0","0","1","","0","N","","3","0","0","0","0","0","0","2","0","3","","","","N","","","","","","","","","",""
"2015080680","1720","2","0","0","0","0","0","0","0","0","1","0","","02","8","2015","5","40.403279","-79.832018","1716","11","0","0","0","0","0","0","0","0","1","0","0","0","","","1","","2","","40 24:11.803","4","0","79 49:55.265","8","0","0","0","2467","0","0","0","N","0","0","0","3","02467","0","","1.0","","1","N","N","","0","","0","0","0","","5","N","","2","1","0","0","0","1","0","2","0","2","","","","N","","","","","","","","","",""
"2015078396","1247","1","0","0","0","0","0","0","0","0","1","0","","02","7","2015","4","40.394492","-80.03499","1245","11","0","0","0","0","0","0","1","0","","0","0","0","","","0","","0","","40 23:40.171","","0","80 02:05.965","0","0","0","0","2422","0","0","0","N","0","0","0","5","02422","0","","1.0","","1","N","N","","0","","0","0","1","","0","","","2","0","1","0","0","0","0","2","0","2","","","","N","","","","","","","","","",""
"2015079923","0047","2","0","0","0","0","0","0","0","0","1","1","","02","7","2015","6","40.440298","-79.859919","0040","11","0","0","0","0","0","0","0","0","4","0","1","0","","","0","","0","","40 26:25.072","4","0","79 51:35.707","0","0","0","0","2419","0","0","0","Y","0","0","0","3","68B03","0","","1.0","","1","N","N","","0","","0","0","0","","0","N","","3","0","0","0","0","0","0","2","0","3","","","","N","","","","","","","","","",""
"2015079935","1917","1","0","0","0","0","0","0","0","0","7","0","","02","8","2015","2","40.42001","-80.034722","1851","11","0","0","0","0","0","1","0","0","1","0","0","0","","","0","","0","","40 25:12.037","4","0","80 02:04.999","0","0","0","0","2301","0","0","0","N","0","0","0","1","68B03","0","","4.0","","9","N","N","","0","","0","0","0","","0","N","","1","0","0","0","0","0","0","2","0","1","","","","N","","","","","","","","","",""
"2015085470","1655","2","0","0","0","0","0","0","0","0","4","0","","02","7","2015","5","40.534236","-80.052896","1635","11","0","0","1","0","0","0","0","0","","0","0","0","","","0","","0","","40 32:03.251","","0","80 03:10.425","0","0","0","0","2116","0","0","0","N","0","0","0","2","02116","0","","1.0","","1","N","N","","0","","0","0","0","","0","","","2","0","0","0","0","0","0","2","0","2","","","","N","","","","","","","","","",""
"2015079924","2250","2","0","0","0","0","0","0","0","0","1","0","45","02","7","2015","5","40.425013","-80.118481","2250","11","0","0","0","0","0","0","1","0","","0","0","0","","","1","","0","","40 25:30.046","","0","80 07:06.533","4","0","0","0","2115","0","0","0","N","0","0","0","4","68B03","1","","1.0","","1","N","N","","1","","0","0","0","","8","","","3","1","1","0","0","0","0","2","0","3","","","Y","Y","3","1","Y","N","Y","Y","N","N","N",""
"2015086927","0901","1","0","0","0","0","0","0","0","0","7","0","","02","8","2015","7","40.588978","-79.885581","0841","11","0","0","0","0","0","0","0","0","","0","0","0","","","0","","0","","40 35:20.322","","0","79 53:08.090","0","0","0","0","2209","0","0","0","N","0","0","0","1","68T02","0","","2.0","","1","N","N","","0","","0","0","0","","0","","","1","0","0","0","0","0","0","2","0","1","","","","N","","","","","","","","","",""
"2015079925","0219","1","0","0","0","0","0","0","0","0","1","0","","02","7","2015","7","40.428974","-79.956107","0210","11","0","0","0","0","0","0","0","0","","0","0","0","","","0","","0","","40 25:44.306","","0","79 57:21.986","0","0","0","0","2301","0","0","0","N","0","0","0","3","68B03","0","","1.0","","1","N","N","","0","","0","0","0","","0","","","2","0","0","0","0","0","0","2","0","2","","","","N","","","","","","","","","",""
"2015078465","0122","1","0","0","0","0","0","0","0","0","4","0","","02","7","2015","6","40.411236","-80.083681","0120","11","0","0","0","1","0","0","0","0","1","0","0","0","","","1","","1","","40 24:40.449","1","0","80 05:01.251","4","0","0","0","2415","0","0","0","N","0","0","0","5","02415","1","","1.0","","1","N","N","","0","","0","0","0","","0","N","","2","1","0","0","0","0","0","2","1","2","","","","N","","","","","","","","","",""
"2015084644","0114","1","0","0","0","0","0","0","0","0","0","0","","02","8","2015","3","40.443863","-80.027591","0102","11","0","0","0","0","0","0","0","0","","0","0","0","","","0","","5","","40 26:37.906","","0","80 01:39.328","0","0","0","0","2301","0","0","0","N","0","0","0","1","02301","0","","1.0","","1","N","N","","0","","0","0","0","","2","","","1","0","0","0","0","0","0","2","0","1","","","","N","","","","","","","","","",""
"2015085473","1705","1","0","0","0","0","0","0","0","0","4","0","","02","8","2015","4","40.500533","-79.864667","1700","11","0","0","0","0","0","1","1","0","1","0","0","0","","","3","","0","","40 30:01.920","1","0","79 51:52.800","3","0","0","0","2112","0","0","0","N","0","0","0","3","02112","2","","1.0","","1","N","N","","0","","1","0","1","","0","N","","2","3","0","0","0","0","0","2","0","2","","","","N","","","","","","","","","",""
"2015079926","1655","0","0","0","0","0","0","0","0","0","7","0","","02","7","2015","2","40.433681","-79.963256","1625","11","0","0","0","0","0","1","0","0","1","0","0","0","","","0","","0","","40 26:01.251","4","0","79 57:47.723","0","0","0","0","2301","0","0","0","N","0","0","0","1","68B03","0","","2.0","","1","N","N","","0","","0","0","1","","0","Y","","1","0","0","0","0","0","0","2","0","1","","","","N","","","","","","","","","",""
"2015079938","0433","1","0","0","0","0","0","0","0","0","7","0","","02","8","2015","1","40.491359","-79.875543","0409","11","0","0","0","0","0","0","0","0","","0","0","0","","","1","","0","","40 29:28.893","","0","79 52:31.953","4","0","0","0","2112","0","0","0","N","0","0","0","1","68D02","1","","4.0","","1","N","N","","0","","0","0","0","","0","","","1","1","0","0","0","0","0","2","0","1","","","","N","","","","","","","","","",""
"2015079927","1750","2","0","0","0","0","0","0","0","0","1","0","","02","7","2015","4","40.42561","-79.906245","1741","11","0","0","0","0","0","0","0","0","1","0","0","0","","","2","","0","","40 25:32.195","4","0","79 54:22.483","4","0","0","0","2301","0","0","0","N","0","0","0","2","68B03","2","","1.0","","1","N","N","","0","","0","0","0","","0","N","","2","2","0","0","0","0","0","2","0","2","","","","N","","","","","","","","","",""
"2015084801","1219","1","0","0","0","0","0","0","0","0","7","0","","02","8","2015","7","40.561198","-80.202734","1217","11","0","0","0","0","0","0","1","0","1","0","0","0","","","0","","2","","40 33:40.312","2","0","80 12:09.842","9","0","0","0","2441","0","0","0","N","0","0","0","2","02441","0","","5.0","","1","N","N","","0","","0","0","0","","3","N","","1","0","0","0","0","0","2","2","0","1","","","","N","","","","","","","","","",""
"2015085559","1720","1","0","0","0","0","0","0","0","0","1","0","","02","8","2015","6","40.668464","-79.714762","1720","11","0","0","0","0","0","1","0","0","","0","0","0","","","0","","0","","40 40:06.471","","0","79 42:53.142","0","0","0","0","2106","0","0","0","N","0","0","0","2","68D02","0","","1.0","","1","N","N","","0","","0","0","1","","0","","","2","0","0","0","0","0","0","2","0","2","","","","N","","","","","","","","","",""
"2015087191","1731","1","0","0","0","0","0","0","0","0","1","0","","02","8","2015","6","40.57341","-80.036957","1729","11","0","0","0","0","0","2","0","0","","0","0","0","","","1","","2","","40 34:24.276","","0","80 02:13.045","8","0","0","0","2108","0","0","0","N","0","0","0","2","02108","0","","1.0","","1","N","N","","1","","0","0","0","","0","","","2","1","0","0","0","1","0","2","0","2","","","","N","","","","","","","","","",""
"2015084867","0538","2","0","0","0","0","0","0","0","0","6","0","","02","8","2015","4","40.373858","-79.892386","0537","11","0","0","0","0","0","0","0","1","","0","0","0","","","1","","0","","40 22:25.890","","0","79 53:32.590","8","0","0","0","2473","0","0","0","N","0","0","0","3","02473","0","","1.0","","1","N","N","","0","","0","0","0","","0","","","2","1","0","0","0","1","0","2","0","2","","","","N","","","","","","","","","",""
"2015086528","1815","0","0","0","0","0","0","0","0","0","8","0","","02","8","2015","6","40.470077","-80.076759","1815","11","0","0","0","0","0","0","0","0","","0","0","0","","","2","","0","","40 28:12.277","","7","80 04:36.332","3","0","0","0","2126","2","0","0","N","2","0","0","3","02126","0","","6.0","","1","N","N","","0","","2","0","0","","0","","","3","2","0","0","0","0","1","2","0","1","","","","N","","","","","","","","","",""
"2015085773","","1","0","0","1","0","0","0","0","0","8","0","","02","2","2015","3","40.425703","-79.949867","","11","0","0","0","0","0","0","1","0","","0","0","0","","","1","","1","","40 25:32.530","","0","79 56:59.521","3","0","0","0","2301","1","0","0","N","0","0","0","2","00000","0","","1.0","","1","N","N","","0","","1","0","0","","3","","","2","1","0","0","0","0","0","2","0","1","","","","N","","","","","","","","","",""
"2015085548","0342","0","0","0","0","0","0","0","0","0","7","0","","02","3","2015","7","40.561454","-79.800261","0324","11","0","0","0","0","0","0","0","0","","0","0","0","","","0","","0","","40 33:41.233","","0","79 48:00.940","0","0","0","0","2206","0","0","0","Y","0","0","0","1","68D02","0","","4.0","","9","N","N","","0","","0","0","1","","0","","","1","0","0","0","0","0","0","2","0","1","","","","N","","","","","","","","","",""
"2015085560","0334","0","0","0","0","0","0","0","0","0","7","0","","02","8","2015","7","40.562982","-79.799607","0307","11","0","0","0","0","0","0","0","0","2","0","0","0","","","1","","0","","40 33:46.736","1","0","79 47:58.584","4","0","0","0","2206","0","0","0","Y","0","0","0","1","68D02","1","","4.0","","1","N","N","","1","","0","0","0","","0","Y","","1","1","0","0","0","0","0","2","0","1","","","","N","","","","","","","","","",""
"2015087119","2039","2","0","0","0","0","0","0","0","0","1","0","55","02","8","2015","2","40.606583","-79.763797","2026","11","0","0","1","0","0","1","0","0","3","0","0","0","","","0","","0","","40 36:23.699","1","0","79 45:49.668","0","0","0","0","2464","0","0","0","Y","0","0","0","5","68D02","0","","1.0","","1","N","N","","0","","0","0","1","","8","Y","","3","0","0","0","0","0","0","2","0","3","","","Y","Y","4","2","N","N","N","Y","Y","N","Y",""
"2015085013","0605","1","0","0","0","0","0","0","0","0","0","0","","02","8","2015","3","40.445554","-79.998962","0600","11","0","0","0","0","0","1","0","0","2","0","0","0","","","0","","3","","40 26:43.993","4","0","79 59:56.263","0","0","0","0","2301","0","0","0","N","0","0","0","1","02301","0","","1.0","","9","N","N","","0","","0","0","0","","2","N","","1","0","0","0","0","0","0","2","0","1","","","","N","","","","","","","","","",""
"2015086592","1909","1","0","0","0","0","0","0","0","0","1","0","99","02","8","2015","5","40.447602","-79.714046","1902","11","0","0","0","1","0","0","0","0","","0","0","0","","","0","","0","","40 26:51.367","","0","79 42:50.564","0","0","0","0","2466","0","0","0","N","0","0","0","2","02466","0","","1.0","","1","N","N","","0","","0","0","1","","0","","","2","0","0","0","0","0","0","2","0","2","","","N","Y","3","1","","","N","","","","Y",""
"2015085550","0332","1","0","0","0","0","0","0","0","0","7","0","","02","7","2015","7","40.509576","-79.855434","0308","11","0","0","0","0","0","0","0","0","2","0","0","0","","","0","","0","","40 30:34.473","2","0","79 51:19.564","0","0","0","0","2112","0","0","0","Y","0","0","0","1","68D02","0","","4.0","","1","N","N","","0","","0","0","0","","0","N","","1","0","0","0","0","0","0","2","0","1","","","","N","","","","","","","","","",""
"2015086377","2202","2","0","0","0","0","0","0","0","0","5","0","","02","8","2015","6","40.421","-80.002944","2200","11","0","0","0","0","0","0","0","0","","0","0","0","","","0","","0","","40 25:15.600","","0","80 00:10.600","0","0","0","0","2301","0","0","0","N","0","0","0","1","02301","0","","1.0","","1","N","N","","0","","0","0","0","","0","","","2","0","0","0","0","0","0","2","0","2","","","","N","","","","","","","","","",""
"2015087120","2049","1","0","0","0","0","0","0","0","0","1","0","55","02","8","2015","2","40.603516","-79.766086","2026","11","0","0","0","0","0","0","0","0","1","0","0","0","","","0","","0","","40 36:12.659","1","0","79 45:57.911","0","0","0","0","2464","0","0","0","N","0","0","0","5","68D02","0","","1.0","","1","N","N","","0","","0","0","1","","8","N","","2","0","0","0","0","0","0","2","0","2","","","Y","Y","2","2","N","N","N","Y","Y","N","N",""
"2015085695","2107","0","0","0","0","0","0","0","0","0","99","0","40","02","8","2015","2","40.577056","-80.026379","2107","11","0","0","0","0","0","0","0","0","","0","0","0","","","0","","0","","40 34:37.401","","0","80 01:34.966","0","0","0","0","2108","0","0","0","Y","0","0","0","2","02108","0","","1.0","","1","N","N","","0","","0","0","1","","0","","","1","0","0","0","0","0","0","2","0","1","","","N","Y","4","1","N","N","N","N","N","N","N",""
"2015084791","0559","1","0","0","0","0","0","0","0","0","7","0","","02","8","2015","7","40.395417","-80.175594","0550","11","0","0","0","0","0","0","0","0","3","0","0","0","","","1","","0","","40 23:43.500","7","0","80 10:32.140","8","0","0","0","2119","0","0","0","N","0","0","0","1","02119","0","","2.0","","1","N","N","","0","","0","0","0","","0","Y","","1","1","0","0","0","1","0","1","0","1","","","","N","","","","","","","","","",""
"2015087121","1638","1","0","0","0","0","0","0","0","0","1","0","","02","8","2015","4","40.494071","-79.903206","1600","11","0","0","0","0","0","0","0","0","2","0","0","0","","","0","","0","","40 29:38.655","2","0","79 54:11.541","0","0","0","0","2401","0","0","0","N","0","0","0","6","68D02","0","","1.0","","1","N","N","","0","","0","0","2","","0","Y","","3","0","0","0","0","0","0","2","0","3","","","","N","","","","","","","","","",""
"2015085696","0223","1","0","0","0","0","0","0","0","0","7","0","","02","8","2015","4","40.569267","-80.049642","0219","11","0","0","0","0","0","0","0","0","2","0","0","0","","","0","","0","","40 34:09.360","1","0","80 02:58.710","9","0","0","0","2108","0","0","0","N","0","0","0","1","02108","0","","4.0","","1","N","N","","0","","0","0","0","","0","N","","1","0","0","0","0","0","1","2","0","1","","","","N","","","","","","","","","",""
"2015085778","0349","1","0","0","0","0","0","0","0","0","7","0","","02","8","2015","1","40.391872","-79.884736","0349","11","0","0","0","0","0","0","0","0","","0","0","0","","","1","","0","","40 23:30.740","","0","79 53:05.050","4","0","0","0","2473","0","0","0","N","0","0","0","1","02473","1","","4.0","","1","N","N","","0","","0","0","0","","0","","","1","1","0","0","0","0","0","2","0","1","","","","N","","","","","","","","","",""
"2015085089","1902","2","0","0","0","0","0","0","0","0","1","0","","02","8","2015","3","40.532693","-80.188206","1900","11","0","0","0","0","0","0","0","0","","0","0","0","","","0","","0","","40 31:57.696","","3","80 11:17.542","0","0","0","0","2458","0","0","0","N","0","0","0","2","02458","0","","1.0","","1","N","N","","0","","0","0","0","","0","","","2","0","0","0","0","0","0","2","0","2","","","","N","","","","","","","","","",""
"2015085552","1924","0","0","0","0","0","0","0","0","0","7","0","","02","7","2015","4","40.550108","-79.819116","1858","11","0","0","0","0","0","0","0","0","1","0","0","0","","","1","","0","","40 33:00.388","2","0","79 49:08.817","4","0","0","0","2208","0","0","0","N","0","0","0","1","68D02","1","","4.0","","1","N","N","","1","","0","0","0","","0","N","","1","1","0","0","0","0","0","2","0","1","","","","N","","","","","","","","","",""
"2015086461","0425","2","0","0","0","0","0","0","0","0","4","0","","02","8","2015","7","40.460997","-79.933311","0420","11","0","0","0","0","0","0","0","0","","0","0","0","","","4","","1","","40 27:39.589","","0","79 55:59.919","3","0","0","0","2301","0","0","0","N","0","0","0","9","02301","0","","1.0","","1","N","N","","0","","2","0","1","","3","","","3","4","5","0","0","2","0","2","0","3","","","","N","","","","","","","","","",""
"2015085710","0630","2","0","0","0","0","0","0","0","0","2","0","","02","8","2015","4","40.478908","-80.043019","0626","11","0","0","0","0","0","1","0","0","1","0","0","0","","","1","","1","","40 28:44.067","4","0","80 02:34.868","4","0","0","0","2301","0","0","0","N","0","0","0","1","02301","1","","1.0","","1","N","N","","0","","0","0","0","","0","N","","2","1","0","0","0","0","0","2","0","2","","","","N","","","","","","","","","",""
"2015084323","1057","0","0","0","0","0","0","0","0","0","5","1","","02","8","2015","2","40.450758","-80.002911","1048","11","0","0","0","0","0","2","0","0","2","0","1","0","","","0","","5","","40 27:02.729","1","0","80 00:10.481","0","0","0","0","2301","0","0","0","N","0","0","0","4","02301","0","","1.0","","1","N","N","","0","","0","0","0","","2","Y","","2","0","0","0","0","0","0","2","1","2","","","","N","","","","","","","","","",""
"2015086610","1512","1","0","0","0","0","0","0","0","0","4","0","","02","8","2015","5","40.284633","-79.844065","1512","11","0","0","0","0","0","1","0","0","1","0","0","0","","","1","","2","","40 17:04.679","7","0","79 50:38.633","8","0","0","0","2443","0","0","0","N","0","0","0","2","02443","0","","1.0","","1","N","N","","0","","0","0","0","","0","Y","","2","1","0","0","0","1","0","1","1","2","","","","N","","","","","","","","","",""
"2015085712","0921","2","0","0","0","0","0","0","0","0","4","0","","02","8","2015","3","40.5034","-80.025118","0915","11","0","0","0","0","0","1","0","0","1","0","0","0","","","0","","1","","40 30:12.241","2","0","80 01:30.426","0","0","0","0","2116","0","0","0","N","0","0","0","2","02116","0","","1.0","","1","N","N","","0","","0","0","0","","2","N","","2","0","0","0","0","0","0","2","0","2","","","","N","","","","","","","","","",""
"2015084339","2313","0","0","0","0","0","0","0","0","0","7","0","35","02","8","2015","1","40.591192","-80.036908","2313","11","0","0","0","0","0","0","0","0","","0","0","0","","","0","","2","","40 35:28.291","","0","80 02:12.868","9","0","0","0","2108","0","0","0","N","0","0","0","1","02108","0","","5.0","","1","N","N","","0","","0","0","1","","0","","","1","0","0","0","0","0","1","2","0","1","","","N","Y","4","1","N","N","N","N","N","N","Y",""
"2015085629","0715","2","0","0","0","0","0","0","0","0","4","0","","02","8","2015","5","40.435113","-80.0505","0710","11","0","0","0","0","0","0","0","0","","0","0","0","","","0","","2","","40 26:06.408","","0","80 03:01.801","0","0","0","0","2301","0","0","0","N","0","0","0","2","02301","0","","1.0","","1","N","N","","0","","0","0","0","","3","","","2","0","0","0","0","0","0","2","0","2","","","","N","","","","","","","","","",""
"2015086536","2200","1","0","0","0","0","0","0","0","0","1","0","","02","8","2015","6","40.478067","-80.042494","2150","11","0","0","0","0","0","0","0","0","","0","0","0","","","0","","0","","40 28:41.042","","0","80 02:32.977","0","0","0","0","2301","0","0","0","N","0","0","0","2","02301","0","","1.0","","1","N","N","","0","","0","0","1","","0","","","2","0","0","0","0","0","0","2","0","2","","","","N","","","","","","","","","",""