"CRN","ARRIVAL_TM","AUTOMOBILE_COUNT","BELTED_DEATH_COUNT","BELTED_SUSP_SERIOUS_INJ_COUNT","BICYCLE_COUNT","BICYCLE_DEATH_COUNT","BICYCLE_SUSP_SERIOUS_INJ_COUNT","BUS_COUNT","CHLDPAS_DEATH_COUNT","CHLDPAS_SUSP_SERIOUS_INJ_COUNT","COLLISION_TYPE","COMM_VEH_COUNT","CONS_ZONE_SPD_LIM","COUNTY","CRASH_MONTH","CRASH_YEAR","DAY_OF_WEEK","DEC_LATITUDE","DEC_LONGITUDE","DISPATCH_TM","DISTRICT","DRIVER_COUNT_16YR","DRIVER_COUNT_17YR","DRIVER_COUNT_18YR","DRIVER_COUNT_19YR","DRIVER_COUNT_20YR","DRIVER_COUNT_50_64YR","DRIVER_COUNT_65_74YR","DRIVER_COUNT_75PLUS","EST_HRS_CLOSED","FATAL_COUNT","HEAVY_TRUCK_COUNT","HORSE_BUGGY_COUNT","HOUR_OF_DAY","ILLUMINATION","INJURY_COUNT","INTERSECTION_RELATED","INTERSECT_TYPE","LANE_CLOSED","LATITUDE","LN_CLOSE_DIR","LOCATION_TYPE","LONGITUDE","MAX_SEVERITY_LEVEL","MCYCLE_DEATH_COUNT","MCYCLE_SUSP_SERIOUS_INJ_COUNT","MOTORCYCLE_COUNT","MUNICIPALITY","NONMOTR_COUNT","NONMOTR_DEATH_COUNT","NONMOTR_SUSP_SERIOUS_INJ_COUNT","NTFY_HIWY_MAINT","PED_COUNT","PED_DEATH_COUNT","PED_SUSP_SERIOUS_INJ_COUNT","PERSON_COUNT","POLICE_AGCY","POSSIBLE_INJ_COUNT","RDWY_SURF_TYPE_CD","RELATION_TO_ROAD","ROADWAY_CLEARED","ROAD_CONDITION","SCH_BUS_IND","SCH_ZONE_IND","SECONDARY_CRASH","SMALL_TRUCK_COUNT","SPEC_JURIS_CD","SUSP_MINOR_INJ_COUNT","SUSP_SERIOUS_INJ_COUNT","SUV_COUNT","TCD_FUNC_CD","TCD_TYPE","TFC_DETOUR_IND","TIME_OF_DAY","TOTAL_UNITS","TOT_INJ_COUNT","UNBELTED_OCC_COUNT","UNB_DEATH_COUNT","UNB_SUSP_SERIOUS_INJ_COUNT","UNK_INJ_DEG_COUNT","UNK_INJ_PER_COUNT","URBAN_RURAL","VAN_COUNT","VEHICLE_COUNT","WEATHER1","WEATHER2","WORKERS_PRES","WORK_ZONE_IND","WORK_ZONE_LOC","WORK_ZONE_TYPE","WZ_CLOSE_DETOUR","WZ_FLAGGER","WZ_LAW_OFFCR_IND","WZ_LN_CLOSURE","WZ_MOVING","WZ_OTHER","WZ_SHLDER_MDN","WZ_WORKERS_INJ_KILLED"
"2015082612","0320","1","0","0","0","0","0","0","0","0","7","0","","02","7","2015","1","40.409068","-79.842599","0315","11","0","0","0","0","0","0","0","0","","0","0","0","","","0","","0","","40 24:32.644","","0","79 50:33.355","0","0","0","0","2449","0","0","0","N","0","0","0","1","02449","0","","4.0","","1","N","N","","0","","0","0","0","","0","","","1","0","0","0","0","0","0","2","0","1","","","","N","","","","","","","","","",""
"2015082758","1720","0","0","0","0","0","0","0","0","0","7","1","","02","8","2015","4","40.497392","-80.258703","1719","11","0","0","0","0","0","1","0","0","","0","1","0","","","0","","0","","40 29:50.610","","0","80 15:31.330","0","0","0","0","2203","0","0","0","N","0","0","0","1","02501","0","","1.0","","1","N","N","","0","","0","0","0","","0","","","1","0","0","0","0","0","0","2","0","1","","","","N","","","","","","","","","",""
"2015083574","0025","1","0","0","0","0","0","0","0","0","7","0","","02","8","2015","7","40.625838","-80.057045","0023","11","0","0","1","0","0","0","0","0","2","0","0","0","","","1","","0","","40 37:33.018","4","0","80 03:25.362","4","0","0","0","2216","0","0","0","N","0","0","0","1","02505","1","","5.0","","1","N","N","","0","","0","0","0","","0","N","","1","1","1","0","0","0","0","2","0","1","","","","N","","","","","","","","","",""
"2015081827","1712","3","0","0","0","0","0","0","0","0","1","0","40","02","8","2015","5","40.581726","-80.029314","1652","11","0","0","0","1","0","0","0","0","","0","0","0","","","0","","0","","40 34:54.212","","0","80 01:45.532","0","0","0","0","2108","0","0","0","N","0","0","0","8","02108","0","","1.0","","1","N","N","","0","","0","0","0","","0","","","3","0","0","0","0","0","0","2","0","3","","","N","Y","4","1","N","N","N","Y","N","N","N",""
"2015082546","1242","0","0","0","0","0","0","0","0","0","4","0","","02","8","2015","3","","","1214","11","0","0","0","0","0","1","0","0","3","0","0","0","","","0","","2","","40 26:9.483","4","0","79 58:53.5","9","0","0","0","2301","0","0","0","N","0","0","0","2","02301","0","","1.0","","1","N","N","","1","","0","0","1","","3","N","","2","0","0","0","0","0","1","2","0","2","","","","N","","","","","","","","","",""
"2015083355","1610","0","0","0","0","0","0","0","0","0","7","0","","02","8","2015","5","40.376064","-80.088903","1607","11","0","0","0","0","0","0","0","0","2","0","0","0","","","1","","0","","40 22:33.830","6","0","80 05:20.050","2","0","0","0","2117","0","0","0","N","0","0","0","1","02117","0","","2.0","","1","N","N","","0","","0","1","1","","0","Y","","1","1","1","0","1","0","0","2","0","1","","","","N","","","","","","","","","",""
"2015082629","2159","2","0","0","0","0","0","0","0","0","2","0","","02","8","2015","5","40.615144","-79.932761","2153","11","0","0","0","0","0","0","0","0","3","0","0","0","","","1","","0","","40 36:54.518","7","0","79 55:57.941","3","0","0","0","2207","0","0","0","N","0","0","0","2","02207","0","","1.0","","1","N","N","","1","","1","0","0","","0","Y","","3","1","0","0","0","0","0","2","0","3","","","","N","","","","","","","","","",""
"2015083356","1840","0","0","0","0","0","0","0","0","0","4","0","","02","8","2015","5","40.593379","-79.947835","1837","11","0","0","0","0","0","2","0","0","2","0","0","0","","","0","","0","","40 35:36.165","1","0","79 56:52.206","0","0","0","0","2207","0","0","0","N","0","0","0","2","02207","0","","1.0","","1","N","N","","1","","0","0","1","","0","N","","2","0","0","0","0","0","0","2","0","2","","","","N","","","","","","","","","",""
"2015083564","0256","1","0","0","0","0","0","0","0","0","7","0","","02","8","2015","3","40.490023","-80.009904","0256","11","0","0","0","0","0","0","0","0","2","0","0","0","","","0","","6","","40 29:24.084","2","8","80 00:35.654","9","0","0","0","2301","0","0","0","Y","0","0","0","4","02116","0","","1.0","","9","N","N","","0","","0","0","0","","0","N","","1","0","2","0","0","0","1","2","0","1","","","","N","","","","","","","","","",""
"2015082774","2200","1","0","0","0","0","0","0","0","0","4","0","","02","8","2015","7","40.544715","-80.031686","2152","11","0","0","0","0","1","0","0","1","","0","0","0","","","1","","2","","40 32:40.974","","0","80 01:54.069","8","0","0","0","2116","0","0","0","N","0","0","0","2","02116","0","","1.0","","1","N","N","","1","","0","0","0","","3","","","2","1","0","0","0","1","0","2","0","2","","","","N","","","","","","","","","",""
"2015084126","2055","2","0","0","0","0","0","0","0","0","1","0","","02","8","2015","1","40.44502","-79.828207","2046","11","0","0","0","0","0","0","1","0","","0","0","0","","","0","","2","","40 26:42.073","","0","79 49:41.545","0","0","0","0","2113","0","0","0","N","0","0","0","5","02113","0","","1.0","","1","N","N","","0","","0","0","0","","2","","","2","0","0","0","0","0","0","2","0","2","","","","N","","","","","","","","","",""
"2015083565","0211","0","0","0","0","0","0","0","0","0","7","0","","02","8","2015","7","40.437543","-79.998089","0206","11","0","0","0","0","0","0","0","0","1","0","0","0","","","0","","1","","40 26:15.154","1","0","79 59:53.120","0","0","0","0","2301","0","0","0","N","0","0","0","1","02301","0","","3.0","","1","N","N","","0","","0","0","1","","2","N","","1","0","0","0","0","0","0","2","0","1","","","","N","","","","","","","","","",""
"2015082617","1815","1","0","0","0","0","0","0","0","0","1","0","","02","8","2015","2","40.475449","-79.707354","1814","11","0","0","0","0","0","0","0","0","","0","0","0","","","0","","1","","40 28:31.616","","0","79 42:26.476","9","0","0","0","2466","0","0","0","N","0","0","0","4","02466","0","","1.0","","1","N","N","","0","","0","0","1","","2","","","2","0","0","0","0","0","1","2","0","2","","","","N","","","","","","","","","",""
"2015083566","0655","1","0","0","0","0","0","0","0","0","1","0","","02","8","2015","6","40.449706","-80.025099","0650","11","0","0","0","0","0","0","0","0","1","0","0","0","","","0","","1","","40 26:58.940","1","3","80 01:30.356","0","0","0","0","2301","0","0","0","N","0","0","0","2","02301","0","","1.0","","1","N","N","","1","","0","0","0","","2","Y","","2","0","0","0","0","0","0","2","0","2","","","","N","","","","","","","","","",""
"2015081262","1231","1","0","0","0","0","0","0","0","0","4","1","","02","8","2015","4","40.506285","-80.22324","1228","11","0","0","0","0","0","1","0","0","1","0","1","0","","","2","","2","","40 30:22.625","1","0","80 13:23.665","3","0","0","0","2213","0","0","0","N","0","0","0","3","02213","1","","1.0","","1","N","N","","1","","1","0","0","","2","N","","3","2","0","0","0","0","0","2","0","3","","","","N","","","","","","","","","",""
"2015083360","1407","3","0","0","0","0","0","0","0","0","4","0","","02","8","2015","5","40.395822","-80.066174","1404","11","0","0","0","0","0","1","0","0","1","0","0","0","","","3","","0","","40 23:44.959","2","7","80 03:58.226","3","0","0","0","2117","0","0","0","N","0","0","0","5","02117","1","","1.0","","1","N","N","","0","","1","0","1","","2","N","","4","3","0","0","0","1","0","2","0","4","","","","N","","","","","","","","","",""
"2015083580","1459","1","0","0","0","0","0","0","0","0","6","0","","02","8","2015","5","40.386268","-80.048193","1456","11","0","0","0","0","0","2","0","0","","0","0","0","","","0","","2","","40 23:10.564","","0","80 02:53.494","0","0","0","0","2109","0","0","0","N","0","0","0","2","02109","0","","1.0","","1","N","N","","0","","0","0","1","","0","","","2","0","0","0","0","0","0","2","0","2","","","","N","","","","","","","","","",""
"2015082636","1634","1","0","0","0","0","0","0","0","0","1","0","","02","8","2015","4","40.34025","-79.939","1630","11","0","0","0","0","0","0","0","0","2","0","0","0","","","0","","0","","40 20:24.900","3","0","79 56:20.400","0","0","0","0","2473","0","0","0","N","0","0","0","4","02473","0","","1.0","","1","N","N","","0","","0","0","1","","0","N","","2","0","0","0","0","0","0","2","0","2","","","","N","","","","","","","","","",""
"2015082765","2132","2","0","0","0","0","0","0","0","0","2","0","","02","8","2015","4","40.442181","-79.994981","2128","11","0","0","0","0","1","1","0","0","","0","0","0","","","0","","1","","40 26:31.851","","0","79 59:41.931","0","0","0","0","2301","0","0","0","N","0","0","0","2","02301","0","","1.0","","1","N","N","","0","","0","0","0","","2","","","2","0","0","0","0","0","0","2","0","2","","","","N","","","","","","","","","",""
"2015083569","0645","1","0","0","0","0","0","0","0","0","4","0","","02","8","2015","1","40.476873","-80.066015","0642","11","0","0","0","0","0","1","0","0","","0","0","0","","","0","","2","","40 28:36.744","","0","80 03:57.655","0","0","0","0","2122","0","0","0","N","0","0","0","1","02122","0","","4.0","","1","N","N","","0","","0","0","1","","0","","","2","0","0","0","0","0","0","2","0","2","","","","N","","","","","","","","","",""
"2015082903","0712","2","0","0","0","0","0","0","0","0","4","0","","02","8","2015","5","40.383575","-79.966996","0710","11","0","0","0","0","0","0","0","0","1","0","0","0","","","0","","1","","40 23:00.870","1","0","79 58:01.185","0","0","0","0","2403","0","0","0","N","0","0","0","2","02403","0","","1.0","","1","N","N","","0","","0","0","0","","3","N","","2","0","0","0","0","0","0","2","0","2","","","","N","","","","","","","","","",""
"2015083728","0904","1","0","0","1","0","0","0","0","0","8","0","","02","8","2015","5","40.434927","-79.754791","0859","11","0","0","0","0","0","0","0","0","","0","0","0","","","1","","1","","40 26:05.738","","0","79 45:17.248","3","0","0","0","2446","1","0","0","N","0","0","0","2","02446","0","","1.0","","1","N","N","","0","","1","0","0","","3","","","2","1","0","0","0","0","0","2","0","1","","","","N","","","","","","","","","",""
"2015081496","0740","1","0","0","0","0","0","0","0","0","4","0","","02","8","2015","1","40.455567","-79.897032","0730","11","0","0","0","0","0","1","1","0","","0","0","0","","","0","","1","","40 27:20.041","","0","79 53:49.315","0","0","0","0","2301","0","0","0","N","0","0","0","2","02301","0","","1.0","","1","N","N","","0","","0","0","1","","2","","","2","0","0","0","0","0","0","2","0","2","","","","N","","","","","","","","","",""
"2015081357","0755","0","0","0","0","0","0","0","0","0","7","0","","02","8","2015","6","40.424769","-80.092678","0747","11","0","0","0","1","0","0","0","0","","0","0","0","","","1","","0","","40 25:29.170","","0","80 05:33.640","4","0","0","0","2117","0","0","0","","0","0","0","1","02117","1","","2.0","","1","N","N","","0","","0","0","1","","0","","","1","1","0","0","0","0","0","2","0","1","","","","N","","","","","","","","","",""
"2015083585","1034","1","0","0","0","0","0","1","0","0","4","1","","02","8","2015","6","40.515772","-80.022472","1019","11","0","0","0","0","0","2","0","0","","0","0","0","","","0","","0","","40 30:56.780","","7","80 01:20.900","0","0","0","0","2474","0","0","0","N","0","0","0","2","02503","0","","1.0","","1","N","N","","0","","0","0","0","","0","","","2","0","1","0","0","0","0","2","0","2","","","","N","","","","","","","","","",""
"2015081360","1218","0","0","0","0","0","0","0","0","0","5","1","","02","8","2015","7","40.441931","-79.991882","1214","11","0","0","0","0","0","0","0","0","","0","0","0","","","0","","5","","40 26:30.950","","0","79 59:30.774","0","0","0","0","2301","0","0","0","N","0","0","0","2","02301","0","","1.0","","1","N","N","","1","","0","0","1","","2","","","2","0","0","0","0","0","0","2","0","2","","","","N","","","","","","","","","",""
"2015090021","1057","1","0","0","0","0","0","0","0","0","1","0","","02","9","2015","3","40.422225","-80.191892","1052","11","0","2","0","0","0","0","0","0","","0","0","0","","","2","","0","","40 25:20.011","","0","80 11:30.811","4","0","0","0","2214","0","0","0","N","0","0","0","7","02214","2","","1.0","","1","N","N","","0","","0","0","1","","2","","","2","2","0","0","0","0","0","2","0","2","","","","N","","","","","","","","","",""
"2015082282","1706","2","0","0","0","0","0","0","0","0","1","0","","02","7","2015","3","40.436473","-79.736178","1700","11","0","0","0","0","0","0","0","0","","0","0","0","","","1","","0","","40 26:11.303","","0","79 44:10.242","4","0","0","0","2446","0","0","0","N","0","0","0","3","02446","1","","1.0","","1","N","N","","0","","0","0","1","","0","","","3","1","0","0","0","0","0","2","0","3","","","","N","","","","","","","","","",""
"2015089185","0655","1","0","0","0","0","0","0","0","0","2","1","","02","8","2015","1","40.437076","-80.040029","0619","11","0","0","0","0","0","0","0","0","4","0","1","0","","","2","","0","","40 26:13.473","6","0","80 02:24.104","8","0","0","0","2301","0","0","0","N","0","0","0","3","02301","0","","1.0","","9","N","N","","0","","0","0","0","","0","N","","2","2","0","0","0","2","0","2","0","2","","","","N","","","","","","","","","",""
"2015089186","0641","2","0","0","0","0","0","0","0","0","6","0","","02","8","2015","1","40.478397","-79.952372","0630","11","0","0","0","0","0","0","0","0","","0","0","0","","","0","","0","","40 28:42.230","","0","79 57:08.540","9","0","0","0","2301","0","0","0","N","0","0","0","1","02301","0","","6.0","","9","N","N","","0","","0","0","1","","0","","","3","0","0","0","0","0","1","2","0","3","","","","N","","","","","","","","","",""
"2015082056","0747","2","0","0","0","0","0","0","0","0","1","0","","02","8","2015","4","40.34837","-79.944808","0744","11","0","0","0","0","0","1","0","0","1","0","0","0","","","1","","1","","40 20:54.133","4","0","79 56:41.310","4","0","0","0","2473","0","0","0","N","0","0","0","3","02473","1","","1.0","","1","N","N","","0","","0","0","1","","2","N","","3","1","1","0","0","0","0","2","0","3","","","","N","","","","","","","","","",""
"2015082928","1015","2","0","0","0","0","0","0","0","0","1","0","","02","8","2015","7","40.478908","-80.043019","1015","11","0","0","0","0","0","1","0","0","","0","0","0","","","0","","1","","40 28:44.067","","0","80 02:34.868","0","0","0","0","2301","0","0","0","N","0","0","0","4","02301","0","","1.0","","1","N","N","","1","","0","0","0","","2","","","3","0","0","0","0","0","0","2","0","3","","","","N","","","","","","","","","",""
"2015082284","1721","1","0","0","0","0","0","0","0","0","4","0","","02","8","2015","6","40.416153","-79.847905","1718","11","0","0","0","0","0","2","0","0","2","0","0","0","","","1","","0","","40 24:58.151","3","0","79 50:52.457","4","0","0","0","2431","0","0","0","N","0","0","0","3","02431","1","","1.0","","1","N","N","","1","","0","0","1","","0","N","","3","1","1","0","0","0","0","2","0","3","","","","N","","","","","","","","","",""
"2015083589","2127","1","0","0","0","0","0","0","0","0","7","0","","02","7","2015","3","40.427831","-79.949532","2109","11","0","0","0","0","0","0","0","0","2","0","0","0","","","0","","0","","40 25:40.193","4","0","79 56:58.315","0","0","0","0","2301","0","0","0","N","0","0","0","1","68B03","0","","2.0","","1","N","N","","0","","0","0","0","","0","N","","1","0","0","0","0","0","0","2","0","1","","","","N","","","","","","","","","",""
"2015082218","0835","2","0","0","0","0","0","0","0","0","4","0","","02","8","2015","3","40.452967","-79.919886","0830","11","0","0","0","1","0","0","0","1","3","0","0","0","","","2","","0","","40 27:10.680","6","0","79 55:11.590","3","0","0","0","2301","0","0","0","N","0","0","0","2","02301","0","","1.0","","1","N","N","","0","","2","0","0","","3","N","","2","2","0","0","0","0","0","2","0","2","","","","N","","","","","","","","","",""
"2015083795","1446","1","0","0","0","0","0","0","0","0","1","0","","02","8","2015","7","40.529672","-79.952429","1441","11","0","0","0","0","0","1","0","0","5","0","0","0","","","3","","0","","40 31:46.819","5","0","79 57:08.744","4","0","0","0","2118","0","0","0","N","0","0","0","4","02118","1","","1.0","","1","N","N","","0","","0","0","0","","2","Y","","2","3","0","0","0","2","0","2","1","2","","","","N","","","","","","","","","",""
"2015089123","1947","1","0","0","0","0","0","0","0","0","7","0","","02","8","2015","6","40.51018","-79.894334","1945","11","1","0","0","0","0","0","0","0","","0","0","0","","","0","","0","","40 30:36.647","","0","79 53:39.602","0","0","0","0","2432","0","0","0","N","0","0","0","1","02432","0","","2.0","","1","N","N","","0","","0","0","0","","0","","","1","0","0","0","0","0","0","2","0","1","","","","N","","","","","","","","","",""
"2015089189","1507","2","0","0","0","0","0","0","0","0","5","0","","02","8","2015","1","40.457668","-79.917742","1503","11","0","0","0","0","0","0","1","0","","0","0","0","","","0","","0","","40 27:27.605","","0","79 55:03.871","0","0","0","0","2301","0","0","0","N","0","0","0","2","02301","0","","1.0","","1","N","N","","0","","0","0","0","","0","","","2","0","0","0","0","0","0","2","0","2","","","","N","","","","","","","","","",""
"2015090027","1400","1","0","0","0","0","0","0","0","0","4","0","","02","8","2015","4","40.570964","-79.798592","1400","11","0","0","0","0","0","0","1","0","","0","0","0","","","0","","0","","40 34:15.470","","7","79 47:54.930","0","0","0","0","2206","0","0","0","N","0","0","0","2","02206","0","","1.0","","1","N","N","","0","","0","0","0","","0","","","2","0","0","0","0","0","0","2","1","2","","","","N","","","","","","","","","",""
"2015083800","1714","2","0","0","0","0","0","0","0","0","2","0","","02","8","2015","7","40.4804","-79.954446","1712","11","0","0","0","0","0","0","0","0","","0","0","0","","","1","","1","","40 28:49.439","","0","79 57:16.004","4","0","0","0","2301","0","0","0","N","0","0","0","3","02301","1","","1.0","","1","N","N","","0","","0","0","0","","2","","","2","1","0","0","0","0","0","2","0","2","","","","N","","","","","","","","","",""
"2015090028","1916","0","0","0","0","0","0","0","0","0","4","0","","02","8","2015","7","40.3872","-80.054788","1916","11","0","0","0","0","1","0","0","0","2","0","0","0","","","0","","3","","40 23:13.921","2","0","80 03:17.237","0","0","0","0","2109","0","0","0","N","0","0","0","2","02109","0","","1.0","","1","N","N","","0","","0","0","2","","2","N","","2","0","0","0","0","0","0","2","0","2","","","","N","","","","","","","","","",""
"2015083738","1525","1","0","0","0","0","0","0","0","0","4","0","","02","8","2015","7","40.271744","-79.843109","1522","11","0","0","0","0","0","2","0","0","","0","0","0","","","1","","2","","40 16:18.278","","0","79 50:35.191","8","0","0","0","2105","0","0","0","N","0","0","0","4","02105","0","","1.0","","1","N","N","","0","","0","0","1","","3","","","2","1","0","0","0","1","0","1","0","2","","","","N","","","","","","","","","",""
"2015082999","1528","0","0","0","0","0","0","0","0","0","8","0","","02","8","2015","3","40.382761","-80.044006","1528","11","0","0","0","0","0","1","0","0","","0","0","0","","","1","","0","","40 22:57.939","","0","80 02:38.421","4","0","0","0","2109","1","0","0","N","1","0","0","2","02109","1","","1.0","","1","N","N","","1","","0","0","0","","0","","","2","1","0","0","0","0","0","2","0","1","","","","N","","","","","","","","","",""
"2015083011","1602","1","0","0","0","0","0","0","0","0","1","0","","02","8","2015","6","40.43387","-79.869364","1602","11","0","0","0","0","0","2","0","0","","0","0","0","","","4","","0","","40 26:01.932","","0","79 52:09.712","4","0","0","0","2478","0","0","0","N","0","0","0","9","68B03","4","","1.0","","1","N","N","","0","","0","0","3","","0","","","4","4","0","0","0","0","0","2","0","4","","","","N","","","","","","","","","",""
"2015089125","2144","1","0","0","0","0","0","0","0","0","7","0","","02","8","2015","6","40.498203","-79.897156","2139","11","0","0","0","0","0","0","0","0","2","0","0","0","","","0","","0","","40 29:53.530","2","0","79 53:49.760","0","0","0","0","2432","0","0","0","N","0","0","0","1","02432","0","","5.0","","1","N","N","","0","","0","0","0","","0","N","","1","0","0","0","0","0","0","2","0","1","","","","N","","","","","","","","","",""
"2015090029","1601","1","0","0","0","0","0","0","0","0","4","0","","02","8","2015","6","40.458876","-80.17216","1556","11","0","0","0","0","0","0","0","0","2","0","0","0","","","0","","1","","40 27:31.955","1","0","80 10:19.776","0","0","0","0","2213","0","0","0","N","0","0","0","2","02213","0","","1.0","","1","N","N","","0","","0","0","0","","2","N","","2","0","0","0","0","0","0","2","1","2","","","","N","","","","","","","","","",""
"2015081369","1722","1","0","0","0","0","0","0","0","0","7","0","","02","8","2015","6","40.379959","-79.911525","1720","11","0","0","0","0","0","0","0","1","1","0","0","0","","","0","","0","","40 22:47.852","5","0","79 54:41.490","0","0","0","0","2448","0","0","0","N","0","0","0","1","02448","0","","4.0","","1","N","N","","0","","0","0","0","","0","Y","","1","0","0","0","0","0","0","2","0","1","","","","N","","","","","","","","","",""
"2015082224","1609","0","0","0","0","0","0","0","0","0","1","1","","02","8","2015","6","40.630963","-79.980813","1606","11","0","0","0","0","0","1","0","0","1","0","1","0","","","0","","0","","40 37:51.468","4","0","79 58:50.926","0","0","0","0","2217","0","0","0","N","0","0","0","2","02505","0","","1.0","","1","N","N","","1","","0","0","0","","0","N","","2","0","0","0","0","0","0","2","0","2","","","","N","","","","","","","","","",""
"2015083803","2034","2","0","0","0","0","0","0","0","0","4","0","","02","8","2015","7","40.458011","-79.947399","2023","11","0","0","0","0","0","1","0","0","","0","0","0","","","0","","1","","40 27:28.839","","0","79 56:50.636","0","0","0","0","2301","0","0","0","N","0","0","0","4","02301","0","","1.0","","1","N","N","","0","","0","0","0","","3","","","2","0","0","0","0","0","0","2","0","2","","","","N","","","","","","","","","",""
"2015083012","2240","1","0","0","0","0","0","0","0","0","0","0","","02","8","2015","7","40.441996","-80.310514","2226","11","0","0","0","0","0","0","0","0","","0","0","0","","","1","","0","","40 26:31.184","","0","80 18:37.849","8","0","0","0","2203","0","0","0","N","0","0","0","1","68B03","0","","3.0","","1","N","N","","0","","0","0","0","","0","","","1","1","0","0","0","1","0","1","0","1","","","","N","","","","","","","","","",""
"2015089128","1509","1","0","0","0","0","0","0","0","0","4","0","","02","8","2015","5","40.424985","-79.928092","1509","11","0","0","0","0","0","1","0","0","1","0","0","0","","","0","","1","","40 25:29.946","1","0","79 55:41.131","0","0","0","0","2301","0","0","0","N","0","0","0","5","02301","0","","1.0","","1","N","N","","0","","0","0","1","","3","N","","2","0","0","0","0","0","0","2","0","2","","","","N","","","","","","","","","",""
"2015089260","1901","0","0","0","0","0","0","0","0","0","7","0","","02","8","2015","7","40.520823","-80.025258","1900","11","1","0","0","0","0","0","0","0","","0","0","0","","","2","","1","","40 31:14.962","","0","80 01:30.930","4","0","0","0","2116","0","0","0","N","0","0","0","4","02116","2","","2.0","","1","N","N","","0","","0","0","1","","2","","","1","2","0","0","0","0","0","2","0","1","","","","N","","","","","","","","","",""
"2015082935","1644","1","0","0","0","0","0","0","0","0","1","0","","02","8","2015","4","40.467092","-80.13765","1640","11","0","0","0","0","0","1","0","0","1","0","0","0","","","0","","0","","40 28:01.530","2","0","80 08:15.540","0","0","0","0","2115","0","0","0","N","0","0","0","3","02115","0","","1.0","","1","N","N","","0","","0","0","2","","0","N","","3","0","0","0","0","0","0","2","0","3","","","","N","","","","","","","","","",""
"2015083013","1556","1","0","0","0","0","0","0","0","0","1","0","","02","8","2015","1","40.426083","-79.912618","1536","11","0","0","1","1","0","0","0","0","1","0","0","0","","","1","","0","","40 25:33.899","4","4","79 54:45.424","4","0","0","0","2301","0","0","0","N","0","0","0","8","68B03","1","","1.0","","1","N","N","","0","","0","0","0","","0","N","","2","1","0","0","0","0","0","2","1","2","","","","N","","","","","","","","","",""
"2015087674","1957","1","0","0","0","0","0","0","0","0","2","0","","02","8","2015","3","40.459193","-79.970767","1955","11","0","0","0","0","0","1","0","0","1","0","0","0","","","1","","1","","40 27:33.094","4","0","79 58:14.761","4","0","0","0","2301","0","0","0","N","0","0","0","3","02301","1","","1.0","","1","N","N","","0","","0","0","1","","2","N","","2","1","0","0","0","0","0","2","0","2","","","","N","","","","","","","","","",""
"2015088370","0816","0","0","0","0","0","0","0","0","0","1","0","","02","8","2015","3","40.495892","-79.868829","0751","11","0","0","0","0","0","0","0","0","","0","0","0","","","1","","0","","40 29:45.211","","0","79 52:07.784","4","0","0","0","2112","0","0","0","N","0","0","0","2","68D02","1","","1.0","","1","N","N","","1","","0","0","1","","0","","","2","1","0","0","0","0","0","2","0","2","","","","N","","","","","","","","","",""
"2015083742","1539","3","0","0","0","0","0","0","0","0","1","0","","02","8","2015","5","40.437799","-80.004078","1529","11","0","0","0","0","0","1","0","0","","0","0","0","","","0","","0","","40 26:16.075","","0","80 00:14.679","0","0","0","0","2301","0","0","0","N","0","0","0","6","68B03","0","","1.0","","1","N","N","","0","","0","0","0","","0","","","3","0","0","0","0","0","0","2","0","3","","","","N","","","","","","","","","",""
"2015089196","0830","1","0","0","0","0","0","0","0","0","7","0","","02","8","2015","1","40.668972","-80.105236","0824","11","0","0","1","0","0","0","0","0","2","0","0","0","","","0","","0","","40 40:08.300","3","0","80 06:18.850","0","0","0","0","2212","0","0","0","N","0","0","0","1","02505","0","","2.0","","9","N","N","","0","","0","0","0","","0","N","","1","0","0","0","0","0","0","2","0","1","","","","N","","","","","","","","","",""
"2015089264","1217","1","0","0","0","0","0","0","0","0","1","1","55","02","8","2015","6","40.516541","-80.133601","1208","11","0","0","0","0","0","1","0","0","","0","1","0","","","0","","0","","40 30:59.546","","3","80 08:00.962","0","0","0","0","2434","0","0","0","N","0","0","0","2","68B03","0","","1.0","","1","N","N","","0","","0","0","0","","0","","","2","0","0","0","0","0","0","2","0","2","","","Y","Y","2","2","N","N","N","Y","N","N","N",""
"2015090161","0002","2","0","0","0","0","0","0","0","0","5","0","","02","8","2015","1","40.408516","-79.908005","0002","11","0","0","0","0","0","0","0","0","2","0","0","0","","","1","","0","","40 24:30.659","4","0","79 54:28.817","4","0","0","0","2438","0","0","0","N","0","0","0","2","02438","1","","1.0","","1","N","N","","0","","0","0","0","","0","N","","2","1","0","0","0","0","0","2","0","2","","","","N","","","","","","","","","",""
"2015083005","0238","1","0","0","0","0","0","0","0","0","7","1","","02","4","2015","5","40.428503","-79.935891","0227","11","0","0","0","0","0","0","0","0","","0","1","0","","","0","","0","","40 25:42.612","","0","79 56:09.207","0","0","0","0","2301","0","0","0","N","0","0","0","2","68B03","0","","3.0","","1","N","N","","0","","0","0","0","","0","","","2","0","0","0","0","0","0","2","0","2","","","","N","","","","","","","","","",""
"2015089133","2025","0","0","0","0","0","0","0","0","0","99","0","","02","8","2015","7","40.463905","-79.80101","2025","11","0","0","0","0","0","0","0","0","1","0","0","0","","","1","","2","","40 27:50.058","4","0","79 48:03.636","4","0","0","1","2113","0","0","0","N","0","0","0","1","02113","1","","1.0","","1","N","N","","0","","0","0","0","","0","N","","1","1","0","0","0","0","0","2","0","1","","","","N","","","","","","","","","",""