"CRN","ARRIVAL_TM","AUTOMOBILE_COUNT","BELTED_DEATH_COUNT","BELTED_SUSP_SERIOUS_INJ_COUNT","BICYCLE_COUNT","BICYCLE_DEATH_COUNT","BICYCLE_SUSP_SERIOUS_INJ_COUNT","BUS_COUNT","CHLDPAS_DEATH_COUNT","CHLDPAS_SUSP_SERIOUS_INJ_COUNT","COLLISION_TYPE","COMM_VEH_COUNT","CONS_ZONE_SPD_LIM","COUNTY","CRASH_MONTH","CRASH_YEAR","DAY_OF_WEEK","DEC_LATITUDE","DEC_LONGITUDE","DISPATCH_TM","DISTRICT","DRIVER_COUNT_16YR","DRIVER_COUNT_17YR","DRIVER_COUNT_18YR","DRIVER_COUNT_19YR","DRIVER_COUNT_20YR","DRIVER_COUNT_50_64YR","DRIVER_COUNT_65_74YR","DRIVER_COUNT_75PLUS","EST_HRS_CLOSED","FATAL_COUNT","HEAVY_TRUCK_COUNT","HORSE_BUGGY_COUNT","HOUR_OF_DAY","ILLUMINATION","INJURY_COUNT","INTERSECTION_RELATED","INTERSECT_TYPE","LANE_CLOSED","LATITUDE","LN_CLOSE_DIR","LOCATION_TYPE","LONGITUDE","MAX_SEVERITY_LEVEL","MCYCLE_DEATH_COUNT","MCYCLE_SUSP_SERIOUS_INJ_COUNT","MOTORCYCLE_COUNT","MUNICIPALITY","NONMOTR_COUNT","NONMOTR_DEATH_COUNT","NONMOTR_SUSP_SERIOUS_INJ_COUNT","NTFY_HIWY_MAINT","PED_COUNT","PED_DEATH_COUNT","PED_SUSP_SERIOUS_INJ_COUNT","PERSON_COUNT","POLICE_AGCY","POSSIBLE_INJ_COUNT","RDWY_SURF_TYPE_CD","RELATION_TO_ROAD","ROADWAY_CLEARED","ROAD_CONDITION","SCH_BUS_IND","SCH_ZONE_IND","SECONDARY_CRASH","SMALL_TRUCK_COUNT","SPEC_JURIS_CD","SUSP_MINOR_INJ_COUNT","SUSP_SERIOUS_INJ_COUNT","SUV_COUNT","TCD_FUNC_CD","TCD_TYPE","TFC_DETOUR_IND","TIME_OF_DAY","TOTAL_UNITS","TOT_INJ_COUNT","UNBELTED_OCC_COUNT","UNB_DEATH_COUNT","UNB_SUSP_SERIOUS_INJ_COUNT","UNK_INJ_DEG_COUNT","UNK_INJ_PER_COUNT","URBAN_RURAL","VAN_COUNT","VEHICLE_COUNT","WEATHER1","WEATHER2","WORKERS_PRES","WORK_ZONE_IND","WORK_ZONE_LOC","WORK_ZONE_TYPE","WZ_CLOSE_DETOUR","WZ_FLAGGER","WZ_LAW_OFFCR_IND","WZ_LN_CLOSURE","WZ_MOVING","WZ_OTHER","WZ_SHLDER_MDN","WZ_WORKERS_INJ_KILLED"
"2015088468","1958","2","0","0","0","0","0","0","0","0","4","0","","02","8","2015","5","40.449819","-79.929656","1950","11","0","0","0","0","0","0","0","0","1","0","0","0","","","3","","1","","40 26:59.348","1","0","79 55:46.761","4","0","0","0","2301","0","0","0","N","0","0","0","4","02301","3","","1.0","","1","N","N","","0","","0","0","0","","2","Y","","2","3","0","0","0","0","0","2","0","2","","","","N","","","","","","","","","",""
"2015089355","1900","2","0","0","0","0","0","0","0","0","2","0","","02","8","2015","1","40.47152","-79.926282","1900","11","0","0","0","0","0","0","0","0","","0","0","0","","","0","","1","","40 28:17.472","","0","79 55:34.615","0","0","0","0","2301","0","0","0","N","0","0","0","2","02301","0","","1.0","","1","N","N","","0","","0","0","0","","2","","","2","0","0","0","0","0","0","2","0","2","","","","N","","","","","","","","","",""
"2015090257","1356","3","0","0","0","0","0","0","0","0","5","0","","02","8","2015","1","40.477013","-80.012285","1352","11","0","0","0","0","0","0","0","0","","0","0","0","","","3","","0","","40 28:37.247","","0","80 00:44.226","4","0","0","0","2301","0","0","0","","0","0","0","4","02301","1","","1.0","","1","","","","0","","0","0","0","","0","","","3","3","0","0","0","2","0","2","0","3","","","","N","","","","","","","","","",""
"2015089510","0322","1","0","0","0","0","0","0","0","0","4","0","","02","8","2015","1","40.438284","-79.830443","0320","11","0","0","0","0","0","1","0","0","","0","0","0","","","0","","1","","40 26:17.821","","0","79 49:49.594","0","0","0","0","2419","0","0","0","N","0","0","0","1","02419","0","","1.0","","1","N","N","","0","","0","0","1","","2","","","2","0","0","0","0","0","0","2","0","2","","","","N","","","","","","","","","",""
"2015087236","0449","1","0","0","0","0","0","0","0","0","7","0","","02","8","2015","2","40.461151","-79.870444","0535","11","0","0","0","0","0","0","0","0","4","0","0","0","","","0","","0","","40 27:40.143","7","0","79 52:13.599","9","0","0","0","2301","0","0","0","N","0","0","0","1","02301","0","","5.0","","1","N","N","","0","","0","0","0","","0","Y","","1","0","0","0","0","0","1","2","0","1","","","","N","","","","","","","","","",""
"2015088069","0840","1","0","0","0","0","0","0","0","0","1","1","","02","8","2015","5","40.456934","-79.998833","0828","11","0","0","0","0","0","1","0","0","","0","1","0","","","0","","1","","40 27:24.964","","0","79 59:55.797","0","0","0","0","2301","0","0","0","N","0","0","0","2","02301","0","","1.0","","1","N","N","","0","","0","0","0","","2","","","2","0","0","0","0","0","0","2","0","2","","","","N","","","","","","","","","",""
"2015090258","1300","3","0","0","0","0","0","0","0","0","5","0","","02","9","2015","3","40.481391","-79.953753","1244","11","0","0","0","0","0","0","1","0","","0","0","0","","","0","","0","","40 28:53.007","","0","79 57:13.511","0","0","0","0","2301","0","0","0","N","0","0","0","1","02301","0","","1.0","","1","N","N","","0","","0","0","0","","0","","","3","0","0","0","0","0","0","2","0","3","","","","N","","","","","","","","","",""
"2015087919","1142","2","0","0","0","0","0","0","0","0","1","0","","02","8","2015","1","40.450855","-80.138603","1142","11","0","0","0","0","0","3","0","0","1","0","0","0","","","0","","2","","40 27:03.079","4","0","80 08:18.970","0","0","0","0","2115","0","0","0","N","0","0","0","4","02115","0","","1.0","","1","N","N","","1","","0","0","1","","0","N","","4","0","0","0","0","0","0","2","0","4","","","","N","","","","","","","","","",""
"2015089578","0910","1","0","0","0","0","0","0","0","0","4","1","","02","8","2015","2","40.545819","-79.962152","0906","11","0","0","0","0","0","1","0","0","1","0","1","0","","","1","","2","","40 32:44.950","1","0","79 57:43.746","8","0","0","0","2118","0","0","0","N","0","0","0","3","02118","0","","1.0","","1","N","N","","0","","0","0","0","","2","N","","2","1","0","0","0","1","0","2","0","2","","","","N","","","","","","","","","",""
"2015089358","1820","3","0","0","0","0","0","0","0","0","1","0","","02","8","2015","6","40.484427","-79.90802","1804","11","0","0","0","0","0","1","0","0","","0","0","0","","","0","","0","","40 29:03.938","","0","79 54:28.871","0","0","0","0","2301","0","0","0","N","0","0","0","7","02301","0","","1.0","","1","N","N","","0","","0","0","0","","0","","","3","0","0","0","0","0","0","2","0","3","","","","N","","","","","","","","","",""
"2015088618","1105","1","0","0","0","0","0","0","0","0","1","0","","02","8","2015","5","40.390758","-80.074202","1100","11","0","0","0","0","0","0","0","0","","0","0","0","","","1","","5","","40 23:26.727","","0","80 04:27.127","4","0","0","0","2117","0","0","0","N","0","0","0","3","02117","1","","1.0","","1","N","N","","0","","0","0","1","","2","","","2","1","0","0","0","0","0","2","0","2","","","","N","","","","","","","","","",""
"2015089513","1342","1","0","0","0","0","0","0","0","0","0","0","","02","8","2015","7","40.376673","-79.894669","1338","11","0","0","0","0","0","0","1","0","2","0","0","0","","","0","","0","","40 22:36.024","4","0","79 53:40.809","0","0","0","0","2473","0","0","0","N","0","0","0","4","02473","0","","1.0","","1","N","N","","0","","0","0","1","","0","N","","2","0","0","0","0","0","0","2","0","2","","","","N","","","","","","","","","",""
"2015088004","1420","2","0","0","0","0","0","0","0","0","4","0","","02","8","2015","6","40.523433","-80.177076","1418","11","0","0","0","0","0","0","0","0","","0","0","0","","","0","","1","","40 31:24.358","","0","80 10:37.474","0","0","0","0","2213","0","0","0","N","0","0","0","2","02213","0","","1.0","","1","N","N","","0","","0","0","0","","2","","","2","0","0","0","0","0","0","2","0","2","","","","N","","","","","","","","","",""
"2015088620","1035","1","0","0","0","0","0","0","0","0","7","0","","02","8","2015","2","40.325927","-80.052554","1031","11","0","0","0","0","0","1","0","0","","0","0","0","","","0","","0","","40 19:33.338","","0","80 03:09.196","0","0","0","0","2407","0","0","0","N","0","0","0","1","02407","0","","5.0","","1","N","N","","0","","0","0","0","","0","","","1","0","0","0","0","0","0","2","0","1","","","","N","","","","","","","","","",""
"2015087935","1733","2","0","0","0","0","0","0","0","0","4","0","","02","8","2015","4","40.410459","-80.082001","1725","11","0","0","0","0","0","1","0","0","","0","0","0","","","0","","1","","40 24:37.652","","0","80 04:55.202","0","0","0","0","2415","0","0","0","N","0","0","0","2","02415","0","","1.0","","1","N","N","","0","","0","0","0","","3","","","2","0","0","0","0","0","0","2","0","2","","","","N","","","","","","","","","",""
"2015089440","0649","0","0","0","0","0","0","0","0","0","99","0","","02","7","2015","7","40.450776","-80.111141","0625","11","0","0","0","0","0","0","0","0","","0","0","0","","","0","","0","","40 27:02.793","","0","80 06:40.108","0","0","0","0","2115","0","0","0","N","0","0","0","4","68B03","0","","1.0","","1","N","N","","0","","0","0","1","","0","","","1","0","0","0","0","0","0","2","0","1","","","","N","","","","","","","","","",""
"2015087936","1733","2","0","0","0","0","0","0","0","0","4","0","","02","8","2015","4","40.411122","-80.082871","1725","11","0","0","0","0","0","0","0","0","","0","0","0","","","0","","1","","40 24:40.040","","0","80 04:58.337","0","0","0","0","2415","0","0","0","N","0","0","0","3","02415","0","","1.0","","1","N","N","","0","","0","0","0","","3","","","2","0","0","0","0","0","0","2","0","2","","","","N","","","","","","","","","",""
"2015087780","0730","1","0","0","0","0","0","0","0","0","1","0","","02","8","2015","4","40.48191","-79.827823","0727","11","0","0","0","0","0","0","0","0","2","0","0","0","","","0","","0","","40 28:54.876","3","0","79 49:40.163","0","0","0","0","2113","0","0","0","N","0","0","0","2","02113","0","","1.0","","1","N","N","","0","","0","0","0","","0","Y","","2","0","0","0","0","0","0","2","1","2","","","","N","","","","","","","","","",""
"2015089441","2033","1","0","0","0","0","0","0","0","0","8","0","","02","8","2015","7","40.523286","-80.1376","2021","11","0","0","0","0","0","0","0","0","","0","0","0","","","1","","0","","40 31:23.830","","0","80 08:15.360","8","0","0","0","2434","1","0","0","N","1","0","0","5","68B03","0","","1.0","","1","N","N","","0","","0","0","0","","0","","","2","1","0","0","0","1","0","1","0","1","","","","N","","","","","","","","","",""
"2015089517","1405","0","0","0","0","0","0","0","0","0","1","0","","02","8","2015","1","40.535408","-79.970317","1402","11","0","0","0","0","0","2","0","0","1","0","0","0","","","0","","0","","40 32:07.470","2","0","79 58:13.142","0","0","0","0","2118","0","0","0","N","0","0","0","7","02118","0","","1.0","","1","N","N","","0","","0","0","2","","0","N","","2","0","0","0","0","0","0","2","0","2","","","","N","","","","","","","","","",""
"2015089300","1306","0","0","0","0","0","0","0","0","0","1","2","","02","8","2015","6","40.504668","-80.109381","1306","11","0","0","0","0","0","1","0","0","","0","2","0","","","0","","0","","40 30:16.805","","0","80 06:33.770","0","0","0","0","2110","0","0","0","N","0","0","0","2","02215","0","","1.0","","1","N","N","","0","","0","0","0","","0","","","2","0","0","0","0","0","0","2","0","2","","","","N","","","","","","","","","",""
"2015087783","0815","2","0","0","0","0","0","0","0","0","4","0","","02","8","2015","4","40.446931","-80.084152","0805","11","0","0","0","0","0","0","1","0","","0","0","0","","","0","","0","","40 26:48.951","","0","80 05:02.947","0","0","0","0","2301","0","0","0","N","0","0","0","2","02301","0","","1.0","","1","N","N","","0","","0","0","0","","0","","","2","0","0","0","0","0","0","2","0","2","","","","N","","","","","","","","","",""
"2015090131","1830","1","0","0","1","0","0","0","0","0","8","0","","02","9","2015","3","40.437989","-79.912669","1747","11","0","0","0","0","0","1","0","0","","0","0","0","","","1","","0","","40 26:16.760","","0","79 54:45.610","8","0","0","0","2301","1","0","0","N","0","0","0","2","02301","0","","2.0","","1","N","N","","0","","0","0","0","","0","","","2","1","0","0","0","1","0","2","0","1","","","","N","","","","","","","","","",""
"2015087245","2030","1","0","0","0","0","0","0","0","0","7","0","","02","8","2015","7","40.397614","-80.179142","2023","11","0","0","0","0","0","0","0","0","","0","0","0","","","1","","0","","40 23:51.410","","0","80 10:44.910","8","0","0","0","2119","0","0","0","N","0","0","0","1","02119","0","","4.0","","1","N","N","","0","","0","0","0","","0","","","1","1","0","0","0","1","0","2","0","1","","","","N","","","","","","","","","",""
"2015089302","1923","1","0","0","0","0","0","0","0","0","1","0","","02","8","2015","6","40.386912","-79.827671","1922","11","0","0","0","0","0","1","0","0","1","0","0","0","","","0","","0","","40 23:12.883","3","0","79 49:39.614","0","0","0","0","2111","0","0","0","N","0","0","0","9","02111","0","","1.0","","1","N","N","","0","","0","0","1","","0","N","","3","0","0","0","0","0","0","2","1","3","","","","N","","","","","","","","","",""
"2015090268","1205","2","0","0","0","0","0","0","0","0","2","0","","02","8","2015","1","40.475479","-80.065015","1204","11","0","0","0","0","0","0","0","0","1","0","0","0","","","0","","3","","40 28:31.726","2","0","80 03:54.055","0","0","0","0","2122","0","0","0","N","0","0","0","3","02122","0","","1.0","","1","N","N","","0","","0","0","0","","2","N","","2","0","0","0","0","0","0","2","0","2","","","","N","","","","","","","","","",""
"2015090132","1937","1","0","0","0","0","0","0","0","0","4","0","","02","9","2015","3","40.447062","-79.947299","1927","11","0","0","0","0","1","0","0","0","1","0","0","0","","","1","","1","","40 26:49.423","4","0","79 56:50.276","8","0","0","0","2301","0","0","0","N","0","0","0","3","02301","0","","1.0","","1","N","N","","0","","0","0","1","","2","N","","2","1","0","0","0","1","0","2","0","2","","","","N","","","","","","","","","",""
"2015089304","1511","1","0","0","0","0","0","0","0","0","4","0","","02","8","2015","5","","","1507","11","0","0","0","0","0","1","0","0","","0","0","0","","","5","","1","","40 38:46.4","","7","79 42:38.2","4","0","0","0","2106","0","0","0","N","0","0","0","7","02106","5","","1.0","","1","N","N","","0","","0","0","1","","0","","","2","5","0","0","0","0","0","2","0","2","","","","N","","","","","","","","","",""
"2015089446","0848","1","0","0","0","0","0","0","0","0","1","0","","02","8","2015","3","40.544502","-79.838416","0826","11","0","0","0","0","0","1","0","0","","0","0","0","","","0","","0","","40 32:40.208","","2","79 50:18.299","0","0","0","0","2208","0","0","0","N","0","0","0","2","68D02","0","","1.0","","1","N","N","","0","","0","0","1","","4","","","2","0","0","0","0","0","0","2","0","2","","","","N","","","","","","","","","",""
"2015088485","2320","0","0","0","1","0","0","0","0","0","8","0","","02","8","2015","5","40.462064","-80.030826","2302","11","0","0","0","0","0","0","0","0","","0","0","0","","","1","","1","","40 27:43.429","","0","80 01:50.974","4","0","0","0","2301","1","0","0","N","0","0","0","2","02301","1","","1.0","","1","N","N","","0","","0","0","0","","2","","","2","1","0","0","0","0","0","2","0","1","","","","N","","","","","","","","","",""
"2015089319","1559","0","0","0","0","0","0","0","0","0","7","0","","02","7","2015","2","40.458169","-79.998554","1525","11","0","0","0","0","0","0","0","0","","0","0","0","","","1","","0","","40 27:29.407","","0","79 59:54.793","4","0","0","0","2301","0","0","0","N","0","0","0","1","68B03","1","","4.0","","1","N","N","","1","","0","0","0","","0","","","2","1","0","0","0","0","0","2","0","1","","","","N","","","","","","","","","",""
"2015089320","1944","2","0","0","0","0","0","0","0","0","1","0","","02","7","2015","4","40.427504","-80.12911","1917","11","0","0","0","0","0","0","0","0","1","0","0","0","","","0","","0","","40 25:39.014","3","0","80 07:44.795","0","0","0","0","2102","0","0","0","N","0","0","0","4","68B03","0","","1.0","","1","N","N","","0","","0","0","1","","0","N","","3","0","0","0","0","0","0","2","0","3","","","","N","","","","","","","","","",""
"2015088644","1320","1","0","0","1","0","0","0","0","0","8","0","","02","8","2015","5","40.60895","-80.015683","1316","11","0","0","0","0","0","1","0","0","1","0","0","0","","","1","","2","","40 36:32.220","4","0","80 00:56.460","4","0","0","0","2108","1","0","0","N","0","0","0","2","02501","1","","1.0","","1","N","N","","0","","0","0","0","","0","N","","2","1","0","0","0","0","0","1","0","1","","","","N","","","","","","","","","",""
"2015089308","1540","2","0","0","0","0","0","0","0","0","1","0","","02","8","2015","7","40.437151","-79.998411","1530","11","0","0","0","0","0","0","0","0","1","0","0","0","","","2","","1","","40 26:13.743","3","0","79 59:54.279","4","0","0","0","2301","0","0","0","N","0","0","0","6","02301","2","","1.0","","1","N","N","","0","","0","0","1","","2","N","","3","2","0","0","0","0","0","2","0","3","","","","N","","","","","","","","","",""
"2015089321","0749","1","0","0","0","0","0","0","0","0","1","0","40","02","8","2015","4","40.412295","-80.067149","0735","11","0","0","0","0","0","0","0","0","","0","0","0","","","0","","0","","40 24:44.261","","0","80 04:01.738","0","0","0","0","2435","0","0","0","N","0","0","0","2","68B03","0","","1.0","","1","N","N","","0","","0","0","1","","0","","","2","0","0","0","0","0","0","2","0","2","","","N","Y","4","1","N","N","N","N","N","N","Y",""
"2015088645","0835","0","0","0","0","0","0","0","0","0","2","0","","02","8","2015","6","40.366901","-80.105621","0830","11","0","0","0","0","0","1","0","0","","0","0","0","","","1","","0","","40 22:00.844","","0","80 06:20.235","4","0","0","0","2102","0","0","0","N","0","0","0","2","02102","1","","1.0","","1","N","N","","1","","0","0","1","","0","","","2","1","0","0","0","0","0","2","0","2","","","","N","","","","","","","","","",""
"2015087251","0238","1","0","0","0","0","0","0","0","0","7","0","","02","8","2015","2","40.458997","-80.007903","0233","11","0","0","0","0","0","1","0","0","","0","0","0","","","1","","0","","40 27:32.390","","0","80 00:28.450","4","0","0","0","2301","0","0","0","N","0","0","0","1","02301","1","","2.0","","1","N","N","","0","","0","0","0","","0","","","1","1","1","0","0","0","0","2","0","1","","","","N","","","","","","","","","",""
"2015088096","1908","2","0","0","0","0","0","0","0","0","4","0","","02","6","2015","3","40.426649","-79.917628","1859","11","0","0","0","0","0","1","0","0","1","0","0","0","","","0","","0","","40 25:35.935","3","4","79 55:03.461","9","0","0","0","2301","0","0","0","N","0","0","0","4","68B03","0","","1.0","","1","N","N","","0","","0","0","2","","0","N","","4","0","0","0","0","0","1","2","0","4","","","","N","","","","","","","","","",""
"2015089322","1008","0","0","0","0","0","0","0","0","0","1","0","","02","8","2015","4","40.434806","-79.868161","1002","11","0","0","0","0","0","0","0","0","1","0","0","0","","","1","","0","","40 26:05.301","4","0","79 52:05.381","4","0","0","0","2478","0","0","0","N","0","0","0","2","68B03","1","","1.0","","1","N","N","","0","","0","0","1","","0","N","","2","1","0","0","0","0","0","2","1","2","","","","N","","","","","","","","","",""
"2015088632","2125","1","0","0","0","0","0","0","0","0","1","0","","02","8","2015","5","40.410444","-80.015599","2120","11","0","0","0","0","0","0","0","0","","0","0","0","","","0","","2","","40 24:37.599","","0","80 00:56.156","0","0","0","0","2301","0","0","0","N","0","0","0","3","02301","0","","1.0","","1","N","N","","0","","0","0","2","","2","","","3","0","0","0","0","0","0","2","0","3","","","","N","","","","","","","","","",""
"2015090141","1658","1","0","0","0","0","0","0","0","0","4","0","","02","9","2015","3","40.537897","-79.834604","1658","11","0","0","0","0","0","0","0","0","1","0","0","0","","","0","","2","","40 32:16.429","3","0","79 50:04.573","0","0","0","0","2208","0","0","0","N","0","0","0","2","02208","0","","1.0","","1","N","N","","0","","0","0","0","","2","Y","","2","0","0","0","0","0","0","2","1","2","","","","N","","","","","","","","","",""
"2015087252","0146","1","0","0","0","0","0","0","0","0","7","0","","02","8","2015","3","40.361061","-79.8327","0142","11","0","0","0","0","0","0","0","0","","0","0","0","","","0","","0","","40 21:39.820","","0","79 49:57.720","0","0","0","0","2304","0","0","0","N","0","0","0","0","02304","0","","5.0","","1","N","N","","0","","0","0","0","","0","","","1","0","0","0","0","0","0","2","0","1","","","","N","","","","","","","","","",""
"2015089323","1045","2","0","0","0","0","0","0","0","0","1","0","","02","8","2015","4","40.432717","-79.870825","1045","11","0","0","0","0","0","1","0","0","1","0","0","0","","","0","","0","","40 25:57.781","4","0","79 52:14.969","0","0","0","0","2478","0","0","0","N","0","0","0","5","68B03","0","","1.0","","1","N","N","","0","","0","0","1","","0","N","","3","0","0","0","0","0","0","2","0","3","","","","N","","","","","","","","","",""
"2015089385","0442","3","0","0","0","0","0","0","0","0","5","0","","02","8","2015","7","40.493906","-80.052108","0440","11","0","0","0","0","0","0","0","0","1","0","0","0","","","0","","0","","40 29:38.060","4","0","80 03:07.590","0","0","0","0","2404","0","0","0","N","0","0","0","1","02404","0","","6.0","","1","N","N","","0","","0","0","0","","0","N","","3","0","0","0","0","0","0","2","0","3","","","","N","","","","","","","","","",""
"2015087947","1801","2","0","0","0","0","0","0","0","0","1","0","","02","8","2015","4","40.456029","-79.965227","1757","11","0","0","0","0","0","0","0","0","","0","0","0","","","0","","0","","40 27:21.704","","0","79 57:54.817","0","0","0","0","2301","0","0","0","N","0","0","0","8","02301","0","","1.0","","1","N","N","","0","","0","0","1","","2","","","3","0","0","0","0","0","0","2","0","3","","","","N","","","","","","","","","",""
"2015088502","0207","1","0","0","0","0","0","0","0","0","7","0","99","02","8","2015","6","40.456684","-79.99765","0204","11","0","0","0","0","0","0","0","0","","0","0","0","","","0","","0","","40 27:24.062","","0","79 59:51.541","0","0","0","0","2301","0","0","0","N","0","0","0","1","02301","0","","4.0","","1","N","N","","0","","0","0","0","","0","","","1","0","0","0","0","0","0","2","0","1","","","N","Y","8","2","","","N","Y","","","Y",""
"2015088636","1400","1","0","0","0","0","0","0","0","0","1","0","","02","8","2015","6","40.412328","-79.989536","1354","11","0","0","0","0","0","0","0","1","1","0","0","0","","","1","","0","","40 24:44.380","2","0","79 59:22.330","3","0","0","0","2301","0","0","0","N","0","0","0","2","02301","0","","1.0","","1","N","N","","1","","1","0","0","","0","N","","2","1","0","0","0","0","0","2","0","2","","","","N","","","","","","","","","",""
"2015088021","0821","1","0","0","0","0","0","0","0","0","4","0","","02","8","2015","4","40.436887","-79.852014","0821","11","0","0","0","0","0","1","0","0","1","0","0","0","","","0","","2","","40 26:12.793","4","0","79 51:07.250","0","0","0","0","2419","0","0","0","N","0","0","0","2","02431","0","","1.0","","1","N","N","","0","","0","0","1","","3","N","","2","0","0","0","0","0","0","2","0","2","","","","N","","","","","","","","","",""
"2015088099","1441","0","0","0","0","0","0","0","0","0","1","0","","02","8","2015","2","40.448988","-80.167306","1428","11","0","0","0","0","0","0","0","0","","0","0","0","","","0","","7","","40 26:56.355","","2","80 10:02.302","0","0","0","0","2115","0","0","0","N","0","0","0","2","68B03","0","","1.0","","1","N","N","","1","","0","0","1","","4","","","2","0","0","0","0","0","0","2","0","2","","","","N","","","","","","","","","",""
"2015088920","0320","1","0","0","0","0","0","0","0","0","1","0","","02","8","2015","7","40.411285","-79.944905","0306","11","0","0","0","0","0","1","0","0","","0","0","0","","","0","","0","","40 24:40.626","","0","79 56:41.658","9","0","0","0","2301","0","0","0","N","0","0","0","2","02301","0","","1.0","","1","N","N","","0","","0","0","1","","0","","","2","0","0","0","0","0","1","2","0","2","","","","N","","","","","","","","","",""
"2015087466","0732","0","0","0","0","0","0","0","0","0","1","0","","02","8","2015","3","40.336021","-79.973051","0728","11","0","0","0","0","0","1","0","0","1","0","0","0","","","1","","2","","40 20:09.675","4","0","79 58:22.985","4","0","0","1","2454","0","0","0","N","0","0","0","2","02473","1","","1.0","","1","N","N","","0","","0","0","1","","0","N","","2","1","0","0","0","0","0","2","0","2","","","","N","","","","","","","","","",""
"2015087535","0358","0","0","0","0","0","0","0","0","0","1","1","","02","8","2015","2","40.443713","-80.162052","0343","11","0","0","0","0","0","1","0","0","","0","1","0","","","0","","0","","40 26:37.368","","0","80 09:43.386","0","0","0","0","2115","0","0","0","N","0","0","0","2","68B03","0","","1.0","","1","N","N","","0","","0","0","1","","0","","","2","0","0","0","0","0","0","2","0","2","","","","N","","","","","","","","","",""
"2015089063","2130","3","0","0","0","0","0","0","0","0","1","0","","02","8","2015","6","40.469959","-79.957818","2121","11","0","0","0","0","0","0","0","0","2","0","0","0","","","0","","0","","40 28:11.852","2","0","79 57:28.144","0","0","0","0","2301","0","0","0","N","0","0","0","1","02301","0","","6.0","","1","N","N","","0","","0","0","0","","0","Y","","3","0","0","0","0","0","0","2","0","3","","","","N","","","","","","","","","",""
"2015091532","1912","3","0","0","0","0","0","0","0","0","1","0","","02","9","2015","6","40.614511","-80.054984","1906","11","0","0","0","0","0","3","0","0","","0","0","0","","","0","","0","","40 36:52.240","","0","80 03:17.943","0","0","0","0","2216","0","0","0","N","0","0","0","7","02505","0","","1.0","","1","Y","N","","0","","0","0","0","","0","","","3","0","0","0","0","0","0","2","0","3","","","","N","","","","","","","","","",""
"2015087536","0835","2","0","0","0","0","0","0","0","0","1","0","","02","8","2015","3","40.526223","-80.158305","0825","11","0","0","0","0","0","0","0","0","","0","0","0","","","2","","0","","40 31:34.402","","0","80 09:29.897","3","0","0","0","2436","0","0","0","N","0","0","0","2","68B03","1","","1.0","","1","N","N","","0","","1","0","0","","0","","","2","2","0","0","0","0","0","2","0","2","","","","N","","","","","","","","","",""
"2015089064","1637","1","0","0","0","0","0","0","0","0","4","0","","02","8","2015","7","40.437839","-79.998873","1624","11","0","0","0","0","0","0","0","0","","0","0","0","","","0","","1","","40 26:16.220","","0","79 59:55.942","0","0","0","0","2301","0","0","0","N","0","0","0","4","02301","0","","1.0","","1","N","N","","0","","0","0","0","","3","","","2","0","0","0","0","0","0","2","1","2","","","","N","","","","","","","","","",""
"2015087537","2346","1","0","0","0","0","0","0","0","0","1","0","45","02","8","2015","3","40.428956","-80.02915","2346","11","0","0","0","0","0","0","0","0","","0","0","0","","","0","","10","","40 25:44.241","","0","80 01:44.941","0","0","0","0","2301","0","0","0","N","0","0","0","5","68B03","0","","1.0","","1","N","N","","0","","0","0","1","","0","","","2","0","0","0","0","0","0","2","0","2","","","Y","Y","4","1","N","N","N","Y","N","N","Y",""
"2015088309","2125","1","0","0","0","0","0","0","0","0","4","0","","02","8","2015","4","40.463668","-79.705456","2115","11","0","1","0","0","0","0","0","1","","0","0","0","","","1","","1","","40 27:49.204","","0","79 42:19.641","4","0","0","0","2466","0","0","0","N","0","0","0","2","02466","1","","1.0","","1","N","N","","0","","0","0","1","","2","","","2","1","0","0","0","0","0","2","0","2","","","","N","","","","","","","","","",""
"2015087538","1922","2","0","0","0","0","0","0","0","0","1","0","","02","8","2015","5","40.444342","-79.841442","1922","11","0","0","0","0","0","0","0","0","","0","0","0","","","0","","0","","40 26:39.632","","0","79 50:29.190","0","0","0","0","2419","0","0","0","N","0","0","0","2","68B03","0","","1.0","","1","N","N","","0","","0","0","0","","0","","","2","0","0","0","0","0","0","2","0","2","","","","N","","","","","","","","","",""
"2015089067","1045","2","0","0","0","0","0","0","0","0","4","0","","02","8","2015","6","40.40743","-79.911274","1041","11","0","0","0","0","0","0","1","0","1","0","0","0","","","1","","1","","40 24:26.748","6","0","79 54:40.586","8","0","0","0","2438","0","0","0","N","0","0","0","2","02438","0","","1.0","","1","N","N","","0","","0","0","0","","3","N","","2","1","0","0","0","1","0","2","0","2","","","","N","","","","","","","","","",""
"2015088310","1345","1","0","0","0","0","0","0","0","0","5","0","","02","8","2015","5","40.472821","-79.958783","1330","11","0","0","0","0","0","0","0","0","","0","0","0","","","0","","0","","40 28:22.154","","0","79 57:31.617","0","0","0","0","2301","0","0","0","N","0","0","0","1","02301","0","","1.0","","1","N","N","","0","","0","0","0","","0","","","2","0","0","0","0","0","0","2","1","2","","","","N","","","","","","","","","",""
"2015089003","1214","1","0","0","0","0","0","0","0","0","7","0","","02","8","2015","3","40.636417","-79.940583","1210","11","0","0","0","0","0","0","0","1","","0","0","0","","","0","","0","","40 38:11.100","","7","79 56:26.100","0","0","0","0","2217","0","0","0","N","0","0","0","2","02505","0","","5.0","","1","N","N","","0","","0","0","0","","0","","","1","0","0","0","0","0","0","2","0","1","","","","N","","","","","","","","","",""