"CRN","ARRIVAL_TM","AUTOMOBILE_COUNT","BELTED_DEATH_COUNT","BELTED_SUSP_SERIOUS_INJ_COUNT","BICYCLE_COUNT","BICYCLE_DEATH_COUNT","BICYCLE_SUSP_SERIOUS_INJ_COUNT","BUS_COUNT","CHLDPAS_DEATH_COUNT","CHLDPAS_SUSP_SERIOUS_INJ_COUNT","COLLISION_TYPE","COMM_VEH_COUNT","CONS_ZONE_SPD_LIM","COUNTY","CRASH_MONTH","CRASH_YEAR","DAY_OF_WEEK","DEC_LATITUDE","DEC_LONGITUDE","DISPATCH_TM","DISTRICT","DRIVER_COUNT_16YR","DRIVER_COUNT_17YR","DRIVER_COUNT_18YR","DRIVER_COUNT_19YR","DRIVER_COUNT_20YR","DRIVER_COUNT_50_64YR","DRIVER_COUNT_65_74YR","DRIVER_COUNT_75PLUS","EST_HRS_CLOSED","FATAL_COUNT","HEAVY_TRUCK_COUNT","HORSE_BUGGY_COUNT","HOUR_OF_DAY","ILLUMINATION","INJURY_COUNT","INTERSECTION_RELATED","INTERSECT_TYPE","LANE_CLOSED","LATITUDE","LN_CLOSE_DIR","LOCATION_TYPE","LONGITUDE","MAX_SEVERITY_LEVEL","MCYCLE_DEATH_COUNT","MCYCLE_SUSP_SERIOUS_INJ_COUNT","MOTORCYCLE_COUNT","MUNICIPALITY","NONMOTR_COUNT","NONMOTR_DEATH_COUNT","NONMOTR_SUSP_SERIOUS_INJ_COUNT","NTFY_HIWY_MAINT","PED_COUNT","PED_DEATH_COUNT","PED_SUSP_SERIOUS_INJ_COUNT","PERSON_COUNT","POLICE_AGCY","POSSIBLE_INJ_COUNT","RDWY_SURF_TYPE_CD","RELATION_TO_ROAD","ROADWAY_CLEARED","ROAD_CONDITION","SCH_BUS_IND","SCH_ZONE_IND","SECONDARY_CRASH","SMALL_TRUCK_COUNT","SPEC_JURIS_CD","SUSP_MINOR_INJ_COUNT","SUSP_SERIOUS_INJ_COUNT","SUV_COUNT","TCD_FUNC_CD","TCD_TYPE","TFC_DETOUR_IND","TIME_OF_DAY","TOTAL_UNITS","TOT_INJ_COUNT","UNBELTED_OCC_COUNT","UNB_DEATH_COUNT","UNB_SUSP_SERIOUS_INJ_COUNT","UNK_INJ_DEG_COUNT","UNK_INJ_PER_COUNT","URBAN_RURAL","VAN_COUNT","VEHICLE_COUNT","WEATHER1","WEATHER2","WORKERS_PRES","WORK_ZONE_IND","WORK_ZONE_LOC","WORK_ZONE_TYPE","WZ_CLOSE_DETOUR","WZ_FLAGGER","WZ_LAW_OFFCR_IND","WZ_LN_CLOSURE","WZ_MOVING","WZ_OTHER","WZ_SHLDER_MDN","WZ_WORKERS_INJ_KILLED"
"2015090280","0818","1","0","0","0","0","0","0","0","0","4","0","","02","9","2015","4","40.449819","-79.929656","0814","11","0","0","0","0","0","0","0","0","1","0","0","0","","","0","","1","","40 26:59.348","3","0","79 55:46.761","0","0","0","0","2301","0","0","0","N","0","0","0","2","02301","0","","1.0","","1","N","N","","0","","0","0","1","","2","N","","2","0","0","0","0","0","0","2","0","2","","","","N","","","","","","","","","",""
"2015091848","2034","2","0","0","0","0","0","0","0","0","1","0","","02","9","2015","2","40.44502","-79.828207","2029","11","0","0","0","0","0","0","1","0","","0","0","0","","","2","","2","","40 26:42.073","","0","79 49:41.545","8","0","0","0","2113","0","0","0","N","0","0","0","4","02113","0","","1.0","","1","N","N","","0","","0","0","0","","2","","","2","2","0","0","0","2","0","2","0","2","","","","N","","","","","","","","","",""
"2015092646","1929","0","0","0","0","0","0","0","0","0","5","0","","02","9","2015","4","40.437514","-79.981451","1922","11","0","0","0","0","0","0","0","0","","0","0","0","","","1","","1","","40 26:15.050","","0","79 58:53.223","4","0","0","0","2301","0","0","0","N","0","0","0","3","02301","1","","1.0","","1","N","N","","1","","0","0","1","","0","","","2","1","0","0","0","0","0","2","0","2","","","","N","","","","","","","","","",""
"2015091552","2109","1","0","0","0","0","0","0","0","0","4","0","","02","9","2015","3","40.521875","-80.048203","2109","11","0","1","0","0","0","0","0","0","","0","0","0","","","0","","2","","40 31:18.751","","0","80 02:53.531","0","0","0","0","2116","0","0","0","N","0","0","0","2","02116","0","","1.0","","1","N","N","","1","","0","0","0","","0","","","2","0","0","0","0","0","0","2","0","2","","","","N","","","","","","","","","",""
"2015090916","0804","2","0","0","0","0","0","0","0","0","1","0","","02","9","2015","6","40.517776","-80.129762","0755","11","0","0","0","0","0","0","0","0","1","0","0","0","","","1","","0","","40 31:03.995","1","0","80 07:47.142","4","0","0","0","2301","0","0","0","N","0","0","0","3","02301","1","","1.0","","1","N","N","","1","","0","0","0","","0","Y","","3","1","0","0","0","0","0","2","0","3","","","","N","","","","","","","","","",""
"2015092511","1841","1","0","0","0","0","0","0","0","0","7","0","","02","6","2015","7","40.491343","-80.009881","1824","11","0","0","0","0","0","1","0","0","1","0","0","0","","","0","","0","","40 29:28.835","1","0","80 00:35.572","0","0","0","0","2301","0","0","0","N","0","0","0","1","68B03","0","","4.0","","9","N","N","","0","","0","0","0","","0","N","","1","0","0","0","0","0","0","2","0","1","","","","N","","","","","","","","","",""
"2015090917","0839","2","0","0","0","0","0","0","0","0","1","0","","02","9","2015","6","40.432854","-80.038152","0832","11","0","0","0","0","0","0","1","0","","0","0","0","","","1","","0","","40 25:58.273","","0","80 02:17.347","8","0","0","0","2301","0","0","0","N","0","0","0","2","02301","0","","1.0","","1","N","N","","0","","0","0","0","","0","","","2","1","0","0","0","1","0","2","0","2","","","","N","","","","","","","","","",""
"2015092512","2239","0","0","0","0","0","0","0","0","0","7","0","","02","9","2015","2","40.524006","-80.069198","2222","11","0","0","0","0","0","0","0","0","1","0","0","0","","","0","","0","","40 31:26.421","1","0","80 04:09.113","0","0","0","0","2215","0","0","0","Y","0","0","0","1","68B03","0","","2.0","","1","N","N","","0","","0","0","1","","0","N","","1","0","0","0","0","0","0","2","0","1","","","","N","","","","","","","","","",""
"2015090839","0327","1","0","0","0","0","0","0","0","0","7","0","","02","9","2015","6","40.445911","-79.976572","0327","11","0","0","0","0","0","0","0","0","","0","0","0","","","0","","0","","40 26:45.280","","0","79 58:35.660","0","0","0","0","2301","0","0","0","N","0","0","0","0","02301","0","","5.0","","1","N","N","","0","","0","0","0","","2","","","1","0","0","0","0","0","0","2","0","1","","","","N","","","","","","","","","",""
"2015092513","0626","0","0","0","0","0","0","0","0","0","7","1","45","02","9","2015","3","40.411525","-80.068759","0608","11","0","0","0","0","0","0","0","0","2","0","1","0","","","0","","0","","40 24:41.490","4","0","80 04:07.532","0","0","0","0","2435","0","0","0","Y","0","0","0","1","68B03","0","","4.0","","1","N","N","","0","","0","0","0","","0","N","","1","0","0","0","0","0","0","2","0","1","","","N","Y","4","1","N","N","N","N","N","N","Y",""
"2015091851","2020","1","0","0","0","0","0","0","0","0","7","0","","02","9","2015","2","40.517825","-79.943726","2020","11","0","0","0","0","0","1","0","0","1","0","0","0","","","0","","0","","40 31:04.170","5","0","79 56:37.413","0","0","0","0","2118","0","0","0","N","0","0","0","1","02118","0","","5.0","","1","N","N","","0","","0","0","0","","0","Y","","1","0","0","0","0","0","0","2","0","1","","","","N","","","","","","","","","",""
"2015092514","0907","1","0","0","0","0","0","0","0","0","1","0","","02","9","2015","3","40.456805","-79.998534","0836","11","0","0","0","0","0","2","0","0","","0","0","0","","","1","","0","","40 27:24.499","","0","79 59:54.722","4","0","0","0","2301","0","0","0","N","0","0","0","2","68B03","1","","1.0","","1","N","N","","0","","0","0","1","","0","","","2","1","0","0","0","0","0","2","0","2","","","","N","","","","","","","","","",""
"2015091852","1818","2","0","0","0","0","0","0","0","0","4","0","","02","9","2015","2","40.476011","-79.921933","1812","11","0","0","0","0","0","0","0","0","","0","0","0","","","0","","2","","40 28:33.639","","0","79 55:18.958","0","0","0","0","2301","0","0","0","N","0","0","0","1","02301","0","","1.0","","1","N","N","","0","","0","0","0","","0","","","2","0","0","0","0","0","0","2","0","2","","","","N","","","","","","","","","",""
"2015092652","1600","1","0","0","0","0","0","0","0","0","4","0","","02","9","2015","4","40.475056","-80.099214","1559","11","0","0","0","0","0","0","1","0","1","0","0","0","","","0","","0","","40 28:30.200","5","7","80 05:57.170","0","0","0","0","2126","0","0","0","N","0","0","0","2","02126","0","","1.0","","9","N","N","","1","","0","0","0","","3","Y","","2","0","0","0","0","0","0","2","0","2","","","","N","","","","","","","","","",""
"2015092376","1015","0","0","0","0","0","0","0","0","0","4","2","","02","9","2015","4","40.357094","-80.120331","1005","11","0","0","0","0","0","0","0","0","","0","1","0","","","0","","2","","40 21:25.538","","0","80 07:13.192","0","0","0","0","2119","0","0","0","N","0","0","0","2","02119","0","","1.0","","1","N","N","","1","","0","0","0","","2","","","2","0","0","0","0","0","0","2","0","2","","","","N","","","","","","","","","",""
"2015091623","1914","1","0","0","0","0","0","0","0","0","7","0","","02","9","2015","1","40.285501","-79.956311","1912","11","0","0","0","0","0","1","0","0","1","0","0","0","","","0","","0","","40 17:07.804","2","0","79 57:22.718","0","0","0","0","2440","0","0","0","N","0","0","0","1","02440","0","","5.0","","1","N","N","","0","","0","0","0","","0","N","","1","0","0","0","0","0","0","2","0","1","","","","N","","","","","","","","","",""
"2015092439","2058","1","0","0","0","0","0","0","0","0","99","0","","02","9","2015","3","40.302664","-79.866653","2052","11","0","0","0","0","0","0","0","0","3","0","0","0","","","1","","0","","40 18:09.592","5","0","79 51:59.950","4","0","0","0","2443","0","0","0","Y","0","0","0","3","02443","1","","1.0","","1","N","N","","0","","0","0","1","","0","Y","","2","1","0","0","0","0","0","1","0","2","","","","N","","","","","","","","","",""
"2015091635","1927","1","0","0","0","0","0","0","0","0","4","0","","02","9","2015","1","40.252973","-79.835051","1927","11","1","0","0","0","0","1","0","0","","0","0","0","","","2","","1","","40 15:10.702","","0","79 50:06.183","8","0","0","1","2105","0","0","0","N","0","0","0","6","02105","0","","1.0","","1","N","N","","0","","0","0","0","","3","","","2","2","0","0","0","2","0","1","0","2","","","","N","","","","","","","","","",""
"2015093267","1504","0","0","0","0","0","0","0","0","0","1","0","","02","9","2015","2","40.436054","-80.016489","1444","11","0","0","0","0","0","0","0","0","","0","0","0","","","0","","0","","40 26:09.795","","4","80 00:59.361","0","0","0","0","2301","0","0","0","N","0","0","0","2","68B03","0","","1.0","","1","N","N","","0","","0","0","2","","0","","","2","0","0","0","0","0","0","2","0","2","","","","N","","","","","","","","","",""
"2015092515","1744","1","0","0","0","0","0","0","0","0","1","0","","02","9","2015","3","40.53915","-80.122829","1736","11","0","0","0","0","0","0","0","0","","0","0","0","","","0","","0","","40 32:20.940","","0","80 07:22.183","0","0","0","0","2460","0","0","0","N","0","0","0","2","68B03","0","","1.0","","1","N","N","","0","","0","0","1","","0","","","2","0","0","0","0","0","0","2","0","2","","","","N","","","","","","","","","",""
"2015091779","1435","1","0","0","0","0","0","0","0","0","6","0","","02","9","2015","3","40.505041","-80.085066","1432","11","0","0","0","0","0","0","0","0","2","0","0","0","","","3","","0","","40 30:18.146","5","0","80 05:06.237","4","0","0","0","2405","0","0","0","N","0","0","0","3","02215","3","","1.0","","1","N","N","","0","","0","0","2","","0","Y","","3","3","0","0","0","0","0","2","0","3","","","","N","","","","","","","","","",""
"2015093268","2008","1","0","0","0","0","0","0","0","0","4","0","","02","9","2015","5","40.451024","-80.174282","1959","11","0","0","0","0","0","1","0","0","","0","0","0","","","2","","6","","40 27:03.688","","2","80 10:27.414","8","0","0","0","2214","0","0","0","N","0","0","0","3","68B03","0","","1.0","","1","N","N","","0","","0","0","1","","0","","","2","2","0","0","0","2","0","2","0","2","","","","N","","","","","","","","","",""
"2015092516","1744","0","0","0","0","0","0","0","0","0","1","0","","02","9","2015","3","40.53915","-80.122829","1736","11","0","0","0","0","0","2","0","0","1","0","0","0","","","0","","0","","40 32:20.940","1","0","80 07:22.183","0","0","0","0","2460","0","0","0","N","0","0","0","3","68B03","0","","1.0","","1","N","N","","1","","0","0","2","","0","N","","3","0","0","0","0","0","0","2","0","3","","","","N","","","","","","","","","",""
"2015093330","0828","2","0","0","0","0","0","0","0","0","4","0","","02","9","2015","6","40.436235","-79.919127","0819","11","0","0","0","0","0","1","0","0","","0","0","0","","","0","","1","","40 26:10.446","","0","79 55:08.857","0","0","0","0","2301","0","0","0","N","0","0","0","2","02301","0","","1.0","","1","N","N","","0","","0","0","0","","0","","","2","0","0","0","0","0","0","2","0","2","","","","N","","","","","","","","","",""
"2015090289","2154","0","0","0","0","0","0","0","0","0","7","0","","02","8","2015","2","40.269316","-79.884394","2151","11","0","0","0","0","0","0","0","0","2","0","0","0","","","0","","0","","40 16:09.538","1","3","79 53:03.817","0","0","0","0","2428","0","0","0","Y","0","0","0","3","02428","0","","2.0","","1","N","N","","1","","0","0","0","","0","N","","1","0","0","0","0","0","0","2","0","1","","","","N","","","","","","","","","",""
"2015091857","2058","0","0","0","0","0","0","0","0","0","7","0","","02","9","2015","2","40.459661","-79.929386","2053","11","0","0","0","0","0","0","0","0","","0","0","0","","","2","","1","","40 27:34.781","","0","79 55:45.791","4","0","0","1","2301","0","0","0","N","0","0","0","2","02301","1","","2.0","","1","N","N","","0","","0","0","0","","2","","","1","2","0","0","0","1","0","2","0","1","","","","N","","","","","","","","","",""
"2015091925","1342","1","0","0","0","0","0","0","0","0","4","0","","02","8","2015","6","40.38138","-79.81316","1340","11","0","0","0","0","0","1","0","1","","0","0","0","","","0","","2","","40 22:52.967","","0","79 48:47.377","0","0","0","0","2424","0","0","0","N","0","0","0","2","02424","0","","1.0","","1","N","N","","1","","0","0","0","","0","","","2","0","0","0","0","0","0","2","0","2","","","","N","","","","","","","","","",""
"2015093337","0850","0","0","0","0","0","0","0","0","0","7","0","","02","9","2015","6","40.457431","-79.857069","0844","11","0","0","0","0","0","0","0","0","1","0","0","0","","","1","","0","","40 27:26.750","6","0","79 51:25.450","4","0","0","0","2113","0","0","0","N","0","0","0","1","02113","1","","5.0","","1","N","N","","0","","0","0","1","","0","N","","1","1","0","0","0","0","0","2","0","1","","","","N","","","","","","","","","",""
"2015092803","0733","1","0","0","0","0","0","0","0","0","1","0","","02","9","2015","5","40.457413","-79.908912","0721","11","0","0","0","0","0","1","0","0","1","0","0","0","","","1","","0","","40 27:26.687","1","0","79 54:32.084","3","0","0","1","2301","0","0","0","N","0","0","0","2","02301","0","","1.0","","9","N","N","","0","","1","0","0","","0","N","","2","1","0","0","0","0","0","2","0","2","","","","N","","","","","","","","","",""
"2015091784","2226","1","0","0","0","0","0","0","0","0","7","0","","02","9","2015","1","40.436466","-79.963996","2219","11","0","0","0","0","0","0","0","0","","0","0","0","","","0","","0","","40 26:11.279","","0","79 57:50.385","0","0","0","0","2301","0","0","0","N","0","0","0","1","02301","0","","5.0","","1","N","N","","0","","0","0","0","","0","","","1","0","0","0","0","0","0","2","0","1","","","","N","","","","","","","","","",""
"2015092661","1542","3","0","0","0","0","0","0","0","0","1","0","","02","9","2015","4","40.618903","-80.084552","1538","11","0","0","0","0","0","0","1","0","","0","0","0","","","1","","2","","40 37:08.052","","0","80 05:04.388","4","0","0","0","2212","0","0","0","N","0","0","0","5","02505","1","","1.0","","1","N","N","","0","","0","0","0","","0","","","3","1","0","0","0","0","0","2","0","3","","","","N","","","","","","","","","",""
"2015091928","1120","2","0","0","0","0","0","0","0","0","1","0","","02","9","2015","4","40.380935","-79.814556","1118","11","0","0","0","0","0","0","0","0","","0","0","0","","","3","","3","","40 22:51.366","","0","79 48:52.400","3","0","0","0","2424","0","0","0","N","0","0","0","6","02424","1","","1.0","","1","N","N","","0","","2","0","0","","3","","","2","3","2","0","0","0","0","2","0","2","","","","N","","","","","","","","","",""
"2015093209","1703","1","0","0","0","0","0","0","0","0","2","0","","02","9","2015","5","40.466647","-80.010836","1703","11","0","0","0","0","0","0","0","0","","0","0","0","","","0","","0","","40 27:59.930","","0","80 00:39.010","0","0","0","0","2301","0","0","0","N","0","0","0","1","02301","0","","4.0","","1","N","N","","0","","0","0","1","","0","","","2","0","0","0","0","0","0","2","0","2","","","","N","","","","","","","","","",""
"2015090292","1005","0","0","0","0","0","0","0","0","0","1","0","","02","9","2015","4","40.528451","-80.018056","1001","11","0","0","0","0","0","1","0","0","","0","0","0","","","1","","0","","40 31:42.423","","0","80 01:05.001","4","0","0","0","2116","0","0","0","N","0","0","0","2","02116","1","","1.0","","1","N","N","","1","","0","0","0","","0","","","2","1","0","0","0","0","0","2","1","2","","","","N","","","","","","","","","",""
"2015091929","1513","1","0","0","0","0","0","0","0","0","2","0","","02","8","2015","5","40.494154","-79.961926","1507","11","0","0","0","0","0","1","0","0","2","0","0","0","","","2","","0","","40 29:38.955","6","0","79 57:42.934","8","0","0","0","2118","0","0","0","N","0","0","0","2","02118","0","","1.0","","1","N","N","","1","","0","0","0","","0","Y","","2","2","0","0","0","2","0","2","0","2","","","","N","","","","","","","","","",""
"2015090849","1713","1","0","0","0","0","0","0","0","0","1","0","","02","9","2015","4","40.507889","-80.210153","1710","11","0","0","0","1","0","1","0","0","1","0","0","0","","","1","","0","","40 30:28.399","3","0","80 12:36.551","8","0","0","0","2213","0","0","0","N","0","0","0","5","02213","0","","1.0","","1","N","N","","0","","0","0","2","","0","N","","3","1","0","0","0","1","0","2","0","3","","","","N","","","","","","","","","",""
"2015090850","0821","1","0","0","0","0","0","0","0","0","5","0","","02","9","2015","4","40.359489","-80.032289","0819","11","0","0","0","0","0","0","0","0","1","0","0","0","","","0","","0","","40 21:34.160","6","0","80 01:56.240","0","0","0","0","2416","0","0","0","N","0","0","0","2","02416","0","","1.0","","1","N","N","","0","","0","0","1","","0","N","","2","0","0","0","0","0","0","2","0","2","","","","N","","","","","","","","","",""
"2015093156","1810","2","0","0","0","0","0","0","0","0","5","0","","02","9","2015","5","40.438199","-79.957513","1806","11","0","0","0","0","0","1","0","0","2","0","0","0","","","1","","0","","40 26:17.518","7","0","79 57:27.046","8","0","0","0","2301","0","0","0","N","0","0","0","1","02301","0","","6.0","","1","N","N","","0","","0","0","1","","0","Y","","3","1","0","0","0","1","0","2","0","3","","","","N","","","","","","","","","",""
"2015090998","1652","0","0","0","1","0","0","0","0","0","8","0","","02","9","2015","5","40.306774","-79.886085","1650","11","0","0","0","0","0","1","0","0","1","0","0","0","","","1","","0","","40 18:24.385","1","0","79 53:09.907","8","0","0","0","2302","1","0","0","N","0","0","0","2","02302","0","","1.0","","1","N","N","","0","","0","0","1","","0","N","","2","1","0","0","0","1","1","2","0","1","","","","N","","","","","","","","","",""
"2015091787","1655","1","0","0","1","0","0","0","0","0","8","0","","02","9","2015","2","40.350311","-79.856276","1655","11","0","0","0","0","0","0","0","0","","0","0","0","","","1","","1","","40 21:01.119","","0","79 51:22.593","4","0","0","0","2304","1","0","0","N","0","0","0","2","02304","1","","1.0","","1","N","N","","0","","0","0","0","","0","","","2","1","0","0","0","0","1","2","0","1","","","","N","","","","","","","","","",""
"2015090294","0951","2","0","0","0","0","0","0","0","0","4","0","","02","8","2015","1","40.42364","-79.891471","0950","11","0","0","0","0","0","0","0","0","","0","0","0","","","2","","2","","40 25:25.104","","0","79 53:29.295","8","0","0","0","2463","0","0","0","N","0","0","0","3","02463","0","","1.0","","1","N","N","","0","","0","0","0","","9","","","2","2","0","0","0","2","0","2","0","2","","","","N","","","","","","","","","",""
"2015090379","1701","1","0","0","0","0","0","0","0","0","7","0","","02","9","2015","4","40.272732","-79.844487","1658","11","0","0","0","0","0","1","0","0","3","0","0","0","","","1","","0","","40 16:21.835","5","0","79 50:40.153","3","0","0","0","2105","0","0","0","N","0","0","0","1","02105","0","","5.0","","1","N","N","","0","","1","0","0","","0","Y","","1","1","0","0","0","0","0","2","0","1","","","","N","","","","","","","","","",""
"2015091648","0320","0","0","0","0","0","0","0","0","0","7","0","","02","9","2015","1","40.399922","-79.935894","0317","11","0","0","0","0","0","0","0","0","","0","0","0","","","3","","0","","40 23:59.718","","3","79 56:09.218","3","0","0","0","2301","0","0","0","N","0","0","0","4","02301","2","","5.0","","1","N","N","","0","","1","0","1","","0","","","1","3","0","0","0","0","0","2","0","1","","","","N","","","","","","","","","",""
"2015091650","0357","1","0","0","0","0","0","0","0","0","7","0","","02","9","2015","7","40.458324","-80.06866","0353","11","0","0","0","0","0","1","0","0","","0","0","0","","","0","","2","","40 27:29.966","","0","80 04:07.176","0","0","0","0","2301","0","0","0","N","0","0","0","1","02301","0","","5.0","","1","N","N","","0","","0","0","0","","0","","","1","0","0","0","0","0","0","2","0","1","","","","N","","","","","","","","","",""
"2015090297","1014","1","0","0","0","0","0","0","0","0","7","0","","02","9","2015","4","40.397783","-80.024633","1011","11","0","0","0","0","0","1","0","0","","0","0","0","","","1","","0","","40 23:52.020","","0","80 01:28.680","4","0","0","0","2301","0","0","0","N","0","0","0","1","02301","1","","2.0","","1","N","N","","0","","0","0","0","","0","","","1","1","0","0","0","0","0","2","0","1","","","","N","","","","","","","","","",""
"2015093215","0330","1","0","0","0","0","0","0","0","0","1","0","","02","9","2015","5","40.453451","-79.931781","0325","11","0","0","0","0","0","0","0","0","","0","0","0","","","1","","1","","40 27:12.423","","99","79 55:54.411","4","0","0","0","2301","0","0","0","N","0","0","0","1","02301","1","","1.0","","1","N","N","","0","","0","0","0","","0","","","2","1","0","0","0","0","0","2","0","1","","","","N","","","","","","","","","",""
"2015091948","0825","0","0","0","0","0","0","0","0","0","1","0","","02","9","2015","3","40.432399","-79.997077","0815","11","0","0","0","0","0","0","1","0","","0","0","0","","","0","","0","","40 25:56.638","","3","79 59:49.478","0","0","0","0","2301","0","0","0","N","0","0","0","2","02301","0","","1.0","","1","N","N","","0","","0","0","2","","0","","","2","0","0","0","0","0","0","2","0","2","","","","N","","","","","","","","","",""
"2015090934","1040","2","0","0","0","0","0","0","0","0","1","0","","02","9","2015","6","40.403161","-79.989742","1031","11","0","0","0","0","0","0","0","0","","0","0","0","","","0","","0","","40 24:11.380","","0","79 59:23.070","0","0","0","0","2301","0","0","0","N","0","0","0","1","02301","0","","2.0","","1","N","N","","1","","0","0","0","","0","","","3","0","0","0","0","0","0","2","0","3","","","","N","","","","","","","","","",""
"2015091571","2127","1","0","0","0","0","0","0","0","0","7","0","","02","9","2015","5","40.52079","-79.808575","2121","11","0","0","0","0","0","0","0","0","","0","0","0","","","0","","0","","40 31:14.844","","0","79 48:30.871","0","0","0","0","2466","0","0","0","N","0","0","0","1","68T02","0","","3.0","","1","N","N","","0","","0","0","0","","0","","","1","0","0","0","0","0","0","2","0","1","","","","N","","","","","","","","","",""
"2015092390","1555","2","0","0","0","0","0","0","0","0","1","0","","02","9","2015","6","40.450855","-80.138603","1551","11","0","0","0","0","1","2","0","0","","0","0","0","","","0","","2","","40 27:03.079","","0","80 08:18.970","0","0","0","0","2115","0","0","0","N","0","0","0","3","02115","0","","1.0","","1","N","N","","0","","0","0","1","","0","","","3","0","0","0","0","0","0","2","0","3","","","","N","","","","","","","","","",""
"2015091723","1649","0","0","0","0","0","0","0","0","0","7","0","","02","9","2015","6","40.557852","-80.204793","1649","11","0","0","0","0","0","0","1","0","1","0","0","0","","","1","","2","","40 33:28.267","1","0","80 12:17.256","8","0","0","1","2441","0","0","0","N","0","0","0","1","02441","0","","3.0","","1","N","N","","0","","0","0","0","","2","Y","","1","1","0","0","0","1","0","2","0","1","","","","N","","","","","","","","","",""
"2015090790","2342","1","0","0","0","0","0","0","0","0","7","0","","02","8","2015","7","40.613585","-79.757428","2342","11","0","0","0","0","0","0","0","0","","0","0","0","","","0","","0","","40 36:48.907","","1","79 45:26.741","0","0","0","0","2202","0","0","0","","0","0","0","1","02202","0","","5.0","","1","N","N","","0","","0","0","0","","0","","","1","0","0","0","0","0","0","2","0","1","","","","N","","","","","","","","","",""
"2015091572","1756","3","0","0","0","0","0","0","0","0","1","0","","02","9","2015","6","40.43691","-79.749718","1736","11","0","0","0","0","0","0","0","1","","0","0","0","","","0","","0","","40 26:12.875","","0","79 44:58.986","0","0","0","0","2446","0","0","0","N","0","0","0","6","68T02","0","","1.0","","1","N","N","","0","","0","0","0","","0","","","3","0","0","0","0","0","0","2","0","3","","","","N","","","","","","","","","",""
"2015092391","0729","2","0","0","0","0","0","0","0","0","1","0","","02","9","2015","3","40.503711","-80.138725","0725","11","0","0","0","0","0","0","0","0","","0","0","0","","","1","","1","","40 30:13.361","","2","80 08:19.411","4","0","0","0","2115","0","0","0","N","0","0","0","2","02115","1","","1.0","","1","N","N","","0","","0","0","0","","0","","","2","1","0","0","0","0","0","2","0","2","","","","N","","","","","","","","","",""
"2015091585","0626","3","0","0","0","0","0","0","0","0","7","0","","02","8","2015","6","40.435646","-79.968268","0600","11","0","0","0","0","1","0","0","0","2","0","0","0","","","2","","0","","40 26:08.327","4","0","79 58:05.765","3","0","0","0","2301","0","0","0","Y","0","0","0","5","68B03","1","","4.0","","1","N","N","","0","","1","0","1","","0","Y","","4","2","1","0","0","0","0","2","0","4","","","","N","","","","","","","","","",""
"2015092403","1039","1","0","0","0","0","0","0","0","0","4","0","","02","9","2015","3","40.564859","-79.992601","1030","11","0","0","0","0","0","1","0","1","","0","0","0","","","0","","1","","40 33:53.493","","0","79 59:33.364","0","0","0","0","2108","0","0","0","N","0","0","0","2","02108","0","","1.0","","1","N","N","","0","","0","0","1","","3","","","2","0","0","0","0","0","0","2","0","2","","","","N","","","","","","","","","",""
"2015091586","0806","0","0","0","0","0","0","0","0","0","1","0","","02","9","2015","5","40.406606","-80.107275","0752","11","0","0","0","0","0","1","0","0","2","0","0","0","","","0","","1","","40 24:23.780","1","0","80 06:26.190","0","0","0","0","2102","0","0","0","N","0","0","0","4","68B03","0","","1.0","","1","N","N","","1","","0","0","2","","0","N","","3","0","0","0","0","0","0","2","0","3","","","","N","","","","","","","","","",""
"2015092675","0435","1","0","0","0","0","0","0","0","0","7","0","","02","8","2015","1","40.396462","-79.900072","0431","11","0","0","0","0","0","0","0","0","3","0","0","0","","","0","","0","","40 23:47.263","5","0","79 54:00.259","0","0","0","0","2448","0","0","0","N","0","0","0","1","02448","0","","5.0","","1","N","N","","0","","0","0","0","","0","Y","","1","0","0","0","0","0","0","2","0","1","","","","N","","","","","","","","","",""
"2015091587","","1","0","0","0","0","0","0","0","0","7","0","","02","8","2015","6","40.49705","-79.93471","","11","0","0","0","0","0","0","0","0","1","0","0","0","","","1","","0","","40 29:49.380","1","0","79 56:04.955","4","0","0","0","2461","0","0","0","N","0","0","0","1","68D02","1","","4.0","","1","N","N","","0","","0","0","0","","0","N","","1","1","0","0","0","0","0","2","0","1","","","","N","","","","","","","","","",""
"2015090938","","1","0","0","0","0","0","0","0","0","8","0","","02","9","2015","4","40.438761","-79.997342","","11","0","0","0","0","0","1","0","0","","0","0","0","","","1","","2","","40 26:19.539","","0","79 59:50.431","4","0","0","0","2301","1","0","0","N","1","0","0","2","02503","1","","1.0","","1","N","N","","0","","0","0","0","","2","","","2","1","0","0","0","0","0","2","0","1","","","","N","","","","","","","","","",""
"2015093220","","3","0","0","0","0","0","0","0","0","1","0","","02","9","2015","3","40.557165","-80.220936","","11","0","0","0","0","0","1","0","0","1","0","0","0","","","1","","0","","40 33:25.793","2","0","80 13:15.371","8","0","0","0","2103","0","0","0","N","0","0","0","3","02103","0","","1.0","","1","N","N","","0","","0","0","0","","0","N","","3","1","1","0","0","1","0","2","0","3","","","","N","","","","","","","","","",""
"2015091875","","1","0","0","0","0","0","0","0","0","2","0","","02","7","2015","5","40.62678","-79.846405","","11","0","0","0","1","0","1","0","0","2","0","0","0","","","1","","0","","40 37:36.408","4","0","79 50:47.058","8","0","0","1","2220","0","0","0","N","0","0","0","2","02220","0","","1.0","","1","N","N","","0","","0","0","0","","0","N","","2","1","0","0","0","1","0","2","0","2","","","","N","","","","","","","","","",""
"2015092676","","0","0","0","0","0","0","0","0","0","4","0","","02","9","2015","4","40.401967","-80.000684","","11","0","0","0","0","0","1","0","0","","0","0","0","","","1","","1","","40 24:07.080","","0","80 00:02.464","8","0","0","0","2301","0","0","0","N","0","0","0","2","02301","0","","1.0","","1","N","N","","2","","0","0","0","","2","","","2","1","0","0","0","1","0","2","0","2","","","","N","","","","","","","","","",""