"CRN","ARRIVAL_TM","AUTOMOBILE_COUNT","BELTED_DEATH_COUNT","BELTED_SUSP_SERIOUS_INJ_COUNT","BICYCLE_COUNT","BICYCLE_DEATH_COUNT","BICYCLE_SUSP_SERIOUS_INJ_COUNT","BUS_COUNT","CHLDPAS_DEATH_COUNT","CHLDPAS_SUSP_SERIOUS_INJ_COUNT","COLLISION_TYPE","COMM_VEH_COUNT","CONS_ZONE_SPD_LIM","COUNTY","CRASH_MONTH","CRASH_YEAR","DAY_OF_WEEK","DEC_LATITUDE","DEC_LONGITUDE","DISPATCH_TM","DISTRICT","DRIVER_COUNT_16YR","DRIVER_COUNT_17YR","DRIVER_COUNT_18YR","DRIVER_COUNT_19YR","DRIVER_COUNT_20YR","DRIVER_COUNT_50_64YR","DRIVER_COUNT_65_74YR","DRIVER_COUNT_75PLUS","EST_HRS_CLOSED","FATAL_COUNT","HEAVY_TRUCK_COUNT","HORSE_BUGGY_COUNT","HOUR_OF_DAY","ILLUMINATION","INJURY_COUNT","INTERSECTION_RELATED","INTERSECT_TYPE","LANE_CLOSED","LATITUDE","LN_CLOSE_DIR","LOCATION_TYPE","LONGITUDE","MAX_SEVERITY_LEVEL","MCYCLE_DEATH_COUNT","MCYCLE_SUSP_SERIOUS_INJ_COUNT","MOTORCYCLE_COUNT","MUNICIPALITY","NONMOTR_COUNT","NONMOTR_DEATH_COUNT","NONMOTR_SUSP_SERIOUS_INJ_COUNT","NTFY_HIWY_MAINT","PED_COUNT","PED_DEATH_COUNT","PED_SUSP_SERIOUS_INJ_COUNT","PERSON_COUNT","POLICE_AGCY","POSSIBLE_INJ_COUNT","RDWY_SURF_TYPE_CD","RELATION_TO_ROAD","ROADWAY_CLEARED","ROAD_CONDITION","SCH_BUS_IND","SCH_ZONE_IND","SECONDARY_CRASH","SMALL_TRUCK_COUNT","SPEC_JURIS_CD","SUSP_MINOR_INJ_COUNT","SUSP_SERIOUS_INJ_COUNT","SUV_COUNT","TCD_FUNC_CD","TCD_TYPE","TFC_DETOUR_IND","TIME_OF_DAY","TOTAL_UNITS","TOT_INJ_COUNT","UNBELTED_OCC_COUNT","UNB_DEATH_COUNT","UNB_SUSP_SERIOUS_INJ_COUNT","UNK_INJ_DEG_COUNT","UNK_INJ_PER_COUNT","URBAN_RURAL","VAN_COUNT","VEHICLE_COUNT","WEATHER1","WEATHER2","WORKERS_PRES","WORK_ZONE_IND","WORK_ZONE_LOC","WORK_ZONE_TYPE","WZ_CLOSE_DETOUR","WZ_FLAGGER","WZ_LAW_OFFCR_IND","WZ_LN_CLOSURE","WZ_MOVING","WZ_OTHER","WZ_SHLDER_MDN","WZ_WORKERS_INJ_KILLED"
"2015092331","","2","0","0","0","0","0","0","0","0","4","0","","02","9","2015","5","40.629572","-79.718353","","11","0","0","0","1","0","0","1","0","","0","0","0","","","0","","1","","40 37:46.459","","0","79 43:06.072","0","0","0","0","2106","0","0","0","N","0","0","0","3","02106","0","","1.0","","1","N","N","","0","","0","0","0","","2","","","2","0","0","0","0","0","0","2","0","2","","","","N","","","","","","","","","",""
"2015091103","","1","0","0","0","0","0","0","0","0","4","0","","02","9","2015","6","40.458084","-79.93459","","11","0","0","0","0","0","1","0","0","","0","0","0","","","2","","1","","40 27:29.102","","0","79 56:04.524","8","0","0","0","2301","0","0","0","N","0","0","0","3","02301","0","","1.0","","1","N","N","","0","","0","0","1","","2","","","2","2","0","0","0","2","0","2","0","2","","","","N","","","","","","","","","",""
"2015093169","","0","0","0","0","0","0","0","0","0","7","0","","02","9","2015","5","40.377794","-80.216707","","11","0","0","0","0","0","0","0","0","2","0","0","0","","","1","","2","","40 22:40.058","3","0","80 13:00.145","8","0","0","1","2214","0","0","0","N","0","0","0","1","02214","0","","2.0","","1","N","N","","0","","0","0","0","","0","Y","","1","1","0","0","0","1","0","2","0","1","","","","N","","","","","","","","","",""
"2015091660","","1","0","0","0","0","0","0","0","0","7","0","","02","9","2015","1","40.45729","-79.909093","","11","0","0","0","0","0","0","0","0","","0","0","0","","","0","","1","","40 27:26.245","","0","79 54:32.735","0","0","0","0","2301","0","0","0","N","0","0","0","1","02301","0","","2.0","","1","N","N","","0","","0","0","0","","0","","","1","0","1","0","0","0","0","2","0","1","","","","N","","","","","","","","","",""
"2015090940","","0","0","0","0","0","0","1","0","0","1","2","","02","9","2015","6","40.405792","-79.886165","","11","0","0","0","0","0","1","0","0","","0","1","0","","","12","","0","","40 24:20.850","","0","79 53:10.193","4","0","0","0","2448","0","0","0","N","0","0","0","20","02503","12","","1.0","","1","N","N","","0","","0","0","0","","0","","","2","12","1","0","0","0","0","2","0","2","","","","N","","","","","","","","","",""
"2015092678","","1","0","0","0","0","0","0","0","0","5","0","","02","7","2015","5","40.405108","-79.900648","","11","0","0","0","0","0","0","0","0","3","0","0","0","","","1","","0","","40 24:18.389","1","0","79 54:02.332","2","0","0","0","2448","0","0","0","N","0","0","0","3","02448","0","","1.0","","1","N","N","","0","","0","1","1","","0","Y","","2","1","0","0","0","0","0","2","0","2","","","","N","","","","","","","","","",""
"2015090941","","1","0","0","0","0","0","0","0","0","1","0","","02","9","2015","5","40.338578","-79.962386","","11","0","0","0","0","0","0","0","0","1","0","0","0","","","0","","0","","40 20:18.880","3","0","79 57:44.590","0","0","0","0","2454","0","0","0","N","0","0","0","2","02454","0","","1.0","","1","N","N","","1","","0","0","0","","0","N","","2","0","0","0","0","0","0","2","0","2","","","","N","","","","","","","","","",""
"2015092397","","1","0","0","0","0","0","0","0","0","7","0","","02","9","2015","1","40.412544","-79.998147","","11","0","0","0","0","0","0","0","0","","0","0","0","","","1","","0","","40 24:45.160","","0","79 59:53.330","2","0","0","0","2301","0","0","0","N","0","0","0","1","02301","0","","2.0","","1","N","N","","0","","0","1","0","","0","","","1","1","0","0","0","0","0","2","0","1","","","","N","","","","","","","","","",""
"2015090959","","1","0","0","0","0","0","0","0","0","5","0","","02","8","2015","4","40.495375","-80.050107","","11","0","0","0","1","0","0","0","0","","0","0","0","","","0","","0","","40 29:43.351","","0","80 03:00.386","0","0","0","0","2404","0","0","0","N","0","0","0","1","02404","0","","2.0","","1","N","N","","1","","0","0","0","","0","","","2","0","0","0","0","0","0","2","0","2","","","","N","","","","","","","","","",""
"2015090309","","1","0","0","0","0","0","0","0","0","7","0","","02","9","2015","4","40.33997","-79.82075","","11","0","0","0","0","0","0","0","1","2","0","0","0","","","0","","0","","40 20:23.892","5","0","79 49:14.700","0","0","0","0","2477","0","0","0","N","0","0","0","1","02477","0","","5.0","","1","N","N","","0","","0","0","0","","0","N","","1","0","0","0","0","0","0","2","0","1","","","","N","","","","","","","","","",""
"2015091880","","1","0","0","0","0","0","0","0","0","7","0","","02","9","2015","3","40.43805","-79.993342","","11","0","0","0","0","0","0","0","0","","0","0","0","","","0","","1","","40 26:16.980","","0","79 59:36.031","0","0","0","0","2301","0","0","0","N","0","0","0","4","02301","0","","4.0","","1","N","N","","0","","0","0","0","","0","","","1","0","1","0","0","0","0","2","0","1","","","","N","","","","","","","","","",""
"2015092680","","0","0","0","0","0","0","0","0","0","4","1","","02","9","2015","4","40.478908","-80.043019","","11","0","0","0","0","0","1","0","0","","0","1","0","","","0","","1","","40 28:44.067","","0","80 02:34.868","0","0","0","0","2301","0","0","0","N","0","0","0","1","02301","0","","1.0","","9","N","N","","0","","0","0","1","","2","","","2","0","0","0","0","0","0","2","0","2","","","","N","","","","","","","","","",""
"2015091893","","1","0","0","0","0","0","0","0","0","1","0","","02","9","2015","1","40.431752","-79.872058","","11","0","0","0","0","0","0","0","0","","0","0","0","","","2","","0","","40 25:54.306","","0","79 52:19.407","4","0","0","0","2411","0","0","0","N","0","0","0","11","68B03","2","","1.0","","1","N","N","","0","","0","0","0","","0","","","2","2","0","0","0","0","0","2","1","2","","","","N","","","","","","","","","",""
"2015091665","","3","0","0","0","0","0","0","0","0","1","0","","02","9","2015","1","40.440507","-80.018579","","11","0","0","0","0","0","0","1","0","","0","0","0","","","0","","0","","40 26:25.825","","0","80 01:06.883","0","0","0","0","2301","0","0","0","N","0","0","0","8","02301","0","","1.0","","1","N","N","","0","","0","0","0","","2","","","3","0","0","0","0","0","0","2","0","3","","","","N","","","","","","","","","",""
"2015090945","","2","0","0","0","0","0","0","0","0","1","0","","02","9","2015","4","40.445737","-80.151329","","11","0","0","0","0","0","0","0","0","","0","0","0","","","0","","2","","40 26:44.652","","0","80 09:04.784","0","0","0","0","2115","0","0","0","N","0","0","0","2","02115","0","","1.0","","1","N","N","","0","","0","0","0","","0","","","2","0","0","0","0","0","0","2","0","2","","","","N","","","","","","","","","",""
"2015093226","","2","0","0","0","0","0","0","0","0","4","0","","02","9","2015","1","40.444486","-79.759019","","11","0","0","0","0","0","1","0","0","1","0","0","0","","","3","","1","","40 26:40.149","2","0","79 45:32.467","8","0","0","0","2446","0","0","0","N","0","0","0","3","02446","0","","1.0","","1","N","N","","0","","0","0","0","","2","N","","2","3","0","0","0","3","0","2","0","2","","","","N","","","","","","","","","",""
"2015091882","","0","0","0","0","0","0","0","0","0","8","0","","02","9","2015","2","40.349778","-79.834229","","11","0","0","0","0","0","0","0","0","","0","0","0","","","1","","2","","40 20:59.200","","0","79 50:03.224","8","0","0","0","2304","1","0","0","N","1","0","0","2","02304","0","","1.0","","1","N","N","","0","","0","0","0","","0","","","2","1","0","0","0","1","1","2","0","1","","","","N","","","","","","","","","",""
"2015090327","","1","0","0","0","0","0","0","0","0","4","0","","02","9","2015","4","40.415444","-79.924874","","11","0","0","0","0","0","1","1","0","1","0","0","0","","","1","","1","","40 24:55.598","4","0","79 55:29.546","8","0","0","0","2301","0","0","0","N","0","0","0","2","02301","0","","1.0","","1","N","N","","0","","0","0","0","","2","Y","","2","1","0","0","0","1","0","2","1","2","","","","N","","","","","","","","","",""
"2015093175","","1","0","0","0","0","0","0","0","0","6","0","","02","9","2015","5","40.433386","-79.892788","","11","0","0","0","0","0","1","0","0","1","0","0","0","","","0","","0","","40 26:00.191","6","0","79 53:34.038","0","0","0","0","2426","0","0","0","N","0","0","0","4","02426","0","","1.0","","1","N","N","","0","","0","0","1","","0","Y","","2","0","0","0","0","0","0","2","0","2","","","","N","","","","","","","","","",""
"2015090946","","0","0","0","0","0","0","0","0","0","2","0","","02","9","2015","4","40.465059","-80.160786","","11","0","0","0","1","0","0","0","0","1","0","0","0","","","1","","0","","40 27:54.212","4","0","80 09:38.828","3","0","0","0","2115","0","0","0","N","0","0","0","5","02115","0","","1.0","","1","N","N","","0","","1","0","2","","0","N","","2","1","3","0","0","0","0","2","0","2","","","","N","","","","","","","","","",""
"2015090328","","1","0","0","0","0","0","0","0","0","1","0","40","02","9","2015","3","40.585611","-80.036054","","11","0","0","0","0","0","0","0","0","","0","0","0","","","0","","1","","40 35:08.199","","0","80 02:09.795","0","0","0","0","2108","0","0","0","N","0","0","0","2","02108","0","","1.0","","1","N","N","","0","","0","0","1","","2","","","2","0","0","0","0","0","0","2","0","2","","","N","Y","4","2","N","N","N","N","N","N","Y",""
"2015092478","","1","0","0","0","0","0","0","0","0","8","0","","02","9","2015","4","40.451411","-79.982795","","11","0","0","0","0","0","0","0","0","","0","0","0","","","1","","1","","40 27:05.079","","0","79 58:58.062","3","0","0","0","2301","1","0","0","N","1","0","0","2","02301","0","","1.0","","9","N","N","","0","","1","0","0","","0","","","2","1","0","0","0","0","0","2","0","1","","","","N","","","","","","","","","",""
"2015093304","","2","0","0","0","0","0","0","0","0","1","0","","02","9","2015","4","40.41013","-80.015974","","11","0","0","0","0","0","1","1","0","1","0","0","0","","","0","","0","","40 24:36.469","2","0","80 00:57.507","0","0","0","0","2301","0","0","0","N","0","0","0","2","02301","0","","1.0","","1","N","N","","0","","0","0","0","","0","N","","2","0","0","0","0","0","0","2","0","2","","","","N","","","","","","","","","",""
"2015091751","","0","0","0","0","0","0","0","0","0","7","0","","02","9","2015","2","40.276461","-79.870271","","11","0","0","0","0","0","0","0","0","","0","0","0","","","0","","0","","40 16:35.261","","0","79 52:12.976","0","0","0","0","2105","0","0","0","N","0","0","0","2","02105","0","","5.0","","1","N","N","","0","","0","0","1","","0","","","1","0","0","0","0","0","0","2","0","1","","","","N","","","","","","","","","",""
"2015090314","","1","0","0","0","0","0","0","0","0","8","0","","02","9","2015","4","40.462061","-79.931522","","11","0","0","0","0","0","0","1","0","","0","0","0","","","1","","0","","40 27:43.420","","0","79 55:53.480","4","0","0","0","2301","1","0","0","N","1","0","0","2","02301","1","","1.0","","1","N","N","","0","","0","0","0","","0","","","2","1","0","0","0","0","0","2","0","1","","","","N","","","","","","","","","",""
"2015092352","","1","0","0","1","0","0","0","0","0","8","0","","02","9","2015","4","40.45428","-79.906155","","11","0","0","0","1","0","0","0","0","","0","0","0","","","1","","1","","40 27:15.408","","0","79 54:22.157","8","0","0","0","2301","1","0","0","N","0","0","0","2","02301","0","","1.0","","1","N","N","","0","","0","0","0","","3","","","2","1","0","0","0","1","0","2","0","1","","","","N","","","","","","","","","",""
"2015090818","","1","0","0","0","0","0","0","0","0","7","0","","02","8","2015","6","40.403236","-79.832258","","11","0","0","0","0","0","0","0","0","","0","0","0","","","0","","0","","40 24:11.650","","0","79 49:56.130","0","0","0","0","2467","0","0","0","N","0","0","0","1","02467","0","","5.0","","1","N","N","","0","","0","0","0","","2","","","1","0","0","0","0","0","0","2","0","1","","","","N","","","","","","","","","",""
"2015093178","","2","0","0","0","0","0","0","0","0","1","0","","02","9","2015","5","40.508274","-79.946101","","11","0","0","0","0","0","0","0","0","1","0","0","0","","","0","","2","","40 30:29.786","1","0","79 56:45.963","9","0","0","0","2118","0","0","0","N","0","0","0","4","02118","0","","1.0","","1","N","N","","0","","0","0","1","","0","N","","3","0","0","0","0","0","1","2","0","3","","","","N","","","","","","","","","",""
"2015092492","","1","0","0","0","0","0","0","0","0","7","0","","02","8","2015","2","40.539553","-80.201108","","11","0","0","0","0","0","1","0","0","","0","0","0","","","0","","0","","40 32:22.389","","0","80 12:03.990","0","0","0","0","2213","0","0","0","N","0","0","0","1","02213","0","","3.0","","1","N","N","","0","","0","0","0","","0","","","1","0","0","0","0","0","0","2","0","1","","","","N","","","","","","","","","",""
"2015091752","","0","0","0","0","0","0","0","0","0","5","0","","02","9","2015","2","40.456421","-79.891913","","11","0","0","0","0","0","1","0","0","","0","0","0","","","0","","2","","40 27:23.115","","0","79 53:30.886","0","0","0","0","2301","0","0","0","N","0","0","0","1","02301","0","","2.0","","1","N","N","","0","","0","0","2","","0","","","2","0","0","0","0","0","0","2","0","2","","","","N","","","","","","","","","",""
"2015090819","","1","0","0","0","0","0","0","0","0","4","0","","02","9","2015","5","40.495684","-79.868024","","11","0","0","0","0","0","1","1","0","1","0","0","0","","","0","","2","","40 29:44.461","4","0","79 52:04.885","0","0","0","0","2112","0","0","0","N","0","0","0","2","02112","0","","1.0","","1","N","N","","0","","0","0","1","","3","N","","2","0","0","0","0","0","0","2","0","2","","","","N","","","","","","","","","",""
"2015090806","","1","0","0","0","0","0","0","0","0","7","0","","02","8","2015","4","40.490284","-79.772968","","11","0","0","0","0","0","1","0","0","1","0","0","0","","","0","","0","","40 29:25.023","4","0","79 46:22.683","0","0","0","0","2466","0","0","0","N","0","0","0","1","02466","0","","5.0","","1","N","N","","0","","0","0","0","","0","N","","1","0","0","0","0","0","0","2","0","1","","","","N","","","","","","","","","",""
"2015090968","","2","0","0","0","0","0","0","0","0","6","0","","02","8","2015","6","40.350689","-80.023046","","11","0","0","0","0","0","0","0","0","","0","0","0","","","0","","0","","40 21:02.481","","0","80 01:22.964","0","0","0","0","2407","0","0","0","N","0","0","0","3","02407","0","","1.0","","1","N","N","","0","","0","0","0","","0","","","2","0","0","0","0","0","0","2","0","2","","","","N","","","","","","","","","",""
"2015093231","","0","0","0","0","0","0","0","0","0","1","0","","02","9","2015","5","40.542184","-79.964233","","11","0","0","0","0","0","0","1","0","2","0","0","0","","","1","","2","","40 32:31.862","2","0","79 57:51.239","4","0","0","0","2118","0","0","0","N","0","0","0","2","02118","1","","1.0","","9","N","N","","1","","0","0","0","","2","N","","2","1","0","0","0","0","0","2","1","2","","","","N","","","","","","","","","",""
"2015091900","","1","0","0","0","0","0","0","0","0","5","1","","02","9","2015","5","40.490879","-79.882048","","11","0","0","0","0","0","1","0","0","1","0","1","0","","","1","","0","","40 29:27.166","2","0","79 52:55.374","4","0","0","0","2112","0","0","0","N","0","0","0","2","68D02","1","","1.0","","1","N","N","","0","","0","0","0","","0","N","","2","1","0","0","0","0","0","2","0","2","","","","N","","","","","","","","","",""
"2015090969","","2","0","0","0","0","0","0","0","0","4","0","","02","8","2015","1","40.332299","-80.021137","","11","0","0","0","0","0","0","0","1","","0","0","0","","","1","","0","","40 19:56.278","","0","80 01:16.094","4","0","0","0","2407","0","0","0","N","0","0","0","3","02407","1","","1.0","","1","N","N","","0","","0","0","0","","0","","","2","1","0","0","0","0","0","2","0","2","","","","N","","","","","","","","","",""
"2015092631","","2","0","0","0","0","0","0","0","0","4","0","","02","9","2015","4","40.458331","-79.906145","","11","0","0","0","0","0","1","0","0","","0","0","0","","","0","","3","","40 27:29.991","","0","79 54:22.122","0","0","0","0","2301","0","0","0","N","0","0","0","2","02301","0","","1.0","","9","N","N","","0","","0","0","0","","3","","","2","0","0","0","0","0","0","2","0","2","","","","N","","","","","","","","","",""
"2015091901","","2","0","0","0","0","0","0","0","0","4","0","","02","9","2015","5","40.494448","-79.870927","","11","0","0","0","0","1","0","0","0","","0","0","0","","","1","","0","","40 29:40.014","","0","79 52:15.337","4","0","0","0","2112","0","0","0","N","0","0","0","2","68D02","1","","1.0","","1","N","N","","0","","0","0","0","","0","","","2","1","0","0","0","0","0","2","0","2","","","","N","","","","","","","","","",""
"2015091902","","1","0","0","0","0","0","0","0","0","7","0","","02","9","2015","7","40.549093","-79.821365","","11","0","0","0","0","0","0","0","0","","0","0","0","","","0","","0","","40 32:56.735","","0","79 49:16.915","0","0","0","0","2208","0","0","0","N","0","0","0","1","68D02","0","","4.0","","1","N","N","","0","","0","0","0","","0","","","1","0","0","0","0","0","0","2","0","1","","","","N","","","","","","","","","",""
"2015092357","","0","0","0","0","0","0","0","0","0","6","0","","02","9","2015","4","40.445214","-79.991855","","11","0","0","0","0","0","0","0","0","","0","0","0","","","0","","2","","40 26:42.770","","0","79 59:30.678","0","0","0","0","2301","0","0","0","N","0","0","0","4","02301","0","","1.0","","1","N","N","","0","","0","0","1","","3","","","2","0","0","0","0","0","0","2","1","2","","","","N","","","","","","","","","",""
"2015091676","","1","0","0","0","0","0","0","0","0","7","0","","02","9","2015","7","40.41147","-80.068874","","11","0","0","0","0","0","1","0","0","2","0","0","0","","","2","","0","","40 24:41.292","4","0","80 04:07.946","8","0","0","0","2435","0","0","0","N","0","0","0","2","68B03","0","","2.0","","1","N","N","","1","","0","0","0","","0","N","","2","2","0","0","0","2","0","2","0","2","","","","N","","","","","","","","","",""
"2015092485","","2","0","0","0","0","0","0","0","0","4","0","","02","9","2015","4","40.465206","-79.944742","","11","0","0","0","0","0","0","0","0","","0","0","0","","","0","","0","","40 27:54.740","","0","79 56:41.070","0","0","0","0","2301","0","0","0","N","0","0","0","2","02301","0","","1.0","","9","N","N","","0","","0","0","0","","0","","","2","0","0","0","0","0","0","2","0","2","","","","N","","","","","","","","","",""
"2015093299","","0","0","0","0","0","0","0","0","0","1","1","","02","9","2015","6","40.420364","-79.734002","","11","0","0","0","0","0","0","0","0","4","0","1","0","","","1","","0","","40 25:13.309","3","0","79 44:02.406","4","0","0","0","2446","0","0","0","N","0","0","0","2","68T09","1","","1.0","","1","N","N","","0","","0","0","0","","0","N","","2","1","0","0","0","0","0","2","1","2","","","","N","","","","","","","","","",""
"2015090321","","2","0","0","0","0","0","0","0","0","6","0","","02","9","2015","4","40.422995","-80.19035","","11","0","0","1","1","0","0","0","0","","0","0","0","","","0","","0","","40 25:22.782","","7","80 11:25.259","0","0","0","0","2214","0","0","0","N","0","0","0","2","02214","0","","1.0","","1","N","N","","0","","0","0","0","","0","","","2","0","0","0","0","0","0","2","0","2","","","","N","","","","","","","","","",""
"2015092622","","2","0","0","0","0","0","0","0","0","1","0","","02","9","2015","4","40.322728","-79.795808","","11","0","0","0","0","0","1","0","0","1","0","0","0","","","1","","0","","40 19:21.820","2","0","79 47:44.908","8","0","0","0","2477","0","0","0","N","0","0","0","1","02477","0","","1.0","","9","N","N","","0","","0","0","0","","0","N","","2","1","0","0","0","1","0","2","0","2","","","","N","","","","","","","","","",""
"2015092635","","1","0","0","0","0","0","0","0","0","4","0","","02","9","2015","4","40.539606","-79.885564","","11","0","0","0","0","0","1","0","0","","0","0","0","","","2","","2","","40 32:22.581","","0","79 53:08.030","4","0","0","0","2432","0","0","0","N","0","0","0","2","02432","2","","1.0","","1","N","N","","0","","0","0","1","","0","","","2","2","1","0","0","0","0","2","0","2","","","","N","","","","","","","","","",""
"2015090827","","1","0","0","0","0","0","0","0","0","4","0","","02","9","2015","5","40.427024","-80.069084","","11","0","0","0","0","0","0","0","0","2","0","0","0","","","0","","0","","40 25:37.286","2","0","80 04:08.702","0","0","0","0","2301","0","0","0","N","0","0","0","1","02301","0","","1.0","","1","N","N","","0","","0","0","1","","0","N","","2","0","0","0","0","0","0","2","0","2","","","","N","","","","","","","","","",""
"2015091608","","0","0","0","0","0","0","0","0","0","4","0","","02","9","2015","4","40.440466","-79.991536","","11","0","0","0","0","0","0","0","0","","0","0","0","","","0","","5","","40 26:25.678","","0","79 59:29.530","0","0","0","1","2301","0","0","0","N","0","0","0","2","02301","0","","1.0","","1","N","N","","0","","0","0","1","","2","","","2","0","0","0","0","0","0","2","0","2","","","","N","","","","","","","","","",""
"2015093314","","2","0","0","0","0","0","0","0","0","1","0","","02","9","2015","5","40.530577","-80.009757","","11","0","0","0","0","0","0","0","0","","0","0","0","","","1","","1","","40 31:50.078","","0","80 00:35.126","8","0","0","0","2116","0","0","0","N","0","0","0","2","02116","0","","1.0","","9","N","N","","0","","0","0","0","","2","","","2","1","0","0","0","1","0","2","0","2","","","","N","","","","","","","","","",""
"2015091762","","2","0","0","0","0","0","0","0","0","4","0","","02","9","2015","1","40.355084","-80.116178","","11","1","0","0","0","0","0","0","1","1","0","0","0","","","0","","7","","40 21:18.304","6","3","80 06:58.240","0","0","0","0","2119","0","0","0","N","0","0","0","3","02119","0","","1.0","","1","N","N","","0","","0","0","0","","3","N","","2","0","0","0","0","0","0","2","0","2","","","","N","","","","","","","","","",""
"2015092364","","0","0","0","0","0","0","0","0","0","1","1","","02","9","2015","4","40.427576","-79.705024","","11","0","0","0","0","0","0","0","0","2","0","1","0","","","1","","0","","40 25:39.274","3","0","79 42:18.087","8","0","0","0","2446","0","0","0","N","0","0","0","3","02446","0","","1.0","","1","N","N","","0","","0","0","1","","2","N","","2","1","0","0","0","1","0","2","0","2","","","","N","","","","","","","","","",""
"2015091609","","1","0","0","0","0","0","0","0","0","7","0","90","02","9","2015","1","40.462164","-79.911142","","11","0","0","0","0","0","1","0","0","","0","0","0","","","0","","0","","40 27:43.790","","0","79 54:40.110","0","0","0","0","2301","0","0","0","N","0","0","0","2","02301","0","","1.0","","98","N","N","","0","","0","0","0","","3","","","1","0","0","0","0","0","0","2","0","1","","","N","Y","8","2","","","N","","","Y","",""
"2015092425","","2","0","0","0","0","0","0","0","0","1","0","","02","8","2015","1","40.352002","-79.85971","","11","0","0","0","0","0","1","0","0","","0","0","0","","","0","","1","","40 21:07.207","","0","79 51:34.955","0","0","0","0","2304","0","0","0","N","0","0","0","2","02304","0","","1.0","","1","N","N","","0","","0","0","0","","2","","","2","0","1","0","0","0","0","2","0","2","","","","N","","","","","","","","","",""
"2015091974","","0","0","0","0","0","0","0","0","0","7","0","","02","9","2015","3","40.439864","-79.925233","","11","0","0","0","0","0","0","0","0","","0","0","0","","","0","","0","","40 26:23.510","","0","79 55:30.840","0","0","0","0","2301","0","0","0","N","0","0","0","2","02301","0","","5.0","","1","N","N","","0","","0","0","1","","0","","","1","0","1","0","0","0","0","2","0","1","","","","N","","","","","","","","","",""
"2015090633","","1","0","0","0","0","0","0","0","0","7","0","","02","9","2015","4","40.392369","-79.894553","","11","0","0","0","0","0","1","0","0","","0","0","0","","","0","","0","","40 23:32.530","","0","79 53:40.390","0","0","0","0","2448","0","0","0","N","0","0","0","2","02448","0","","5.0","","1","N","N","","0","","0","0","0","","0","","","1","0","0","0","0","0","0","2","0","1","","","","N","","","","","","","","","",""
"2015077753","","2","0","0","0","0","0","0","0","0","4","0","","02","7","2015","7","40.570725","-80.00275","","11","0","0","0","0","0","0","0","0","2","0","0","0","","","1","","1","","40 34:14.609","1","0","80 00:09.899","8","0","0","0","2108","0","0","0","N","0","0","0","2","02108","0","","1.0","","1","N","N","","0","","0","0","0","","2","N","","2","1","0","0","0","1","0","2","0","2","","","","N","","","","","","","","","",""
"2015077754","","1","0","0","0","0","0","0","0","0","1","0","","02","7","2015","3","40.440002","-80.084388","","11","0","0","1","0","0","1","0","0","2","0","0","0","","","0","","0","","40 26:24.008","3","0","80 05:03.797","0","0","0","0","2115","0","0","0","N","0","0","0","4","02115","0","","1.0","","1","N","N","","0","","0","0","1","","0","N","","3","0","0","0","0","0","0","2","1","3","","","","N","","","","","","","","","",""
"2015075463","","2","0","0","0","0","0","0","0","0","6","0","","02","7","2015","5","40.424331","-79.977978","","11","0","0","0","0","0","0","0","0","1","0","0","0","","","1","","0","","40 25:27.591","1","0","79 58:40.720","4","0","0","0","2301","0","0","0","N","0","0","0","5","02301","1","","1.0","","1","N","N","","0","","0","0","0","","0","N","","2","1","3","0","0","0","0","2","0","2","","","","N","","","","","","","","","",""
"2015091991","","0","0","0","0","0","0","0","0","0","1","0","","02","9","2015","2","40.532646","-79.958588","","11","0","0","0","0","0","1","0","0","1","0","0","0","","","1","","2","","40 31:57.524","5","0","79 57:30.916","8","0","0","0","2118","0","0","0","N","0","0","0","5","02118","0","","1.0","","1","N","N","","0","","0","0","2","","2","N","","2","1","0","0","0","1","0","2","0","2","","","","N","","","","","","","","","",""
"2015092790","","2","0","0","0","0","0","0","0","0","1","0","","02","9","2015","3","40.517006","-80.127447","","11","0","0","0","0","1","0","0","0","1","0","0","0","","","0","","7","","40 31:01.221","3","2","80 07:38.808","0","0","0","0","2434","0","0","0","","0","0","0","2","02215","0","","1.0","","1","","","","0","","0","0","0","","4","N","","2","0","0","0","0","0","0","2","0","2","","","","N","","","","","","","","","",""
"2015090635","","2","0","0","0","0","0","0","0","0","1","0","","02","9","2015","5","40.486159","-80.053869","","11","0","0","0","0","0","0","0","0","2","0","0","0","","","1","","0","","40 29:10.172","2","0","80 03:13.930","4","0","0","0","2404","0","0","0","N","0","0","0","3","02404","1","","1.0","","1","N","N","","0","","0","0","1","","0","N","","3","1","0","0","0","0","0","2","0","3","","","","N","","","","","","","","","",""
"2015091978","","1","0","0","0","0","0","0","0","0","4","0","","02","9","2015","5","40.449096","-80.119429","","11","0","0","0","0","0","0","0","1","1","0","0","0","","","1","","1","","40 26:56.744","4","0","80 07:09.946","4","0","0","0","2115","0","0","0","N","0","0","0","2","02115","1","","1.0","","1","N","N","","0","","0","0","1","","0","N","","2","1","0","0","0","0","0","2","0","2","","","","N","","","","","","","","","",""
"2015090555","","1","0","0","0","0","0","0","0","0","4","1","","02","6","2015","6","40.340031","-80.129573","","11","0","0","0","0","0","0","0","0","","0","1","0","","","0","","0","","40 20:24.112","","0","80 07:46.463","0","0","0","0","2119","0","0","0","N","0","0","0","5","68B03","0","","1.0","","1","N","N","","0","","0","0","0","","0","","","2","0","1","0","0","0","0","2","0","2","","","","N","","","","","","","","","",""