"CRN","ARRIVAL_TM","AUTOMOBILE_COUNT","BELTED_DEATH_COUNT","BELTED_SUSP_SERIOUS_INJ_COUNT","BICYCLE_COUNT","BICYCLE_DEATH_COUNT","BICYCLE_SUSP_SERIOUS_INJ_COUNT","BUS_COUNT","CHLDPAS_DEATH_COUNT","CHLDPAS_SUSP_SERIOUS_INJ_COUNT","COLLISION_TYPE","COMM_VEH_COUNT","CONS_ZONE_SPD_LIM","COUNTY","CRASH_MONTH","CRASH_YEAR","DAY_OF_WEEK","DEC_LATITUDE","DEC_LONGITUDE","DISPATCH_TM","DISTRICT","DRIVER_COUNT_16YR","DRIVER_COUNT_17YR","DRIVER_COUNT_18YR","DRIVER_COUNT_19YR","DRIVER_COUNT_20YR","DRIVER_COUNT_50_64YR","DRIVER_COUNT_65_74YR","DRIVER_COUNT_75PLUS","EST_HRS_CLOSED","FATAL_COUNT","HEAVY_TRUCK_COUNT","HORSE_BUGGY_COUNT","HOUR_OF_DAY","ILLUMINATION","INJURY_COUNT","INTERSECTION_RELATED","INTERSECT_TYPE","LANE_CLOSED","LATITUDE","LN_CLOSE_DIR","LOCATION_TYPE","LONGITUDE","MAX_SEVERITY_LEVEL","MCYCLE_DEATH_COUNT","MCYCLE_SUSP_SERIOUS_INJ_COUNT","MOTORCYCLE_COUNT","MUNICIPALITY","NONMOTR_COUNT","NONMOTR_DEATH_COUNT","NONMOTR_SUSP_SERIOUS_INJ_COUNT","NTFY_HIWY_MAINT","PED_COUNT","PED_DEATH_COUNT","PED_SUSP_SERIOUS_INJ_COUNT","PERSON_COUNT","POLICE_AGCY","POSSIBLE_INJ_COUNT","RDWY_SURF_TYPE_CD","RELATION_TO_ROAD","ROADWAY_CLEARED","ROAD_CONDITION","SCH_BUS_IND","SCH_ZONE_IND","SECONDARY_CRASH","SMALL_TRUCK_COUNT","SPEC_JURIS_CD","SUSP_MINOR_INJ_COUNT","SUSP_SERIOUS_INJ_COUNT","SUV_COUNT","TCD_FUNC_CD","TCD_TYPE","TFC_DETOUR_IND","TIME_OF_DAY","TOTAL_UNITS","TOT_INJ_COUNT","UNBELTED_OCC_COUNT","UNB_DEATH_COUNT","UNB_SUSP_SERIOUS_INJ_COUNT","UNK_INJ_DEG_COUNT","UNK_INJ_PER_COUNT","URBAN_RURAL","VAN_COUNT","VEHICLE_COUNT","WEATHER1","WEATHER2","WORKERS_PRES","WORK_ZONE_IND","WORK_ZONE_LOC","WORK_ZONE_TYPE","WZ_CLOSE_DETOUR","WZ_FLAGGER","WZ_LAW_OFFCR_IND","WZ_LN_CLOSURE","WZ_MOVING","WZ_OTHER","WZ_SHLDER_MDN","WZ_WORKERS_INJ_KILLED"
"2015091193","","2","0","0","0","0","0","0","0","0","2","0","","02","9","2015","5","40.516926","-80.221347","","11","1","0","0","0","0","0","0","0","","0","0","0","","","2","","1","","40 31:00.932","","0","80 13:16.848","8","0","0","0","2213","0","0","0","N","0","0","0","6","02213","0","","1.0","","1","N","N","","0","","0","0","1","","2","","","3","2","0","0","0","2","0","2","0","3","","","","N","","","","","","","","","",""
"2015091993","","0","0","0","0","0","0","0","0","0","1","0","","02","9","2015","5","40.568006","-80.049508","","11","0","0","0","0","0","0","0","0","1","0","0","0","","","0","","1","","40 34:04.821","4","0","80 02:58.228","0","0","0","0","2108","0","0","0","N","0","0","0","2","02108","0","","1.0","","1","N","N","","0","","0","0","1","","0","N","","2","0","0","0","0","0","0","2","1","2","","","","N","","","","","","","","","",""
"2015092792","","2","0","0","0","0","0","0","0","0","2","0","","02","8","2015","6","40.549063","-80.108067","","11","0","0","0","0","0","1","0","0","","0","0","0","","","0","","2","","40 32:56.626","","0","80 06:29.041","0","0","0","0","2215","0","0","0","N","0","0","0","2","02215","0","","1.0","","1","N","N","","0","","0","0","0","","3","","","2","0","0","0","0","0","0","2","0","2","","","","N","","","","","","","","","",""
"2015090556","","2","0","0","0","0","0","0","0","0","7","0","","02","8","2015","7","40.441596","-79.828293","","11","0","0","0","0","0","1","0","0","","0","0","0","","","0","","0","","40 26:29.745","","3","79 49:41.855","0","0","0","0","2419","0","0","0","N","0","0","0","3","68B03","0","","2.0","","1","N","N","","0","","0","0","0","","0","","","2","0","0","0","0","0","0","2","0","2","","","","N","","","","","","","","","",""
"2015091346","","1","0","0","0","0","0","0","0","0","7","0","","02","9","2015","5","40.453449","-79.864889","","11","0","0","0","0","0","0","0","0","","0","0","0","","","1","","0","","40 27:12.417","","0","79 51:53.601","8","0","0","0","2301","0","0","0","N","0","0","0","1","02301","0","","5.0","","1","N","N","","0","","0","0","0","","0","","","1","1","0","0","0","1","0","2","0","1","","","","N","","","","","","","","","",""
"2015090637","","1","0","0","0","0","0","0","0","0","1","0","","02","9","2015","5","40.335851","-79.851884","","11","0","0","0","0","0","0","1","0","1","0","0","0","","","1","","2","","40 20:09.062","1","0","79 51:06.783","4","0","0","0","2304","0","0","0","N","0","0","0","2","02304","1","","1.0","","1","N","N","","0","","0","0","1","","2","N","","2","1","0","0","0","0","0","2","0","2","","","","N","","","","","","","","","",""
"2015092714","","1","0","0","0","0","0","0","0","0","1","0","","02","7","2015","5","40.420702","-80.093658","","11","0","0","0","0","0","1","0","0","1","0","0","0","","","1","","0","","40 25:14.526","3","0","80 05:37.167","4","0","0","0","2457","0","0","0","Y","0","0","0","6","68B03","1","","1.0","","1","N","N","","0","","0","0","1","","0","N","","2","1","0","0","0","0","0","2","0","2","","","","N","","","","","","","","","",""
"2015091994","","1","0","0","0","0","0","0","0","0","7","0","40","02","9","2015","6","40.585503","-80.036023","","11","0","0","0","0","0","0","0","0","","0","0","0","","","0","","1","","40 35:07.811","","0","80 02:09.684","0","0","0","0","2108","0","0","0","N","0","0","0","1","02108","0","","3.0","","1","N","N","","0","","0","0","0","","2","","","1","0","0","0","0","0","0","2","0","1","","","Y","Y","4","1","Y","N","N","Y","N","N","N",""
"2015091334","","0","0","0","0","0","0","0","0","0","4","0","","02","9","2015","6","40.437572","-79.770108","","11","0","0","0","0","0","0","0","0","1","0","0","0","","","0","","0","","40 26:15.260","1","0","79 46:12.390","0","0","0","1","2446","0","0","0","N","0","0","0","4","02446","0","","1.0","","1","N","N","","0","","0","0","1","","0","N","","2","0","0","0","0","0","0","2","0","2","","","","N","","","","","","","","","",""
"2015092715","","2","0","0","0","0","0","0","0","0","5","0","","02","9","2015","6","40.433203","-79.87021","","11","0","0","0","0","0","2","0","0","","0","0","0","","","3","","0","","40 25:59.529","","0","79 52:12.756","8","0","0","0","2478","0","0","0","N","0","0","0","8","68B03","0","","1.0","","1","N","N","","0","","0","0","1","","0","","","4","3","0","0","0","3","0","2","1","4","","","","N","","","","","","","","","",""
"2015091995","","1","0","0","0","0","0","0","0","0","1","0","","02","9","2015","7","40.599311","-80.047936","","11","0","0","0","0","0","2","0","0","","0","0","0","","","0","","2","","40 35:57.519","","0","80 02:52.570","0","0","0","0","2108","0","0","0","N","0","0","0","6","02108","0","","1.0","","1","N","N","","2","","0","0","0","","0","","","3","0","0","0","0","0","0","2","0","3","","","","N","","","","","","","","","",""
"2015091272","","2","0","0","0","0","0","0","0","0","4","0","","02","9","2015","6","40.461578","-79.967126","","11","0","0","0","0","0","1","1","0","1","0","0","0","","","0","","1","","40 27:41.680","1","0","79 58:01.653","0","0","0","0","2301","0","0","0","N","0","0","0","3","02301","0","","1.0","","9","N","N","","0","","0","0","0","","2","N","","2","0","0","0","0","0","0","2","0","2","","","","N","","","","","","","","","",""
"2015090558","","2","0","0","0","0","0","0","0","0","1","0","","02","9","2015","3","40.445171","-79.845943","","11","0","0","1","0","0","1","0","1","1","0","0","0","","","0","","0","","40 26:42.614","4","2","79 50:45.395","9","0","0","0","2419","0","0","0","N","0","0","0","5","68B03","0","","1.0","","1","N","N","","1","","0","0","0","","0","N","","3","0","0","0","0","0","2","2","0","3","","","","N","","","","","","","","","",""
"2015092196","","1","0","0","0","0","0","0","0","0","7","0","55","02","9","2015","2","40.56788","-79.855338","","11","0","0","0","0","0","0","0","0","2","0","0","0","","","0","","0","","40 34:04.369","4","0","79 51:19.218","0","0","0","0","2209","0","0","0","N","0","0","0","2","68T02","0","","4.0","","1","N","N","","0","","0","0","0","","0","N","","1","0","0","0","0","0","0","2","0","1","","","N","Y","4","1","N","N","N","N","N","N","Y",""
"2015092716","","2","0","0","0","0","0","0","0","0","1","0","","02","9","2015","7","40.439373","-79.861319","","11","0","0","0","0","0","0","0","1","1","0","0","0","","","0","","0","","40 26:21.742","4","0","79 51:40.747","0","0","0","0","2478","0","0","0","N","0","0","0","5","68B03","0","","1.0","","1","N","N","","0","","0","0","1","","0","N","","3","0","0","0","0","0","0","2","0","3","","","","N","","","","","","","","","",""
"2015091417","","1","0","0","0","0","0","0","0","0","1","0","","02","9","2015","7","40.413544","-79.852692","","11","0","0","0","0","0","1","0","0","1","0","0","0","","","1","","0","","40 24:48.760","2","7","79 51:09.690","4","0","0","0","2431","0","0","0","N","0","0","0","5","02431","1","","1.0","","1","N","N","","0","","0","0","1","","0","N","","2","1","0","0","0","0","0","2","0","2","","","","N","","","","","","","","","",""
"2015092197","","2","0","0","0","0","0","0","0","0","5","0","","02","9","2015","3","40.470483","-79.961027","","11","0","0","0","0","0","0","0","0","","0","0","0","","","0","","1","","40 28:13.738","","0","79 57:39.697","0","0","0","0","2301","0","0","0","N","0","0","0","2","02301","0","","1.0","","1","N","N","","0","","0","0","0","","0","","","2","0","0","0","0","0","0","2","0","2","","","","N","","","","","","","","","",""
"2015092717","","1","0","0","0","0","0","0","0","0","1","0","","02","9","2015","3","40.428676","-79.928971","","11","0","0","0","0","0","1","0","0","1","0","0","0","","","0","","0","","40 25:43.233","4","0","79 55:44.294","0","0","0","0","2301","0","0","0","N","0","0","0","2","68B03","0","","1.0","","1","N","N","","1","","0","0","0","","0","N","","2","0","0","0","0","0","0","2","0","2","","","","N","","","","","","","","","",""
"2015090490","","0","0","0","0","0","0","0","0","0","6","0","","02","9","2015","3","40.396413","-80.131484","","11","0","0","0","0","0","2","0","0","1","0","0","0","","","1","","0","","40 23:47.086","2","0","80 07:53.342","4","0","0","0","2102","0","0","0","N","0","0","0","2","02102","1","","1.0","","1","N","N","","1","","0","0","1","","0","Y","","2","1","0","0","0","0","0","2","0","2","","","","N","","","","","","","","","",""
"2015077008","","2","0","0","0","0","0","0","0","0","1","1","","02","7","2015","2","40.384026","-79.995444","","11","0","0","0","0","0","3","0","0","1","0","1","0","","","1","","10","","40 23:02.494","1","0","79 59:43.598","8","0","0","0","2301","0","0","0","N","0","0","0","5","02301","0","","1.0","","1","N","N","","0","","0","0","0","","0","N","","3","1","0","0","0","1","0","2","0","3","","","","N","","","","","","","","","",""
"2015091351","","2","0","0","0","0","0","0","0","0","4","0","","02","9","2015","4","40.408247","-80.084628","","11","0","0","0","0","0","0","0","0","","0","0","0","","","2","","1","","40 24:29.690","","0","80 05:04.660","8","0","0","0","2415","0","0","0","N","0","0","0","2","02415","0","","1.0","","1","N","N","","0","","0","0","0","","3","","","2","2","0","0","0","2","0","2","0","2","","","","N","","","","","","","","","",""
"2015091419","","2","0","0","0","0","0","0","0","0","1","0","","02","9","2015","6","40.492939","-80.306995","","11","0","0","0","0","0","0","0","0","","0","0","0","","","1","","0","","40 29:34.582","","0","80 18:25.182","3","0","0","0","2203","0","0","0","N","0","0","0","2","02203","0","","1.0","","1","N","N","","0","","1","0","0","","0","","","2","1","1","0","0","0","0","2","0","2","","","","N","","","","","","","","","",""
"2015092799","","1","0","0","0","0","0","1","0","0","5","1","","02","9","2015","4","40.448981","-80.002372","","11","0","0","0","0","0","1","0","0","","0","0","0","","","1","","0","","40 26:56.330","","0","80 00:08.540","4","0","0","0","2301","0","0","0","N","0","0","0","3","02503","1","","1.0","","1","N","N","","0","","0","0","0","","0","","","2","1","0","0","0","0","0","2","0","2","","","","N","","","","","","","","","",""
"2015090564","","0","0","0","0","0","0","0","0","0","1","0","","02","8","2015","1","40.664443","-79.717793","","11","0","0","0","0","0","1","0","0","","0","0","0","","","0","","6","","40 39:51.996","","2","79 43:04.056","0","0","0","0","2106","0","0","0","N","0","0","0","3","68D02","0","","1.0","","1","N","N","","1","","0","0","1","","0","","","2","0","0","0","0","0","0","2","0","2","","","","N","","","","","","","","","",""
"2015090647","","2","0","0","0","0","0","0","0","0","1","0","","02","9","2015","5","40.455389","-79.979633","","11","0","0","0","0","0","0","0","0","","0","0","0","","","0","","0","","40 27:19.400","","0","79 58:46.680","0","0","0","0","2301","0","0","0","N","0","0","0","3","02301","0","","1.0","","1","N","N","","0","","0","0","0","","0","","","2","0","0","0","0","0","0","2","0","2","","","","N","","","","","","","","","",""
"2015076476","","1","0","0","0","0","0","0","0","0","7","0","","02","7","2015","2","40.514397","-79.791781","","11","0","0","0","0","0","0","0","0","","0","0","0","","","0","","0","","40 30:51.830","","0","79 47:30.410","0","0","0","0","2466","0","0","0","N","0","0","0","0","02466","0","","5.0","","1","N","N","","0","","0","0","0","","0","","","1","0","0","0","0","0","0","2","0","1","","","","N","","","","","","","","","",""
"2015077003","","0","0","0","0","0","0","0","0","0","7","0","","02","7","2015","2","40.437151","-79.998411","","11","0","0","0","0","0","1","0","0","","0","0","0","","","0","","1","","40 26:13.743","","0","79 59:54.279","0","0","0","0","2301","0","0","0","N","0","0","0","1","02301","0","","5.0","","1","N","N","","1","","0","0","0","","0","","","1","0","0","0","0","0","0","2","0","1","","","","N","","","","","","","","","",""
"2015077017","","2","0","0","0","0","0","0","0","0","1","0","","02","7","2015","2","40.540919","-79.81939","","11","0","0","0","0","0","1","0","0","1","0","0","0","","","0","","0","","40 32:27.308","1","0","79 49:09.805","0","0","0","0","2208","0","0","0","N","0","0","0","2","02208","0","","1.0","","1","N","N","","0","","0","0","0","","0","N","","2","0","0","0","0","0","0","2","0","2","","","","N","","","","","","","","","",""
"2015075553","","1","0","0","0","0","0","0","0","0","1","0","","02","7","2015","4","40.465534","-79.920979","","11","0","0","0","0","0","1","1","0","","0","0","0","","","0","","0","","40 27:55.924","","0","79 55:15.525","0","0","0","0","2301","0","0","0","N","0","0","0","3","02301","0","","1.0","","1","N","N","","0","","0","0","2","","0","","","3","0","0","0","0","0","0","2","0","3","","","","N","","","","","","","","","",""
"2015077143","","2","0","0","0","0","0","0","0","0","4","0","","02","7","2015","5","40.571983","-80.035066","","11","0","0","0","0","0","1","0","0","","0","0","0","","","1","","0","","40 34:19.138","","0","80 02:06.237","4","0","0","0","2108","0","0","0","N","0","0","0","3","02108","1","","1.0","","1","N","N","","0","","0","0","0","","0","","","2","1","0","0","0","0","0","2","0","2","","","","N","","","","","","","","","",""
"2015091359","","1","0","0","0","0","0","0","0","0","7","0","","02","9","2015","6","40.457988","-79.792706","","11","0","0","0","0","0","0","0","0","2","0","0","0","","","1","","0","","40 27:28.755","5","0","79 47:33.740","4","0","0","0","2113","0","0","0","N","0","0","0","1","02113","1","","2.0","","1","N","N","","0","","0","0","0","","0","N","","1","1","0","0","0","0","0","2","0","1","","","","N","","","","","","","","","",""
"2015075425","","2","0","1","0","0","0","0","0","0","2","0","","02","7","2015","7","40.422117","-79.9175","","11","0","0","0","0","0","1","1","0","1","0","0","0","","","2","","0","","40 25:19.620","5","0","79 55:03.000","2","0","0","0","2301","0","0","0","N","0","0","0","2","02301","0","","1.0","","1","N","N","","0","","0","2","0","","0","N","","2","2","1","0","1","0","0","2","0","2","","","","N","","","","","","","","","",""
"2015077018","","1","0","0","0","0","0","0","0","0","1","0","","02","6","2015","3","40.400402","-79.905383","","11","0","0","0","0","1","1","0","0","","0","0","0","","","0","","2","","40 24:01.447","","7","79 54:19.378","0","0","0","0","2438","0","0","0","N","0","0","0","2","02438","0","","1.0","","1","N","N","","0","","0","0","1","","0","","","2","0","0","0","0","0","0","2","0","2","","","","N","","","","","","","","","",""
"2015077144","","0","0","0","0","0","0","0","0","0","7","0","","02","7","2015","7","40.598497","-80.062408","","11","0","0","0","1","0","0","0","0","1","0","0","0","","","0","","0","","40 35:54.588","2","0","80 03:44.670","0","0","0","0","2108","0","0","0","N","0","0","0","1","02108","0","","5.0","","1","N","N","","1","","0","0","0","","0","Y","","1","0","0","0","0","0","0","2","0","1","","","","N","","","","","","","","","",""
"2015075567","","1","0","0","0","0","0","0","0","0","4","0","","02","7","2015","5","40.387032","-79.983334","","11","0","0","0","0","0","0","0","0","","0","0","0","","","0","","2","","40 23:13.315","","0","79 59:00.002","0","0","0","0","2301","0","0","0","N","0","0","0","3","02301","0","","1.0","","1","N","N","","0","","0","0","1","","0","","","2","0","0","0","0","0","0","2","0","2","","","","N","","","","","","","","","",""
"2015090499","","0","0","0","0","0","0","0","0","0","7","0","","02","9","2015","4","40.439003","-80.035108","","11","0","0","0","0","0","1","0","0","4","0","0","0","","","1","","0","","40 26:20.410","5","0","80 02:06.390","3","0","0","0","2301","0","0","0","N","0","0","0","1","02301","0","","4.0","","1","N","N","","0","","1","0","1","","0","Y","","1","1","1","0","0","0","0","2","0","1","","","","N","","","","","","","","","",""
"2015091283","","1","0","0","0","0","0","0","0","0","7","0","","02","9","2015","7","40.453514","-80.055156","","11","0","0","0","0","0","0","0","0","","0","0","0","","","0","","0","","40 27:12.650","","0","80 03:18.560","0","0","0","0","2301","0","0","0","N","0","0","0","1","02301","0","","4.0","","1","N","N","","0","","0","0","0","","0","","","1","0","0","0","0","0","0","2","0","1","","","","N","","","","","","","","","",""
"2015090513","","1","0","0","0","0","0","0","0","0","5","0","","02","9","2015","4","40.381283","-79.812414","","11","0","0","0","0","0","0","0","0","","0","0","0","","","0","","1","","40 22:52.617","","0","79 48:44.690","0","0","0","0","2424","0","0","0","N","0","0","0","2","02424","0","","1.0","","1","N","N","","1","","0","0","0","","2","","","2","0","0","0","0","0","0","2","0","2","","","","N","","","","","","","","","",""
"2015075568","","1","0","0","0","0","0","0","0","0","5","1","","02","7","2015","5","40.448933","-80.000739","","11","0","0","0","0","0","0","0","0","","0","1","0","","","0","","1","","40 26:56.157","","0","80 00:02.660","0","0","0","0","2301","0","0","0","N","0","0","0","2","02301","0","","1.0","","1","N","N","","0","","0","0","0","","2","","","3","0","0","0","0","0","0","2","1","3","","","","N","","","","","","","","","",""
"2015075556","","1","0","0","0","0","0","0","0","0","4","0","","02","7","2015","5","40.457576","-79.904235","","11","0","0","0","0","0","0","1","0","","0","0","0","","","2","","1","","40 27:27.274","","0","79 54:15.247","3","0","0","0","2301","0","0","0","Y","0","0","0","3","02301","1","","1.0","","1","N","N","","1","","1","0","0","","2","","","2","2","0","0","0","0","0","2","0","2","","","","N","","","","","","","","","",""
"2015092076","","2","0","0","0","0","0","0","0","0","2","0","","02","9","2015","3","40.411253","-80.041019","","11","0","0","0","0","0","1","0","0","","0","0","0","","","0","","0","","40 24:40.510","","0","80 02:27.670","0","0","0","0","2301","0","0","0","N","0","0","0","4","02301","0","","1.0","","1","N","N","","0","","0","0","0","","0","","","2","0","0","0","0","0","0","2","0","2","","","","N","","","","","","","","","",""
"2015091297","","1","0","0","0","0","0","0","0","0","1","0","","02","9","2015","5","40.45709","-80.176338","","11","0","0","0","0","0","0","0","0","1","0","0","0","","","3","","1","","40 27:25.524","4","0","80 10:34.818","4","0","0","0","2213","0","0","0","N","0","0","0","4","02213","3","","1.0","","1","N","N","","1","","0","0","0","","2","N","","2","3","0","0","0","0","0","2","0","2","","","","N","","","","","","","","","",""
"2015090502","","0","0","0","0","0","0","0","0","0","1","0","","02","9","2015","4","40.36965","-79.912776","","11","0","0","0","0","1","0","0","0","3","0","0","0","","","2","","2","","40 22:10.740","1","0","79 54:45.995","4","0","0","0","2301","0","0","0","N","0","0","0","4","02301","2","","1.0","","1","N","N","","1","","0","0","0","","2","Y","","2","2","0","0","0","0","0","2","1","2","","","","N","","","","","","","","","",""
"2015090519","","1","0","0","0","0","0","0","0","0","8","0","","02","9","2015","4","40.452878","-79.920914","","11","0","0","0","0","0","1","0","0","1","0","0","0","","","1","","0","","40 27:10.360","4","0","79 55:15.290","8","0","0","0","2301","1","0","0","N","1","0","0","2","02301","0","","1.0","","1","N","N","","0","","0","0","0","","2","N","","2","1","0","0","0","1","0","2","0","1","","","","N","","","","","","","","","",""
"2015075559","","1","0","0","0","0","0","0","0","0","4","0","","02","7","2015","5","40.337709","-79.951406","","11","0","0","0","0","0","0","0","0","1","0","0","0","","","2","","0","","40 20:15.751","1","7","79 57:05.060","8","0","0","0","2454","0","0","0","N","0","0","0","2","02454","0","","1.0","","1","N","N","","0","","0","0","1","","2","Y","","2","2","1","0","0","2","0","2","0","2","","","","N","","","","","","","","","",""
"2015091287","","2","0","0","0","0","0","0","0","0","4","0","","02","8","2015","4","40.340027","-79.82677","","11","0","0","0","0","0","0","0","0","","0","0","0","","","1","","1","","40 20:24.097","","0","79 49:36.372","8","0","0","0","2304","0","0","0","N","0","0","0","2","02304","0","","1.0","","1","N","N","","0","","0","0","0","","2","","","2","1","0","0","0","1","0","2","0","2","","","","N","","","","","","","","","",""
"2015092825","","2","0","0","0","0","0","0","0","0","2","0","","02","9","2015","5","40.448961","-79.884034","","11","0","0","0","0","0","1","0","0","","0","0","0","","","0","","2","","40 26:56.259","","0","79 53:02.522","0","0","0","0","2301","0","0","0","N","0","0","0","2","02301","0","","1.0","","9","N","N","","0","","0","0","0","","3","","","2","0","0","0","0","0","0","2","0","2","","","","N","","","","","","","","","",""
"2015090657","","1","0","0","0","0","0","0","0","0","1","0","","02","8","2015","7","40.515676","-80.004435","","11","0","0","0","0","0","0","0","1","2","0","0","0","","","1","","10","","40 30:56.433","2","7","80 00:15.965","4","0","0","0","2116","0","0","0","N","0","0","0","2","02116","1","","5.0","","1","N","N","","1","","0","0","0","","0","Y","","2","1","0","0","0","0","0","2","0","2","","","","N","","","","","","","","","",""
"2015076200","","2","0","0","0","0","0","0","0","0","4","0","","02","7","2015","5","40.4382","-79.779303","","11","0","0","0","0","0","2","0","0","1","0","0","0","","","1","","2","","40 26:17.519","6","0","79 46:45.490","8","0","0","0","2446","0","0","0","N","0","0","0","2","02446","0","","1.0","","1","N","N","","0","","0","0","0","","3","Y","","2","1","0","0","0","1","0","2","0","2","","","","N","","","","","","","","","",""
"2015091288","","0","0","0","1","0","0","0","0","0","8","0","","02","9","2015","6","40.477204","-80.033302","","11","0","0","0","0","0","0","0","0","","0","0","0","","","2","","0","","40 28:37.934","","0","80 01:59.887","3","0","0","0","2301","1","0","0","N","0","0","0","4","02301","1","","5.0","","1","N","N","","1","","1","0","0","","0","","","2","2","0","0","0","0","0","2","0","1","","","","N","","","","","","","","","",""
"2015092826","","1","0","0","0","0","0","0","0","0","1","0","","02","9","2015","5","40.349431","-79.849661","","11","0","0","0","1","0","0","0","0","","0","0","0","","","0","","0","","40 20:57.950","","0","79 50:58.780","0","0","0","0","2304","0","0","0","N","0","0","0","2","02304","0","","1.0","","9","N","N","","0","","0","0","1","","0","","","2","0","0","0","0","0","0","2","0","2","","","","N","","","","","","","","","",""
"2015075432","","2","0","0","0","0","0","0","0","0","4","0","","02","7","2015","3","40.435789","-79.961171","","11","0","0","0","0","0","0","0","0","1","0","0","0","","","0","","1","","40 26:08.841","1","0","79 57:40.215","0","0","0","0","2301","0","0","0","N","0","0","0","2","02301","0","","1.0","","9","N","N","","0","","0","0","0","","2","Y","","2","0","0","0","0","0","0","2","0","2","","","","N","","","","","","","","","",""
"2015076201","","1","0","0","0","0","0","0","0","0","7","0","","02","7","2015","6","40.458344","-79.855389","","11","0","0","0","0","0","0","0","0","1","0","0","0","","","0","","0","","40 27:30.040","3","0","79 51:19.400","0","0","0","0","2113","0","0","0","N","0","0","0","1","02113","0","","5.0","","1","N","N","","0","","0","0","0","","0","N","","1","0","0","0","0","0","0","2","0","1","","","","N","","","","","","","","","",""
"2015090522","","2","0","0","0","0","0","0","0","0","4","0","","02","8","2015","6","40.477013","-80.029961","","11","0","0","0","0","0","0","0","0","","0","0","0","","","0","","2","","40 28:37.246","","0","80 01:47.859","0","0","0","0","2301","0","0","0","N","0","0","0","1","02301","0","","1.0","","1","N","N","","0","","0","0","0","","3","","","2","0","0","0","0","0","0","2","0","2","","","","N","","","","","","","","","",""
"2015090590","","1","0","0","0","0","0","0","0","0","7","0","","02","9","2015","4","40.624771","-79.739403","","11","0","0","0","0","0","0","0","0","","0","0","0","","","0","","0","","40 37:29.174","","0","79 44:21.852","0","0","0","0","2106","0","0","0","N","0","0","0","1","02106","0","","4.0","","1","N","N","","0","","0","0","0","","0","","","1","0","0","0","0","0","0","2","0","1","","","","N","","","","","","","","","",""
"2015091433","","0","0","0","0","0","0","0","0","0","7","0","","02","9","2015","7","40.357847","-80.086681","","11","0","0","0","0","0","0","0","0","","0","0","0","","","1","","0","","40 21:28.250","","0","80 05:12.050","4","0","0","0","2123","0","0","0","N","0","0","0","1","02123","1","","5.0","","9","N","N","","0","","0","0","1","","0","","","1","1","0","0","0","0","0","2","0","1","","","","N","","","","","","","","","",""
"2015092094","","2","0","0","0","0","0","0","0","0","1","0","","02","9","2015","2","40.306965","-79.904813","","11","0","0","0","1","0","0","0","0","2","0","0","0","","","0","","2","","40 18:25.075","2","0","79 54:17.327","0","0","0","0","2440","0","0","0","N","0","0","0","4","02440","0","","1.0","","1","N","N","","0","","0","0","0","","0","N","","2","0","0","0","0","0","0","2","0","2","","","","N","","","","","","","","","",""
"2015091369","","1","0","0","0","0","0","0","0","0","4","0","","02","8","2015","7","40.398976","-80.025222","","11","0","0","0","0","0","2","0","0","","0","0","0","","","0","","0","","40 23:56.315","","7","80 01:30.799","0","0","0","0","2301","0","0","0","N","0","0","0","3","02301","0","","1.0","","1","N","N","","0","","0","0","1","","0","","","2","0","0","0","0","0","0","2","0","2","","","","N","","","","","","","","","",""
"2015077790","","2","0","0","0","0","0","0","0","0","4","0","","02","7","2015","4","40.457258","-79.973578","","11","0","0","0","0","0","2","0","0","1","0","0","0","","","3","","1","","40 27:26.128","1","0","79 58:24.880","3","0","0","0","2301","0","0","0","N","0","0","0","4","02301","1","","1.0","","1","N","N","","0","","2","0","0","","2","N","","2","3","1","0","0","0","0","2","0","2","","","","N","","","","","","","","","",""
"2015092014","","1","0","0","0","0","0","0","0","0","1","0","","02","9","2015","3","40.328925","-79.81678","","11","0","0","0","0","0","0","1","0","2","0","0","0","","","3","","0","","40 19:44.129","1","0","79 49:00.407","4","0","0","0","2477","0","0","0","","0","0","0","3","02477","3","","1.0","","1","N","N","","0","","0","0","1","","0","Y","","2","3","0","0","0","0","0","2","0","2","","","","N","","","","","","","","","",""
"2015092899","","2","0","0","0","0","0","0","0","0","4","0","","02","9","2015","5","40.352161","-79.857046","","11","0","0","0","0","0","0","0","1","","0","0","0","","","1","","0","","40 21:07.779","","7","79 51:25.365","8","0","0","0","2304","0","0","0","N","0","0","0","2","02304","0","","1.0","","1","N","N","","0","","0","0","0","","2","","","2","1","0","0","0","1","0","2","0","2","","","","N","","","","","","","","","",""
"2015076206","","2","0","0","0","0","0","0","0","0","1","0","","02","7","2015","3","40.440466","-79.991536","","11","0","0","0","0","0","0","0","0","","0","0","0","","","0","","1","","40 26:25.678","","0","79 59:29.530","0","0","0","0","2301","0","0","0","N","0","0","0","3","02301","0","","1.0","","1","N","N","","0","","0","0","0","","2","","","2","0","0","0","0","0","0","2","0","2","","","","N","","","","","","","","","",""
"2015092818","","3","0","0","0","0","0","0","0","0","1","0","","02","9","2015","5","40.431713","-79.923209","","11","0","0","0","0","0","1","0","0","2","0","0","0","","","1","","2","","40 25:54.166","5","0","79 55:23.552","4","0","0","0","2301","0","0","0","N","0","0","0","1","02301","1","","1.0","","9","N","N","","1","","0","0","0","","2","N","","4","1","0","0","0","0","0","2","0","4","","","","N","","","","","","","","","",""