"CRN","ARRIVAL_TM","AUTOMOBILE_COUNT","BELTED_DEATH_COUNT","BELTED_SUSP_SERIOUS_INJ_COUNT","BICYCLE_COUNT","BICYCLE_DEATH_COUNT","BICYCLE_SUSP_SERIOUS_INJ_COUNT","BUS_COUNT","CHLDPAS_DEATH_COUNT","CHLDPAS_SUSP_SERIOUS_INJ_COUNT","COLLISION_TYPE","COMM_VEH_COUNT","CONS_ZONE_SPD_LIM","COUNTY","CRASH_MONTH","CRASH_YEAR","DAY_OF_WEEK","DEC_LATITUDE","DEC_LONGITUDE","DISPATCH_TM","DISTRICT","DRIVER_COUNT_16YR","DRIVER_COUNT_17YR","DRIVER_COUNT_18YR","DRIVER_COUNT_19YR","DRIVER_COUNT_20YR","DRIVER_COUNT_50_64YR","DRIVER_COUNT_65_74YR","DRIVER_COUNT_75PLUS","EST_HRS_CLOSED","FATAL_COUNT","HEAVY_TRUCK_COUNT","HORSE_BUGGY_COUNT","HOUR_OF_DAY","ILLUMINATION","INJURY_COUNT","INTERSECTION_RELATED","INTERSECT_TYPE","LANE_CLOSED","LATITUDE","LN_CLOSE_DIR","LOCATION_TYPE","LONGITUDE","MAX_SEVERITY_LEVEL","MCYCLE_DEATH_COUNT","MCYCLE_SUSP_SERIOUS_INJ_COUNT","MOTORCYCLE_COUNT","MUNICIPALITY","NONMOTR_COUNT","NONMOTR_DEATH_COUNT","NONMOTR_SUSP_SERIOUS_INJ_COUNT","NTFY_HIWY_MAINT","PED_COUNT","PED_DEATH_COUNT","PED_SUSP_SERIOUS_INJ_COUNT","PERSON_COUNT","POLICE_AGCY","POSSIBLE_INJ_COUNT","RDWY_SURF_TYPE_CD","RELATION_TO_ROAD","ROADWAY_CLEARED","ROAD_CONDITION","SCH_BUS_IND","SCH_ZONE_IND","SECONDARY_CRASH","SMALL_TRUCK_COUNT","SPEC_JURIS_CD","SUSP_MINOR_INJ_COUNT","SUSP_SERIOUS_INJ_COUNT","SUV_COUNT","TCD_FUNC_CD","TCD_TYPE","TFC_DETOUR_IND","TIME_OF_DAY","TOTAL_UNITS","TOT_INJ_COUNT","UNBELTED_OCC_COUNT","UNB_DEATH_COUNT","UNB_SUSP_SERIOUS_INJ_COUNT","UNK_INJ_DEG_COUNT","UNK_INJ_PER_COUNT","URBAN_RURAL","VAN_COUNT","VEHICLE_COUNT","WEATHER1","WEATHER2","WORKERS_PRES","WORK_ZONE_IND","WORK_ZONE_LOC","WORK_ZONE_TYPE","WZ_CLOSE_DETOUR","WZ_FLAGGER","WZ_LAW_OFFCR_IND","WZ_LN_CLOSURE","WZ_MOVING","WZ_OTHER","WZ_SHLDER_MDN","WZ_WORKERS_INJ_KILLED"
"2015076623","","1","0","0","0","0","0","0","0","0","4","0","","02","7","2015","5","40.411254","-79.913324","","11","0","0","0","0","0","1","0","0","1","0","0","0","","","0","","2","","40 24:40.514","6","7","79 54:47.966","0","0","0","0","2438","0","0","0","N","0","0","0","7","02438","0","","1.0","","1","N","N","","0","","0","0","0","","2","N","","2","0","0","0","0","0","0","2","1","2","","","","N","","","","","","","","","",""
"2015075086","","2","0","0","0","0","0","0","0","0","2","0","","02","7","2015","3","40.5034","-80.025118","","11","0","0","0","0","0","0","1","0","1","0","0","0","","","2","","1","","40 30:12.241","7","0","80 01:30.426","8","0","0","0","2116","0","0","0","N","0","0","0","2","02116","0","","1.0","","1","N","N","","0","","0","0","0","","0","N","","2","2","0","0","0","2","0","2","0","2","","","","N","","","","","","","","","",""
"2015077453","","1","0","0","0","0","0","0","0","0","4","0","","02","7","2015","3","40.283433","-79.837209","","11","0","0","0","1","0","0","0","0","2","0","0","0","","","2","","2","","40 17:00.360","5","0","79 50:13.954","4","0","0","0","2105","0","0","0","N","0","0","0","2","02105","2","","1.0","","1","N","N","","0","","0","0","1","","3","N","","2","2","0","0","0","0","0","1","0","2","","","","N","","","","","","","","","",""
"2015075574","","1","0","0","0","0","0","0","0","0","4","0","","02","7","2015","4","40.406379","-79.826847","","11","0","0","0","0","0","1","0","0","","0","0","0","","","0","","1","","40 24:22.965","","0","79 49:36.649","9","0","0","0","2467","0","0","0","N","0","0","0","2","02467","0","","1.0","","1","N","N","","1","","0","0","0","","2","","","2","0","0","0","0","0","1","2","0","2","","","","N","","","","","","","","","",""
"2015077244","","3","0","0","0","0","0","0","0","0","5","0","","02","7","2015","3","40.427581","-79.953608","","11","0","0","0","0","0","0","0","0","1","0","0","0","","","0","","0","","40 25:39.292","4","0","79 57:12.987","0","0","0","0","2301","0","0","0","N","0","0","0","4","68B03","0","","4.0","","9","N","N","","0","","0","0","0","","0","N","","3","0","0","0","0","0","0","2","0","3","","","","N","","","","","","","","","",""
"2015075845","","1","0","0","0","0","0","0","0","0","1","0","","02","7","2015","5","40.483232","-79.852233","","11","0","0","0","0","0","1","0","0","2","0","0","0","","","4","","0","","40 28:59.636","5","0","79 51:08.038","3","0","0","0","2113","0","0","0","N","0","0","0","7","02113","1","","1.0","","1","N","N","","0","","1","0","2","","0","N","","3","4","0","0","0","2","0","2","0","3","","","","N","","","","","","","","","",""
"2015077855","","1","0","0","0","0","0","0","0","0","4","0","","02","7","2015","4","40.370803","-80.083561","","11","0","0","0","0","0","0","1","0","","0","0","0","","","0","","0","","40 22:14.890","","0","80 05:00.820","0","0","0","0","2117","0","0","0","N","0","0","0","2","02117","0","","1.0","","1","N","N","","0","","0","0","1","","0","","","2","0","0","0","0","0","0","2","0","2","","","","N","","","","","","","","","",""
"2015075644","","1","0","0","0","0","0","0","0","0","4","0","","02","7","2015","4","40.432375","-79.864854","","11","0","0","1","0","1","0","0","0","1","0","0","0","","","0","","1","","40 25:56.549","4","0","79 51:53.473","0","0","0","0","2431","0","0","0","N","0","0","0","2","02431","0","","1.0","","1","N","N","","0","","0","0","0","","2","N","","2","0","0","0","0","0","0","2","1","2","","","","N","","","","","","","","","",""
"2015075562","","1","0","0","0","0","0","0","0","0","4","0","","02","7","2015","5","40.515036","-79.933944","","11","0","0","0","0","0","0","0","0","1","0","0","0","","","0","","2","","40 30:54.129","1","0","79 56:02.198","0","0","0","0","2112","0","0","0","N","0","0","0","4","02112","0","","1.0","","1","N","N","","0","","0","0","1","","0","N","","2","0","0","0","0","0","0","2","0","2","","","","N","","","","","","","","","",""
"2015076500","","1","0","0","0","0","0","0","0","0","1","0","","02","7","2015","6","40.428908","-79.998122","","11","0","0","0","0","0","0","0","0","","0","0","0","","","0","","0","","40 25:44.070","","0","79 59:53.240","9","0","0","0","2301","0","0","0","N","0","0","0","2","02301","0","","1.0","","1","N","N","","0","","0","0","0","","2","","","2","0","0","0","0","0","1","2","0","2","","","","N","","","","","","","","","",""
"2015075577","","1","0","0","0","0","0","0","0","0","2","0","","02","7","2015","4","40.430024","-79.98866","","11","0","0","0","0","0","0","0","0","1","0","0","0","","","1","","1","","40 25:48.086","2","0","79 59:19.176","3","0","0","0","2301","0","0","0","N","0","0","0","2","02301","0","","1.0","","1","N","N","","0","","1","0","0","","2","Y","","2","1","0","0","0","0","0","2","1","2","","","","N","","","","","","","","","",""
"2015078045","","1","0","0","0","0","0","0","0","0","7","0","","02","7","2015","2","40.567035","-79.798526","","11","0","0","0","0","0","0","0","0","","0","0","0","","","0","","0","","40 34:01.326","","0","79 47:54.693","0","0","0","0","2206","0","0","0","N","0","0","0","1","68D02","0","","4.0","","1","N","N","","0","","0","0","0","","0","","","1","0","0","0","0","0","0","2","0","1","","","","N","","","","","","","","","",""
"2015076565","","2","0","0","0","0","0","0","0","0","2","0","","02","7","2015","7","40.460221","-79.842652","","11","0","0","0","0","0","0","0","0","","0","0","0","","","1","","5","","40 27:36.794","","0","79 50:33.548","4","0","0","0","2113","0","0","0","N","0","0","0","3","02113","1","","1.0","","1","N","N","","0","","0","0","0","","2","","","2","1","0","0","0","0","0","2","0","2","","","","N","","","","","","","","","",""
"2015077380","","0","0","0","1","0","0","0","0","0","8","0","","02","7","2015","7","40.541006","-79.79621","","11","0","0","0","0","0","0","1","0","","0","0","0","","","1","","0","","40 32:27.623","","0","79 47:46.357","4","0","0","0","2418","1","0","0","N","0","0","0","2","02418","1","","5.0","","1","N","N","","1","","0","0","0","","0","","","2","1","0","0","0","0","1","2","0","1","","","","N","","","","","","","","","",""
"2015076566","","1","0","0","0","0","0","0","0","0","2","0","","02","7","2015","1","40.428751","-79.986423","","11","0","0","0","0","0","0","0","0","","0","0","0","","","2","","2","","40 25:43.505","","0","79 59:11.124","2","0","1","1","2301","1","0","0","N","1","0","0","4","02301","0","","1.0","","1","N","N","","0","","1","1","0","","2","","","3","2","0","0","0","0","0","2","0","2","","","","N","","","","","","","","","",""
"2015075092","","1","0","0","0","0","0","0","0","0","7","0","","02","7","2015","7","40.344669","-79.939944","","11","0","0","0","0","0","0","0","0","2","0","0","0","","","1","","0","","40 20:40.810","2","0","79 56:23.800","8","0","0","0","2473","0","0","0","N","0","0","0","1","02473","0","","2.0","","1","N","N","","0","","0","0","0","","0","N","","1","1","0","0","0","1","0","2","0","1","","","","N","","","","","","","","","",""
"2015077873","","2","0","0","0","0","0","0","0","0","1","0","","02","6","2015","5","40.431527","-80.024946","","11","0","0","0","0","0","0","0","0","","0","0","0","","","0","","0","","40 25:53.498","","4","80 01:29.804","0","0","0","0","2301","0","0","0","N","0","0","0","3","68B03","0","","1.0","","1","N","N","","0","","0","0","1","","0","","","3","0","0","0","0","0","0","2","0","3","","","","N","","","","","","","","","",""
"2015077982","","3","0","0","0","0","0","0","0","0","1","0","","02","7","2015","4","40.340465","-80.063889","","11","0","0","0","0","0","1","1","0","2","0","0","0","","","0","","0","","40 20:25.674","5","0","80 03:50.000","0","0","0","0","2123","0","0","0","N","0","0","0","5","02123","0","","1.0","","1","N","N","","0","","0","0","1","","0","N","","4","0","0","0","0","0","0","2","0","4","","","","N","","","","","","","","","",""
"2015077862","","2","0","0","0","0","0","0","0","0","4","0","","02","7","2015","4","40.453951","-80.059936","","11","0","0","0","0","0","0","0","0","2","0","0","0","","","0","","0","","40 27:14.223","2","0","80 03:35.769","0","0","0","0","2301","0","0","0","N","0","0","0","2","02301","0","","1.0","","1","N","N","","0","","0","0","0","","0","N","","2","0","0","0","0","0","0","2","0","2","","","","N","","","","","","","","","",""
"2015077874","","1","0","0","0","0","0","0","0","0","4","0","","02","6","2015","1","40.60963","-80.094546","","11","0","0","0","0","0","0","0","0","1","0","0","0","","","1","","0","","40 36:34.667","1","0","80 05:40.367","3","0","0","1","2481","0","0","0","N","0","0","0","2","68B03","0","","1.0","","1","N","N","","0","","1","0","0","","0","N","","2","1","0","0","0","0","0","2","0","2","","","","N","","","","","","","","","",""
"2015075650","","0","0","0","0","0","0","0","0","0","1","0","","02","7","2015","5","40.353877","-79.98985","","11","0","0","0","0","0","0","0","0","1","0","0","0","","","0","","0","","40 21:13.957","2","0","79 59:23.460","9","0","0","0","2476","0","0","0","","0","0","0","4","02476","0","","1.0","","1","N","N","","1","","0","0","1","","0","N","","2","0","0","0","0","0","1","2","0","2","","","","N","","","","","","","","","",""
"2015076581","","2","0","0","0","0","0","0","0","0","2","0","","02","7","2015","1","40.425457","-79.99745","","11","0","0","0","0","0","0","0","0","","0","0","0","","","1","","0","","40 25:31.645","","0","79 59:50.820","4","0","0","0","2301","0","0","0","N","0","0","0","1","02301","1","","6.0","","1","N","N","","0","","0","0","0","","0","","","2","1","0","0","0","0","0","2","0","2","","","","N","","","","","","","","","",""
"2015075094","","1","0","0","0","0","0","0","0","0","99","0","","02","7","2015","3","40.409196","-80.038841","","11","0","0","0","0","0","0","0","0","","0","0","0","","","0","","0","","40 24:33.106","","0","80 02:19.828","0","0","0","0","2301","0","0","0","N","0","0","0","1","02301","0","","1.0","","1","N","N","","0","","0","0","0","","0","","","1","0","0","0","0","0","0","2","0","1","","","","N","","","","","","","","","",""
"2015077241","","1","0","0","0","0","0","0","0","0","7","0","","02","7","2015","6","40.42934","-79.931406","","11","0","0","0","0","0","0","0","0","1","0","0","0","","","0","","0","","40 25:45.624","4","2","79 55:53.061","0","0","0","0","2301","0","0","0","N","0","0","0","1","68B03","0","","3.0","","1","N","N","","0","","0","0","0","","0","N","","1","0","0","0","0","0","0","2","0","1","","","","N","","","","","","","","","",""
"2015076583","","1","0","0","0","0","0","0","0","0","7","0","","02","7","2015","7","40.627859","-79.941787","","11","0","0","0","0","0","0","0","0","2","0","0","0","","","0","","2","","40 37:40.291","1","0","79 56:30.432","0","0","0","0","2217","0","0","0","N","0","0","0","1","02505","0","","2.0","","1","N","N","","0","","0","0","0","","0","Y","","1","0","0","0","0","0","0","2","0","1","","","","N","","","","","","","","","",""
"2015075585","","2","0","0","0","0","0","0","0","0","1","0","90","02","7","2015","4","40.522559","-80.034513","","11","0","1","0","0","0","1","0","0","","0","0","0","","","0","","0","","40 31:21.211","","0","80 02:04.248","0","0","0","0","2474","0","0","0","N","0","0","0","2","02474","0","","1.0","","1","N","N","","0","","0","0","0","","7","","","2","0","0","0","0","0","0","2","0","2","","","Y","Y","4","2","","","N","","Y","","",""
"2015077242","","2","0","0","0","0","0","0","0","0","1","0","","02","7","2015","3","40.517006","-80.127447","","11","0","0","0","0","0","0","1","0","","0","0","0","","","1","","6","","40 31:01.221","","2","80 07:38.808","4","0","0","0","2434","0","0","0","N","0","0","0","2","68B03","1","","1.0","","1","N","N","","0","","0","0","0","","4","","","2","1","0","0","0","0","0","2","0","2","","","","N","","","","","","","","","",""
"2015077243","","2","0","0","0","0","0","0","0","0","1","0","","02","7","2015","3","40.611349","-80.094684","","11","0","0","0","1","0","1","0","0","","0","0","0","","","0","","0","","40 36:40.857","","2","80 05:40.863","0","0","0","0","2481","0","0","0","N","0","0","0","2","68B03","0","","1.0","","1","N","N","","0","","0","0","0","","0","","","2","0","0","0","0","0","0","2","0","2","","","","N","","","","","","","","","",""
"2015077987","","1","0","0","0","0","0","0","0","0","7","0","","02","7","2015","4","40.443492","-79.993081","","11","0","0","0","0","0","0","0","0","3","0","0","0","","","1","","0","","40 26:36.570","6","0","79 59:35.090","3","0","0","0","2301","0","0","0","N","0","0","0","1","02503","0","","4.0","","1","N","N","","0","","1","0","0","","0","Y","","1","1","0","0","0","0","0","2","0","1","","","","N","","","","","","","","","",""
"2015076282","","1","0","0","0","0","0","0","0","0","4","0","","02","7","2015","6","40.464797","-79.829055","","11","0","0","0","0","0","1","0","0","","0","0","0","","","1","","0","","40 27:53.270","","0","79 49:44.599","4","0","0","0","2113","0","0","0","N","0","0","0","3","02113","1","","4.0","","1","N","N","","0","","0","0","1","","0","","","2","1","0","0","0","0","0","2","0","2","","","","N","","","","","","","","","",""
"2015075522","","0","0","0","0","0","0","0","0","0","99","0","","02","7","2015","2","40.520351","-79.80458","","11","0","0","0","0","0","0","0","0","","0","0","0","","","1","","0","","40 31:13.265","","0","79 48:16.487","8","0","0","0","2466","0","0","0","N","0","0","0","4","68T02","0","","1.0","","1","N","N","","0","","0","0","0","","0","","","1","1","0","0","0","1","0","2","1","1","","","","N","","","","","","","","","",""
"2015076432","","0","0","0","0","0","0","0","0","0","4","0","","02","7","2015","3","40.374842","-80.094736","","11","0","0","0","0","0","0","0","0","","0","0","0","","","0","","2","","40 22:29.431","","0","80 05:41.049","0","0","0","0","2117","0","0","0","N","0","0","0","2","02117","0","","1.0","","9","N","N","","1","","0","0","1","","0","","","2","0","0","0","0","0","0","2","0","2","","","","N","","","","","","","","","",""
"2015077991","","2","0","0","0","0","0","0","0","0","4","0","","02","7","2015","4","40.351605","-79.961967","","11","0","0","0","0","0","1","0","0","1","0","0","0","","","3","","3","","40 21:05.779","6","0","79 57:43.080","8","0","0","0","2403","0","0","0","N","0","0","0","7","02403","0","","1.0","","1","N","N","","0","","0","0","0","","0","N","","2","3","0","0","0","3","0","2","0","2","","","","N","","","","","","","","","",""
"2015075795","","1","0","0","0","0","0","0","0","0","1","0","","02","7","2015","5","40.454829","-79.993708","","11","0","0","0","0","0","1","0","0","","0","0","0","","","0","","0","","40 27:17.386","","0","79 59:37.349","0","0","0","0","2301","0","0","0","N","0","0","0","2","02301","0","","1.0","","1","N","N","","0","","0","0","1","","0","","","2","0","0","0","0","0","0","2","0","2","","","","N","","","","","","","","","",""
"2015075101","","0","0","0","0","0","0","0","0","0","7","0","25","02","7","2015","4","40.386096","-79.994883","","11","0","0","0","0","0","1","0","0","","0","0","0","","","2","","0","","40 23:09.945","","0","79 59:41.578","3","0","0","1","2301","0","0","0","N","0","0","0","2","02301","1","","2.0","","1","N","N","","0","","1","0","0","","0","","","1","2","0","0","0","0","0","2","0","1","","","Y","Y","3","1","","","N","","","","Y",""
"2015076283","","2","0","0","0","0","0","0","0","0","4","0","","02","7","2015","6","40.46005","-79.952252","","11","0","0","0","0","0","1","0","0","","0","0","0","","","0","","1","","40 27:36.180","","0","79 57:08.107","0","0","0","0","2301","0","0","0","N","0","0","0","2","02301","0","","1.0","","1","N","N","","0","","0","0","0","","0","","","2","0","0","0","0","0","0","2","0","2","","","","N","","","","","","","","","",""
"2015075523","","1","0","0","0","0","0","0","0","0","7","0","","02","7","2015","2","40.655398","-80.072657","","11","0","0","0","0","0","0","0","0","","0","0","0","","","0","","0","","40 39:19.433","","0","80 04:21.564","0","0","0","0","2212","0","0","0","N","0","0","0","1","68T02","0","","1.0","","1","N","N","","0","","0","0","0","","8","","","1","0","0","0","0","0","0","2","0","1","","","","N","","","","","","","","","",""
"2015076299","","1","0","0","0","0","0","0","0","0","7","0","","02","7","2015","6","40.461906","-79.814952","","11","0","0","0","0","0","0","0","0","1","0","0","0","","","0","","2","","40 27:42.861","5","0","79 48:53.827","0","0","0","0","2113","0","0","0","N","0","0","0","1","02113","0","","5.0","","1","N","N","","0","","0","0","0","","0","N","","1","0","0","0","0","0","0","2","0","1","","","","N","","","","","","","","","",""
"2015076448","","1","0","0","0","0","0","0","0","0","1","0","","02","7","2015","7","40.337626","-79.951476","","11","0","0","0","0","0","1","0","0","","0","0","0","","","5","","0","","40 20:15.452","","7","79 57:05.313","4","0","0","0","2454","0","0","0","N","0","0","0","5","02454","5","","1.0","","1","N","N","","1","","0","0","0","","2","","","3","5","0","0","0","0","0","2","1","3","","","","N","","","","","","","","","",""
"2015077993","","2","0","0","0","0","0","0","0","0","7","0","","02","7","2015","3","40.450543","-79.997124","","11","0","0","0","0","0","0","0","0","1","0","0","0","","","0","","6","","40 27:01.955","3","2","79 59:49.646","0","0","0","0","2301","0","0","0","N","0","0","0","3","02301","0","","1.0","","1","N","N","","0","","0","0","0","","0","N","","2","0","0","0","0","0","0","2","0","2","","","","N","","","","","","","","","",""
"2015075525","","0","0","0","0","0","0","0","0","0","1","1","","02","7","2015","4","40.43044","-79.743661","","11","0","0","0","0","0","1","0","0","1","0","1","0","","","0","","0","","40 25:49.583","4","0","79 44:37.179","0","0","0","0","2446","0","0","0","N","0","0","0","2","68T09","0","","1.0","","1","N","N","","1","","0","0","0","","0","N","","2","0","0","0","0","0","0","2","0","2","","","","N","","","","","","","","","",""
"2015075593","","2","0","0","0","0","0","0","0","0","5","0","","02","7","2015","3","40.430194","-79.988583","","11","0","0","0","0","1","1","0","0","2","0","0","0","","","0","","0","","40 25:48.700","3","3","79 59:18.900","0","0","0","0","2301","0","0","0","N","0","0","0","4","02301","0","","1.0","","1","N","N","","0","","0","0","0","","0","N","","2","0","0","0","0","0","0","2","0","2","","","","N","","","","","","","","","",""
"2015078007","","0","0","0","0","0","0","0","0","0","7","0","","02","7","2015","6","40.531849","-80.010463","","11","0","0","0","0","0","0","0","0","","0","0","0","","","0","","0","","40 31:54.656","","0","80 00:37.668","0","0","0","0","2116","0","0","0","","0","0","0","1","02116","0","","5.0","","1","","","","0","","0","0","1","","0","","","1","0","0","0","0","0","0","2","0","1","","","","N","","","","","","","","","",""
"2015078008","","3","0","0","0","0","0","0","0","0","7","0","","02","7","2015","4","40.478305","-79.94679","","11","0","0","0","0","0","0","0","0","2","0","0","0","","","1","","0","","40 28:41.898","7","0","79 56:48.444","4","0","0","0","2301","0","0","0","N","0","0","0","1","02301","1","","5.0","","1","N","N","","0","","0","0","0","","0","Y","","3","1","1","0","0","0","0","2","0","3","","","","N","","","","","","","","","",""
"2015077198","","1","0","0","0","0","0","0","0","0","4","0","","02","7","2015","1","40.429179","-79.921213","","11","0","0","0","0","0","0","0","0","","0","0","0","","","0","","1","","40 25:45.044","","0","79 55:16.366","0","0","0","0","2301","0","0","0","N","0","0","0","2","02301","0","","1.0","","1","N","N","","0","","0","0","1","","1","","","2","0","0","0","0","0","0","2","0","2","","","","N","","","","","","","","","",""
"2015076451","","2","0","0","0","0","0","0","0","0","1","0","","02","7","2015","7","40.355395","-79.990705","","11","0","0","0","0","0","0","0","0","","0","0","0","","","0","","2","","40 21:19.422","","0","79 59:26.538","0","0","0","0","2476","0","0","0","N","0","0","0","2","02476","0","","1.0","","1","N","N","","0","","0","0","0","","0","","","2","0","0","0","0","0","0","2","0","2","","","","N","","","","","","","","","",""
"2015077199","","2","0","1","0","0","0","0","0","0","4","0","","02","7","2015","2","40.371246","-79.912674","","11","0","0","0","0","0","0","0","0","2","0","0","0","","","1","","0","","40 22:16.485","6","0","79 54:45.626","2","0","0","0","2301","0","0","0","N","0","0","0","4","02301","0","","1.0","","1","N","N","","0","","0","1","0","","0","Y","","2","1","0","0","0","0","0","2","0","2","","","","N","","","","","","","","","",""
"2015077998","","2","0","0","0","0","0","0","0","0","1","0","","02","7","2015","4","40.372452","-79.977334","","11","0","0","0","0","0","1","0","0","","0","0","0","","","0","","1","","40 22:20.827","","0","79 58:38.402","9","0","0","0","2413","0","0","0","N","0","0","0","2","02413","0","","1.0","","1","N","N","","1","","0","0","0","","3","","","3","0","0","0","0","0","1","2","0","3","","","","N","","","","","","","","","",""
"2015075598","","3","0","0","0","0","0","0","0","0","1","0","","02","7","2015","5","40.607554","-79.751966","","11","0","0","0","0","0","1","0","0","","0","0","0","","","0","","0","","40 36:27.196","","0","79 45:07.079","0","0","0","0","2464","0","0","0","N","0","0","0","3","02464","0","","1.0","","1","N","N","","0","","0","0","0","","0","","","3","0","0","0","0","0","0","2","0","3","","","","N","","","","","","","","","",""
"2015077410","","1","0","0","0","0","0","0","0","0","4","0","","02","7","2015","3","40.514363","-79.952038","","11","0","0","0","0","0","1","1","0","1","0","0","0","","","2","","0","","40 30:51.708","5","0","79 57:07.338","8","0","0","0","2118","0","0","0","N","0","0","0","2","02118","0","","1.0","","1","N","N","","0","","0","0","1","","0","N","","2","2","0","0","0","2","0","2","0","2","","","","N","","","","","","","","","",""
"2015076388","","1","0","0","0","0","0","0","0","0","7","0","","02","7","2015","7","40.476562","-80.041176","","11","0","0","0","0","0","1","0","0","","0","0","0","","","1","","0","","40 28:35.623","","0","80 02:28.235","8","0","0","0","2301","0","0","0","N","0","0","0","1","02301","0","","5.0","","1","N","N","","0","","0","0","0","","0","","","1","1","0","0","0","1","0","2","0","1","","","","N","","","","","","","","","",""
"2015077201","","1","0","0","0","0","0","0","0","0","7","0","","02","7","2015","3","40.472296","-79.897086","","11","0","0","0","1","0","0","0","0","","0","0","0","","","2","","1","","40 28:20.265","","0","79 53:49.509","4","0","0","0","2301","0","0","0","N","0","0","0","4","02301","2","","2.0","","1","N","N","","0","","0","0","0","","0","","","1","2","0","0","0","0","0","2","0","1","","","","N","","","","","","","","","",""
"2015076456","","0","0","0","0","0","0","0","0","0","7","0","","02","7","2015","6","40.358633","-79.874939","","11","0","0","0","0","0","0","0","0","","0","0","0","","","0","","0","","40 21:31.079","","7","79 52:29.780","0","0","0","0","2473","0","0","0","N","0","0","0","2","02473","0","","2.0","","1","N","N","","0","","0","0","1","","0","","","1","0","0","0","0","0","0","2","0","1","","","","N","","","","","","","","","",""
"2015077950","","1","0","0","0","0","0","0","0","0","99","0","","02","7","2015","3","40.58363","-80.030832","","11","0","0","0","0","1","1","0","0","2","0","0","0","","","2","","0","","40 35:01.069","1","0","80 01:50.996","4","0","0","0","2108","0","0","0","N","0","0","0","5","02108","2","","1.0","","1","N","N","","0","","0","0","1","","0","Y","","3","2","0","0","0","0","0","2","1","3","","","","N","","","","","","","","","",""
"2015076389","","1","0","0","0","0","0","0","0","0","4","0","","02","7","2015","6","40.34175","-79.977249","","11","0","0","0","0","0","1","0","0","","0","0","0","","","0","","0","","40 20:30.300","","0","79 58:38.096","9","0","0","0","2403","0","0","0","N","0","0","0","1","02403","0","","2.0","","1","N","N","","1","","0","0","0","","0","","","2","0","0","0","0","0","1","2","0","2","","","","N","","","","","","","","","",""
"2015078015","","1","0","0","0","0","0","0","0","0","7","0","","02","7","2015","5","40.473904","-79.957998","","11","0","0","0","0","0","0","0","0","","0","0","0","","","0","","0","","40 28:26.054","","0","79 57:28.792","0","0","0","0","2301","0","0","0","N","0","0","0","1","02301","0","","2.0","","1","N","N","","0","","0","0","0","","0","","","1","0","0","0","0","0","0","2","0","1","","","","N","","","","","","","","","",""
"2015077328","","2","0","0","0","0","0","0","0","0","4","0","","02","7","2015","2","40.579601","-80.220776","","11","0","0","0","0","0","0","1","0","2","0","0","0","","","2","","3","","40 34:46.563","5","0","80 13:14.793","8","0","0","0","2441","0","0","0","N","0","0","0","2","02441","0","","1.0","","1","N","N","","0","","0","0","0","","0","Y","","2","2","0","0","0","2","0","2","0","2","","","","N","","","","","","","","","",""
"2015076534","","1","0","0","0","0","0","0","0","0","4","0","","02","7","2015","7","40.385001","-79.862741","","11","0","0","0","0","0","2","0","0","1","0","0","0","","","1","","1","","40 23:06.005","2","0","79 51:45.866","4","0","0","0","2473","0","0","0","N","0","0","0","4","02473","1","","1.0","","1","N","N","","0","","0","0","1","","2","Y","","2","1","0","0","0","0","0","2","0","2","","","","N","","","","","","","","","",""
"2015076311","","1","0","0","0","0","0","0","0","0","4","0","","02","7","2015","6","40.451337","-79.94099","","11","0","0","0","0","0","0","0","0","","0","0","0","","","0","","1","","40 27:04.813","","0","79 56:27.564","0","0","0","0","2301","0","0","0","N","0","0","0","3","02301","0","","1.0","","1","N","N","","0","","0","0","1","","1","","","2","0","0","0","0","0","0","2","0","2","","","","N","","","","","","","","","",""
"2015076599","","1","0","0","0","0","0","0","0","0","2","0","","02","7","2015","7","40.436107","-79.780524","","11","0","0","0","0","0","0","1","0","1","0","0","0","","","1","","2","","40 26:09.985","3","0","79 46:49.885","8","0","0","0","2446","0","0","0","N","0","0","0","2","02446","0","","1.0","","1","N","N","","0","","0","0","0","","2","N","","2","1","0","0","0","1","0","2","1","2","","","","N","","","","","","","","","",""
"2015077413","","0","0","0","0","0","0","0","0","0","4","0","","02","7","2015","3","40.530097","-79.914986","","11","0","0","0","0","0","2","0","0","","0","0","0","","","1","","2","","40 31:48.349","","0","79 54:53.949","8","0","0","0","2112","0","0","0","N","0","0","0","3","02112","0","","1.0","","1","N","N","","1","","0","0","1","","3","","","2","1","2","0","0","1","0","2","0","2","","","","N","","","","","","","","","",""
"2015076312","","0","0","0","0","0","0","0","0","0","7","0","","02","7","2015","6","40.592356","-79.888511","","11","0","0","0","0","0","0","0","0","1","0","0","0","","","0","","0","","40 35:32.482","6","0","79 53:18.641","0","0","0","0","2209","0","0","0","Y","0","0","0","1","02209","0","","5.0","","1","N","N","","0","","0","0","1","","0","Y","","1","0","0","0","0","0","0","1","0","1","","","","N","","","","","","","","","",""
"2015075603","","1","0","0","0","0","0","0","0","0","4","0","","02","7","2015","5","40.427028","-80.005198","","11","0","0","0","0","0","1","0","0","","0","0","0","","","0","","2","","40 25:37.300","","0","80 00:18.712","0","0","0","0","2301","0","0","0","N","0","0","0","4","02301","0","","1.0","","1","N","N","","0","","0","0","0","","3","","","2","0","0","0","0","0","0","2","1","2","","","","N","","","","","","","","","",""
"2015076391","","2","0","0","0","0","0","0","0","0","2","0","","02","7","2015","6","40.464843","-79.828658","","11","0","0","1","0","0","0","0","0","1","0","0","0","","","1","","2","","40 27:53.434","6","0","79 49:43.169","4","0","0","0","2113","0","0","0","N","0","0","0","5","02113","1","","1.0","","1","N","N","","0","","0","0","0","","0","N","","2","1","1","0","0","0","1","2","0","2","","","","N","","","","","","","","","",""