"CRN","ARRIVAL_TM","AUTOMOBILE_COUNT","BELTED_DEATH_COUNT","BELTED_SUSP_SERIOUS_INJ_COUNT","BICYCLE_COUNT","BICYCLE_DEATH_COUNT","BICYCLE_SUSP_SERIOUS_INJ_COUNT","BUS_COUNT","CHLDPAS_DEATH_COUNT","CHLDPAS_SUSP_SERIOUS_INJ_COUNT","COLLISION_TYPE","COMM_VEH_COUNT","CONS_ZONE_SPD_LIM","COUNTY","CRASH_MONTH","CRASH_YEAR","DAY_OF_WEEK","DEC_LATITUDE","DEC_LONGITUDE","DISPATCH_TM","DISTRICT","DRIVER_COUNT_16YR","DRIVER_COUNT_17YR","DRIVER_COUNT_18YR","DRIVER_COUNT_19YR","DRIVER_COUNT_20YR","DRIVER_COUNT_50_64YR","DRIVER_COUNT_65_74YR","DRIVER_COUNT_75PLUS","EST_HRS_CLOSED","FATAL_COUNT","HEAVY_TRUCK_COUNT","HORSE_BUGGY_COUNT","HOUR_OF_DAY","ILLUMINATION","INJURY_COUNT","INTERSECTION_RELATED","INTERSECT_TYPE","LANE_CLOSED","LATITUDE","LN_CLOSE_DIR","LOCATION_TYPE","LONGITUDE","MAX_SEVERITY_LEVEL","MCYCLE_DEATH_COUNT","MCYCLE_SUSP_SERIOUS_INJ_COUNT","MOTORCYCLE_COUNT","MUNICIPALITY","NONMOTR_COUNT","NONMOTR_DEATH_COUNT","NONMOTR_SUSP_SERIOUS_INJ_COUNT","NTFY_HIWY_MAINT","PED_COUNT","PED_DEATH_COUNT","PED_SUSP_SERIOUS_INJ_COUNT","PERSON_COUNT","POLICE_AGCY","POSSIBLE_INJ_COUNT","RDWY_SURF_TYPE_CD","RELATION_TO_ROAD","ROADWAY_CLEARED","ROAD_CONDITION","SCH_BUS_IND","SCH_ZONE_IND","SECONDARY_CRASH","SMALL_TRUCK_COUNT","SPEC_JURIS_CD","SUSP_MINOR_INJ_COUNT","SUSP_SERIOUS_INJ_COUNT","SUV_COUNT","TCD_FUNC_CD","TCD_TYPE","TFC_DETOUR_IND","TIME_OF_DAY","TOTAL_UNITS","TOT_INJ_COUNT","UNBELTED_OCC_COUNT","UNB_DEATH_COUNT","UNB_SUSP_SERIOUS_INJ_COUNT","UNK_INJ_DEG_COUNT","UNK_INJ_PER_COUNT","URBAN_RURAL","VAN_COUNT","VEHICLE_COUNT","WEATHER1","WEATHER2","WORKERS_PRES","WORK_ZONE_IND","WORK_ZONE_LOC","WORK_ZONE_TYPE","WZ_CLOSE_DETOUR","WZ_FLAGGER","WZ_LAW_OFFCR_IND","WZ_LN_CLOSURE","WZ_MOVING","WZ_OTHER","WZ_SHLDER_MDN","WZ_WORKERS_INJ_KILLED"
"2015073012","","3","0","0","0","0","0","0","0","0","4","0","","02","6","2015","6","40.406955","-79.910998","","11","0","0","0","0","0","0","0","0","","0","0","0","","","0","","0","","40 24:25.037","","0","79 54:39.591","0","0","0","0","2438","0","0","0","N","0","0","0","2","02438","0","","1.0","","1","N","N","","0","","0","0","0","","0","","","3","0","0","0","0","0","0","2","0","3","","","","N","","","","","","","","","",""
"2015072105","","2","0","0","0","0","0","0","0","0","1","0","","02","7","2015","2","40.45426","-79.995975","","11","0","0","0","0","0","1","0","0","2","0","0","0","","","3","","0","","40 27:15.336","3","0","79 59:45.510","3","0","0","0","2301","0","0","0","Y","0","0","0","4","02301","0","","1.0","","1","Y","N","","0","","2","0","0","","0","Y","","2","3","0","0","0","1","0","2","0","2","","","","N","","","","","","","","","",""
"2015073565","","1","0","0","0","0","0","0","0","0","4","0","","02","7","2015","6","40.492049","-80.048427","","11","0","0","0","0","0","1","0","0","2","0","0","0","","","3","","2","","40 29:31.376","6","0","80 02:54.337","8","0","0","0","2404","0","0","0","N","0","0","0","3","02404","0","","1.0","","1","N","N","","0","","0","0","1","","3","Y","","2","3","0","0","0","3","0","2","0","2","","","","N","","","","","","","","","",""
"2015073014","","1","0","0","0","0","0","0","0","0","1","1","","02","7","2015","4","40.433623","-79.924869","","11","0","0","0","0","0","0","0","0","","0","0","0","","","0","","0","","40 26:01.042","","0","79 55:29.528","0","0","0","0","2301","0","0","0","N","0","0","0","1","02301","0","","4.0","","1","N","N","","0","","0","0","0","","0","","","2","0","0","0","0","0","0","2","0","2","","","","N","","","","","","","","","",""
"2015072309","","1","0","0","0","0","0","0","0","0","7","0","","02","7","2015","6","40.461892","-79.999784","","11","0","0","0","0","0","1","0","0","","0","0","0","","","1","","0","","40 27:42.812","","0","79 59:59.221","4","0","0","0","2301","0","0","0","N","0","0","0","1","68B03","1","","4.0","","9","N","N","","0","","0","0","0","","0","","","1","1","0","0","0","0","0","2","0","1","","","","N","","","","","","","","","",""
"2015074435","","1","0","0","0","0","0","0","0","0","5","0","","02","7","2015","1","40.427336","-80.052192","","11","0","0","0","0","0","1","0","0","","0","0","0","","","0","","2","","40 25:38.411","","0","80 03:07.891","0","0","0","0","2301","0","0","0","N","0","0","0","3","02301","0","","1.0","","1","N","N","","1","","0","0","0","","0","","","2","0","0","0","0","0","0","2","0","2","","","","N","","","","","","","","","",""
"2015072310","","1","0","0","0","0","0","0","0","0","5","0","","02","7","2015","4","40.427417","-79.890858","","11","0","0","0","0","0","0","1","0","","0","0","0","","","1","","0","","40 25:38.701","","3","79 53:27.089","4","0","0","0","2301","0","0","0","N","0","0","0","2","68B03","1","","1.0","","1","N","N","","0","","0","0","0","","0","","","2","1","0","0","0","0","0","2","1","2","","","","N","","","","","","","","","",""
"2015072802","","1","0","0","0","0","0","0","0","0","8","0","15","02","7","2015","4","40.402422","-79.995288","","11","0","0","0","0","0","0","0","1","","0","0","0","","","1","","0","","40 24:08.719","","0","79 59:43.036","3","0","0","0","2301","1","0","0","N","1","0","0","2","02301","0","","1.0","","1","N","N","","0","","1","0","0","","0","","","2","1","0","0","0","0","0","2","0","1","","","Y","Y","4","1","","","Y","Y","","","",""
"2015073554","","2","0","0","0","0","0","0","0","0","4","0","","02","7","2015","6","40.465866","-79.946357","","11","0","0","0","0","0","0","0","0","1","0","0","0","","","1","","2","","40 27:57.117","1","0","79 56:46.885","8","0","0","0","2301","0","0","0","N","0","0","0","2","02301","0","","1.0","","1","N","N","","0","","0","0","0","","3","N","","2","1","0","0","0","1","0","2","0","2","","","","N","","","","","","","","","",""
"2015074437","","1","0","0","0","0","0","0","0","0","4","0","","02","7","2015","1","40.390618","-79.869216","","11","0","0","0","0","1","0","0","0","","0","0","0","","","0","","2","","40 23:26.225","","0","79 52:09.176","9","0","0","0","2473","0","0","0","N","0","0","0","3","02473","0","","1.0","","1","N","N","","0","","0","0","1","","2","","","2","0","0","0","0","0","1","2","0","2","","","","N","","","","","","","","","",""
"2015072311","","1","0","0","0","0","0","0","0","0","1","0","","02","7","2015","4","40.428237","-79.889603","","11","0","0","0","0","0","0","0","0","1","0","0","0","","","1","","0","","40 25:41.652","3","0","79 53:22.569","4","0","0","0","2426","0","0","0","N","0","0","0","2","68B03","1","","1.0","","1","N","N","","0","","0","0","1","","0","N","","2","1","0","0","0","0","0","2","0","2","","","","N","","","","","","","","","",""
"2015118760","","0","0","0","0","0","0","0","0","0","4","0","25","02","11","2015","7","40.454011","-79.952739","","11","0","0","0","0","0","0","0","0","6","0","0","0","","","1","","1","","40 27:14.438","3","0","79 57:09.862","8","0","0","0","2301","0","0","0","N","0","0","0","6","02301","0","","1.0","","1","N","N","","0","","0","0","2","","0","N","","2","1","0","0","0","1","0","2","0","2","","","N","Y","4","1","","","N","Y","","","",""
"2015072312","","1","0","0","0","0","0","0","0","0","1","0","45","02","7","2015","6","40.420856","-80.041065","","11","0","0","0","0","0","0","0","0","","0","0","0","","","0","","0","","40 25:15.081","","0","80 02:27.834","0","0","0","0","2435","0","0","0","N","0","0","0","3","68B03","0","","1.0","","1","N","N","","0","","0","0","2","","0","","","3","0","0","0","0","0","0","2","0","3","","","N","Y","8","1","N","N","N","Y","N","N","N",""
"2015074362","","1","0","0","0","0","0","0","0","0","1","0","","02","5","2015","7","40.429693","-80.028095","","11","0","0","0","0","0","0","0","0","","0","0","0","","","0","","0","","40 25:46.894","","0","80 01:41.141","0","0","0","0","2301","0","0","0","N","0","0","0","3","68B03","0","","1.0","","1","N","N","","0","","0","0","0","","0","","","2","0","0","0","0","0","0","2","1","2","","","","N","","","","","","","","","",""
"2015073570","","2","0","0","0","0","0","0","0","0","1","0","","02","7","2015","6","40.478908","-80.043019","","11","0","0","0","0","0","1","0","0","1","0","0","0","","","0","","1","","40 28:44.067","1","0","80 02:34.868","0","0","0","0","2301","0","0","0","","0","0","0","3","02301","0","","1.0","","1","","","","0","","0","0","0","","2","N","","2","0","0","0","0","0","0","2","0","2","","","","N","","","","","","","","","",""
"2015074439","","1","0","0","0","0","0","0","0","0","2","0","","02","7","2015","7","40.399904","-80.044797","","11","0","0","0","0","0","0","1","0","","0","0","0","","","0","","0","","40 23:59.654","","0","80 02:41.269","0","0","0","0","2301","0","0","0","N","0","0","0","3","02301","0","","1.0","","1","N","N","","0","","0","0","1","","0","","","2","0","0","0","0","0","0","2","0","2","","","","N","","","","","","","","","",""
"2015073019","","1","0","0","0","0","0","0","0","0","8","0","","02","7","2015","4","40.440525","-80.070781","","11","0","0","0","0","0","0","0","0","1","0","0","0","","","1","","0","","40 26:25.890","1","0","80 04:14.810","3","0","0","0","2421","1","0","0","N","1","0","0","2","02421","0","","1.0","","1","N","N","","0","","1","0","0","","0","N","","2","1","0","0","0","0","0","2","0","1","","","","N","","","","","","","","","",""
"2015072313","","1","0","0","0","0","0","0","0","0","7","0","","02","7","2015","6","40.447472","-80.166098","","11","0","0","0","0","0","0","0","0","","0","0","0","","","1","","7","","40 26:50.898","","2","80 09:57.953","4","0","0","0","2115","0","0","0","Y","0","0","0","2","68B03","1","","7.0","","9","N","N","","0","","0","0","0","","0","","","1","1","0","0","0","0","0","2","0","1","","","","N","","","","","","","","","",""
"2015118763","","1","0","0","0","0","0","0","0","0","7","0","","02","11","2015","7","40.327217","-80.13711","","11","0","0","0","0","0","0","0","0","1","0","0","0","","","0","","0","","40 19:37.981","5","0","80 08:13.597","0","0","0","0","2119","0","0","0","N","0","0","0","1","02119","0","","5.0","","1","N","N","","0","","0","0","0","","0","N","","1","0","1","0","0","0","0","2","0","1","","","","N","","","","","","","","","",""
"2015118111","","1","0","0","0","0","0","0","0","0","7","0","","02","11","2015","3","40.433281","-80.156167","","11","0","0","0","0","0","0","0","0","","0","0","0","","","0","","0","","40 25:59.810","","0","80 09:22.200","0","0","0","0","2203","0","0","0","N","0","0","0","1","02501","0","","4.0","","9","N","N","","0","","0","0","0","","0","","","1","0","0","0","0","0","0","1","0","1","","","","N","","","","","","","","","",""
"2015119625","","2","0","0","0","0","0","0","0","0","4","0","","02","11","2015","3","40.33893","-79.964052","","11","0","0","0","0","0","0","0","0","2","0","0","0","","","1","","2","","40 20:20.148","7","0","79 57:50.587","4","0","0","0","2454","0","0","0","N","0","0","0","2","02454","1","","1.0","","1","N","N","","0","","0","0","0","","3","Y","","2","1","0","0","0","0","0","2","0","2","","","","N","","","","","","","","","",""
"2015118113","","2","0","0","0","0","0","0","0","0","1","0","45","02","11","2015","4","40.446797","-79.713971","","11","0","0","0","0","0","0","0","0","1","0","0","0","","","0","","0","","40 26:48.468","4","0","79 42:50.296","0","0","0","0","2466","0","0","0","N","0","0","0","4","02466","0","","1.0","","1","N","N","","0","","0","0","1","","0","N","","3","0","0","0","0","0","0","2","0","3","","","N","Y","4","1","","","N","Y","","","Y",""
"2015117524","","1","0","0","0","0","0","0","0","0","2","0","","02","11","2015","7","40.358341","-80.104713","","11","0","0","0","0","0","0","2","0","2","0","0","0","","","0","","0","","40 21:30.029","3","0","80 06:16.968","0","0","0","0","2414","0","0","0","N","0","0","0","4","02414","0","","1.0","","1","N","N","","0","","0","0","1","","0","N","","2","0","0","0","0","0","0","2","0","2","","","","N","","","","","","","","","",""
"2015118901","","3","0","0","0","0","0","0","0","0","1","0","","02","11","2015","1","40.53874","-79.830103","","11","0","0","0","0","0","1","0","0","1","0","0","0","","","1","","2","","40 32:19.465","2","0","79 49:48.369","4","0","0","0","2208","0","0","0","N","0","0","0","7","02208","1","","1.0","","1","N","N","","0","","0","0","1","","2","Y","","4","1","0","0","0","0","0","2","0","4","","","","N","","","","","","","","","",""
"2015118972","","1","0","0","0","0","0","0","0","0","7","0","","02","11","2015","1","40.613306","-79.94751","","11","0","0","0","0","0","1","0","0","","0","0","0","","","1","","0","","40 36:47.903","","0","79 56:51.037","8","0","0","0","2207","0","0","0","N","0","0","0","1","02207","0","","4.0","","1","N","N","","0","","0","0","0","","0","","","1","1","0","0","0","1","0","2","0","1","","","","N","","","","","","","","","",""
"2015118390","","1","0","0","0","0","0","0","0","0","99","0","","02","11","2015","2","40.382724","-80.096595","","11","0","1","0","0","0","0","0","0","","0","0","0","","","0","","0","","40 22:57.807","","0","80 05:47.741","0","0","0","0","2102","0","0","0","N","0","0","0","4","68B03","0","","1.0","","1","N","N","","0","","0","0","0","","0","","","1","0","0","0","0","0","0","2","0","1","","","","N","","","","","","","","","",""
"2015119786","","2","0","0","0","0","0","0","0","0","4","0","","02","10","2015","3","40.37904","-79.806014","","11","0","0","0","0","0","0","1","0","2","0","0","0","","","0","","2","","40 22:44.545","4","0","79 48:21.651","0","0","0","0","2111","0","0","0","N","0","0","0","3","02111","0","","1.0","","1","N","N","","0","","0","0","0","","0","Y","","2","0","0","0","0","0","0","2","0","2","","","","N","","","","","","","","","",""
"2015118317","","1","0","0","0","0","0","0","0","0","7","0","","02","11","2015","6","40.466006","-80.036311","","11","0","1","0","0","0","0","0","0","1","0","0","0","","","2","","0","","40 27:57.620","1","0","80 02:10.720","2","0","0","0","2301","0","0","0","N","0","0","0","2","02301","0","","5.0","","1","N","N","","0","","0","2","0","","0","N","","1","2","2","0","2","0","0","2","0","1","","","","N","","","","","","","","","",""
"2015118391","","0","0","0","0","0","0","0","0","0","1","0","","02","11","2015","3","40.362093","-80.119072","","11","0","0","0","0","0","1","0","0","","0","0","0","","","0","","0","","40 21:43.534","","0","80 07:08.660","0","0","0","0","2102","0","0","0","N","0","0","0","3","68B03","0","","1.0","","1","N","N","","0","","0","0","3","","0","","","3","0","0","0","0","0","0","2","0","3","","","","N","","","","","","","","","",""
"2015118829","","0","0","0","0","0","0","0","0","0","5","2","","02","11","2015","2","40.654446","-80.067264","","11","0","0","0","0","0","1","0","0","2","0","2","0","","","0","","0","","40 39:16.006","4","0","80 04:02.149","0","0","0","0","2216","0","0","0","N","0","0","0","2","68T02","0","","1.0","","1","N","N","","0","","0","0","0","","0","N","","2","0","0","0","0","0","0","2","0","2","","","","N","","","","","","","","","",""
"2015119847","","0","0","0","0","0","0","0","0","0","99","0","","02","11","2015","4","40.388987","-79.830619","","11","0","0","0","0","0","1","0","0","","0","0","0","","","0","","2","","40 23:20.353","","0","79 49:50.228","0","0","0","0","2111","0","0","0","N","0","0","0","1","02111","0","","1.0","","1","N","N","","1","","0","0","0","","2","","","1","0","0","0","0","0","0","2","0","1","","","","N","","","","","","","","","",""
"2015118192","","1","0","0","0","0","0","0","0","0","4","0","","02","11","2015","6","40.648504","-80.110934","","11","0","0","0","1","0","1","0","0","","0","0","0","","","0","","2","","40 38:54.616","","0","80 06:39.363","0","0","0","0","2212","0","0","0","N","0","0","0","2","02505","0","","1.0","","1","N","N","","0","","0","0","1","","3","","","2","0","0","0","0","0","0","2","0","2","","","","N","","","","","","","","","",""
"2015118392","","0","0","0","0","0","0","0","0","0","7","0","","02","11","2015","6","40.375289","-80.102712","","11","0","0","0","0","0","0","0","0","2","0","0","0","","","0","","0","","40 22:31.040","2","0","80 06:09.764","0","0","0","0","2102","0","0","0","N","0","0","0","1","68B03","0","","4.0","","9","N","N","","0","","0","0","1","","0","N","","1","0","0","0","0","0","0","2","0","1","","","","N","","","","","","","","","",""
"2015118843","","1","0","0","0","0","0","0","0","0","2","0","","02","11","2015","6","40.36964","-80.01106","","11","0","0","0","0","0","0","0","0","1","0","0","0","","","1","","0","","40 22:10.705","2","0","80 00:39.815","8","0","0","0","2416","0","0","0","N","0","0","0","4","02416","0","","1.0","","1","N","N","","0","","0","0","0","","0","N","","2","1","0","0","0","1","0","2","1","2","","","","N","","","","","","","","","",""
"2015119631","","1","0","0","0","0","0","0","0","0","4","0","","02","11","2015","3","40.382986","-79.857411","","11","0","0","0","0","0","0","0","0","","0","0","0","","","0","","1","","40 22:58.749","","0","79 51:26.678","0","0","0","0","2303","0","0","0","N","0","0","0","2","02303","0","","1.0","","1","N","N","","1","","0","0","0","","2","","","2","0","0","0","0","0","0","2","0","2","","","","N","","","","","","","","","",""
"2015118987","","0","0","0","0","0","0","0","0","0","7","0","","02","11","2015","5","40.430696","-80.260535","","11","0","0","0","0","0","0","0","0","","0","0","0","","","0","","0","","40 25:50.504","","0","80 15:37.925","0","0","0","0","2214","0","0","0","N","0","0","0","1","68B03","0","","3.0","","1","N","N","","0","","0","0","1","","0","","","1","0","0","0","0","0","0","2","0","1","","","","N","","","","","","","","","",""
"2015119051","","1","0","0","0","0","0","0","0","0","1","0","","02","11","2015","2","40.363258","-80.085531","","11","0","0","0","0","0","0","1","1","","0","0","0","","","1","","0","","40 21:47.727","","0","80 05:07.912","3","0","0","0","2117","0","0","0","N","0","0","0","4","02117","0","","1.0","","1","N","N","","1","","1","0","1","","0","","","3","1","0","0","0","0","0","2","0","3","","","","N","","","","","","","","","",""
"2015118393","","2","0","0","0","0","0","0","0","0","1","0","","02","11","2015","6","40.412524","-80.066669","","11","0","0","0","1","0","0","0","0","","0","0","0","","","0","","0","","40 24:45.088","","0","80 04:00.008","9","0","0","0","2435","0","0","0","N","0","0","0","5","68B03","0","","1.0","","1","N","N","","0","","0","0","0","","0","","","4","0","0","0","0","0","2","2","0","4","","","","N","","","","","","","","","",""
"2015118119","","2","0","0","0","0","0","0","0","0","1","0","","02","11","2015","6","40.355799","-79.877251","","11","0","0","0","0","1","0","1","1","1","0","0","0","","","0","","0","","40 21:20.877","6","0","79 52:38.103","0","0","0","0","2423","0","0","0","N","0","0","0","5","02304","0","","1.0","","1","N","N","","0","","0","0","1","","6","N","","3","0","0","0","0","0","0","2","0","3","","","","N","","","","","","","","","",""
"2015118831","","1","0","0","0","0","0","0","0","0","99","0","","02","11","2015","5","40.621614","-79.981929","","11","0","0","0","0","0","0","0","0","","0","0","0","","","0","","0","","40 37:17.811","","0","79 58:54.945","0","0","0","0","2217","0","0","0","N","0","0","0","1","68T02","0","","1.0","","1","N","N","","0","","0","0","0","","0","","","1","0","0","0","0","0","0","1","0","1","","","","N","","","","","","","","","",""
"2015118844","","0","0","0","0","0","0","0","0","0","6","0","","02","11","2015","6","40.366696","-80.014398","","11","0","0","0","0","1","0","0","0","2","0","0","0","","","0","","1","","40 22:00.104","6","0","80 00:51.831","0","0","0","0","2416","0","0","0","N","0","0","0","2","02416","0","","1.0","","1","N","N","","1","","0","0","1","","2","N","","2","0","0","0","0","0","0","2","0","2","","","","N","","","","","","","","","",""
"2015118988","","3","0","0","0","0","0","0","0","0","1","1","","02","11","2015","5","40.438233","-80.005225","","11","0","0","0","0","0","2","0","0","3","0","1","0","","","3","","0","","40 26:17.639","4","0","80 00:18.810","8","0","0","0","2301","0","0","0","N","0","0","0","6","68B03","0","","1.0","","9","N","N","","1","","0","0","0","","0","N","","5","3","0","0","0","3","0","2","0","5","","","","N","","","","","","","","","",""
"2015118394","","1","0","0","0","0","0","0","0","0","4","0","","02","11","2015","3","40.435185","-79.983423","","11","0","0","0","0","0","0","0","0","2","0","0","0","","","2","","0","","40 26:06.665","4","0","79 59:00.323","4","0","0","0","2301","0","0","0","N","0","0","0","3","68B03","2","","1.0","","9","N","N","","0","","0","0","1","","0","N","","2","2","1","0","0","0","0","2","0","2","","","","N","","","","","","","","","",""
"2015118832","","0","0","0","0","0","0","0","0","0","99","0","55","02","11","2015","6","40.587874","-79.881689","","11","0","0","0","0","0","0","0","0","","0","0","0","","","0","","0","","40 35:16.345","","0","79 52:54.079","0","0","0","0","2209","0","0","0","N","0","0","0","1","68T02","0","","1.0","","1","N","N","","0","","0","0","1","","0","","","1","0","0","0","0","0","0","2","0","1","","","N","Y","4","1","N","N","N","N","N","N","Y",""
"2015118195","","2","0","0","0","0","0","0","0","0","4","0","","02","11","2015","6","40.443962","-79.923858","","11","0","0","0","0","0","0","0","0","","0","0","0","","","0","","2","","40 26:38.262","","0","79 55:25.887","0","0","0","0","2301","0","0","0","N","0","0","0","2","02301","0","","1.0","","1","N","N","","0","","0","0","0","","3","","","2","0","0","0","0","0","0","2","0","2","","","","N","","","","","","","","","",""
"2015118395","","0","0","0","0","0","0","0","0","0","7","1","","02","11","2015","3","40.428109","-79.889997","","11","0","0","0","0","0","1","0","0","2","0","1","0","","","1","","0","","40 25:41.194","4","0","79 53:23.988","8","0","0","0","2426","0","0","0","N","0","0","0","2","68B03","0","","3.0","","9","N","N","","0","","0","0","0","","0","N","","2","1","0","0","0","1","0","2","1","2","","","","N","","","","","","","","","",""
"2015118336","","1","0","0","0","0","0","0","0","0","1","0","","02","11","2015","6","40.416262","-80.008273","","11","0","0","0","0","0","1","0","0","","0","0","0","","","0","","0","","40 24:58.542","","4","80 00:29.783","0","0","0","0","2301","0","0","0","N","0","0","0","4","02301","0","","1.0","","1","N","N","","0","","0","0","2","","2","","","4","0","2","0","0","0","0","2","1","4","","","","N","","","","","","","","","",""
"2015118396","","0","0","0","0","0","0","0","0","0","99","0","","02","11","2015","4","40.632086","-80.097444","","11","0","0","0","0","0","0","0","0","","0","0","0","","","0","","0","","40 37:55.510","","0","80 05:50.797","0","0","0","0","2212","0","0","0","N","0","0","0","1","68B03","0","","1.0","","1","N","N","","0","","0","0","1","","0","","","1","0","0","0","0","0","0","2","0","1","","","","N","","","","","","","","","",""
"2015119838","","0","0","0","0","0","0","0","0","0","7","0","","02","11","2015","4","40.44895","-80.020231","","11","0","0","0","0","0","0","0","0","","0","0","0","","","1","","0","","40 26:56.220","","0","80 01:12.830","4","0","0","0","2301","0","0","0","N","0","0","0","2","02301","1","","2.0","","1","N","N","","0","","0","0","1","","0","","","1","1","0","0","0","0","0","2","0","1","","","","N","","","","","","","","","",""
"2015119635","","2","0","0","0","0","0","0","0","0","4","0","","02","11","2015","2","40.48837","-79.901643","","11","0","0","0","0","0","1","0","0","2","0","0","0","","","2","","0","","40 29:18.131","5","0","79 54:05.915","3","0","0","0","2473","0","0","0","N","0","0","0","2","02473","0","","1.0","","1","N","N","","0","","2","0","0","","0","N","","2","2","0","0","0","0","0","2","0","2","","","","N","","","","","","","","","",""
"2015119792","","0","0","0","0","0","0","0","0","0","1","0","","02","11","2015","3","40.478908","-80.043019","","11","0","0","0","0","0","1","0","0","1","0","0","0","","","0","","1","","40 28:44.067","1","0","80 02:34.868","0","0","0","0","2301","0","0","0","N","0","0","0","2","02301","0","","1.0","","1","N","N","","0","","0","0","2","","2","Y","","2","0","0","0","0","0","0","2","0","2","","","","N","","","","","","","","","",""
"2015118397","","2","0","0","0","0","0","0","0","0","1","0","","02","11","2015","5","40.438192","-80.00512","","11","0","0","0","0","0","0","0","0","3","0","0","0","","","1","","0","","40 26:17.492","4","0","80 00:18.432","8","0","0","0","2301","0","0","0","N","0","0","0","2","68B03","0","","1.0","","9","N","N","","0","","0","0","0","","0","N","","2","1","0","0","0","1","0","2","0","2","","","","N","","","","","","","","","",""
"2015118200","","2","0","0","0","0","0","0","0","0","4","0","","02","11","2015","6","40.452637","-79.93659","","11","0","0","0","0","0","0","1","0","1","0","0","0","","","0","","0","","40 27:09.493","5","0","79 56:11.724","0","0","0","0","2301","0","0","0","N","0","0","0","2","02301","0","","1.0","","1","N","N","","0","","0","0","0","","0","N","","2","0","0","0","0","0","0","2","0","2","","","","N","","","","","","","","","",""
"2015119854","","2","0","0","0","0","0","0","0","0","2","0","","02","11","2015","4","40.478828","-79.940308","","11","0","0","0","1","0","0","0","0","","0","0","0","","","1","","0","","40 28:43.780","","0","79 56:25.110","4","0","0","0","2301","0","0","0","N","0","0","0","1","02301","1","","6.0","","1","N","N","","0","","0","0","0","","3","","","2","1","0","0","0","0","0","2","0","2","","","","N","","","","","","","","","",""
"2015119060","","1","0","0","0","0","0","0","0","0","1","0","","02","11","2015","6","40.271198","-79.884954","","11","0","0","0","0","1","0","1","0","","0","0","0","","","1","","6","","40 16:16.313","","2","79 53:05.833","4","0","0","0","2428","0","0","0","N","0","0","0","2","02428","1","","1.0","","1","N","N","","0","","0","0","1","","3","","","2","1","0","0","0","0","0","2","0","2","","","","N","","","","","","","","","",""
"2015118838","","1","0","0","1","0","0","0","0","0","8","0","","02","11","2015","1","40.549","-80.196527","","11","0","0","0","0","0","0","0","1","","0","0","0","","","1","","1","","40 32:56.401","","0","80 11:47.496","3","0","0","0","2427","1","0","0","N","0","0","0","3","02427","0","","1.0","","1","N","N","","0","","1","0","0","","3","","","2","1","1","0","0","0","0","2","0","1","","","","N","","","","","","","","","",""
"2015119125","","1","0","0","0","0","0","0","0","0","4","0","","02","11","2015","2","40.439563","-80.07659","","11","0","0","0","0","0","1","0","0","1","0","0","0","","","0","","0","","40 26:22.426","3","0","80 04:35.724","0","0","0","0","2301","0","0","0","N","0","0","0","3","02301","0","","1.0","","1","N","N","","1","","0","0","1","","0","N","","3","0","0","0","0","0","0","2","0","3","","","","N","","","","","","","","","",""
"2015118839","","0","0","0","0","0","0","0","0","0","7","0","","02","11","2015","1","40.424909","-79.952181","","11","0","0","0","0","0","1","0","0","","0","0","0","","","0","","2","","40 25:29.672","","0","79 57:07.850","0","0","0","0","2301","0","0","0","N","0","0","0","1","02301","0","","5.0","","1","N","N","","0","","0","0","1","","0","","","1","0","0","0","0","0","0","2","0","1","","","","N","","","","","","","","","",""
"2015119856","","1","0","0","0","0","0","0","0","0","8","0","","02","11","2015","4","40.438287","-79.988334","","11","0","0","0","0","0","0","0","0","","0","0","0","","","1","","1","","40 26:17.833","","0","79 59:18.002","4","0","0","0","2301","1","0","0","N","1","0","0","2","02301","1","","2.0","","1","N","N","","0","","0","0","0","","0","","","2","1","0","0","0","0","1","2","0","1","","","","N","","","","","","","","","",""
"2015118983","","1","0","0","0","0","0","0","0","0","7","0","","02","10","2015","7","40.537621","-80.078704","","11","0","0","0","0","1","0","0","0","","0","0","0","","","1","","0","","40 32:15.436","","0","80 04:43.336","3","0","0","0","2215","0","0","0","N","0","0","0","1","68B03","0","","4.0","","1","N","N","","0","","1","0","0","","0","","","1","1","0","0","0","0","0","2","0","1","","","","N","","","","","","","","","",""
"2015119524","","1","0","0","0","0","0","0","0","0","2","0","","02","11","2015","3","40.462271","-79.874506","","11","0","0","0","0","0","0","0","0","","0","0","0","","","0","","0","","40 27:44.175","","0","79 52:28.221","9","0","0","0","2113","0","0","0","N","0","0","0","1","02113","0","","2.0","","1","N","N","","0","","0","0","2","","0","","","3","0","0","0","0","0","1","2","0","3","","","","N","","","","","","","","","",""
"2015118477","","2","0","0","0","0","0","0","0","0","4","0","","02","11","2015","6","40.437428","-79.979527","","11","0","0","0","0","0","0","1","0","1","0","0","0","","","0","","1","","40 26:14.740","3","0","79 58:46.297","0","0","0","0","2301","0","0","0","N","0","0","0","2","02301","0","","1.0","","1","N","N","","0","","0","0","0","","3","N","","2","0","0","0","0","0","0","2","0","2","","","","N","","","","","","","","","",""
"2015117891","","1","0","0","0","0","0","1","0","0","4","1","","02","11","2015","3","40.447956","-80.002082","","11","0","0","0","0","0","0","0","0","1","0","0","0","","","2","","1","","40 26:52.641","2","0","80 00:07.495","4","0","0","0","2301","0","0","0","N","0","0","0","4","02503","1","","1.0","","9","","","","0","","0","0","0","","3","N","","2","2","0","0","0","1","0","2","0","2","","","","N","","","","","","","","","",""