"CRN","ARRIVAL_TM","AUTOMOBILE_COUNT","BELTED_DEATH_COUNT","BELTED_SUSP_SERIOUS_INJ_COUNT","BICYCLE_COUNT","BICYCLE_DEATH_COUNT","BICYCLE_SUSP_SERIOUS_INJ_COUNT","BUS_COUNT","CHLDPAS_DEATH_COUNT","CHLDPAS_SUSP_SERIOUS_INJ_COUNT","COLLISION_TYPE","COMM_VEH_COUNT","CONS_ZONE_SPD_LIM","COUNTY","CRASH_MONTH","CRASH_YEAR","DAY_OF_WEEK","DEC_LATITUDE","DEC_LONGITUDE","DISPATCH_TM","DISTRICT","DRIVER_COUNT_16YR","DRIVER_COUNT_17YR","DRIVER_COUNT_18YR","DRIVER_COUNT_19YR","DRIVER_COUNT_20YR","DRIVER_COUNT_50_64YR","DRIVER_COUNT_65_74YR","DRIVER_COUNT_75PLUS","EST_HRS_CLOSED","FATAL_COUNT","HEAVY_TRUCK_COUNT","HORSE_BUGGY_COUNT","HOUR_OF_DAY","ILLUMINATION","INJURY_COUNT","INTERSECTION_RELATED","INTERSECT_TYPE","LANE_CLOSED","LATITUDE","LN_CLOSE_DIR","LOCATION_TYPE","LONGITUDE","MAX_SEVERITY_LEVEL","MCYCLE_DEATH_COUNT","MCYCLE_SUSP_SERIOUS_INJ_COUNT","MOTORCYCLE_COUNT","MUNICIPALITY","NONMOTR_COUNT","NONMOTR_DEATH_COUNT","NONMOTR_SUSP_SERIOUS_INJ_COUNT","NTFY_HIWY_MAINT","PED_COUNT","PED_DEATH_COUNT","PED_SUSP_SERIOUS_INJ_COUNT","PERSON_COUNT","POLICE_AGCY","POSSIBLE_INJ_COUNT","RDWY_SURF_TYPE_CD","RELATION_TO_ROAD","ROADWAY_CLEARED","ROAD_CONDITION","SCH_BUS_IND","SCH_ZONE_IND","SECONDARY_CRASH","SMALL_TRUCK_COUNT","SPEC_JURIS_CD","SUSP_MINOR_INJ_COUNT","SUSP_SERIOUS_INJ_COUNT","SUV_COUNT","TCD_FUNC_CD","TCD_TYPE","TFC_DETOUR_IND","TIME_OF_DAY","TOTAL_UNITS","TOT_INJ_COUNT","UNBELTED_OCC_COUNT","UNB_DEATH_COUNT","UNB_SUSP_SERIOUS_INJ_COUNT","UNK_INJ_DEG_COUNT","UNK_INJ_PER_COUNT","URBAN_RURAL","VAN_COUNT","VEHICLE_COUNT","WEATHER1","WEATHER2","WORKERS_PRES","WORK_ZONE_IND","WORK_ZONE_LOC","WORK_ZONE_TYPE","WZ_CLOSE_DETOUR","WZ_FLAGGER","WZ_LAW_OFFCR_IND","WZ_LN_CLOSURE","WZ_MOVING","WZ_OTHER","WZ_SHLDER_MDN","WZ_WORKERS_INJ_KILLED"
"2015117432","","0","0","0","0","0","0","0","0","0","99","0","","02","11","2015","2","40.654816","-80.068736","","11","0","0","0","0","0","0","0","0","","0","0","0","","","0","","0","","40 39:17.336","","0","80 04:07.448","0","0","0","0","2216","0","0","0","N","0","0","0","2","68T02","0","","1.0","","1","N","N","","0","","0","0","1","","0","","","1","0","0","0","0","0","0","2","0","1","","","","N","","","","","","","","","",""
"2015119774","","2","0","0","0","0","0","0","0","0","4","0","","02","11","2015","3","40.424719","-79.859389","","11","0","0","0","0","0","2","1","0","2","0","0","0","","","1","","1","","40 25:28.989","4","0","79 51:33.799","3","0","0","0","2431","0","0","0","N","0","0","0","4","02431","0","","1.0","","1","N","N","","1","","1","0","0","","2","N","","3","1","2","0","0","0","0","2","0","3","","","","N","","","","","","","","","",""
"2015118440","","0","0","0","0","0","0","0","0","0","7","0","","02","11","2015","6","40.457219","-79.871564","","11","0","0","0","0","0","0","0","0","","0","0","0","","","1","","2","","40 27:25.988","","0","79 52:17.630","8","0","0","0","2113","0","0","0","N","0","0","0","4","02301","0","","2.0","","3","N","N","","0","","0","0","1","","0","","","1","1","0","0","0","1","0","2","0","1","","","","N","","","","","","","","","",""
"2015117433","","1","0","0","0","0","0","0","0","0","7","0","","02","11","2015","2","40.655408","-80.072739","","11","0","0","0","0","0","0","0","0","2","0","0","0","","","0","","0","","40 39:19.468","4","5","80 04:21.859","0","0","0","0","2212","0","0","0","N","0","0","0","1","68T02","0","","4.0","","1","N","N","","0","","0","0","0","","0","N","","1","0","0","0","0","0","0","2","0","1","","","","N","","","","","","","","","",""
"2015118103","","1","0","0","0","0","0","0","0","0","4","0","","02","11","2015","6","40.461135","-79.823998","","11","0","0","0","0","0","0","0","1","1","0","0","0","","","0","","2","","40 27:40.085","5","7","79 49:26.392","0","0","0","0","2113","0","0","0","N","0","0","0","4","02113","0","","1.0","","1","N","N","","0","","0","0","1","","0","N","","2","0","1","0","0","0","0","2","0","2","","","","N","","","","","","","","","",""
"2015119775","","2","0","0","0","0","0","0","0","0","4","0","","02","11","2015","3","40.550056","-80.0857","","11","0","0","0","0","0","0","1","0","1","0","0","0","","","0","","2","","40 33:00.203","7","0","80 05:08.520","0","0","0","0","2215","0","0","0","N","0","0","0","3","02215","0","","1.0","","1","N","N","","0","","0","0","0","","2","N","","2","0","0","0","0","0","0","2","0","2","","","","N","","","","","","","","","",""
"2015117434","","1","0","0","0","0","0","0","0","0","5","1","","02","11","2015","2","40.521658","-79.814117","","11","0","0","0","0","0","1","1","0","","0","1","0","","","3","","0","","40 31:17.970","","0","79 48:50.821","4","0","0","0","2466","0","0","0","N","0","0","0","3","68T02","3","","1.0","","9","N","N","","0","","0","0","0","","0","","","2","3","0","0","0","0","0","2","0","2","","","","N","","","","","","","","","",""
"2015118308","","2","0","0","0","0","0","0","0","0","4","0","","02","11","2015","6","40.457186","-79.937804","","11","0","0","0","0","0","1","0","0","","0","0","0","","","0","","0","","40 27:25.868","","7","79 56:16.096","0","0","0","0","2301","0","0","0","N","0","0","0","2","02301","0","","1.0","","1","N","N","","0","","0","0","0","","0","","","2","0","0","0","0","0","0","2","0","2","","","","N","","","","","","","","","",""
"2015119822","","1","0","0","0","0","0","0","0","0","7","0","","02","11","2015","3","40.461019","-79.900217","","11","0","0","0","0","0","0","0","0","1","0","0","0","","","0","","0","","40 27:39.670","6","0","79 54:00.780","0","0","0","0","2301","0","0","0","N","0","0","0","1","02301","0","","5.0","","1","N","N","","0","","0","0","0","","0","N","","1","0","1","0","0","0","0","2","0","1","","","","N","","","","","","","","","",""
"2015117503","","3","0","0","0","0","0","0","0","0","1","0","","02","11","2015","5","40.436363","-79.96639","","11","0","0","0","0","0","1","0","0","","0","0","0","","","0","","0","","40 26:10.908","","2","79 57:59.004","0","0","0","0","2301","0","0","0","N","0","0","0","3","02301","0","","1.0","","1","N","N","","0","","0","0","1","","0","","","4","0","0","0","0","0","0","2","0","4","","","","N","","","","","","","","","",""
"2015118321","","1","0","0","0","0","0","0","0","0","7","0","","02","11","2015","6","40.41015","-79.926628","","11","0","0","0","0","0","0","0","0","","0","0","0","","","0","","0","","40 24:36.540","","0","79 55:35.860","0","0","0","0","2301","0","0","0","N","0","0","0","0","02301","0","","4.0","","1","N","N","","0","","0","0","0","","0","","","1","0","0","0","0","0","0","2","0","1","","","","N","","","","","","","","","",""
"2015119778","","0","0","0","0","0","0","0","0","0","4","0","","02","11","2015","3","40.664088","-79.934305","","11","0","0","0","0","0","2","0","0","4","0","0","0","","","2","","1","","40 39:50.717","1","0","79 56:03.499","2","0","1","1","2217","0","0","0","N","0","0","0","2","02505","1","","1.0","","1","N","N","","0","","0","1","1","","2","Y","","2","2","0","0","0","0","0","2","0","2","","","","N","","","","","","","","","",""
"2015119556","","0","0","0","0","0","0","0","0","0","2","0","","02","11","2015","3","40.487017","-79.894247","","11","0","0","0","0","0","1","0","1","","0","0","0","","","0","","2","","40 29:13.260","","0","79 53:39.289","0","0","0","0","2301","0","0","0","N","0","0","0","2","02301","0","","1.0","","1","N","N","","0","","0","0","2","","3","","","2","0","0","0","0","0","0","2","0","2","","","","N","","","","","","","","","",""
"2015119779","","2","0","0","0","0","0","0","0","0","4","0","","02","11","2015","3","40.438595","-79.953481","","11","0","0","0","0","0","0","0","0","","0","0","0","","","0","","1","","40 26:18.942","","0","79 57:12.531","0","0","0","0","2301","0","0","0","N","0","0","0","2","02506","0","","1.0","","1","N","N","","0","","0","0","0","","3","","","2","0","0","0","0","0","0","2","0","2","","","","N","","","","","","","","","",""
"2015118311","","2","0","0","0","0","0","0","0","0","4","0","","02","11","2015","6","40.367301","-79.780842","","11","0","0","0","0","0","0","0","0","","0","0","0","","","0","","0","","40 22:02.282","","7","79 46:51.032","0","0","0","0","2111","0","0","0","N","0","0","0","1","02111","0","","4.0","","1","N","N","","0","","0","0","1","","0","","","3","0","0","0","0","0","0","2","0","3","","","","N","","","","","","","","","",""
"2015118898","","3","0","0","0","0","0","0","0","0","1","0","","02","11","2015","1","40.456981","-79.89891","","11","0","0","0","0","0","1","0","1","","0","0","0","","","3","","2","","40 27:25.133","","0","79 53:56.075","4","0","0","0","2301","0","0","0","","0","0","0","8","02301","3","","1.0","","1","N","N","","0","","0","0","0","","2","","","3","3","7","0","0","0","0","2","0","3","","","","N","","","","","","","","","",""
"2015119623","","1","0","0","0","0","0","0","0","0","1","0","","02","11","2015","2","40.417444","-79.848414","","11","0","0","0","0","0","1","0","0","2","0","0","0","","","3","","5","","40 25:02.799","4","0","79 50:54.291","4","0","0","0","2431","0","0","0","N","0","0","0","4","02431","3","","1.0","","1","N","N","","0","","0","0","2","","2","N","","3","3","0","0","0","0","0","2","0","3","","","","N","","","","","","","","","",""
"2015119828","","2","0","0","0","0","0","0","0","0","4","0","","02","11","2015","3","40.461313","-79.934164","","11","0","0","0","0","0","0","0","0","1","0","0","0","","","0","","1","","40 27:40.726","3","0","79 56:02.990","0","0","0","0","2301","0","0","0","N","0","0","0","2","02301","0","","1.0","","1","N","N","","0","","0","0","0","","3","N","","2","0","0","0","0","0","0","2","0","2","","","","N","","","","","","","","","",""
"2015117521","","0","0","0","0","0","0","0","0","0","7","0","","02","11","2015","5","40.528683","-80.130089","","11","0","0","0","0","0","0","0","0","2","0","0","0","","","0","","0","","40 31:43.260","1","0","80 07:48.320","0","0","0","0","2125","0","0","0","Y","0","0","0","1","02215","0","","2.0","","9","N","N","","0","","0","0","0","","0","N","","1","0","0","0","0","0","0","2","1","1","","","","N","","","","","","","","","",""
"2015118671","","2","0","0","0","0","0","0","0","0","4","0","25","02","11","2015","1","40.457215","-79.997827","","11","0","0","0","0","1","0","0","0","1","0","0","0","","","0","","1","","40 27:25.975","1","0","79 59:52.178","0","0","0","0","2301","0","0","0","N","0","0","0","3","02301","0","","1.0","","1","N","N","","0","","0","0","0","","2","Y","","2","0","0","0","0","0","0","2","0","2","","","N","Y","8","1","","","N","","","","",""
"2015104825","","1","0","0","0","0","0","0","0","0","5","1","55","02","10","2015","6","40.572059","-79.860322","","11","0","0","0","0","0","1","0","0","2","0","1","0","","","0","","0","","40 34:19.412","3","0","79 51:37.160","0","0","0","0","2209","0","0","0","N","0","0","0","5","68T02","0","","1.0","","1","N","N","","0","","0","0","0","","0","N","","2","0","0","0","0","0","0","2","0","2","","","Y","Y","4","1","N","N","N","N","N","Y","N",""
"2015119182","","1","0","0","0","0","0","0","0","0","0","0","","02","11","2015","2","40.340769","-79.915197","","11","0","0","0","0","0","1","0","0","","0","0","0","","","1","","2","","40 20:26.769","","0","79 54:54.708","4","0","0","1","2473","0","0","0","N","0","0","0","2","02473","1","","1.0","","1","N","N","","0","","0","0","0","","0","","","3","1","0","0","0","0","0","2","0","2","","","","N","","","","","","","","","",""
"2015118531","","2","0","0","0","0","0","0","0","0","1","0","","02","11","2015","5","40.37155","-79.844358","","11","0","0","0","0","0","0","0","0","","0","0","0","","","0","","0","","40 22:17.580","","0","79 50:39.690","0","0","0","0","2303","0","0","0","N","0","0","0","1","02303","0","","2.0","","1","N","N","","0","","0","0","0","","0","","","2","0","1","0","0","0","0","2","0","2","","","","N","","","","","","","","","",""
"2015118673","","1","0","0","0","0","0","0","0","0","1","0","","02","11","2015","1","40.435436","-79.983677","","11","0","0","0","0","0","0","0","0","2","0","0","0","","","0","","0","","40 26:07.571","3","0","79 59:01.237","0","0","0","0","2301","0","0","0","N","0","0","0","6","02301","0","","1.0","","1","N","N","","0","","0","0","1","","0","Y","","2","0","0","0","0","0","0","2","0","2","","","","N","","","","","","","","","",""
"2015104826","","1","0","0","0","0","0","0","0","0","7","0","","02","10","2015","4","40.646301","-80.033918","","11","0","0","0","0","0","0","0","0","","0","0","0","","","1","","0","","40 38:46.682","","0","80 02:02.105","8","0","0","0","2216","0","0","0","N","0","0","0","1","68T02","0","","4.0","","1","N","N","","0","","0","0","0","","0","","","1","1","0","0","0","1","0","2","0","1","","","","N","","","","","","","","","",""
"2015118464","","0","0","0","0","0","0","0","0","0","7","0","","02","11","2015","6","40.36205","-79.859125","","11","0","0","0","0","0","0","0","0","1","0","0","0","","","1","","0","","40 21:43.380","2","0","79 51:32.850","4","0","0","0","2473","0","0","0","N","0","0","0","1","02473","1","","2.0","","1","N","N","","0","","0","0","1","","0","N","","1","1","0","0","0","0","0","2","0","1","","","","N","","","","","","","","","",""
"2015119333","","1","0","0","0","0","0","0","0","0","4","0","","02","11","2015","2","40.347439","-79.944592","","11","0","0","0","0","0","0","1","0","1","0","0","0","","","4","","5","","40 20:50.780","3","0","79 56:40.530","8","0","0","0","2473","0","0","0","N","0","0","0","5","02473","0","","1.0","","1","N","N","","0","","0","0","1","","2","N","","2","4","0","0","0","4","0","2","0","2","","","","N","","","","","","","","","",""
"2015117878","","1","0","0","0","0","0","0","0","0","99","0","","02","11","2015","5","40.446173","-80.027112","","11","0","0","0","0","0","0","0","0","1","0","0","0","","","0","","0","","40 26:46.223","1","3","80 01:37.604","0","0","0","0","2301","0","0","0","N","0","0","0","1","02301","0","","1.0","","1","N","N","","0","","0","0","0","","0","N","","1","0","0","0","0","0","0","2","0","1","","","","N","","","","","","","","","",""
"2015118453","","1","0","0","0","0","0","0","0","0","1","1","","02","11","2015","5","40.411294","-79.983219","","11","0","0","0","0","0","1","0","0","3","0","1","0","","","1","","0","","40 24:40.660","6","0","79 58:59.590","2","0","0","0","2447","0","0","0","N","0","0","0","1","02447","0","","1.0","","1","N","N","","0","","0","1","1","","0","N","","3","1","0","0","0","0","0","2","0","3","","","","N","","","","","","","","","",""
"2015117879","","2","0","0","0","0","0","0","0","0","5","0","","02","11","2015","6","40.322011","-79.891333","","11","0","0","0","0","0","0","0","0","2","0","0","0","","","0","","0","","40 19:19.240","2","0","79 53:28.800","0","0","0","0","2433","0","0","0","N","0","0","0","1","02433","0","","1.0","","1","N","N","","0","","0","0","0","","0","Y","","2","0","1","0","0","0","0","2","0","2","","","","N","","","","","","","","","",""
"2015118677","","1","0","0","0","0","0","0","0","0","4","0","","02","11","2015","1","40.353505","-79.837073","","11","0","0","0","0","0","0","0","0","2","0","0","0","","","4","","1","","40 21:12.617","6","0","79 50:13.464","4","0","0","0","2304","0","0","0","N","0","0","0","7","02304","1","","1.0","","1","N","N","","0","","0","0","2","","2","N","","3","4","3","0","0","3","1","2","0","3","","","","N","","","","","","","","","",""
"2015104768","","1","0","0","0","0","0","0","0","0","99","0","","02","9","2015","4","40.362041","-80.118701","","11","0","0","0","0","0","0","0","0","","0","0","0","","","1","","0","","40 21:43.349","","0","80 07:07.325","8","0","0","0","2414","0","0","0","N","0","0","0","1","68B03","0","","1.0","","1","N","N","","0","","0","0","0","","0","","","1","1","0","0","0","1","0","2","0","1","","","","N","","","","","","","","","",""
"2015104051","","1","0","0","0","0","0","0","0","0","5","0","","02","10","2015","7","40.457842","-79.974246","","11","0","0","0","0","0","0","0","0","","0","0","0","","","0","","1","","40 27:28.231","","0","79 58:27.285","0","0","0","0","2301","0","0","0","N","0","0","0","2","02301","0","","1.0","","1","N","N","","1","","0","0","0","","3","","","2","0","0","0","0","0","0","2","0","2","","","","N","","","","","","","","","",""
"2015119560","","3","0","0","0","0","0","0","0","0","1","0","","02","11","2015","2","40.446959","-80.167514","","11","0","0","0","0","0","0","0","0","1","0","0","0","","","0","","0","","40 26:49.051","3","0","80 10:03.051","0","0","0","0","2115","0","0","0","N","0","0","0","3","02115","0","","1.0","","1","N","N","","0","","0","0","0","","2","N","","3","0","0","0","0","0","0","2","0","3","","","","N","","","","","","","","","",""
"2015117283","","1","0","0","0","0","0","0","0","0","1","0","","02","11","2015","4","40.433776","-80.029438","","11","0","0","0","0","0","0","0","0","2","0","0","0","","","0","","0","","40 26:01.592","2","0","80 01:45.976","0","0","0","0","2301","0","0","0","N","0","0","0","3","02301","0","","1.0","","1","N","N","","0","","0","0","2","","0","N","","3","0","0","0","0","0","0","2","0","3","","","","N","","","","","","","","","",""
"2015118678","","0","0","0","0","0","0","0","0","0","7","0","","02","11","2015","1","40.450848","-79.843732","","11","0","0","0","0","0","0","0","0","3","0","0","0","","","1","","0","","40 27:03.051","5","0","79 50:37.436","3","0","0","0","2113","0","0","0","N","0","0","0","1","02113","0","","5.0","","1","N","N","","0","","1","0","1","","0","N","","1","1","1","0","0","0","0","2","0","1","","","","N","","","","","","","","","",""
"2015104769","","0","0","0","0","0","0","0","0","0","7","0","","02","9","2015","6","40.516856","-80.13348","","11","0","0","0","0","0","1","0","0","","0","0","0","","","0","","0","","40 31:00.683","","3","80 08:00.529","0","0","0","0","2434","0","0","0","Y","0","0","0","1","68B03","0","","2.0","","1","N","N","","1","","0","0","0","","0","","","1","0","0","0","0","0","0","2","0","1","","","","N","","","","","","","","","",""
"2015104052","","1","0","0","0","0","0","0","0","0","99","0","","02","10","2015","6","40.394219","-80.030323","","11","0","0","0","0","0","1","0","0","","0","0","0","","","0","","1","","40 23:39.188","","0","80 01:49.162","9","0","0","0","2301","0","0","0","N","0","0","0","2","02301","0","","1.0","","1","N","N","","0","","0","0","0","","3","","","2","0","0","0","0","0","1","2","0","2","","","","N","","","","","","","","","",""
"2015117285","","1","0","0","0","0","0","0","0","0","5","0","","02","11","2015","4","40.458206","-79.973707","","11","0","0","0","0","0","1","0","0","","0","0","0","","","0","","0","","40 27:29.540","","0","79 58:25.346","0","0","0","0","2301","0","0","0","N","0","0","0","2","02301","0","","6.0","","1","N","N","","0","","0","0","1","","0","","","2","0","0","0","0","0","0","2","0","2","","","","N","","","","","","","","","",""
"2015117883","","1","0","0","0","0","0","0","0","0","7","0","","02","11","2015","5","40.436719","-79.827207","","11","0","0","0","0","1","0","0","0","","0","0","0","","","0","","2","","40 26:12.190","","0","79 49:37.944","0","0","0","0","2419","0","0","0","N","0","0","0","1","02419","0","","4.0","","1","N","N","","0","","0","0","0","","0","","","1","0","0","0","0","0","0","2","0","1","","","","N","","","","","","","","","",""
"2015118022","","1","0","0","0","0","0","0","0","0","4","0","","02","11","2015","3","40.546177","-79.770448","","11","0","0","0","0","0","1","0","0","","0","0","0","","","0","","2","","40 32:46.237","","0","79 46:13.611","0","0","0","0","2121","0","0","0","N","0","0","0","2","02121","0","","1.0","","9","N","N","","1","","0","0","0","","3","","","2","0","0","0","0","0","0","1","0","2","","","","N","","","","","","","","","",""
"2015104055","","1","0","0","0","0","0","0","0","0","4","0","","02","10","2015","4","40.378438","-79.975466","","11","0","0","0","0","0","0","0","0","","0","0","0","","","0","","2","","40 22:42.376","","0","79 58:31.677","9","0","0","0","2413","0","0","0","N","0","0","0","2","02413","0","","1.0","","1","N","N","","0","","0","0","1","","3","","","2","0","0","0","0","0","1","2","0","2","","","","N","","","","","","","","","",""
"2015118084","","1","0","0","0","0","0","0","0","0","0","0","","02","11","2015","6","40.51744","-79.879264","","11","0","0","0","0","0","1","0","0","","0","0","0","","","0","","2","","40 31:02.784","","0","79 52:45.350","0","0","0","0","2432","0","0","0","N","0","0","0","1","02432","0","","1.0","","1","N","N","","0","","0","0","0","","0","","","1","0","0","0","0","0","0","2","0","1","","","","N","","","","","","","","","",""
"2015103994","","1","0","0","0","0","0","0","0","0","1","0","","02","9","2015","3","40.426238","-79.914861","","11","0","0","0","0","0","0","0","0","","0","0","0","","","0","","0","","40 25:34.458","","4","79 54:53.501","0","0","0","0","2301","0","0","0","N","0","0","0","5","68B03","0","","1.0","","1","N","N","","0","","0","0","1","","0","","","2","0","0","0","0","0","0","2","0","2","","","","N","","","","","","","","","",""
"2015119136","","1","0","0","0","0","0","0","0","0","2","0","","02","11","2015","6","40.415417","-79.876818","","11","0","0","0","0","0","1","0","0","","0","0","0","","","1","","1","","40 24:55.501","","0","79 52:36.544","8","0","0","0","2463","0","0","0","N","0","0","0","3","02463","0","","1.0","","1","N","N","","0","","0","0","1","","2","","","2","1","0","0","0","1","0","2","0","2","","","","N","","","","","","","","","",""
"2015117885","","0","0","0","0","0","0","0","0","0","7","0","","02","11","2015","7","40.409622","-79.830784","","11","0","0","0","0","0","0","0","0","","0","0","0","","","1","","0","","40 24:34.639","","0","79 49:50.823","4","0","0","0","2467","0","0","0","N","0","0","0","1","02467","1","","4.0","","1","N","N","","0","","0","0","1","","0","","","1","1","0","0","0","0","0","2","0","1","","","","N","","","","","","","","","",""
"2015118556","","1","0","0","0","0","0","0","0","0","5","0","","02","11","2015","6","","-79.989739","","11","0","0","0","0","0","0","0","0","","0","0","0","","","0","","0","","40 26:4.333","","4","79 59:23.060","0","0","0","0","2301","0","0","0","N","0","0","0","6","02301","0","","1.0","","1","N","N","","0","","0","0","1","","2","","","2","0","0","0","0","0","0","2","0","2","","","","N","","","","","","","","","",""
"2015119408","","2","0","0","0","0","0","0","0","0","1","0","","02","10","2015","3","40.400643","-80.106619","","11","0","0","0","0","0","1","0","0","1","0","0","0","","","2","","0","","40 24:02.316","2","0","80 06:23.830","4","0","0","0","2102","0","0","0","N","0","0","0","3","68B03","2","","1.0","","1","N","N","","0","","0","0","0","","0","Y","","2","2","0","0","0","0","0","2","0","2","","","","N","","","","","","","","","",""
"2015119342","","1","0","0","0","0","0","0","0","0","1","0","","02","11","2015","2","40.416826","-80.029827","","11","0","0","0","0","0","0","0","0","3","0","0","0","","","0","","1","","40 25:00.574","1","0","80 01:47.376","0","0","0","0","2301","0","0","0","N","0","0","0","3","02301","0","","1.0","","1","N","N","","0","","0","0","1","","0","N","","2","0","0","0","0","0","0","2","0","2","","","","N","","","","","","","","","",""
"2015118684","","1","0","0","0","0","0","0","0","0","4","0","","02","11","2015","7","40.453945","-79.979862","","11","0","0","0","0","0","0","0","0","","0","0","0","","","1","","1","","40 27:14.202","","0","79 58:47.503","3","0","0","1","2301","0","0","0","N","0","0","0","2","02301","0","","1.0","","1","N","N","","0","","1","0","0","","3","","","2","1","0","0","0","0","0","2","0","2","","","","N","","","","","","","","","",""
"2015119409","","1","0","0","0","0","0","0","0","0","99","0","","02","11","2015","7","40.43014","-79.883269","","11","0","0","0","0","0","0","0","0","","0","0","0","","","0","","0","","40 25:48.505","","0","79 52:59.769","0","0","0","0","2426","0","0","0","N","0","0","0","2","68B03","0","","1.0","","1","N","N","","0","","0","0","1","","0","","","2","0","0","0","0","0","0","2","0","2","","","","N","","","","","","","","","",""
"2015104836","","1","0","0","0","0","0","0","0","0","7","0","","02","10","2015","2","40.452332","-79.996218","","11","0","0","0","0","0","0","0","0","","0","0","0","","","0","","0","","40 27:08.396","","0","79 59:46.385","0","0","0","0","2301","0","0","0","N","0","0","0","1","02301","0","","5.0","","1","N","N","","0","","0","0","0","","0","","","1","0","0","0","0","0","0","2","0","1","","","","N","","","","","","","","","",""
"2015118026","","0","0","0","0","0","0","0","0","0","1","0","","02","11","2015","6","40.464294","-79.920358","","11","0","0","0","0","0","1","0","0","","0","0","0","","","1","","0","","40 27:51.460","","0","79 55:13.290","8","0","0","0","2301","0","0","0","N","0","0","0","3","02301","0","","1.0","","1","N","N","","0","","0","0","1","","0","","","2","1","0","0","0","1","0","2","1","2","","","","N","","","","","","","","","",""
"2015104837","","2","0","0","0","0","0","0","0","0","5","0","","02","9","2015","1","40.503037","-79.956055","","11","0","0","0","0","0","0","0","0","","0","0","0","","","0","","0","","40 30:10.934","","0","79 57:21.798","0","0","0","0","2430","0","0","0","N","0","0","0","1","02430","0","","4.0","","1","N","N","","1","","0","0","0","","0","","","3","0","0","0","0","0","0","2","0","3","","","","N","","","","","","","","","",""
"2015118559","","1","0","0","0","0","0","0","0","0","1","0","","02","11","2015","7","40.625348","-79.978233","","11","0","0","0","0","0","0","0","0","","0","0","0","","","2","","0","","40 37:31.252","","0","79 58:41.637","8","0","0","0","2217","0","0","0","N","0","0","0","2","02505","0","","1.0","","1","N","N","","0","","0","0","1","","0","","","2","2","0","0","0","2","0","2","0","2","","","","N","","","","","","","","","",""
"2015117291","","0","0","0","0","0","0","0","0","0","4","0","","02","11","2015","4","40.576024","-79.978798","","11","0","0","0","0","0","0","1","0","2","0","0","0","","","0","","2","","40 34:33.685","3","0","79 58:43.673","0","0","0","0","2207","0","0","0","N","0","0","0","2","02207","0","","1.0","","1","N","N","","1","","0","0","1","","3","N","","2","0","0","0","0","0","0","1","0","2","","","","N","","","","","","","","","",""
"2015119344","","1","0","0","0","0","0","0","0","0","4","0","","02","11","2015","7","40.531446","-80.045065","","11","0","0","0","0","0","0","0","0","1","0","0","0","","","1","","0","","40 31:53.207","6","0","80 02:42.233","2","0","0","0","2116","0","0","0","N","0","0","0","1","02116","0","","6.0","","1","N","N","","0","","0","1","1","","0","Y","","2","1","1","0","1","0","0","2","0","2","","","","N","","","","","","","","","",""
"2015118699","","0","0","0","0","0","0","0","0","0","7","0","","02","11","2015","1","40.476509","-79.779619","","11","0","0","0","0","0","1","0","0","6","0","0","0","","","1","","0","","40 28:35.432","7","0","79 46:46.629","4","0","0","0","2113","0","0","0","","0","0","0","1","02113","1","","4.0","","1","N","N","","0","","0","0","1","","0","Y","","1","1","1","0","0","0","0","2","0","1","","","","N","","","","","","","","","",""
"2015104985","","1","0","0","0","0","0","0","0","0","4","0","","02","10","2015","3","40.395496","-79.804732","","11","0","0","0","0","0","0","1","0","","0","0","0","","","1","","1","","40 23:43.785","","0","79 48:17.035","4","0","0","0","2479","0","0","0","N","0","0","0","2","02111","1","","1.0","","9","Y","N","","0","","0","0","0","","2","","","2","1","0","0","0","0","0","2","1","2","","","","N","","","","","","","","","",""
"2015104923","","1","0","0","0","0","0","0","0","0","99","0","","02","10","2015","1","40.570055","-79.79414","","11","0","0","0","0","0","1","0","0","","0","0","0","","","0","","0","","40 34:12.199","","0","79 47:38.904","0","0","0","0","2206","0","0","0","N","0","0","0","1","68D02","0","","1.0","","1","N","N","","0","","0","0","0","","0","","","1","0","0","0","0","0","0","2","0","1","","","","N","","","","","","","","","",""
"2015103477","","1","0","0","0","0","0","0","0","0","4","0","","02","10","2015","5","40.572128","-80.023673","","11","0","0","0","0","0","0","0","0","1","0","0","0","","","0","","1","","40 34:19.660","2","0","80 01:25.221","0","0","0","0","2108","0","0","0","N","0","0","0","3","02108","0","","1.0","","1","N","N","","1","","0","0","0","","2","N","","2","0","0","0","0","0","0","2","0","2","","","","N","","","","","","","","","",""
"2015118562","","1","0","0","0","0","0","0","0","0","4","0","","02","11","2015","7","40.39971","-79.987452","","11","0","0","0","0","0","0","0","0","","0","0","0","","","2","","1","","40 23:58.956","","0","79 59:14.827","4","0","0","0","2301","0","0","0","N","0","0","0","3","02301","2","","1.0","","1","N","N","","1","","0","0","0","","3","","","2","2","1","0","0","0","0","2","0","2","","","","N","","","","","","","","","",""
"2015118564","","1","0","0","0","0","0","0","0","0","7","0","","02","11","2015","5","40.276216","-79.962807","","11","1","0","0","0","0","0","0","0","","0","0","0","","","0","","0","","40 16:34.376","","0","79 57:46.105","0","0","0","0","2219","0","0","0","N","0","0","0","3","02219","0","","5.0","","1","N","N","","0","","0","0","0","","0","","","1","0","0","0","0","0","0","1","0","1","","","","N","","","","","","","","","",""