"CRN","ARRIVAL_TM","AUTOMOBILE_COUNT","BELTED_DEATH_COUNT","BELTED_SUSP_SERIOUS_INJ_COUNT","BICYCLE_COUNT","BICYCLE_DEATH_COUNT","BICYCLE_SUSP_SERIOUS_INJ_COUNT","BUS_COUNT","CHLDPAS_DEATH_COUNT","CHLDPAS_SUSP_SERIOUS_INJ_COUNT","COLLISION_TYPE","COMM_VEH_COUNT","CONS_ZONE_SPD_LIM","COUNTY","CRASH_MONTH","CRASH_YEAR","DAY_OF_WEEK","DEC_LATITUDE","DEC_LONGITUDE","DISPATCH_TM","DISTRICT","DRIVER_COUNT_16YR","DRIVER_COUNT_17YR","DRIVER_COUNT_18YR","DRIVER_COUNT_19YR","DRIVER_COUNT_20YR","DRIVER_COUNT_50_64YR","DRIVER_COUNT_65_74YR","DRIVER_COUNT_75PLUS","EST_HRS_CLOSED","FATAL_COUNT","HEAVY_TRUCK_COUNT","HORSE_BUGGY_COUNT","HOUR_OF_DAY","ILLUMINATION","INJURY_COUNT","INTERSECTION_RELATED","INTERSECT_TYPE","LANE_CLOSED","LATITUDE","LN_CLOSE_DIR","LOCATION_TYPE","LONGITUDE","MAX_SEVERITY_LEVEL","MCYCLE_DEATH_COUNT","MCYCLE_SUSP_SERIOUS_INJ_COUNT","MOTORCYCLE_COUNT","MUNICIPALITY","NONMOTR_COUNT","NONMOTR_DEATH_COUNT","NONMOTR_SUSP_SERIOUS_INJ_COUNT","NTFY_HIWY_MAINT","PED_COUNT","PED_DEATH_COUNT","PED_SUSP_SERIOUS_INJ_COUNT","PERSON_COUNT","POLICE_AGCY","POSSIBLE_INJ_COUNT","RDWY_SURF_TYPE_CD","RELATION_TO_ROAD","ROADWAY_CLEARED","ROAD_CONDITION","SCH_BUS_IND","SCH_ZONE_IND","SECONDARY_CRASH","SMALL_TRUCK_COUNT","SPEC_JURIS_CD","SUSP_MINOR_INJ_COUNT","SUSP_SERIOUS_INJ_COUNT","SUV_COUNT","TCD_FUNC_CD","TCD_TYPE","TFC_DETOUR_IND","TIME_OF_DAY","TOTAL_UNITS","TOT_INJ_COUNT","UNBELTED_OCC_COUNT","UNB_DEATH_COUNT","UNB_SUSP_SERIOUS_INJ_COUNT","UNK_INJ_DEG_COUNT","UNK_INJ_PER_COUNT","URBAN_RURAL","VAN_COUNT","VEHICLE_COUNT","WEATHER1","WEATHER2","WORKERS_PRES","WORK_ZONE_IND","WORK_ZONE_LOC","WORK_ZONE_TYPE","WZ_CLOSE_DETOUR","WZ_FLAGGER","WZ_LAW_OFFCR_IND","WZ_LN_CLOSURE","WZ_MOVING","WZ_OTHER","WZ_SHLDER_MDN","WZ_WORKERS_INJ_KILLED"
"2015109600","","0","0","0","0","0","0","0","0","0","7","0","","02","10","2015","6","40.474111","-79.757","","11","0","0","0","0","0","0","0","0","","0","0","0","","","0","","0","","40 28:26.800","","0","79 45:25.200","0","0","0","0","2466","0","0","0","N","0","0","0","1","02466","0","","5.0","","1","N","N","","0","","0","0","1","","0","","","1","0","0","0","0","0","0","2","0","1","","","","N","","","","","","","","","",""
"2015111070","","1","0","0","0","0","0","0","0","0","99","0","","02","10","2015","2","40.617333","-79.980271","","11","0","0","0","0","0","0","0","0","","0","0","0","","","0","","0","","40 37:02.398","","0","79 58:48.977","0","0","0","0","2217","0","0","0","N","0","0","0","1","68T02","0","","1.0","","1","N","N","","0","","0","0","0","","0","","","1","0","0","0","0","0","0","1","0","1","","","","N","","","","","","","","","",""
"2015109612","","1","0","0","0","0","0","0","0","0","1","0","","02","10","2015","6","40.514912","-79.952672","","11","0","0","1","0","0","0","0","1","2","0","0","0","","","0","","0","","40 30:53.684","1","0","79 57:09.618","0","0","0","0","2118","0","0","0","N","0","0","0","3","02118","0","","1.0","","1","N","N","","0","","0","0","2","","0","N","","3","0","0","0","0","0","0","2","0","3","","","","N","","","","","","","","","",""
"2015111149","","0","0","0","0","0","0","0","0","0","99","0","","02","10","2015","7","40.572128","-80.023673","","11","0","0","0","0","0","1","0","0","2","0","0","0","","","1","","1","","40 34:19.660","2","0","80 01:25.221","8","0","0","0","2108","0","0","0","Y","0","0","0","1","02108","0","","1.0","","1","N","N","","0","","0","0","1","","2","N","","1","1","0","0","0","1","0","2","0","1","","","","N","","","","","","","","","",""
"2015108985","","0","0","0","0","0","0","0","0","0","1","0","","02","10","2015","1","40.534585","-80.035962","","11","0","0","0","0","0","0","0","0","1","0","0","0","","","0","","0","","40 32:04.507","1","0","80 02:09.463","0","0","0","0","2116","0","0","0","N","0","0","0","2","02116","0","","1.0","","1","N","N","","0","","0","0","1","","0","N","","2","0","0","0","0","0","0","2","1","2","","","","N","","","","","","","","","",""
"2015109761","","2","0","0","0","0","0","0","0","0","4","0","25","02","10","2015","7","40.397648","-80.106137","","11","0","0","0","0","0","1","0","1","","0","0","0","","","0","","7","","40 23:51.533","","2","80 06:22.093","0","0","0","0","2102","0","0","0","N","0","0","0","3","02102","0","","1.0","","9","N","N","","0","","0","0","0","","7","","","2","0","0","0","0","0","0","2","0","2","","","N","Y","2","1","","Y","Y","","","Y","",""
"2015109614","","1","0","0","0","0","0","0","0","0","2","0","","02","10","2015","7","40.394215","-79.986434","","11","0","0","0","0","0","0","0","0","2","0","0","0","","","0","","2","","40 23:39.174","6","0","79 59:11.162","0","0","0","0","2301","0","0","0","N","0","0","0","2","02301","0","","1.0","","1","N","N","","0","","0","0","0","","3","Y","","2","0","0","0","0","0","0","2","1","2","","","","N","","","","","","","","","",""
"2015108986","","1","0","0","0","0","0","0","0","0","1","0","","02","10","2015","5","40.373183","-79.793238","","11","0","0","0","0","0","0","0","0","2","0","0","0","","","1","","0","","40 22:23.460","6","0","79 47:35.655","8","0","0","0","2111","0","0","0","N","0","0","0","2","02111","0","","1.0","","1","N","N","","1","","0","0","0","","0","Y","","2","1","0","0","0","1","0","2","0","2","","","","N","","","","","","","","","",""
"2015109762","","2","0","0","0","0","0","0","0","0","1","0","","02","10","2015","7","40.414597","-79.923822","","11","0","0","0","0","0","1","0","0","","0","0","0","","","2","","0","","40 24:52.550","","0","79 55:25.760","3","0","0","0","2301","0","0","0","N","0","0","0","3","02301","1","","1.0","","9","N","N","","0","","1","0","0","","2","","","2","2","0","0","0","0","0","2","0","2","","","","N","","","","","","","","","",""
"2015109615","","1","0","0","0","0","0","0","0","0","4","0","","02","10","2015","7","40.45428","-79.906155","","11","0","0","0","0","0","1","0","0","","0","0","0","","","1","","1","","40 27:15.408","","0","79 54:22.157","4","0","0","0","2301","0","0","0","N","0","0","0","2","02301","1","","1.0","","1","N","N","","0","","0","0","1","","3","","","2","1","0","0","0","0","0","2","0","2","","","","N","","","","","","","","","",""
"2015109001","","0","0","0","0","0","0","0","0","0","0","0","","02","10","2015","3","40.438481","-79.982433","","11","0","0","0","0","0","1","0","0","","0","0","0","","","0","","0","","40 26:18.530","","0","79 58:56.760","0","0","0","0","2301","0","0","0","N","0","0","0","1","02301","0","","2.0","","1","N","N","","0","","0","0","1","","0","","","1","0","0","0","0","0","0","2","0","1","","","","N","","","","","","","","","",""
"2015109541","","1","0","0","0","0","0","0","0","0","4","0","","02","10","2015","6","40.510371","-80.096852","","11","0","0","0","0","0","0","0","0","","0","0","0","","","0","","0","","40 30:37.336","","0","80 05:48.666","0","0","0","0","2434","0","0","0","N","0","0","0","2","68B03","0","","1.0","","1","N","N","","0","","0","0","1","","0","","","2","0","0","0","0","0","0","2","0","2","","","","N","","","","","","","","","",""
"2015110353","","3","0","0","0","0","0","0","0","0","1","0","","02","10","2015","1","40.439006","-79.897333","","11","0","0","0","0","0","0","0","0","","0","0","0","","","0","","0","","40 26:20.420","","0","79 53:50.400","0","0","0","0","2301","0","0","0","N","0","0","0","5","02301","0","","1.0","","1","N","N","","0","","0","0","0","","2","","","3","0","0","0","0","0","0","2","0","3","","","","N","","","","","","","","","",""
"2015110492","","1","0","0","0","0","0","0","0","0","99","0","","02","10","2015","6","40.638958","-79.994406","","11","0","0","0","0","0","1","0","0","","0","0","0","","","0","","0","","40 38:20.248","","0","79 59:39.862","0","0","0","0","2216","0","0","0","N","0","0","0","1","68T02","0","","1.0","","1","N","N","","0","","0","0","0","","0","","","1","0","0","0","0","0","0","1","0","1","","","","N","","","","","","","","","",""
"2015111087","","2","0","0","0","0","0","0","0","0","5","0","","02","10","2015","4","40.480098","-79.978663","","11","0","0","0","0","0","0","0","0","1","0","0","0","","","1","","2","","40 28:48.352","2","0","79 58:43.186","4","0","0","0","2445","0","0","0","N","0","0","0","1","02445","1","","4.0","","1","N","N","","0","","0","0","0","","0","Y","","2","1","1","0","0","0","0","2","0","2","","","","N","","","","","","","","","",""
"2015109542","","0","0","0","0","0","0","0","0","0","1","0","","02","10","2015","5","40.42583","-79.912113","","11","0","0","0","0","0","1","0","0","","0","0","0","","","1","","0","","40 25:32.989","","0","79 54:43.605","8","0","0","0","2301","0","0","0","N","0","0","0","5","68B03","0","","1.0","","1","N","N","","1","","0","0","0","","0","","","2","1","0","0","0","1","0","2","1","2","","","","N","","","","","","","","","",""
"2015110493","","1","0","0","0","0","0","0","0","0","7","0","","02","10","2015","1","40.523832","-79.819279","","11","0","0","0","0","0","0","0","0","","0","0","0","","","1","","0","","40 31:25.796","","0","79 49:09.403","8","0","0","0","2466","0","0","0","N","0","0","0","1","68T02","0","","3.0","","9","N","N","","0","","0","0","0","","0","","","1","1","0","0","0","1","0","2","0","1","","","","N","","","","","","","","","",""
"2015108989","","0","0","0","0","0","0","0","0","0","7","0","","02","10","2015","7","40.332001","-80.128387","","11","0","0","0","0","0","0","0","0","","0","0","0","","","0","","2","","40 19:55.203","","0","80 07:42.192","0","0","0","0","2119","0","0","0","N","0","0","0","1","02119","0","","5.0","","1","N","N","","0","","0","0","1","","0","","","1","0","0","0","0","0","0","2","0","1","","","","N","","","","","","","","","",""
"2015109543","","0","0","0","0","0","0","0","0","0","7","0","","02","10","2015","5","40.528604","-80.129059","","11","0","0","0","0","0","0","0","0","","0","0","0","","","0","","0","","40 31:42.976","","0","80 07:44.613","0","0","0","0","2125","0","0","0","N","0","0","0","1","68B03","0","","4.0","","1","N","N","","0","","0","0","1","","0","","","1","0","0","0","0","0","0","2","0","1","","","","N","","","","","","","","","",""
"2015109618","","1","0","0","0","0","0","0","0","0","4","0","","02","10","2015","7","40.407556","-80.023539","","11","0","0","0","0","0","1","0","0","","0","0","0","","","0","","1","","40 24:27.200","","0","80 01:24.740","0","0","0","0","2301","0","0","0","N","0","0","0","2","02301","0","","1.0","","1","N","N","","0","","0","0","1","","3","","","2","0","0","0","0","0","0","2","0","2","","","","N","","","","","","","","","",""
"2015110968","","2","0","0","0","0","0","0","0","0","4","0","","02","10","2015","3","40.456468","-79.896668","","11","0","0","0","0","0","1","0","0","1","0","0","0","","","0","","1","","40 27:23.284","7","0","79 53:48.005","0","0","0","0","2301","0","0","0","N","0","0","0","2","02301","0","","1.0","","9","N","N","","0","","0","0","0","","2","N","","2","0","0","0","0","0","0","2","0","2","","","","N","","","","","","","","","",""
"2015108784","","2","0","0","0","0","0","0","0","0","4","0","","02","10","2015","4","40.442896","-79.998123","","11","0","0","0","0","0","1","0","0","1","0","0","0","","","0","","2","","40 26:34.425","3","0","79 59:53.242","0","0","0","0","2301","0","0","0","N","0","0","0","3","02301","0","","1.0","","1","N","N","","0","","0","0","0","","2","N","","2","0","0","0","0","0","0","2","0","2","","","","N","","","","","","","","","",""
"2015109544","","1","0","0","0","0","0","0","0","0","7","0","","02","10","2015","5","40.597936","-80.09377","","11","0","0","0","0","0","0","0","0","2","0","0","0","","","0","","0","","40 35:52.570","2","0","80 05:37.573","0","0","0","0","2481","0","0","0","Y","0","0","0","2","68B03","0","","4.0","","1","N","N","","0","","0","0","1","","0","N","","2","0","0","0","0","0","0","2","0","2","","","","N","","","","","","","","","",""
"2015108703","","3","0","0","0","0","0","0","0","0","1","0","35","02","10","2015","5","40.469408","-79.706248","","11","0","0","0","0","0","0","0","0","","0","0","0","","","2","","0","","40 28:09.867","","0","79 42:22.492","8","0","0","0","2446","0","0","0","N","0","0","0","3","02446","0","","1.0","","1","N","N","","0","","0","0","0","","0","","","3","2","0","0","0","2","0","2","0","3","","","Y","Y","4","1","","","N","","","Y","",""
"2015109620","","0","0","0","0","0","0","0","0","0","7","0","","02","10","2015","6","40.363337","-79.826085","","11","0","0","0","0","0","1","0","0","2","0","0","0","","","1","","0","","40 21:48.014","6","0","79 49:33.905","4","0","0","0","2111","0","0","0","N","0","0","0","1","02111","1","","5.0","","9","N","N","","0","","0","0","1","","0","N","","1","1","0","0","0","0","0","2","0","1","","","","N","","","","","","","","","",""
"2015110215","","1","0","0","0","0","0","0","0","0","7","0","45","02","10","2015","1","40.352758","-80.140519","","11","0","0","0","0","0","0","0","1","6","0","0","0","","","1","","2","","40 21:09.929","3","0","80 08:25.868","8","0","0","0","2119","0","0","0","Y","0","0","0","1","02119","0","","3.0","","1","","","","0","","0","0","0","","3","Y","","1","1","0","0","0","1","0","2","0","1","","","N","Y","3","1","","","N","Y","","","",""
"2015108721","","1","0","0","0","0","0","0","0","0","7","0","","02","10","2015","3","40.40884","-79.77433","","11","1","0","0","0","0","0","0","0","2","0","0","0","","","2","","2","","40 24:31.824","7","0","79 46:27.588","4","0","0","0","2453","0","0","0","N","0","0","0","3","02453","2","","5.0","","1","N","N","","0","","0","0","0","","0","Y","","1","2","0","0","0","0","0","2","0","1","","","","N","","","","","","","","","",""
"2015111092","","1","0","0","0","0","0","0","0","0","7","0","","02","10","2015","3","40.445919","-80.06625","","11","0","0","0","0","0","0","1","0","2","0","0","0","","","1","","0","","40 26:45.310","5","7","80 03:58.500","3","0","0","0","2439","0","0","0","N","0","0","0","1","02439","0","","5.0","","1","N","N","","0","","1","0","0","","0","Y","","1","1","0","0","0","0","0","2","0","1","","","","N","","","","","","","","","",""
"2015109689","","1","0","0","0","0","0","0","0","0","1","0","","02","10","2015","3","40.668886","-79.932957","","11","0","0","0","0","0","0","0","0","1","0","0","0","","","1","","0","","40 40:07.989","5","0","79 55:58.645","4","0","0","0","2217","0","0","0","N","0","0","0","2","02505","1","","1.0","","1","N","N","","0","","0","0","1","","0","N","","2","1","0","0","0","0","0","1","0","2","","","","N","","","","","","","","","",""
"2015109485","","2","0","0","0","0","0","0","0","0","4","0","","02","10","2015","6","40.45086","-80.251161","","11","0","0","1","0","0","0","0","0","","0","0","0","","","0","","1","","40 27:03.095","","0","80 15:04.180","0","0","0","0","2203","0","0","0","N","0","0","0","2","02203","0","","1.0","","1","N","N","","0","","0","0","0","","3","","","2","0","0","0","0","0","0","2","0","2","","","","N","","","","","","","","","",""
"2015108175","","6","0","0","0","0","0","0","0","0","7","0","","02","10","2015","3","40.440278","-79.991439","","11","0","0","0","0","0","3","0","0","4","0","0","0","","","1","","0","","40 26:25.000","5","0","79 59:29.180","3","0","0","0","2301","1","0","0","N","1","0","0","12","02301","0","","3.0","","1","N","N","","1","","1","0","0","","2","Y","","8","1","0","0","0","0","0","2","0","7","","","","N","","","","","","","","","",""
"2015110972","","1","0","0","0","0","0","0","0","0","4","0","","02","10","2015","3","40.441189","-80.03407","","11","0","0","0","0","0","0","0","0","","0","0","0","","","0","","1","","40 26:28.279","","0","80 02:02.651","0","0","0","0","2301","0","0","0","N","0","0","0","3","02301","0","","1.0","","9","N","N","","0","","0","0","1","","2","","","2","0","0","0","0","0","0","2","0","2","","","","N","","","","","","","","","",""
"2015110231","","2","0","0","0","0","0","0","0","0","4","0","","02","10","2015","2","40.426843","-79.937972","","11","0","0","0","0","0","0","1","0","1","0","0","0","","","0","","2","","40 25:36.634","3","0","79 56:16.699","0","0","0","0","2301","0","0","0","N","0","0","0","2","02301","0","","1.0","","1","N","N","","0","","0","0","0","","0","N","","2","0","0","0","0","0","0","2","0","2","","","","N","","","","","","","","","",""
"2015110986","","3","0","0","0","0","0","0","0","0","1","0","","02","10","2015","3","40.481452","-80.046052","","11","0","0","0","0","0","0","0","0","","0","0","0","","","1","","2","","40 28:53.226","","0","80 02:45.787","8","0","0","0","2301","0","0","0","N","0","0","0","3","02301","0","","1.0","","1","N","N","","0","","0","0","0","","0","","","3","1","0","0","0","1","0","2","0","3","","","","N","","","","","","","","","",""
"2015109486","","2","0","0","0","0","0","0","0","0","2","0","","02","10","2015","6","40.305411","-79.825665","","11","0","0","0","0","1","1","0","0","2","0","0","0","","","4","","0","","40 18:19.481","5","0","79 49:32.395","8","0","0","0","2105","0","0","0","N","0","0","0","4","02105","0","","1.0","","1","N","N","","0","","0","0","0","","0","Y","","2","4","0","0","0","4","0","1","0","2","","","","N","","","","","","","","","",""
"2015110360","","1","0","0","0","0","0","0","0","0","4","0","","02","10","2015","2","40.462475","-79.924362","","11","0","0","0","0","0","1","0","0","1","0","0","0","","","0","","1","","40 27:44.910","1","0","79 55:27.703","9","0","0","0","2301","0","0","0","N","0","0","0","5","02301","0","","1.0","","1","N","N","","0","","0","0","0","","3","N","","2","0","0","0","0","0","1","2","1","2","","","","N","","","","","","","","","",""
"2015108176","","2","0","0","0","0","0","0","0","0","1","0","","02","10","2015","1","40.390618","-79.869216","","11","0","0","0","0","0","1","0","0","1","0","0","0","","","0","","1","","40 23:26.225","5","0","79 52:09.176","0","0","0","0","2473","0","0","0","Y","0","0","0","3","02473","0","","1.0","","3","N","N","","0","","0","0","0","","2","N","","2","0","0","0","0","0","0","2","0","2","","","","N","","","","","","","","","",""
"2015110219","","1","0","0","0","0","0","0","0","0","1","0","","02","10","2015","5","40.433604","-80.19131","","11","0","0","0","0","0","0","0","0","1","0","0","0","","","2","","0","","40 26:00.973","1","0","80 11:28.717","4","0","0","0","2214","0","0","0","N","0","0","0","3","02214","2","","1.0","","1","N","N","","1","","0","0","1","","0","N","","3","2","0","0","0","0","0","2","0","3","","","","N","","","","","","","","","",""
"2015110233","","0","0","0","1","0","0","0","0","0","8","0","","02","10","2015","5","40.436084","-79.964511","","11","0","0","0","0","0","0","0","0","1","0","0","0","","","1","","0","","40 26:09.901","1","0","79 57:52.238","8","0","0","0","2301","1","0","0","N","0","0","0","6","02301","0","","1.0","","1","N","N","","0","","0","0","0","","0","N","","2","1","0","0","0","1","0","2","1","1","","","","N","","","","","","","","","",""
"2015110362","","1","0","0","0","0","0","0","0","0","1","0","","02","10","2015","5","40.367248","-80.049056","","11","0","0","0","0","0","0","0","0","2","0","0","0","","","1","","0","","40 22:02.092","1","0","80 02:56.600","8","0","0","0","2109","0","0","0","N","0","0","0","3","02109","0","","1.0","","1","N","N","","0","","0","0","1","","0","N","","2","1","0","0","0","1","0","2","0","2","","","","N","","","","","","","","","",""
"2015109489","","0","0","0","0","0","0","1","0","0","4","1","","02","10","2015","5","40.445414","-79.985004","","11","0","0","0","0","0","0","1","0","","0","0","0","","","0","","2","","40 26:43.490","","0","79 59:06.014","9","0","0","0","2301","0","0","0","N","0","0","0","2","02301","0","","1.0","","1","Y","N","","1","","0","0","0","","0","","","2","0","0","0","0","0","1","2","0","2","","","","N","","","","","","","","","",""
"2015110363","","2","0","0","0","0","0","0","0","0","1","0","","02","10","2015","5","40.362263","-80.046703","","11","0","1","0","0","0","2","0","0","1","0","0","0","","","2","","2","","40 21:44.146","2","0","80 02:48.129","4","0","0","0","2109","0","0","0","N","0","0","0","6","02109","2","","1.0","","9","N","N","","0","","0","0","1","","0","N","","3","2","0","0","0","0","0","2","0","3","","","","N","","","","","","","","","",""
"2015110991","","2","0","0","0","0","0","0","0","0","4","0","","02","10","2015","3","40.42867","-79.989821","","11","0","0","0","0","0","0","0","0","","0","0","0","","","1","","1","","40 25:43.212","","0","79 59:23.356","3","0","0","0","2301","0","0","0","N","0","0","0","2","02301","0","","1.0","","9","N","N","","0","","1","0","0","","3","","","2","1","0","0","0","0","0","2","0","2","","","","N","","","","","","","","","",""
"2015109490","","1","0","0","0","0","0","0","0","0","4","0","","02","10","2015","6","40.376846","-79.978085","","11","0","0","0","0","0","0","0","0","1","0","0","0","","","1","","1","","40 22:36.645","1","0","79 58:41.106","8","0","0","0","2413","0","0","0","N","0","0","0","2","02413","0","","1.0","","1","N","N","","0","","0","0","1","","0","N","","2","1","1","0","0","1","0","2","0","2","","","","N","","","","","","","","","",""
"2015110364","","1","0","0","0","0","0","0","0","0","4","1","","02","10","2015","5","40.449389","-80.107489","","11","0","0","0","0","0","2","0","0","","0","1","0","","","0","","1","","40 26:57.801","","0","80 06:26.960","0","0","0","0","2115","0","0","0","N","0","0","0","2","02115","0","","1.0","","1","N","N","","0","","0","0","0","","2","","","2","0","0","0","0","0","0","2","0","2","","","","N","","","","","","","","","",""
"2015110223","","0","0","0","0","0","0","0","0","0","4","0","","02","10","2015","2","40.451508","-80.018919","","11","0","0","0","0","0","1","0","0","","0","0","0","","","0","","1","","40 27:05.428","","0","80 01:08.107","0","0","0","0","2301","0","0","0","N","0","0","0","2","02301","0","","1.0","","1","N","N","","0","","0","0","2","","2","","","2","0","0","0","0","0","0","2","0","2","","","","N","","","","","","","","","",""
"2015109491","","2","0","0","0","0","0","0","0","0","4","0","","02","10","2015","6","40.469302","-79.912778","","11","0","0","0","0","0","0","0","0","2","0","0","0","","","0","","0","","40 28:09.487","2","0","79 54:46.000","0","0","0","0","2301","0","0","0","N","0","0","0","2","02301","0","","2.0","","1","N","N","","0","","0","0","0","","0","Y","","2","0","0","0","0","0","0","2","0","2","","","","N","","","","","","","","","",""
"2015110365","","1","0","0","0","0","0","0","0","0","4","0","","02","9","2015","6","40.516926","-80.221347","","11","0","0","0","0","0","0","0","0","1","0","0","0","","","0","","1","","40 31:00.932","1","0","80 13:16.848","0","0","0","0","2213","0","0","0","N","0","0","0","2","02213","0","","1.0","","1","N","N","","0","","0","0","1","","2","N","","2","0","0","0","0","0","0","2","0","2","","","","N","","","","","","","","","",""
"2015108589","","2","0","0","0","0","0","0","0","0","4","0","","02","10","2015","4","40.450672","-80.023482","","11","0","0","0","0","0","0","0","1","","0","0","0","","","0","","1","","40 27:02.419","","0","80 01:24.535","0","0","0","0","2301","0","0","0","N","0","0","0","2","02301","0","","1.0","","1","N","N","","0","","0","0","0","","2","","","2","0","0","0","0","0","0","2","0","2","","","","N","","","","","","","","","",""
"2015110366","","2","0","0","0","0","0","0","0","0","1","0","","02","10","2015","7","40.461142","-80.168645","","11","0","0","0","0","0","0","0","0","","0","0","0","","","2","","2","","40 27:40.111","","0","80 10:07.121","4","0","0","0","2213","0","0","0","N","0","0","0","4","02213","1","","1.0","","1","N","N","","0","","0","0","1","","0","","","3","2","0","0","0","1","0","2","0","3","","","","N","","","","","","","","","",""
"2015108808","","2","0","0","0","0","0","0","0","0","4","0","","02","10","2015","3","40.387589","-80.090909","","11","0","0","0","0","0","0","0","0","1","0","0","0","","","2","","1","","40 23:15.322","3","0","80 05:27.271","3","0","0","0","2437","0","0","0","N","0","0","0","3","02437","0","","1.0","","1","N","N","","0","","2","0","0","","2","N","","2","2","0","0","0","0","0","2","0","2","","","","N","","","","","","","","","",""
"2015110913","","1","0","0","0","0","0","0","0","0","4","0","","02","10","2015","5","40.520877","-79.810616","","11","0","0","0","0","0","2","0","0","","0","0","0","","","1","","0","","40 31:15.157","","0","79 48:38.217","8","0","0","0","2466","0","0","0","N","0","0","0","3","68T02","0","","1.0","","1","N","N","","1","","0","0","0","","0","","","2","1","0","0","0","1","0","2","0","2","","","","N","","","","","","","","","",""
"2015110914","","1","0","0","0","0","0","0","0","0","7","0","55","02","10","2015","1","40.565947","-79.854049","","11","0","0","0","0","0","0","0","0","2","0","0","0","","","0","","0","","40 33:57.410","3","0","79 51:14.578","0","0","0","0","2209","0","0","0","N","0","0","0","1","68T02","0","","2.0","","1","N","N","","0","","0","0","0","","0","N","","2","0","0","0","0","0","0","2","0","1","","","N","Y","4","1","N","N","N","N","N","Y","N",""
"2015110995","","1","0","0","0","0","0","0","0","0","7","0","","02","10","2015","3","40.48211","-80.113881","","11","0","0","0","0","0","0","0","0","2","0","0","0","","","1","","0","","40 28:55.597","4","0","80 06:49.972","4","0","0","0","2126","0","0","0","N","0","0","0","2","02126","1","","5.0","","1","N","N","","0","","0","0","0","","0","Y","","1","1","2","0","0","0","0","2","0","1","","","","N","","","","","","","","","",""
"2015108810","","1","0","0","0","0","0","0","0","0","1","0","","02","10","2015","5","40.478941","-79.732423","","11","0","0","0","1","0","0","0","0","","0","0","0","","","0","","0","","40 28:44.189","","0","79 43:56.721","0","0","0","0","2466","0","0","0","N","0","0","0","4","02466","0","","1.0","","9","N","N","","1","","0","0","0","","0","","","2","0","0","0","0","0","0","2","0","2","","","","N","","","","","","","","","",""
"2015110996","","1","0","0","0","0","0","0","0","0","7","0","","02","10","2015","4","40.351889","-79.862192","","11","0","0","0","0","0","0","0","0","","0","0","0","","","1","","1","","40 21:06.799","","0","79 51:43.890","4","0","0","0","2304","0","0","0","N","0","0","0","1","02304","1","","5.0","","9","N","N","","0","","0","0","0","","2","","","1","1","0","0","0","0","0","2","0","1","","","","N","","","","","","","","","",""
"2015108811","","2","0","0","0","0","0","0","0","0","1","0","","02","10","2015","5","40.398706","-79.885374","","11","0","1","0","0","0","0","0","0","","0","0","0","","","0","","1","","40 23:55.340","","0","79 53:07.347","0","0","0","0","2475","0","0","0","N","0","0","0","2","02475","0","","1.0","","1","N","N","","0","","0","0","0","","0","","","2","0","0","0","0","0","0","2","0","2","","","","N","","","","","","","","","",""
"2015108593","","1","0","0","0","0","0","0","0","0","7","0","","02","10","2015","5","40.452275","-79.996579","","11","0","0","0","0","0","0","0","0","1","0","0","0","","","0","","0","","40 27:08.191","2","2","79 59:47.685","0","0","0","0","2301","0","0","0","N","0","0","0","1","02301","0","","4.0","","1","N","N","","0","","0","0","0","","0","N","","1","0","0","0","0","0","0","2","0","1","","","","N","","","","","","","","","",""
"2015111119","","0","0","0","0","0","0","0","0","0","1","0","","02","10","2015","4","40.275106","-79.893796","","11","0","0","0","1","0","1","0","0","2","0","0","0","","","0","","6","","40 16:30.381","1","2","79 53:37.667","0","0","0","0","2440","0","0","0","N","0","0","0","4","02440","0","","1.0","","9","N","N","","0","","0","0","2","","3","Y","","3","0","0","0","0","0","0","2","1","3","","","","N","","","","","","","","","",""
"2015110243","","0","0","0","0","0","0","0","0","0","7","0","","02","10","2015","6","40.659102","-79.997448","","11","0","0","0","0","0","0","0","0","2","0","0","0","","","0","","0","","40 39:32.768","3","0","79 59:50.813","0","0","0","0","2216","0","0","0","N","0","0","0","1","02505","0","","4.0","","1","N","N","","1","","0","0","0","","0","N","","1","0","0","0","0","0","0","1","0","1","","","","N","","","","","","","","","",""
"2015110309","","1","0","0","0","0","0","0","0","0","7","0","","02","10","2015","2","40.425608","-79.926203","","11","0","0","0","0","0","0","1","0","1","0","0","0","","","0","","0","","40 25:32.190","4","0","79 55:34.330","0","0","0","0","2301","0","0","0","N","0","0","0","2","02301","0","","3.0","","1","N","N","","0","","0","0","0","","0","N","","1","0","0","0","0","0","0","2","0","1","","","","N","","","","","","","","","",""
"2015109635","","2","0","0","0","0","0","0","0","0","4","0","","02","10","2015","6","40.345134","-80.027362","","11","0","0","0","1","0","0","0","0","","0","0","0","","","0","","1","","40 20:42.483","","0","80 01:38.503","0","0","0","0","2407","0","0","0","N","0","0","0","2","02407","0","","1.0","","1","N","N","","0","","0","0","0","","2","","","2","0","0","0","0","0","0","2","0","2","","","","N","","","","","","","","","",""
"2015108935","","1","0","0","0","0","0","0","0","0","4","0","","02","10","2015","5","40.416826","-80.029827","","11","0","0","0","0","0","1","0","0","1","0","0","0","","","1","","1","","40 25:00.574","1","0","80 01:47.376","4","0","0","0","2301","0","0","0","N","0","0","0","3","02301","1","","1.0","","9","N","N","","1","","0","0","0","","2","N","","2","1","1","0","0","0","0","2","0","2","","","","N","","","","","","","","","",""