"CRN","ARRIVAL_TM","AUTOMOBILE_COUNT","BELTED_DEATH_COUNT","BELTED_SUSP_SERIOUS_INJ_COUNT","BICYCLE_COUNT","BICYCLE_DEATH_COUNT","BICYCLE_SUSP_SERIOUS_INJ_COUNT","BUS_COUNT","CHLDPAS_DEATH_COUNT","CHLDPAS_SUSP_SERIOUS_INJ_COUNT","COLLISION_TYPE","COMM_VEH_COUNT","CONS_ZONE_SPD_LIM","COUNTY","CRASH_MONTH","CRASH_YEAR","DAY_OF_WEEK","DEC_LATITUDE","DEC_LONGITUDE","DISPATCH_TM","DISTRICT","DRIVER_COUNT_16YR","DRIVER_COUNT_17YR","DRIVER_COUNT_18YR","DRIVER_COUNT_19YR","DRIVER_COUNT_20YR","DRIVER_COUNT_50_64YR","DRIVER_COUNT_65_74YR","DRIVER_COUNT_75PLUS","EST_HRS_CLOSED","FATAL_COUNT","HEAVY_TRUCK_COUNT","HORSE_BUGGY_COUNT","HOUR_OF_DAY","ILLUMINATION","INJURY_COUNT","INTERSECTION_RELATED","INTERSECT_TYPE","LANE_CLOSED","LATITUDE","LN_CLOSE_DIR","LOCATION_TYPE","LONGITUDE","MAX_SEVERITY_LEVEL","MCYCLE_DEATH_COUNT","MCYCLE_SUSP_SERIOUS_INJ_COUNT","MOTORCYCLE_COUNT","MUNICIPALITY","NONMOTR_COUNT","NONMOTR_DEATH_COUNT","NONMOTR_SUSP_SERIOUS_INJ_COUNT","NTFY_HIWY_MAINT","PED_COUNT","PED_DEATH_COUNT","PED_SUSP_SERIOUS_INJ_COUNT","PERSON_COUNT","POLICE_AGCY","POSSIBLE_INJ_COUNT","RDWY_SURF_TYPE_CD","RELATION_TO_ROAD","ROADWAY_CLEARED","ROAD_CONDITION","SCH_BUS_IND","SCH_ZONE_IND","SECONDARY_CRASH","SMALL_TRUCK_COUNT","SPEC_JURIS_CD","SUSP_MINOR_INJ_COUNT","SUSP_SERIOUS_INJ_COUNT","SUV_COUNT","TCD_FUNC_CD","TCD_TYPE","TFC_DETOUR_IND","TIME_OF_DAY","TOTAL_UNITS","TOT_INJ_COUNT","UNBELTED_OCC_COUNT","UNB_DEATH_COUNT","UNB_SUSP_SERIOUS_INJ_COUNT","UNK_INJ_DEG_COUNT","UNK_INJ_PER_COUNT","URBAN_RURAL","VAN_COUNT","VEHICLE_COUNT","WEATHER1","WEATHER2","WORKERS_PRES","WORK_ZONE_IND","WORK_ZONE_LOC","WORK_ZONE_TYPE","WZ_CLOSE_DETOUR","WZ_FLAGGER","WZ_LAW_OFFCR_IND","WZ_LN_CLOSURE","WZ_MOVING","WZ_OTHER","WZ_SHLDER_MDN","WZ_WORKERS_INJ_KILLED"
"2015106258","","1","0","0","0","0","0","0","0","0","1","0","","02","10","2015","5","40.3872","-80.054788","","11","0","1","0","0","0","0","0","0","1","0","0","0","","","0","","2","","40 23:13.921","1","0","80 03:17.237","0","0","0","0","2109","0","0","0","N","0","0","0","3","02109","0","","1.0","","1","N","Y","","0","","0","0","1","","2","N","","2","0","0","0","0","0","0","2","0","2","","","","N","","","","","","","","","",""
"2015105575","","1","0","0","0","0","0","0","0","0","1","0","","02","10","2015","4","40.408365","-80.004636","","11","0","0","0","0","1","0","0","0","1","0","0","0","","","1","","0","","40 24:30.115","1","0","80 00:16.691","3","0","0","0","2301","0","0","0","N","0","0","0","2","02301","0","","1.0","","1","N","N","","0","","1","0","1","","0","N","","2","1","1","0","0","0","0","2","0","2","","","","N","","","","","","","","","",""
"2015109130","","0","0","0","0","0","0","0","0","0","4","0","","02","10","2015","5","40.65038","-80.078957","","11","0","0","0","0","0","0","1","0","","0","0","0","","","0","","1","","40 39:01.368","","0","80 04:44.244","0","0","0","0","2212","0","0","0","N","0","0","0","2","02505","0","","1.0","","1","N","N","","0","","0","0","1","","2","","","2","0","0","0","0","0","0","2","1","2","","","","N","","","","","","","","","",""
"2015110777","","0","0","0","0","0","0","1","0","0","8","1","","02","10","2015","2","40.448414","-79.958635","","11","0","0","0","0","0","0","1","0","4","2","0","0","","","0","","5","","40 26:54.290","7","0","79 57:31.086","1","0","0","0","2301","2","2","0","N","2","2","0","18","02301","0","2","1.0","","1","N","N","","0","0","0","0","1","","2","N","","4","0","0","0","0","0","0","2","0","2","","","","N","","","","","","","","","",""
"2015109131","","1","0","0","0","0","0","0","0","0","7","0","","02","10","2015","5","40.564769","-80.018077","","11","0","0","0","0","0","0","0","1","1","0","0","0","","","0","","0","","40 33:53.169","2","0","80 01:05.076","0","0","0","0","2108","0","0","0","N","0","0","0","2","02108","0","","2.0","","9","N","N","","0","","0","0","0","","0","N","","1","0","0","0","0","0","0","2","0","1","","","","N","","","","","","","","","",""
"2015110701","","1","0","0","0","0","0","0","0","0","4","0","","02","10","2015","3","40.603276","-79.757344","","11","0","0","0","0","0","0","0","0","","0","0","0","","","0","","1","","40 36:11.794","","0","79 45:26.437","0","0","0","0","2464","0","0","0","N","0","0","0","2","02464","0","","1.0","","1","N","N","","0","","0","0","1","","3","","","2","0","0","0","0","0","0","2","0","2","","","","N","","","","","","","","","",""
"2015106392","","0","0","0","0","0","0","0","0","0","1","0","","02","10","2015","6","40.434006","-79.989614","","11","0","0","0","0","1","0","0","1","1","0","0","0","","","0","","0","","40 26:02.420","1","3","79 59:22.610","0","0","0","0","2301","0","0","0","N","0","0","0","4","02301","0","","1.0","","1","N","N","","0","","0","0","3","","0","N","","3","0","0","0","0","0","0","2","0","3","","","","N","","","","","","","","","",""
"2015109895","","1","0","0","0","0","0","0","0","0","4","0","","02","10","2015","5","40.371838","-79.843671","","11","0","0","0","0","0","1","0","1","","0","0","0","","","0","","2","","40 22:18.618","","0","79 50:37.217","0","0","0","0","2303","0","0","0","N","0","0","0","3","02303","0","","1.0","","1","N","N","","0","","0","0","1","","2","","","2","0","0","0","0","0","0","2","0","2","","","","N","","","","","","","","","",""
"2015108390","","1","0","0","0","0","0","0","0","0","7","0","","02","10","2015","2","40.433486","-79.937156","","11","0","0","0","0","0","0","0","0","3","0","0","0","","","0","","0","","40 26:00.550","1","0","79 56:13.760","0","0","0","0","2301","0","0","0","N","0","0","0","1","02301","0","","5.0","","1","N","N","","0","","0","0","0","","0","N","","1","0","0","0","0","0","0","2","0","1","","","","N","","","","","","","","","",""
"2015109767","","2","0","0","0","0","0","0","0","0","4","0","","02","10","2015","7","40.340138","-79.967344","","11","0","0","0","0","0","1","0","0","","0","0","0","","","2","","2","","40 20:24.495","","0","79 58:02.439","4","0","0","0","2454","0","0","0","N","0","0","0","5","02454","2","","1.0","","9","N","N","","0","","0","0","0","","2","","","2","2","0","0","0","0","0","2","0","2","","","","N","","","","","","","","","",""
"2015108392","","1","0","0","0","0","0","0","0","0","7","0","","02","10","2015","4","40.458428","-79.845821","","11","0","0","0","0","0","0","0","0","2","0","0","0","","","0","","0","","40 27:30.340","6","0","79 50:44.955","0","0","0","0","2113","0","0","0","N","0","0","0","0","02113","0","","5.0","","1","N","N","","0","","0","0","0","","0","Y","","1","0","0","0","0","0","0","2","0","1","","","","N","","","","","","","","","",""
"2015110780","","1","0","0","0","0","0","0","0","0","1","0","","02","9","2015","4","40.540399","-80.012266","","11","0","0","0","0","0","0","0","0","","0","0","0","","","1","","0","","40 32:25.438","","0","80 00:44.158","3","0","0","0","2116","0","0","0","N","0","0","0","3","02116","0","","1.0","","1","N","N","","0","","1","0","0","","0","","","2","1","1","0","0","0","0","2","1","2","","","","N","","","","","","","","","",""
"2015109768","","0","0","0","0","0","0","0","0","0","4","0","","02","10","2015","2","40.368341","-80.084136","","11","0","0","1","0","0","0","0","0","2","0","0","0","","","1","","1","","40 22:06.027","3","0","80 05:02.889","8","0","0","0","2117","0","0","0","N","0","0","0","2","02117","0","","1.0","","1","N","N","","0","","0","0","2","","2","Y","","2","1","0","0","0","1","0","2","0","2","","","","N","","","","","","","","","",""
"2015109976","","0","0","0","0","0","0","0","0","0","5","0","","02","10","2015","6","40.430057","-79.957338","","11","0","0","0","0","0","0","0","0","1","0","0","0","","","0","","0","","40 25:48.204","3","0","79 57:26.417","0","0","0","0","2301","0","0","0","","0","0","0","2","68B03","0","","1.0","","9","N","N","","0","","0","0","1","","0","N","","2","0","0","0","0","0","0","2","1","2","","","","N","","","","","","","","","",""
"2015107836","","1","0","0","0","0","0","0","0","0","1","0","","02","10","2015","2","40.427379","-79.721706","","11","0","0","0","0","1","0","0","0","1","0","0","0","","","0","","0","","40 25:38.566","4","0","79 43:18.141","0","0","0","0","2446","0","0","0","N","0","0","0","3","02446","0","","1.0","","1","N","N","","0","","0","0","1","","0","N","","2","0","0","0","0","0","0","2","0","2","","","","N","","","","","","","","","",""
"2015108317","","0","0","0","0","0","0","0","0","0","1","0","","02","10","2015","4","40.366837","-79.909859","","11","0","0","0","0","0","0","0","0","","0","0","0","","","0","","1","","40 22:00.612","","0","79 54:35.493","9","0","0","0","2301","0","0","0","N","0","0","0","2","02301","0","","1.0","","1","N","N","","0","","0","0","2","","3","","","2","0","0","0","0","0","1","2","0","2","","","","N","","","","","","","","","",""
"2015109831","","0","0","0","0","0","0","0","0","0","7","0","","02","10","2015","1","40.480317","-79.822532","","11","0","0","0","0","0","0","0","0","","0","0","0","","","0","","0","","40 28:49.142","","0","79 49:21.115","0","0","0","0","2113","0","0","0","N","0","0","0","1","02113","0","","4.0","","1","N","N","","0","","0","0","0","","0","","","1","0","1","0","0","0","0","2","1","1","","","","N","","","","","","","","","",""
"2015110508","","3","0","0","0","0","0","0","0","0","1","0","","02","10","2015","3","40.4467","-79.999833","","11","0","0","0","0","0","0","0","0","","0","0","0","","","0","","0","","40 26:48.120","","3","79 59:59.400","0","0","0","0","2301","0","0","0","N","0","0","0","4","02301","0","","1.0","","1","N","N","","0","","0","0","0","","0","","","3","0","0","0","0","0","0","2","0","3","","","","N","","","","","","","","","",""
"2015109770","","2","0","2","0","0","0","0","0","0","2","0","","02","10","2015","6","40.598472","-80.077544","","11","0","1","0","0","0","0","0","0","3","0","0","0","","","5","","0","","40 35:54.499","5","0","80 04:39.158","2","0","0","0","2481","0","0","0","N","0","0","0","5","02481","1","","1.0","","1","N","N","","0","","0","4","0","","0","Y","","2","5","2","0","2","0","0","2","0","2","","","","N","","","","","","","","","",""
"2015110574","","0","0","0","0","0","0","0","0","0","4","0","","02","10","2015","6","40.506135","-80.208313","","11","0","0","0","0","0","0","2","0","1","0","0","0","","","0","","0","","40 30:22.087","4","0","80 12:29.926","0","0","0","0","2213","0","0","0","N","0","0","0","2","02213","0","","1.0","","1","N","N","","0","","0","0","2","","0","N","","2","0","0","0","0","0","0","2","0","2","","","","N","","","","","","","","","",""
"2015109007","","1","0","0","0","0","0","0","0","0","7","0","","02","10","2015","5","40.452951","-80.00336","","11","0","0","0","0","0","0","0","0","","0","0","0","","","0","","0","","40 27:10.625","","0","80 00:12.096","0","0","0","0","2301","0","0","0","N","0","0","0","4","02301","0","","3.0","","1","N","N","","0","","0","0","0","","0","","","1","0","0","0","0","0","0","2","0","1","","","","N","","","","","","","","","",""
"2015110575","","1","0","0","0","0","0","0","0","0","4","0","","02","10","2015","6","40.52657","-80.22952","","11","0","0","0","0","0","1","0","0","2","0","0","0","","","0","","0","","40 31:35.651","6","0","80 13:46.271","0","0","0","0","2213","0","0","0","N","0","0","0","2","02213","0","","1.0","","1","N","N","","1","","0","0","0","","0","Y","","2","0","0","0","0","0","0","2","0","2","","","","N","","","","","","","","","",""
"2015109833","","2","0","0","0","0","0","0","0","0","1","0","","02","10","2015","1","40.450223","-80.026467","","11","0","0","0","0","0","0","0","0","2","0","0","0","","","0","","0","","40 27:00.803","4","2","80 01:35.281","0","0","0","0","2301","0","0","0","N","0","0","0","2","02301","0","","1.0","","1","N","N","","0","","0","0","0","","0","N","","2","0","0","0","0","0","0","2","0","2","","","","N","","","","","","","","","",""
"2015110576","","1","0","0","0","0","0","0","0","0","1","0","","02","10","2015","7","40.519771","-80.217904","","11","0","0","0","0","0","0","0","1","1","0","0","0","","","0","","2","","40 31:11.175","2","0","80 13:04.453","0","0","0","0","2213","0","0","0","N","0","0","0","3","02213","0","","1.0","","9","N","N","","0","","0","0","1","","2","N","","2","0","0","0","0","0","0","2","0","2","","","","N","","","","","","","","","",""
"2015108384","","2","0","0","0","0","0","0","0","0","4","0","","02","10","2015","4","40.459644","-79.925822","","11","0","0","0","0","0","1","0","0","","0","0","0","","","0","","0","","40 27:34.720","","0","79 55:32.960","0","0","0","0","2301","0","0","0","N","0","0","0","2","02301","0","","1.0","","1","N","N","","0","","0","0","0","","0","","","2","0","0","0","0","0","0","2","0","2","","","","N","","","","","","","","","",""
"2015106269","","1","0","0","0","0","0","0","0","0","5","0","","02","10","2015","2","40.42176","-79.853402","","11","0","0","0","0","0","0","1","0","2","0","0","0","","","0","","0","","40 25:18.336","4","0","79 51:12.248","0","0","0","0","2431","0","0","0","N","0","0","0","6","02431","0","","1.0","","1","N","N","","0","","0","0","1","","0","N","","2","0","0","0","0","0","0","2","0","2","","","","N","","","","","","","","","",""
"2015109691","","2","0","0","0","0","0","0","0","0","4","0","","02","10","2015","7","40.462309","-79.943557","","11","0","0","0","0","0","1","0","0","1","0","0","0","","","0","","0","","40 27:44.312","4","0","79 56:36.805","0","0","0","0","2301","0","0","0","N","0","0","0","2","02301","0","","1.0","","9","N","N","","0","","0","0","0","","0","Y","","2","0","0","0","0","0","0","2","0","2","","","","N","","","","","","","","","",""
"2015108995","","0","0","0","0","0","0","0","0","0","7","0","","02","10","2015","5","40.509663","-79.955994","","11","0","0","0","0","0","1","0","0","2","0","0","0","","","1","","0","","40 30:34.788","2","0","79 57:21.580","8","0","0","0","2118","0","0","0","N","0","0","0","1","02118","0","","5.0","","9","N","N","","1","","0","0","0","","0","N","","1","1","0","0","0","1","0","2","0","1","","","","N","","","","","","","","","",""
"2015110577","","2","0","0","0","0","0","0","0","0","4","0","","02","10","2015","7","40.524136","-80.188322","","11","0","0","0","0","0","1","0","0","1","0","0","0","","","1","","0","","40 31:26.890","1","0","80 11:17.960","4","0","0","0","2213","0","0","0","N","0","0","0","3","02213","1","","1.0","","9","N","N","","0","","0","0","0","","0","N","","2","1","0","0","0","0","0","2","0","2","","","","N","","","","","","","","","",""
"2015108321","","2","0","0","0","0","0","0","0","0","1","0","","02","10","2015","4","40.447893","-79.910749","","11","0","0","0","0","0","2","0","0","","0","0","0","","","1","","2","","40 26:52.413","","0","79 54:38.696","4","0","0","0","2301","0","0","0","N","0","0","0","4","02301","1","","1.0","","1","N","Y","","0","","0","0","0","","0","","","2","1","0","0","0","0","0","2","0","2","","","","N","","","","","","","","","",""
"2015109835","","1","0","0","0","0","0","0","0","0","7","0","","02","10","2015","7","40.416244","-80.00923","","11","0","0","0","0","0","0","0","0","3","0","0","0","","","0","","2","","40 24:58.478","2","0","80 00:33.228","9","0","0","0","2301","0","0","0","N","0","0","0","2","02301","0","","4.0","","1","N","N","","0","","0","0","1","","0","Y","","3","0","0","0","0","0","2","2","1","3","","","","N","","","","","","","","","",""
"2015109692","","0","0","0","0","0","0","0","0","0","1","0","","02","10","2015","7","40.419069","-80.049428","","11","0","0","0","0","0","1","0","0","","0","0","0","","","0","","0","","40 25:08.647","","0","80 02:57.942","0","0","0","0","2435","0","0","0","N","0","0","0","2","02435","0","","1.0","","9","N","N","","1","","0","0","1","","0","","","2","0","1","0","0","0","0","2","0","2","","","","N","","","","","","","","","",""
"2015109155","","2","0","0","0","0","0","0","0","0","1","0","","02","10","2015","6","40.500954","-80.011854","","11","0","0","0","0","0","1","0","1","1","0","0","0","","","1","","0","","40 30:03.434","2","0","80 00:42.674","8","0","0","0","2116","0","0","0","N","0","0","0","5","02116","0","","1.0","","1","N","N","","0","","0","0","1","","0","N","","3","1","0","0","0","1","0","2","0","3","","","","N","","","","","","","","","",""
"2015109708","","1","0","0","0","0","0","0","0","0","1","0","","02","10","2015","6","40.590326","-79.774394","","11","0","0","0","0","0","1","0","0","","0","0","0","","","0","","0","","40 35:25.173","","0","79 46:27.819","0","0","0","0","2104","0","0","0","N","0","0","0","3","68D02","0","","1.0","","1","N","N","","0","","0","0","1","","0","","","2","0","0","0","0","0","0","1","0","2","","","","N","","","","","","","","","",""
"2015110513","","2","0","0","0","0","0","0","0","0","6","0","","02","9","2015","4","40.399719","-79.921159","","11","0","0","0","0","0","1","0","0","2","0","0","0","","","2","","0","","40 23:58.988","6","0","79 55:16.172","3","0","0","0","2472","0","0","0","N","0","0","0","2","02472","1","","1.0","","1","N","N","","0","","1","0","0","","0","Y","","2","2","0","0","0","0","0","2","0","2","","","","N","","","","","","","","","",""
"2015109775","","1","0","0","0","0","0","0","0","0","7","0","","02","10","2015","7","40.450672","-80.023482","","11","0","0","0","0","0","0","0","0","2","0","0","0","","","0","","2","","40 27:02.419","1","0","80 01:24.535","0","0","0","0","2301","0","0","0","N","0","0","0","1","02301","0","","5.0","","9","N","N","","0","","0","0","0","","0","N","","1","0","0","0","0","0","0","2","0","1","","","","N","","","","","","","","","",""
"2015108323","","1","0","0","0","0","0","0","0","0","1","0","","02","10","2015","4","40.435616","-79.994182","","11","0","0","0","0","0","1","0","0","","0","0","0","","","0","","7","","40 26:08.219","","8","79 59:39.055","0","0","0","0","2301","0","0","0","N","0","0","0","2","02301","0","","1.0","","1","N","N","","1","","0","0","0","","0","","","2","0","0","0","0","0","0","2","0","2","","","","N","","","","","","","","","",""
"2015109838","","2","0","0","0","0","0","0","0","0","2","0","","02","10","2015","7","40.544931","-79.972355","","11","1","0","0","0","0","0","0","0","2","0","0","0","","","1","","0","","40 32:41.751","2","0","79 58:20.477","8","0","0","0","2118","0","0","0","N","0","0","0","3","02118","0","","1.0","","9","N","N","","0","","0","0","0","","0","N","","2","1","0","0","0","1","0","2","0","2","","","","N","","","","","","","","","",""
"2015110514","","2","0","0","0","0","0","0","0","0","1","0","","02","10","2015","2","40.618713","-79.907759","","11","0","1","0","0","0","0","1","0","1","0","0","0","","","0","","0","","40 37:07.368","6","0","79 54:27.933","0","0","0","0","2220","0","0","0","N","0","0","0","2","02220","0","","1.0","","1","N","N","","0","","0","0","0","","0","N","","2","0","0","0","0","0","0","2","0","2","","","","N","","","","","","","","","",""
"2015109921","","0","0","1","0","0","0","0","0","0","4","0","","02","10","2015","6","40.37429","-80.00594","","11","0","0","0","0","0","0","0","0","","0","0","0","","","1","","0","","40 22:27.443","","7","80 00:21.385","2","0","0","0","2416","0","0","0","N","0","0","0","5","02416","0","","1.0","","1","N","N","","0","","0","1","2","","0","","","2","1","0","0","0","0","0","2","0","2","","","","N","","","","","","","","","",""
"2015107024","","1","0","0","0","0","0","0","0","0","1","0","","02","10","2015","3","40.41391","-80.081842","","11","0","0","0","0","0","0","0","1","","0","0","0","","","0","","0","","40 24:50.077","","0","80 04:54.631","0","0","0","0","2415","0","0","0","N","0","0","0","2","68B03","0","","1.0","","1","N","N","","1","","0","0","0","","0","","","2","0","0","0","0","0","0","2","0","2","","","","N","","","","","","","","","",""
"2015109013","","0","0","0","0","0","0","0","0","0","7","0","","02","10","2015","7","40.519105","-79.842969","","11","0","0","0","0","0","0","0","0","2","0","0","0","","","1","","0","","40 31:08.778","5","0","79 50:34.690","8","0","0","0","2451","0","0","0","N","0","0","0","1","02451","0","","5.0","","1","N","N","","0","","0","0","1","","0","Y","","1","1","1","0","0","1","0","2","0","1","","","","N","","","","","","","","","",""
"2015109074","","1","0","0","0","0","0","0","0","0","2","0","","02","10","2015","4","40.382483","-79.811256","","11","0","0","0","0","0","1","0","0","","0","0","0","","","0","","0","","40 22:56.940","","0","79 48:40.520","0","0","0","0","2424","0","0","0","N","0","0","0","1","02424","0","","1.0","","1","N","N","","0","","0","0","2","","0","","","3","0","0","0","0","0","0","2","0","3","","","","N","","","","","","","","","",""
"2015107025","","2","0","0","0","0","0","0","0","0","1","0","","02","10","2015","5","40.465167","-79.999709","","11","0","1","0","0","0","0","0","0","2","0","0","0","","","0","","0","","40 27:54.601","1","0","79 59:58.951","0","0","0","0","2301","0","0","0","N","0","0","0","5","68B03","0","","1.0","","1","N","N","","0","","0","0","1","","0","N","","3","0","0","0","0","0","0","2","0","3","","","","N","","","","","","","","","",""
"2015109697","","2","0","0","0","0","0","0","0","0","1","0","","02","10","2015","5","40.304924","-80.030928","","11","0","0","0","0","0","0","0","0","1","0","0","0","","","0","","0","","40 18:17.725","2","0","80 01:51.340","0","0","0","0","2407","0","0","0","N","0","0","0","2","02407","0","","1.0","","9","N","N","","0","","0","0","0","","0","N","","2","0","0","0","0","0","0","2","0","2","","","","N","","","","","","","","","",""
"2015108944","","0","0","0","0","0","0","0","0","0","7","0","","02","10","2015","1","40.399012","-80.082596","","11","0","0","0","0","0","0","0","0","1","0","0","0","","","0","","0","","40 23:56.444","4","0","80 04:57.344","0","0","0","0","2117","0","0","0","N","0","0","0","1","02117","0","","2.0","","1","N","N","","0","","0","0","1","","0","N","","1","0","0","0","0","0","0","2","0","1","","","","N","","","","","","","","","",""
"2015109856","","3","0","0","0","0","0","0","0","0","1","0","","02","10","2015","7","40.354202","-79.824438","","11","0","0","0","0","0","1","1","0","","0","0","0","","","1","","2","","40 21:15.127","","0","79 49:27.976","8","0","0","0","2304","0","0","0","N","0","0","0","5","02477","0","","1.0","","1","N","N","","0","","0","0","0","","0","","","3","1","0","0","0","1","0","2","0","3","","","","N","","","","","","","","","",""
"2015107026","","0","0","0","0","0","0","0","0","0","1","0","","02","10","2015","6","40.41444","-80.104469","","11","0","0","0","0","0","0","0","0","","0","0","0","","","0","","0","","40 24:51.984","","0","80 06:16.087","0","0","0","0","2115","0","0","0","N","0","0","0","6","68B03","0","","1.0","","1","N","N","","2","","0","0","1","","0","","","3","0","0","0","0","0","0","2","0","3","","","","N","","","","","","","","","",""
"2015109698","","1","0","0","0","0","0","0","0","0","4","0","","02","10","2015","7","40.345134","-80.027362","","11","0","0","0","0","0","1","0","0","3","0","0","0","","","0","","1","","40 20:42.483","3","0","80 01:38.503","0","0","0","0","2407","0","0","0","N","0","0","0","2","02407","0","","1.0","","1","N","N","","1","","0","0","0","","2","Y","","2","0","0","0","0","0","0","2","0","2","","","","N","","","","","","","","","",""
"2015108945","","1","0","0","0","0","0","0","0","0","4","0","","02","10","2015","5","40.544176","-79.788719","","11","0","0","0","0","0","0","1","0","1","0","0","0","","","0","","1","","40 32:39.033","4","0","79 47:19.388","0","0","0","0","2462","0","0","0","N","0","0","0","2","02462","0","","1.0","","1","N","N","","0","","0","0","1","","3","N","","2","0","0","0","0","0","0","2","0","2","","","","N","","","","","","","","","",""
"2015109162","","1","0","0","0","0","0","0","0","0","1","0","","02","10","2015","6","40.403866","-80.001424","","11","0","0","0","0","0","0","0","0","","0","0","0","","","0","","0","","40 24:13.916","","0","80 00:05.128","0","0","0","0","2301","0","0","0","N","0","0","0","4","02301","0","","1.0","","1","N","N","","0","","0","0","0","","0","","","2","0","0","0","0","0","0","2","1","2","","","","N","","","","","","","","","",""
"2015107027","","1","0","0","0","0","0","0","0","0","1","0","","02","10","2015","6","40.429812","-80.027925","","11","0","0","0","0","0","0","0","0","1","0","0","0","","","1","","0","","40 25:47.322","3","0","80 01:40.529","8","0","0","0","2301","0","0","0","N","0","0","0","2","68B03","0","","1.0","","1","N","N","","0","","0","0","1","","0","N","","2","1","0","0","0","1","0","2","0","2","","","","N","","","","","","","","","",""
"2015110518","","0","0","0","0","0","0","0","0","0","4","0","","02","10","2015","2","40.440088","-80.227345","","11","0","0","0","0","0","0","0","0","","0","0","0","","","1","","2","","40 26:24.315","","0","80 13:38.441","4","0","0","0","2214","0","0","0","N","0","0","0","5","02214","1","","1.0","","1","N","N","","1","","0","0","0","","3","","","2","1","0","0","0","0","0","2","1","2","","","","N","","","","","","","","","",""
"2015108328","","0","0","0","0","0","0","0","0","0","8","0","","02","10","2015","4","40.403269","-79.868599","","11","0","0","0","0","0","0","0","0","","0","0","0","","","1","","1","","40 24:11.768","","0","79 52:06.956","4","0","0","0","2410","1","0","0","N","1","0","0","2","02410","1","","1.0","","1","N","N","","0","","0","0","0","","2","","","2","1","0","0","0","0","0","2","1","1","","","","N","","","","","","","","","",""
"2015109844","","1","0","0","0","0","0","0","0","0","2","0","","02","10","2015","7","40.440397","-79.857161","","11","0","0","0","0","0","0","0","0","","0","0","0","","","1","","2","","40 26:25.430","","0","79 51:25.780","4","0","0","0","2419","0","0","0","N","0","0","0","2","02419","1","","1.0","","1","N","N","","0","","0","0","1","","4","","","2","1","0","0","0","0","0","2","0","2","","","","N","","","","","","","","","",""
"2015108405","","1","0","0","0","0","0","0","0","0","1","0","","02","10","2015","4","40.653778","-80.094333","","11","0","0","0","0","0","1","1","0","","0","0","0","","","2","","0","","40 39:13.600","","0","80 05:39.600","4","0","0","0","2212","0","0","0","N","0","0","0","4","02505","2","","1.0","","1","N","N","","0","","0","0","1","","0","","","2","2","0","0","0","0","0","2","0","2","","","","N","","","","","","","","","",""
"2015107028","","1","0","0","0","0","0","0","0","0","1","0","","02","10","2015","6","40.42846","-79.889469","","11","0","0","0","0","0","1","0","0","2","0","0","0","","","0","","0","","40 25:42.457","4","0","79 53:22.087","0","0","0","0","2426","0","0","0","N","0","0","0","2","68B03","0","","1.0","","1","N","N","","0","","0","0","1","","0","N","","2","0","0","0","0","0","0","2","0","2","","","","N","","","","","","","","","",""
"2015108329","","2","0","0","0","0","0","0","0","0","4","0","","02","10","2015","5","40.322808","-80.061086","","11","0","0","0","0","0","1","0","0","","0","0","0","","","0","","0","","40 19:22.110","","0","80 03:39.910","0","0","0","0","2407","0","0","0","N","0","0","0","2","02407","0","","1.0","","1","N","N","","0","","0","0","0","","0","","","2","0","0","0","0","0","0","2","0","2","","","","N","","","","","","","","","",""
"2015109080","","1","0","0","0","0","0","0","0","0","8","0","","02","10","2015","5","40.382478","-79.867956","","11","0","0","0","0","0","0","0","0","","0","0","0","","","1","","0","","40 22:56.920","","0","79 52:04.640","8","0","0","0","2473","1","0","0","N","1","0","0","2","02473","0","","4.0","","1","N","N","","0","","0","0","0","","0","","","2","1","0","0","0","1","1","2","0","1","","","","N","","","","","","","","","",""
"2015110649","","0","0","0","0","0","0","0","0","0","8","0","","02","10","2015","2","40.391032","-80.039373","","11","0","0","0","0","0","0","0","0","","0","0","0","","","2","","2","","40 23:27.716","","0","80 02:21.744","3","0","0","0","2422","2","0","0","N","2","0","0","3","02422","1","","1.0","","1","N","N","","1","","1","0","0","","0","","","3","2","0","0","0","0","0","2","0","1","","","","N","","","","","","","","","",""
"2015107029","","0","0","0","0","0","0","0","0","0","0","0","","02","10","2015","6","40.635759","-80.097801","","11","0","0","0","1","0","0","0","0","","0","0","0","","","0","","0","","40 38:08.734","","0","80 05:52.082","0","0","0","0","2212","0","0","0","N","0","0","0","1","68B03","0","","4.0","","1","N","N","","0","","0","0","1","","0","","","1","0","0","0","0","0","0","2","0","1","","","","N","","","","","","","","","",""
"2015109094","","1","0","0","0","0","0","0","0","0","1","0","","02","10","2015","6","40.378582","-79.804926","","11","0","0","0","0","0","0","0","0","2","0","0","0","","","1","","0","","40 22:42.894","3","0","79 48:17.735","8","0","0","0","2111","0","0","0","N","0","0","0","2","02111","0","","1.0","","1","N","N","","0","","0","0","0","","0","Y","","2","1","0","0","0","1","0","2","1","2","","","","N","","","","","","","","","",""
"2015110732","","1","0","0","0","0","0","0","0","0","1","0","","02","10","2015","3","40.462772","-79.946834","","11","0","0","0","0","0","1","0","0","1","0","0","0","","","2","","2","","40 27:45.979","1","0","79 56:48.603","4","0","0","0","2301","0","0","0","N","0","0","0","2","02301","2","","1.0","","1","N","N","","0","","0","0","1","","0","Y","","2","2","0","0","0","0","0","2","0","2","","","","N","","","","","","","","","",""