"CRN","ARRIVAL_TM","AUTOMOBILE_COUNT","BELTED_DEATH_COUNT","BELTED_SUSP_SERIOUS_INJ_COUNT","BICYCLE_COUNT","BICYCLE_DEATH_COUNT","BICYCLE_SUSP_SERIOUS_INJ_COUNT","BUS_COUNT","CHLDPAS_DEATH_COUNT","CHLDPAS_SUSP_SERIOUS_INJ_COUNT","COLLISION_TYPE","COMM_VEH_COUNT","CONS_ZONE_SPD_LIM","COUNTY","CRASH_MONTH","CRASH_YEAR","DAY_OF_WEEK","DEC_LATITUDE","DEC_LONGITUDE","DISPATCH_TM","DISTRICT","DRIVER_COUNT_16YR","DRIVER_COUNT_17YR","DRIVER_COUNT_18YR","DRIVER_COUNT_19YR","DRIVER_COUNT_20YR","DRIVER_COUNT_50_64YR","DRIVER_COUNT_65_74YR","DRIVER_COUNT_75PLUS","EST_HRS_CLOSED","FATAL_COUNT","HEAVY_TRUCK_COUNT","HORSE_BUGGY_COUNT","HOUR_OF_DAY","ILLUMINATION","INJURY_COUNT","INTERSECTION_RELATED","INTERSECT_TYPE","LANE_CLOSED","LATITUDE","LN_CLOSE_DIR","LOCATION_TYPE","LONGITUDE","MAX_SEVERITY_LEVEL","MCYCLE_DEATH_COUNT","MCYCLE_SUSP_SERIOUS_INJ_COUNT","MOTORCYCLE_COUNT","MUNICIPALITY","NONMOTR_COUNT","NONMOTR_DEATH_COUNT","NONMOTR_SUSP_SERIOUS_INJ_COUNT","NTFY_HIWY_MAINT","PED_COUNT","PED_DEATH_COUNT","PED_SUSP_SERIOUS_INJ_COUNT","PERSON_COUNT","POLICE_AGCY","POSSIBLE_INJ_COUNT","RDWY_SURF_TYPE_CD","RELATION_TO_ROAD","ROADWAY_CLEARED","ROAD_CONDITION","SCH_BUS_IND","SCH_ZONE_IND","SECONDARY_CRASH","SMALL_TRUCK_COUNT","SPEC_JURIS_CD","SUSP_MINOR_INJ_COUNT","SUSP_SERIOUS_INJ_COUNT","SUV_COUNT","TCD_FUNC_CD","TCD_TYPE","TFC_DETOUR_IND","TIME_OF_DAY","TOTAL_UNITS","TOT_INJ_COUNT","UNBELTED_OCC_COUNT","UNB_DEATH_COUNT","UNB_SUSP_SERIOUS_INJ_COUNT","UNK_INJ_DEG_COUNT","UNK_INJ_PER_COUNT","URBAN_RURAL","VAN_COUNT","VEHICLE_COUNT","WEATHER1","WEATHER2","WORKERS_PRES","WORK_ZONE_IND","WORK_ZONE_LOC","WORK_ZONE_TYPE","WZ_CLOSE_DETOUR","WZ_FLAGGER","WZ_LAW_OFFCR_IND","WZ_LN_CLOSURE","WZ_MOVING","WZ_OTHER","WZ_SHLDER_MDN","WZ_WORKERS_INJ_KILLED"
"2015107499","","0","0","0","0","0","0","0","0","0","1","0","","02","10","2015","6","40.499963","-80.221535","","11","0","0","0","0","0","0","0","0","","0","0","0","","","1","","0","","40 29:59.867","","0","80 13:17.525","8","0","0","0","2213","0","0","0","N","0","0","0","3","02213","0","","1.0","","9","N","N","","0","","0","0","1","","0","","","2","1","0","0","0","1","0","2","1","2","","","","N","","","","","","","","","",""
"2015107500","","2","0","0","0","0","0","0","0","0","1","0","","02","10","2015","3","40.327809","-80.040813","","11","0","0","0","0","0","0","1","0","","0","0","0","","","2","","0","","40 19:40.113","","0","80 02:26.926","8","0","0","0","2407","0","0","0","N","0","0","0","3","02407","0","","1.0","","1","N","N","","0","","0","0","1","","0","","","3","2","0","0","0","2","0","2","0","3","","","","N","","","","","","","","","",""
"2015105367","","1","0","0","0","0","0","0","0","0","1","0","","02","10","2015","1","40.440546","-79.831948","","11","0","0","0","0","0","0","0","0","2","0","0","0","","","2","","6","","40 26:25.967","4","2","79 49:55.012","4","0","0","0","2419","0","0","0","N","0","0","0","2","68B03","2","","1.0","","1","N","N","","0","","0","0","0","","0","N","","2","2","0","0","0","0","0","2","1","2","","","","N","","","","","","","","","",""
"2015106117","","0","0","0","0","0","0","0","0","0","4","0","","02","10","2015","5","40.50658","-79.842875","","11","0","0","0","0","0","0","0","0","2","0","0","0","","","2","","1","","40 30:23.687","1","0","79 50:34.351","4","0","0","0","2468","0","0","0","N","0","0","0","3","02468","2","","1.0","","1","N","N","","0","","0","0","2","","2","Y","","2","2","0","0","0","0","0","2","0","2","","","","N","","","","","","","","","",""
"2015106130","","1","0","0","0","0","0","0","0","0","1","0","","02","10","2015","5","40.479558","-79.966149","","11","0","0","0","1","0","1","0","0","1","0","0","0","","","0","","0","","40 28:46.407","2","0","79 57:58.138","0","0","0","0","2118","0","0","0","N","0","0","0","3","02118","0","","1.0","","1","N","N","","2","","0","0","0","","0","N","","3","0","0","0","0","0","0","2","0","3","","","","N","","","","","","","","","",""
"2015106949","","1","0","0","0","0","0","0","0","0","7","0","","02","10","2015","1","40.458621","-79.998477","","11","0","0","0","0","0","0","0","0","2","0","0","0","","","2","","0","","40 27:31.035","1","0","79 59:54.518","3","0","0","0","2301","0","0","0","N","0","0","0","3","02301","0","","1.0","","1","N","N","","0","","1","0","0","","0","Y","","1","2","1","0","0","1","0","2","0","1","","","","N","","","","","","","","","",""
"2015106734","","1","0","0","0","0","0","0","0","0","4","0","","02","10","2015","2","40.438478","-79.770968","","11","0","0","0","0","0","0","0","0","2","0","0","0","","","0","","0","","40 26:18.520","3","0","79 46:15.486","0","0","0","0","2446","0","0","0","N","0","0","0","2","02446","0","","1.0","","1","N","N","","0","","0","0","1","","0","Y","","2","0","0","0","0","0","0","2","0","2","","","","N","","","","","","","","","",""
"2015105368","","1","0","0","0","0","0","0","0","0","99","0","","02","10","2015","2","40.561029","-80.085508","","11","0","0","0","0","0","0","0","0","","0","0","0","","","0","","0","","40 33:39.704","","0","80 05:07.829","0","0","0","0","2481","0","0","0","N","0","0","0","1","68B03","0","","1.0","","1","N","N","","0","","0","0","0","","0","","","1","0","0","0","0","0","0","2","0","1","","","","N","","","","","","","","","",""
"2015106818","","4","0","0","0","0","0","0","0","0","5","0","","02","10","2015","6","40.470433","-79.962596","","11","0","0","0","0","0","0","0","0","1","0","0","0","","","1","","0","","40 28:13.558","5","0","79 57:45.346","3","0","0","0","2301","0","0","0","N","0","0","0","2","02301","0","","1.0","","1","N","N","","0","","1","0","0","","0","N","","4","1","0","0","0","0","0","2","0","4","","","","N","","","","","","","","","",""
"2015107704","","1","0","0","0","0","0","0","0","0","1","0","","02","10","2015","2","40.457823","-79.974123","","11","0","0","0","0","0","0","0","0","","0","0","0","","","0","","0","","40 27:28.162","","0","79 58:26.842","0","0","0","0","2301","0","0","0","N","0","0","0","0","02301","0","","1.0","","1","N","N","","0","","0","0","0","","0","","","2","0","0","0","0","0","0","2","0","2","","","","N","","","","","","","","","",""
"2015105163","","0","0","0","0","0","0","0","0","0","1","0","","02","10","2015","2","40.487244","-79.940449","","11","0","0","0","0","0","1","1","0","","0","0","0","","","1","","0","","40 29:14.078","","0","79 56:25.616","4","0","0","0","2301","0","0","0","N","0","0","0","3","02301","1","","1.0","","1","N","N","","0","","0","0","2","","0","","","2","1","0","0","0","0","0","2","0","2","","","","N","","","","","","","","","",""
"2015105915","","1","0","0","0","0","0","0","0","0","1","0","","02","10","2015","4","40.494561","-79.932597","","11","0","0","0","0","0","0","0","1","","0","0","0","","","0","","1","","40 29:40.419","","0","79 55:57.349","0","0","0","0","2461","0","0","0","N","0","0","0","3","02461","0","","1.0","","1","N","N","","0","","0","0","1","","0","","","2","0","0","0","0","0","0","2","0","2","","","","N","","","","","","","","","",""
"2015105303","","0","0","0","0","0","0","0","0","0","5","0","","02","10","2015","3","40.448667","-79.8855","","11","0","0","0","0","0","0","0","0","","0","0","0","","","0","","0","","40 26:55.200","","0","79 53:07.800","9","0","0","0","2301","0","0","0","N","0","0","0","1","02301","0","","1.0","","1","N","N","","0","","0","0","1","","0","","","3","0","0","0","0","0","1","2","2","3","","","","N","","","","","","","","","",""
"2015105165","","1","0","0","0","0","0","0","0","0","5","0","","02","10","2015","3","40.466344","-79.928177","","11","0","0","0","0","0","1","0","0","","0","0","0","","","0","","0","","40 27:58.838","","0","79 55:41.437","0","0","0","0","2301","0","0","0","N","0","0","0","1","02301","0","","2.0","","9","N","N","","0","","0","0","0","","0","","","2","0","0","0","0","0","0","2","1","2","","","","N","","","","","","","","","",""
"2015106661","","3","0","0","0","0","0","0","0","0","1","0","","02","10","2015","4","40.456047","-79.991701","","11","0","0","0","0","0","1","0","0","","0","0","0","","","1","","7","","40 27:21.770","","2","79 59:30.122","4","0","0","0","2301","0","0","0","N","0","0","0","5","02301","1","","1.0","","1","N","N","","0","","0","0","0","","0","","","3","1","1","0","0","0","0","2","0","3","","","","N","","","","","","","","","",""
"2015106953","","2","0","0","0","0","0","0","0","0","1","0","","02","10","2015","7","40.412108","-80.045979","","11","0","0","0","0","0","1","0","0","","0","0","0","","","0","","0","","40 24:43.587","","0","80 02:45.526","0","0","0","0","2435","0","0","0","N","0","0","0","5","02435","0","","1.0","","1","N","N","","0","","0","0","0","","0","","","2","0","0","0","0","0","0","2","0","2","","","","N","","","","","","","","","",""
"2015105167","","1","0","0","0","0","0","0","0","0","1","0","","02","10","2015","3","40.463668","-79.705456","","11","0","0","0","0","0","0","0","0","","0","0","0","","","1","","1","","40 27:49.204","","0","79 42:19.641","8","0","0","0","2466","0","0","0","N","0","0","0","3","02466","0","","1.0","","1","N","N","","0","","0","0","1","","2","","","2","1","0","0","0","1","0","2","0","2","","","","N","","","","","","","","","",""
"2015105931","","2","0","0","0","0","0","0","0","0","6","0","","02","10","2015","4","40.423807","-79.890981","","11","0","0","0","0","0","0","0","0","","0","0","0","","","1","","2","","40 25:25.705","","0","79 53:27.531","4","0","0","0","2463","0","0","0","N","0","0","0","2","02463","1","","1.0","","1","N","N","","0","","0","0","0","","2","","","2","1","0","0","0","0","1","2","0","2","","","","N","","","","","","","","","",""
"2015106675","","1","0","0","0","0","0","0","0","0","7","0","","02","10","2015","4","40.672326","-80.113146","","11","0","0","0","0","0","0","0","0","1","0","0","0","","","0","","0","","40 40:20.372","6","0","80 06:47.327","0","0","0","0","2212","0","0","0","N","0","0","0","1","02505","0","","4.0","","9","N","N","","0","","0","0","0","","0","N","","1","0","0","0","0","0","0","2","0","1","","","","N","","","","","","","","","",""
"2015105306","","2","0","0","0","0","0","0","0","0","1","0","","02","10","2015","3","40.380778","-79.811009","","11","0","0","0","0","0","1","0","0","2","0","0","0","","","0","","0","","40 22:50.801","3","0","79 48:39.631","0","0","0","0","2424","0","0","0","N","0","0","0","6","02424","0","","1.0","","1","N","N","","0","","0","0","0","","0","Y","","3","0","0","0","0","0","0","2","1","3","","","","N","","","","","","","","","",""
"2015106135","","2","0","0","0","0","0","0","0","0","4","0","","02","10","2015","6","40.444202","-80.028173","","11","0","0","0","0","0","0","0","0","1","0","0","0","","","0","","1","","40 26:39.126","4","3","80 01:41.424","0","0","0","0","2301","0","0","0","N","0","0","0","2","02301","0","","1.0","","9","N","N","","0","","0","0","0","","2","Y","","2","0","0","0","0","0","0","2","0","2","","","","N","","","","","","","","","",""
"2015105446","","3","0","0","0","0","0","0","0","0","1","0","","02","10","2015","4","40.496353","-80.01241","","11","0","0","0","0","0","0","0","0","","0","0","0","","","1","","7","","40 29:46.872","","2","80 00:44.677","4","0","0","0","2301","0","0","0","N","0","0","0","3","02301","1","","1.0","","1","N","N","","0","","0","0","0","","0","","","3","1","0","0","0","0","0","2","0","3","","","","N","","","","","","","","","",""
"2015106955","","1","0","0","0","0","0","0","0","0","7","0","","02","10","2015","1","40.459905","-79.907156","","11","0","0","0","0","0","0","0","0","","0","0","0","","","0","","2","","40 27:35.657","","0","79 54:25.763","0","0","0","0","2301","0","0","0","N","0","0","0","1","02301","0","","2.0","","1","N","N","","0","","0","0","0","","0","","","1","0","0","0","0","0","0","2","0","1","","","","N","","","","","","","","","",""
"2015113834","","1","0","0","0","0","0","0","0","0","4","0","","02","11","2015","3","40.322199","-79.925998","","11","0","1","0","0","0","0","0","0","2","0","0","0","","","0","","2","","40 19:19.915","2","0","79 55:33.594","0","0","0","0","2440","0","0","0","N","0","0","0","4","02440","0","","1.0","","1","N","N","","1","","0","0","0","","3","N","","2","0","0","0","0","0","0","2","0","2","","","","N","","","","","","","","","",""
"2015114046","","1","0","0","0","0","0","0","0","0","4","0","","02","11","2015","4","40.460121","-79.842916","","11","0","0","0","0","0","0","0","0","","0","0","0","","","1","","0","","40 27:36.435","","0","79 50:34.499","4","0","0","1","2113","0","0","0","N","0","0","0","2","02113","1","","2.0","","1","N","N","","0","","0","0","0","","0","","","2","1","0","0","0","0","0","2","0","2","","","","N","","","","","","","","","",""
"2015106075","","1","0","0","0","0","0","0","0","0","2","0","","02","10","2015","6","40.347627","-79.83256","","11","0","0","0","1","0","0","0","0","1","0","0","0","","","1","","1","","40 20:51.457","7","0","79 49:57.216","8","0","0","0","2304","0","0","0","N","0","0","0","3","02304","0","","1.0","","1","N","N","","0","","0","0","1","","2","Y","","2","1","1","0","0","1","0","2","0","2","","","","N","","","","","","","","","",""
"2015106137","","0","0","0","0","0","0","0","0","0","7","0","","02","10","2015","5","40.43307","-79.884751","","11","0","0","0","0","0","0","0","0","","0","0","0","","","0","","2","","40 25:59.052","","0","79 53:05.103","0","0","0","0","2426","0","0","0","N","0","0","0","1","02426","0","","5.0","","1","N","N","","0","","0","0","1","","2","","","1","0","0","0","0","0","0","2","0","1","","","","N","","","","","","","","","",""
"2015113835","","2","0","0","0","0","0","0","0","0","6","0","","02","11","2015","3","40.546472","-80.218932","","11","0","0","0","0","0","0","0","0","3","0","0","0","","","2","","2","","40 32:47.300","2","0","80 13:08.155","4","0","0","0","2103","0","0","0","","0","0","0","3","02103","1","","1.0","","1","","","","0","","0","0","0","","0","Y","","2","2","0","0","0","1","0","2","0","2","","","","N","","","","","","","","","",""
"2015106076","","2","0","0","0","0","0","0","0","0","4","0","","02","10","2015","5","40.448774","-79.958007","","11","0","0","0","0","0","0","0","0","3","0","0","0","","","0","","0","","40 26:55.587","3","0","79 57:28.824","0","0","0","0","2301","0","0","0","N","0","0","0","1","02301","0","","1.0","","1","N","N","","0","","0","0","0","","0","Y","","2","0","0","0","0","0","0","2","0","2","","","","N","","","","","","","","","",""
"2015112323","","0","0","0","0","0","0","0","0","0","7","0","","02","10","2015","5","40.443142","-80.067867","","11","0","0","0","0","0","0","0","0","","0","0","0","","","0","","0","","40 26:35.310","","0","80 04:04.320","0","0","0","0","2439","0","0","0","N","0","0","0","1","02439","0","","2.0","","1","N","N","","0","","0","0","1","","0","","","1","0","0","0","0","0","0","2","0","1","","","","N","","","","","","","","","",""
"2015106828","","0","0","0","0","0","0","0","0","0","7","0","","02","10","2015","7","40.550056","-80.0857","","11","0","0","0","0","0","0","0","0","","0","0","0","","","0","","2","","40 33:00.203","","0","80 05:08.520","0","0","0","1","2215","0","0","0","N","0","0","0","1","02215","0","","2.0","","1","N","N","","0","","0","0","0","","2","","","1","0","0","0","0","0","0","2","0","1","","","","N","","","","","","","","","",""
"2015106139","","2","0","0","0","0","0","0","0","0","6","0","","02","10","2015","6","40.440715","-80.06117","","11","0","0","0","0","1","0","0","0","","0","0","0","","","1","","0","","40 26:26.574","","0","80 03:40.212","4","0","0","0","2301","0","0","0","N","0","0","0","5","02301","1","","1.0","","9","N","N","","0","","0","0","0","","0","","","2","1","0","0","0","0","0","2","0","2","","","","N","","","","","","","","","",""
"2015106745","","1","0","0","0","0","0","0","0","0","7","0","","02","10","2015","6","40.521765","-80.046647","","11","0","0","0","1","0","0","0","0","2","0","0","0","","","0","","0","","40 31:18.355","4","0","80 02:47.928","0","0","0","0","2474","0","0","0","N","0","0","0","1","02474","0","","5.0","","9","N","N","","0","","0","0","0","","0","N","","1","0","0","0","0","0","0","2","0","1","","","","N","","","","","","","","","",""
"2015106893","","1","0","0","0","0","0","0","0","0","7","0","","02","10","2015","7","40.601609","-80.129415","","11","0","0","1","0","0","0","0","0","","0","0","0","","","1","","0","","40 36:05.794","","3","80 07:45.894","4","0","0","0","2481","0","0","0","N","0","0","0","2","02481","1","","2.0","","9","N","N","","0","","0","0","0","","0","","","1","1","0","0","0","0","0","1","0","1","","","","N","","","","","","","","","",""
"2015106896","","1","0","0","0","0","0","0","0","0","7","0","","02","10","2015","1","40.481472","-79.884807","","11","0","0","0","0","0","0","0","0","3","0","0","0","","","1","","0","","40 28:53.298","6","0","79 53:05.306","4","0","0","0","2301","0","0","0","N","0","0","0","1","02301","1","","5.0","","1","N","N","","0","","0","0","0","","0","Y","","1","1","0","0","0","0","0","2","0","1","","","","N","","","","","","","","","",""
"2015106747","","2","0","0","0","0","0","0","0","0","1","0","","02","10","2015","5","40.391316","-79.986641","","11","0","0","0","0","0","1","0","0","","0","0","0","","","1","","2","","40 23:28.737","","0","79 59:11.907","4","0","0","0","2301","0","0","0","N","0","0","0","2","02301","1","","1.0","","1","N","N","","0","","0","0","0","","2","","","2","1","0","0","0","0","0","2","0","2","","","","N","","","","","","","","","",""
"2015105327","","0","0","0","0","0","0","0","0","0","1","0","","02","10","2015","3","40.552848","-80.115683","","11","0","1","0","0","0","0","0","0","","0","0","0","","","1","","2","","40 33:10.254","","0","80 06:56.459","8","0","0","0","2215","0","0","0","N","0","0","0","2","02215","0","","1.0","","9","N","N","","0","","0","0","2","","2","","","2","1","0","0","0","1","0","2","0","2","","","","N","","","","","","","","","",""
"2015106964","","2","0","0","0","0","0","0","0","0","1","0","","02","10","2015","2","40.648509","-79.937221","","11","0","0","0","0","0","2","0","0","1","0","0","0","","","2","","1","","40 38:54.634","1","0","79 56:13.997","4","0","0","0","2217","0","0","0","N","0","0","0","3","02505","1","","1.0","","1","N","N","","0","","0","0","1","","0","N","","3","2","0","0","0","1","0","2","0","3","","","","N","","","","","","","","","",""
"2015105941","","0","0","0","0","0","0","0","0","0","7","0","","02","10","2015","4","40.458662","-79.998496","","11","0","0","0","0","0","0","0","0","1","0","0","0","","","1","","2","","40 27:31.184","2","2","79 59:54.587","8","0","0","0","2301","0","0","0","N","0","0","0","1","02301","0","","4.0","","1","N","N","","0","","0","0","1","","0","N","","1","1","0","0","0","1","0","2","0","1","","","","N","","","","","","","","","",""
"2015106749","","2","0","0","0","0","0","0","0","0","1","0","","02","10","2015","6","40.418212","-79.840295","","11","0","0","0","0","0","0","0","1","2","0","0","0","","","1","","0","","40 25:05.564","3","0","79 50:25.061","8","0","0","0","2431","0","0","0","N","0","0","0","1","02431","0","","1.0","","1","N","N","","0","","0","0","0","","0","N","","2","1","0","0","0","1","0","2","0","2","","","","N","","","","","","","","","",""
"2015106833","","1","0","0","0","0","0","0","0","0","2","0","","02","10","2015","7","40.524676","-79.980444","","11","0","1","0","0","0","0","0","0","2","0","0","0","","","2","","3","","40 31:28.833","1","0","79 58:49.598","8","0","0","0","2118","0","0","0","N","0","0","0","2","02118","0","","1.0","","1","N","N","","0","","0","0","1","","0","N","","2","2","0","0","0","2","0","2","0","2","","","","N","","","","","","","","","",""
"2015105469","","1","0","0","0","0","0","0","0","0","7","0","","02","10","2015","3","40.532386","-79.958182","","11","0","0","0","0","0","0","0","0","5","0","0","0","","","1","","0","","40 31:56.589","5","0","79 57:29.454","4","0","0","0","2118","0","0","0","N","0","0","0","1","02118","1","","5.0","","1","N","N","","0","","0","0","0","","0","Y","","1","1","0","0","0","0","0","2","0","1","","","","N","","","","","","","","","",""
"2015113841","","0","0","0","0","0","0","0","0","0","8","0","","02","11","2015","3","40.454872","-79.945692","","11","0","0","0","0","0","0","0","0","","0","0","0","","","1","","0","","40 27:17.540","","0","79 56:44.491","4","0","0","0","2301","1","0","0","N","1","0","0","2","02301","1","","2.0","","1","N","N","","0","","0","0","1","","0","","","2","1","0","0","0","0","0","2","0","1","","","","N","","","","","","","","","",""
"2015106900","","0","0","0","0","0","0","0","0","0","7","0","","02","10","2015","6","40.488648","-79.954451","","11","0","0","0","0","0","0","0","0","2","0","0","0","","","1","","0","","40 29:19.133","1","0","79 57:16.022","3","0","0","0","2118","0","0","0","Y","0","0","0","1","02118","0","","2.0","","1","N","N","","0","","1","0","1","","0","N","","1","1","0","0","0","0","0","2","0","1","","","","N","","","","","","","","","",""
"2015113842","","2","0","0","0","0","0","0","0","0","1","0","","02","11","2015","3","40.421024","-80.053177","","11","0","0","0","0","0","0","0","0","1","0","0","0","","","0","","0","","40 25:15.685","4","7","80 03:11.438","0","0","0","0","2435","0","0","0","N","0","0","0","2","02435","0","","1.0","","1","N","N","","0","","0","0","0","","2","N","","2","0","0","0","0","0","0","2","0","2","","","","N","","","","","","","","","",""
"2015107718","","1","0","0","0","0","0","0","0","0","7","0","","02","10","2015","3","40.453711","-79.885619","","11","0","0","0","0","0","1","0","0","1","0","0","0","","","0","","0","","40 27:13.360","3","0","79 53:08.230","0","0","0","0","2301","0","0","0","N","0","0","0","1","02301","0","","2.0","","1","N","N","","0","","0","0","0","","0","N","","1","0","0","0","0","0","0","2","0","1","","","","N","","","","","","","","","",""
"2015113843","","1","0","0","0","0","0","0","0","0","7","0","","02","11","2015","3","40.458662","-79.998496","","11","0","0","0","0","0","0","0","0","","0","0","0","","","0","","2","","40 27:31.184","","0","79 59:54.587","0","0","0","0","2301","0","0","0","","0","0","0","1","02301","0","","1.0","","1","","","","0","","0","0","0","","0","","","1","0","0","0","0","0","0","2","0","1","","","","N","","","","","","","","","",""
"2015106752","","2","0","0","0","0","0","0","0","0","1","0","","02","10","2015","4","40.430873","-79.729251","","11","0","0","0","0","0","0","0","0","2","0","0","0","","","5","","0","","40 25:51.142","4","0","79 43:45.303","8","0","0","0","2446","0","0","0","N","0","0","0","7","02446","0","","1.0","","1","N","N","","0","","0","0","1","","0","N","","3","5","0","0","0","5","0","2","0","3","","","","N","","","","","","","","","",""
"2015106071","","2","0","0","0","0","0","0","0","0","2","0","","02","10","2015","5","40.457354","-79.997395","","11","0","0","0","0","0","1","0","0","","0","0","0","","","0","","1","","40 27:26.474","","0","79 59:50.622","0","0","0","0","2301","0","0","0","N","0","0","0","2","02301","0","","1.0","","1","N","N","","0","","0","0","0","","3","","","2","0","0","0","0","0","0","2","0","2","","","","N","","","","","","","","","",""
"2015105320","","0","0","0","0","0","0","0","0","0","7","1","","02","10","2015","7","40.659395","-80.048141","","11","0","0","0","0","0","0","0","0","3","0","1","0","","","1","","3","","40 39:33.821","6","0","80 02:53.308","8","0","0","0","2216","0","0","0","N","0","0","0","1","02505","0","","2.0","","1","N","N","","0","","0","0","0","","0","Y","","1","1","0","0","0","1","0","2","0","1","","","","N","","","","","","","","","",""
"2015106766","","0","0","0","0","0","0","0","0","0","5","0","","02","10","2015","6","40.388396","-79.765514","","11","0","0","0","0","0","0","1","0","1","0","0","0","","","0","","0","","40 23:18.226","4","0","79 45:55.851","0","0","0","0","2446","0","0","0","N","0","0","0","5","02446","0","","1.0","","1","N","N","","0","","0","0","1","","2","N","","2","0","3","0","0","0","0","2","1","2","","","","N","","","","","","","","","",""
"2015106917","","1","0","0","0","0","0","0","0","0","1","0","","02","10","2015","7","40.456212","-80.005974","","11","0","0","0","0","0","0","0","0","4","0","0","0","","","0","","0","","40 27:22.363","2","0","80 00:21.506","9","0","0","0","2301","0","0","0","N","0","0","0","1","02301","0","","1.0","","1","N","N","","0","","0","0","1","","0","Y","","2","0","0","0","0","0","1","2","0","2","","","","N","","","","","","","","","",""
"2015106984","","2","0","0","0","0","0","0","0","0","4","0","","02","10","2015","1","40.476494","-80.031014","","11","0","0","0","0","0","0","0","0","","0","0","0","","","1","","0","","40 28:35.380","","0","80 01:51.650","4","0","0","0","2301","0","0","0","N","0","0","0","1","02301","1","","1.0","","1","N","N","","0","","0","0","0","","0","","","2","1","0","0","0","0","0","2","0","2","","","","N","","","","","","","","","",""
"2015106623","","1","0","0","0","0","0","0","0","0","4","0","","02","10","2015","6","40.552415","-79.934734","","11","0","0","0","0","0","0","0","0","","0","0","0","","","0","","1","","40 33:08.693","","0","79 56:05.044","0","0","0","0","2209","0","0","0","N","0","0","0","2","02209","0","","1.0","","1","N","N","","0","","0","0","1","","0","","","2","0","0","0","0","0","0","2","0","2","","","","N","","","","","","","","","",""
"2015107656","","0","0","0","0","0","0","0","0","0","99","0","","02","10","2015","7","40.6401","-80.008012","","11","0","0","0","0","0","1","0","0","","0","0","0","","","1","","0","","40 38:24.359","","0","80 00:28.842","4","0","0","0","2216","0","0","0","N","0","0","0","2","68T02","1","","1.0","","1","N","N","","0","","0","0","0","","0","","","1","1","0","0","0","0","0","1","1","1","","","","N","","","","","","","","","",""
"2015107723","","0","0","0","0","0","0","0","0","0","7","0","","02","10","2015","7","40.390603","-80.049694","","11","0","0","0","0","0","0","0","0","2","0","0","0","","","0","","0","","40 23:26.170","6","0","80 02:58.900","0","0","0","0","2109","0","0","0","N","0","0","0","1","02109","0","","5.0","","1","N","N","","0","","0","0","0","","0","Y","","1","0","0","0","0","0","0","2","1","1","","","","N","","","","","","","","","",""
"2015106908","","3","0","0","0","0","0","0","0","0","1","0","","02","10","2015","7","40.383012","-79.87452","","11","0","0","0","0","0","1","1","0","","0","0","0","","","0","","2","","40 22:58.843","","0","79 52:28.271","0","0","0","0","2473","0","0","0","N","0","0","0","6","02473","0","","1.0","","1","N","N","","0","","0","0","0","","0","","","3","0","0","0","0","0","0","2","0","3","","","","N","","","","","","","","","",""
"2015107724","","1","0","0","0","0","0","0","0","0","1","0","","02","10","2015","7","40.353035","-80.050231","","11","0","0","0","0","0","0","2","0","","0","0","0","","","0","","0","","40 21:10.925","","0","80 03:00.832","0","0","0","0","2109","0","0","0","N","0","0","0","2","02109","0","","1.0","","1","N","N","","0","","0","0","1","","0","","","2","0","0","0","0","0","0","2","0","2","","","","N","","","","","","","","","",""
"2015105477","","1","0","0","0","0","0","0","0","0","1","0","","02","10","2015","2","40.545532","-80.064204","","11","0","0","0","0","0","1","0","0","1","0","0","0","","","0","","2","","40 32:43.914","4","0","80 03:51.133","0","0","0","0","2116","0","0","0","N","0","0","0","2","02116","0","","1.0","","1","N","N","","0","","0","0","0","","0","N","","2","0","0","0","0","0","0","2","1","2","","","","N","","","","","","","","","",""
"2015106626","","2","0","0","0","0","0","0","0","0","4","0","","02","10","2015","6","40.448982","-79.997906","","11","0","0","0","0","0","1","0","0","","0","0","0","","","0","","2","","40 26:56.335","","0","79 59:52.461","0","0","0","0","2301","0","0","0","N","0","0","0","2","02301","0","","1.0","","9","N","N","","0","","0","0","0","","0","","","2","0","0","0","0","0","0","2","0","2","","","","N","","","","","","","","","",""
"2015107725","","4","0","0","0","0","0","0","0","0","1","0","","02","10","2015","6","40.498915","-79.943821","","11","0","0","0","0","0","0","0","1","1","0","0","0","","","1","","10","","40 29:56.095","1","0","79 56:37.754","4","0","0","0","2430","0","0","0","N","0","0","0","4","02430","1","","1.0","","1","N","N","","0","","0","0","0","","0","N","","4","1","0","0","0","0","0","2","0","4","","","","N","","","","","","","","","",""
"2015105480","","2","0","0","0","0","0","0","0","0","4","0","","02","10","2015","6","40.46575","-80.138558","","11","0","0","0","1","0","0","0","0","2","0","0","0","","","0","","0","","40 27:56.700","4","0","80 08:18.810","0","0","0","0","2115","0","0","0","N","0","0","0","6","02115","0","","1.0","","1","N","N","","0","","0","0","0","","0","N","","2","0","0","0","0","0","0","2","0","2","","","","N","","","","","","","","","",""
"2015106093","","2","0","0","0","0","0","0","0","0","4","0","","02","10","2015","5","40.399991","-80.023875","","11","0","0","0","0","0","1","0","0","1","0","0","0","","","0","","0","","40 23:59.968","2","0","80 01:25.950","0","0","0","0","2301","0","0","0","N","0","0","0","3","02301","0","","1.0","","1","N","N","","0","","0","0","0","","0","N","","2","0","0","0","0","0","0","2","0","2","","","","N","","","","","","","","","",""