"CRN","ARRIVAL_TM","AUTOMOBILE_COUNT","BELTED_DEATH_COUNT","BELTED_SUSP_SERIOUS_INJ_COUNT","BICYCLE_COUNT","BICYCLE_DEATH_COUNT","BICYCLE_SUSP_SERIOUS_INJ_COUNT","BUS_COUNT","CHLDPAS_DEATH_COUNT","CHLDPAS_SUSP_SERIOUS_INJ_COUNT","COLLISION_TYPE","COMM_VEH_COUNT","CONS_ZONE_SPD_LIM","COUNTY","CRASH_MONTH","CRASH_YEAR","DAY_OF_WEEK","DEC_LATITUDE","DEC_LONGITUDE","DISPATCH_TM","DISTRICT","DRIVER_COUNT_16YR","DRIVER_COUNT_17YR","DRIVER_COUNT_18YR","DRIVER_COUNT_19YR","DRIVER_COUNT_20YR","DRIVER_COUNT_50_64YR","DRIVER_COUNT_65_74YR","DRIVER_COUNT_75PLUS","EST_HRS_CLOSED","FATAL_COUNT","HEAVY_TRUCK_COUNT","HORSE_BUGGY_COUNT","HOUR_OF_DAY","ILLUMINATION","INJURY_COUNT","INTERSECTION_RELATED","INTERSECT_TYPE","LANE_CLOSED","LATITUDE","LN_CLOSE_DIR","LOCATION_TYPE","LONGITUDE","MAX_SEVERITY_LEVEL","MCYCLE_DEATH_COUNT","MCYCLE_SUSP_SERIOUS_INJ_COUNT","MOTORCYCLE_COUNT","MUNICIPALITY","NONMOTR_COUNT","NONMOTR_DEATH_COUNT","NONMOTR_SUSP_SERIOUS_INJ_COUNT","NTFY_HIWY_MAINT","PED_COUNT","PED_DEATH_COUNT","PED_SUSP_SERIOUS_INJ_COUNT","PERSON_COUNT","POLICE_AGCY","POSSIBLE_INJ_COUNT","RDWY_SURF_TYPE_CD","RELATION_TO_ROAD","ROADWAY_CLEARED","ROAD_CONDITION","SCH_BUS_IND","SCH_ZONE_IND","SECONDARY_CRASH","SMALL_TRUCK_COUNT","SPEC_JURIS_CD","SUSP_MINOR_INJ_COUNT","SUSP_SERIOUS_INJ_COUNT","SUV_COUNT","TCD_FUNC_CD","TCD_TYPE","TFC_DETOUR_IND","TIME_OF_DAY","TOTAL_UNITS","TOT_INJ_COUNT","UNBELTED_OCC_COUNT","UNB_DEATH_COUNT","UNB_SUSP_SERIOUS_INJ_COUNT","UNK_INJ_DEG_COUNT","UNK_INJ_PER_COUNT","URBAN_RURAL","VAN_COUNT","VEHICLE_COUNT","WEATHER1","WEATHER2","WORKERS_PRES","WORK_ZONE_IND","WORK_ZONE_LOC","WORK_ZONE_TYPE","WZ_CLOSE_DETOUR","WZ_FLAGGER","WZ_LAW_OFFCR_IND","WZ_LN_CLOSURE","WZ_MOVING","WZ_OTHER","WZ_SHLDER_MDN","WZ_WORKERS_INJ_KILLED"
"2015111696","","0","0","0","0","0","0","0","0","0","1","0","","02","10","2015","5","40.52225","-80.084278","","11","0","0","0","0","0","0","0","0","2","0","0","0","","","0","","0","","40 31:20.100","2","0","80 05:03.400","0","0","0","0","2211","0","0","0","N","0","0","0","3","02215","0","","1.0","","1","N","N","","0","","0","0","2","","0","N","","2","0","0","0","0","0","0","2","0","2","","","","N","","","","","","","","","",""
"2015113419","","2","0","0","0","0","0","0","0","0","4","0","","02","11","2015","3","40.439652","-80.016819","","11","0","0","0","0","0","0","1","0","2","0","0","0","","","0","","7","","40 26:22.747","1","2","80 01:00.547","0","0","0","0","2301","0","0","0","N","0","0","0","2","02301","0","","1.0","","1","N","N","","0","","0","0","0","","0","N","","2","0","0","0","0","0","0","2","0","2","","","","N","","","","","","","","","",""
"2015111559","","0","0","0","0","0","0","0","0","0","7","0","","02","10","2015","7","40.281977","-79.928204","","11","0","0","0","0","0","0","0","0","1","0","0","0","","","1","","0","","40 16:55.116","1","0","79 55:41.535","2","0","0","0","2440","0","0","0","N","0","0","0","1","68T09","0","","4.0","","1","N","N","","0","","0","1","1","","0","N","","1","1","1","0","1","0","0","2","0","1","","","","N","","","","","","","","","",""
"2015112380","","1","0","0","0","0","0","0","0","0","5","0","","02","10","2015","3","40.461233","-79.999738","","11","0","0","0","0","0","1","0","0","","0","0","0","","","0","","0","","40 27:40.439","","0","79 59:59.058","0","0","0","0","2301","0","0","0","N","0","0","0","2","68B03","0","","1.0","","1","N","N","","0","","0","0","0","","0","","","2","0","0","0","0","0","0","2","1","2","","","","N","","","","","","","","","",""
"2015113207","","0","0","0","0","0","0","0","0","0","7","0","","02","10","2015","5","40.371983","-80.031985","","11","0","0","0","0","0","1","0","0","","0","0","0","","","1","","3","","40 22:19.138","","0","80 01:55.146","4","0","0","0","2109","0","0","0","N","0","0","0","1","02109","1","","4.0","","1","N","N","","1","","0","0","0","","0","","","1","1","0","0","0","0","0","2","0","1","","","","N","","","","","","","","","",""
"2015111697","","1","0","0","0","0","0","0","0","0","7","0","","02","10","2015","5","40.51353","-79.803366","","11","0","0","0","0","0","0","0","0","","0","0","0","","","1","","0","","40 30:48.709","","0","79 48:12.118","8","0","0","0","2113","0","0","0","N","0","0","0","1","02113","0","","5.0","","1","N","N","","0","","0","0","0","","0","","","1","1","0","0","0","1","0","2","0","1","","","","N","","","","","","","","","",""
"2015113897","","1","0","0","0","0","0","0","0","0","4","0","","02","11","2015","4","40.455783","-79.96586","","11","0","0","0","0","0","0","0","0","1","0","0","0","","","0","","5","","40 27:20.818","7","0","79 57:57.097","0","0","0","0","2301","0","0","0","N","0","0","0","4","02301","0","","1.0","","1","N","N","","0","","0","0","1","","2","N","","2","0","0","0","0","0","0","2","0","2","","","","N","","","","","","","","","",""
"2015111623","","1","0","0","0","0","0","0","0","0","5","0","","02","10","2015","7","40.464284","-79.932729","","11","0","0","0","0","0","0","0","0","","0","0","0","","","0","","0","","40 27:51.422","","0","79 55:57.824","0","0","0","0","2301","0","0","0","N","0","0","0","1","02301","0","","1.0","","9","N","N","","0","","0","0","0","","0","","","2","0","0","0","0","0","0","2","0","1","","","","N","","","","","","","","","",""
"2015112381","","1","0","0","0","0","0","0","0","0","7","0","","02","10","2015","3","40.463338","-79.999872","","11","0","0","0","0","0","1","0","0","","0","0","0","","","1","","0","","40 27:48.017","","0","79 59:59.540","4","0","0","0","2301","0","0","0","N","0","0","0","1","68B03","1","","3.0","","1","N","N","","0","","0","0","0","","0","","","1","1","0","0","0","0","0","2","0","1","","","","N","","","","","","","","","",""
"2015113208","","0","0","0","0","0","0","0","0","0","1","0","","02","10","2015","7","40.371783","-80.049459","","11","0","0","1","0","0","0","0","0","2","0","0","0","","","1","","2","","40 22:18.420","2","0","80 02:58.054","8","0","0","0","2109","0","0","0","N","0","0","0","2","02109","0","","1.0","","9","N","N","","0","","0","0","0","","2","N","","2","1","0","0","0","1","0","2","2","2","","","","N","","","","","","","","","",""
"2015113343","","1","0","0","0","0","0","0","0","0","99","0","","02","10","2015","6","40.278822","-79.936639","","11","0","0","0","0","0","0","0","0","","0","0","0","","","0","","0","","40 16:43.759","","0","79 56:11.901","0","0","0","0","2440","0","0","0","N","0","0","0","1","68T09","0","","1.0","","1","N","N","","0","","0","0","0","","0","","","1","0","0","0","0","0","0","2","0","1","","","","N","","","","","","","","","",""
"2015111822","","1","0","0","0","0","0","0","0","0","8","0","","02","10","2015","5","40.358389","-80.007791","","11","0","0","0","0","0","0","0","0","","0","0","0","","","1","","1","","40 21:30.200","","0","80 00:28.047","4","0","0","0","2476","1","0","0","N","1","0","0","2","02476","1","","1.0","","1","N","N","","0","","0","0","0","","3","","","2","1","0","0","0","0","0","2","0","1","","","","N","","","","","","","","","",""
"2015111836","","2","0","0","0","0","0","0","0","0","1","0","","02","10","2015","5","40.429136","-79.731485","","11","0","0","0","0","0","0","0","1","","0","0","0","","","0","","0","","40 25:44.888","","0","79 43:53.347","0","0","0","0","2446","0","0","0","N","0","0","0","2","02446","0","","1.0","","1","N","N","","0","","0","0","0","","0","","","2","0","0","0","0","0","0","2","0","2","","","","N","","","","","","","","","",""
"2015112382","","2","0","0","0","0","0","0","0","0","1","0","45","02","10","2015","5","40.410891","-80.070122","","11","0","0","0","0","0","0","0","0","","0","0","0","","","0","","0","","40 24:39.208","","0","80 04:12.439","0","0","0","0","2435","0","0","0","N","0","0","0","3","68B03","0","","1.0","","9","N","N","","0","","0","0","1","","0","","","3","0","0","0","0","0","0","2","0","3","","","Y","Y","4","1","N","N","N","N","N","N","Y",""
"2015114037","","1","0","0","0","0","0","0","0","0","7","0","","02","11","2015","4","40.451731","-79.905856","","11","0","0","0","0","0","1","0","0","","0","0","0","","","0","","0","","40 27:06.230","","0","79 54:21.080","9","0","0","0","2301","0","0","0","N","0","0","0","1","02301","0","","5.0","","1","N","N","","1","","0","0","3","","0","","","5","0","0","0","0","0","1","2","0","5","","","","N","","","","","","","","","",""
"2015111562","","0","0","0","0","0","0","0","0","0","99","0","","02","10","2015","2","40.285953","-79.917823","","11","0","0","0","0","0","1","0","0","","0","0","0","","","0","","0","","40 17:09.431","","0","79 55:04.164","0","0","0","0","2440","0","0","0","N","0","0","0","1","68T09","0","","1.0","","1","N","N","","0","","0","0","1","","0","","","1","0","0","0","0","0","0","2","0","1","","","","N","","","","","","","","","",""
"2015112383","","1","0","0","0","0","0","0","0","0","1","0","","02","10","2015","5","40.448989","-80.004781","","11","0","0","0","0","0","0","0","0","2","0","0","0","","","0","","0","","40 26:56.359","1","3","80 00:17.211","9","0","0","0","2301","0","0","0","N","0","0","0","2","68B03","0","","1.0","","1","N","N","","1","","0","0","0","","0","N","","2","0","0","0","0","0","1","2","0","2","","","","N","","","","","","","","","",""
"2015113359","","0","0","0","0","0","0","0","0","0","7","0","","02","11","2015","1","40.383327","-80.193443","","11","0","0","0","0","0","0","0","0","2","0","0","0","","","1","","3","","40 22:59.976","6","0","80 11:36.393","2","0","1","1","2119","0","0","0","N","0","0","0","1","02119","0","","3.0","","1","N","N","","0","","0","1","0","","0","Y","","1","1","0","0","0","0","0","2","0","1","","","","N","","","","","","","","","",""
"2015112600","","1","0","0","0","0","0","0","0","0","7","0","","02","11","2015","1","40.488858","-79.836781","","11","0","0","0","0","0","0","0","0","2","0","0","0","","","1","","0","","40 29:19.890","6","0","79 50:12.410","3","0","0","0","2113","0","0","0","N","0","0","0","1","02113","0","","5.0","","1","N","N","","0","","1","0","0","","0","N","","1","1","1","0","0","0","0","2","0","1","","","","N","","","","","","","","","",""
"2015113423","","0","0","0","0","0","0","0","0","0","7","1","","02","10","2015","4","40.346432","-80.170439","","11","0","0","0","0","0","0","0","0","","0","1","0","","","0","","0","","40 20:47.154","","0","80 10:13.580","0","0","0","0","2119","0","0","0","N","0","0","0","1","02119","0","","5.0","","9","N","N","","0","","0","0","0","","0","","","1","0","0","0","0","0","0","2","0","1","","","","N","","","","","","","","","",""
"2015112384","","0","0","0","0","0","0","0","0","0","7","0","","02","10","2015","5","40.435888","-79.978194","","11","0","0","0","0","0","1","0","0","2","0","0","0","","","1","","0","","40 26:09.198","4","0","79 58:41.500","2","0","0","0","2301","0","0","0","N","0","0","0","1","68B03","0","","4.0","","1","N","N","","0","","0","1","1","","0","N","","1","1","1","0","1","0","0","2","0","1","","","","N","","","","","","","","","",""
"2015111627","","0","0","0","0","0","0","0","0","0","2","0","","02","10","2015","5","40.383327","-80.193443","","11","0","0","0","0","0","1","1","0","","0","0","0","","","3","","3","","40 22:59.976","","0","80 11:36.393","8","0","0","0","2119","0","0","0","N","0","0","0","5","02119","0","","1.0","","9","N","N","","2","","0","0","2","","3","","","4","3","0","0","0","3","0","2","0","4","","","","N","","","","","","","","","",""
"2015112602","","1","0","0","0","0","0","0","0","0","7","0","","02","11","2015","1","40.513333","-79.909703","","11","0","0","1","0","0","0","0","0","2","0","0","0","","","0","","0","","40 30:48.000","3","0","79 54:34.930","0","0","0","0","2432","0","0","0","N","0","0","0","2","02432","0","","5.0","","9","N","N","","0","","0","0","0","","0","N","","1","0","0","0","0","0","0","2","0","1","","","","N","","","","","","","","","",""
"2015111565","","2","0","0","0","0","0","0","0","0","1","0","","02","10","2015","4","40.42289","-79.772881","","11","0","0","0","0","0","1","1","0","","0","0","0","","","3","","2","","40 25:22.404","","0","79 46:22.371","3","0","0","0","2446","0","0","0","N","0","0","0","4","02446","0","","1.0","","9","N","N","","0","","1","0","0","","3","","","2","3","0","0","0","2","0","2","0","2","","","","N","","","","","","","","","",""
"2015113147","","0","0","0","0","0","0","0","0","0","4","0","","02","10","2015","7","40.238895","-79.865621","","11","0","0","0","0","0","1","0","0","2","0","0","0","","","0","","1","","40 14:20.021","1","0","79 51:56.234","0","0","0","0","2204","0","0","0","N","0","0","0","4","02204","0","","1.0","","1","N","N","","1","","0","0","1","","3","N","","2","0","1","0","0","0","0","1","0","2","","","","N","","","","","","","","","",""
"2015113348","","0","0","0","0","0","0","0","0","0","99","0","","02","11","2015","1","40.421482","-79.735264","","11","0","0","0","0","0","1","0","0","","0","0","0","","","0","","0","","40 25:17.336","","0","79 44:06.950","0","0","0","0","2446","0","0","0","N","0","0","0","4","68T09","0","","1.0","","1","N","N","","0","","0","0","0","","0","","","1","0","0","0","0","0","0","2","1","1","","","","N","","","","","","","","","",""
"2015106970","","2","0","0","0","0","0","0","0","0","1","0","","02","10","2015","6","40.510424","-80.095599","","11","0","0","0","0","0","0","0","0","1","0","0","0","","","0","","1","","40 30:37.525","1","0","80 05:44.155","0","0","0","0","2429","0","0","0","N","0","0","0","3","02215","0","","1.0","","9","N","N","","1","","0","0","0","","0","N","","3","0","0","0","0","0","0","2","0","3","","","","N","","","","","","","","","",""
"2015113148","","2","0","0","0","0","0","0","0","0","2","0","","02","11","2015","1","40.39856","-80.187688","","11","0","0","0","0","0","0","0","0","","0","0","0","","","0","","2","","40 23:54.816","","0","80 11:15.676","0","0","0","0","2450","0","0","0","N","0","0","0","2","02450","0","","1.0","","9","N","N","","0","","0","0","0","","0","","","2","0","1","0","0","0","0","2","0","2","","","","N","","","","","","","","","",""
"2015113906","","1","0","0","0","0","0","0","0","0","7","0","","02","11","2015","3","40.568188","-80.077894","","11","0","0","0","0","0","0","0","0","1","0","0","0","","","0","","2","","40 34:05.477","5","0","80 04:40.420","0","0","0","0","2481","0","0","0","N","0","0","0","1","02481","0","","5.0","","1","N","N","","0","","0","0","0","","0","N","","1","0","0","0","0","0","0","2","0","1","","","","N","","","","","","","","","",""
"2015111705","","0","0","0","0","0","0","0","0","0","1","0","","02","10","2015","4","40.550897","-79.956025","","11","0","0","0","1","0","0","0","0","1","0","0","0","","","0","","0","","40 33:03.230","6","0","79 57:21.690","0","0","0","0","2118","0","0","0","N","0","0","0","2","02118","0","","1.0","","9","N","N","","1","","0","0","1","","0","N","","2","0","0","0","0","0","0","2","0","2","","","","N","","","","","","","","","",""
"2015112468","","1","0","0","0","0","0","0","0","0","4","0","","02","10","2015","6","40.527967","-80.017067","","11","0","0","0","0","0","0","0","0","2","0","0","0","","","0","","2","","40 31:40.681","7","0","80 01:01.441","0","0","0","0","2116","0","0","0","N","0","0","0","2","02116","0","","1.0","","9","N","N","","0","","0","0","1","","0","Y","","2","0","0","0","0","0","0","2","0","2","","","","N","","","","","","","","","",""
"2015111217","","1","0","0","0","0","0","0","0","0","4","0","","02","10","2015","4","40.447425","-79.942471","","11","0","0","0","0","0","1","0","0","1","0","0","0","","","0","","1","","40 26:50.730","3","0","79 56:32.895","0","0","0","0","2301","0","0","0","N","0","0","0","2","02301","0","","5.0","","9","N","N","","0","","0","0","1","","2","N","","2","0","0","0","0","0","0","2","0","2","","","","N","","","","","","","","","",""
"2015113644","","2","0","0","0","0","0","0","0","0","4","0","","02","11","2015","3","40.463613","-80.028668","","11","0","0","0","0","0","0","0","0","","0","0","0","","","0","","0","","40 27:49.005","","0","80 01:43.204","9","0","0","0","2301","0","0","0","N","0","0","0","2","02301","0","","1.0","","1","N","N","","0","","0","0","0","","0","","","2","0","0","0","0","0","1","2","0","2","","","","N","","","","","","","","","",""
"2015114093","","2","0","0","0","0","0","0","0","0","4","0","","02","11","2015","3","40.490888","-79.879258","","11","0","0","0","0","0","0","0","1","1","0","0","0","","","2","","2","","40 29:27.197","2","0","79 52:45.328","3","0","0","0","2112","0","0","0","N","0","0","0","3","02112","1","","1.0","","1","N","N","","0","","1","0","0","","0","N","","2","2","1","0","0","0","0","2","0","2","","","","N","","","","","","","","","",""
"2015111986","","1","0","0","0","0","0","0","0","0","4","0","","02","10","2015","6","40.331501","-80.069566","","11","0","0","0","0","0","0","0","1","1","0","0","0","","","2","","2","","40 19:53.403","6","2","80 04:10.438","3","0","0","0","2123","0","0","0","N","0","0","0","3","02123","1","","1.0","","1","N","N","","1","","1","0","0","","3","Y","","2","2","0","0","0","0","0","2","0","2","","","","N","","","","","","","","","",""
"2015114094","","0","0","0","0","0","0","0","0","0","4","1","","02","11","2015","4","40.199183","-79.868415","","11","0","0","0","0","0","0","1","0","","0","1","0","","","2","","3","","40 11:57.057","","0","79 52:06.293","4","0","0","0","2204","0","0","0","N","0","0","0","2","02204","2","","1.0","","1","N","N","","0","","0","0","0","","0","","","2","2","0","0","0","0","0","1","1","2","","","","N","","","","","","","","","",""
"2015113923","","0","0","0","0","0","0","0","0","0","8","0","","02","11","2015","3","40.38149","-80.0443","","11","0","0","0","0","0","1","0","0","2","0","0","0","","","1","","2","","40 22:53.363","2","0","80 02:39.480","8","0","0","0","2109","1","0","0","N","1","0","0","2","02109","0","","1.0","","1","N","N","","0","","0","0","1","","2","N","","2","1","0","0","0","1","0","2","0","1","","","","N","","","","","","","","","",""
"2015111709","","1","0","0","1","0","0","0","0","0","8","0","","02","10","2015","2","40.437733","-80.000234","","11","0","0","0","0","0","0","1","0","","0","0","0","","","1","","1","","40 26:15.840","","0","80 00:00.841","4","0","0","0","2301","1","0","0","N","0","0","0","2","02301","1","","1.0","","1","N","N","","0","","0","0","0","","2","","","2","1","0","0","0","0","1","2","0","1","","","","N","","","","","","","","","",""
"2015113355","","1","0","0","0","0","0","0","0","0","2","0","","02","11","2015","2","40.452196","-79.752542","","11","0","0","0","0","0","1","0","0","1","0","0","0","","","0","","1","","40 27:07.905","7","0","79 45:09.151","0","0","0","0","2446","0","0","0","N","0","0","0","3","02446","0","","1.0","","1","N","N","","2","","0","0","0","","3","Y","","3","0","0","0","0","0","0","2","0","3","","","","N","","","","","","","","","",""
"2015111988","","2","0","0","0","0","0","0","0","0","4","0","","02","10","2015","6","40.446647","-79.893681","","11","0","0","0","0","0","0","0","0","","0","0","0","","","0","","2","","40 26:47.930","","0","79 53:37.252","0","0","0","0","2301","0","0","0","N","0","0","0","4","02301","0","","1.0","","1","N","N","","0","","0","0","0","","3","","","2","0","0","0","0","0","0","2","0","2","","","","N","","","","","","","","","",""
"2015113924","","0","0","0","0","0","0","0","0","0","7","0","","02","10","2015","4","40.533828","-80.244225","","11","0","0","0","0","0","1","0","0","2","0","0","0","","","1","","0","","40 32:01.780","4","0","80 14:39.210","4","0","0","0","2213","0","0","0","N","0","0","0","1","02213","1","","5.0","","1","N","N","","0","","0","0","1","","0","N","","1","1","0","0","0","0","0","2","0","1","","","","N","","","","","","","","","",""
"2015111851","","3","0","0","0","0","0","0","0","0","5","0","","02","10","2015","5","40.425431","-79.926858","","11","0","0","0","0","0","0","0","0","","0","0","0","","","0","","0","","40 25:31.550","","0","79 55:36.690","0","0","0","0","2301","0","0","0","N","0","0","0","1","02301","0","","1.0","","1","N","N","","1","","0","0","0","","0","","","4","0","0","0","0","0","0","2","0","4","","","","N","","","","","","","","","",""
"2015113156","","0","0","0","0","0","0","0","0","0","7","0","","02","11","2015","1","40.410299","-79.984165","","11","0","0","0","0","0","0","0","0","","0","0","0","","","0","","0","","40 24:37.076","","0","79 59:02.994","0","0","0","0","2447","0","0","0","N","0","0","0","1","02447","0","","5.0","","9","N","N","","0","","0","0","1","","0","","","1","0","0","0","0","0","0","2","0","1","","","","N","","","","","","","","","",""
"2015111636","","1","0","0","0","0","0","0","0","0","99","0","","02","10","2015","4","40.499119","-80.258055","","11","0","0","0","0","0","1","0","0","","0","0","0","","","0","","2","","40 29:56.828","","7","80 15:28.998","0","0","0","0","2203","0","0","0","N","0","0","0","2","02501","0","","1.0","","9","N","N","","0","","0","0","1","","3","","","2","0","0","0","0","0","0","2","0","2","","","","N","","","","","","","","","",""
"2015113925","","2","0","0","0","0","0","0","0","0","4","0","","02","10","2015","5","40.524551","-80.224317","","11","0","0","0","0","0","1","0","1","1","0","0","0","","","0","","2","","40 31:28.382","6","0","80 13:27.541","0","0","0","0","2213","0","0","0","N","0","0","0","3","02213","0","","1.0","","1","N","N","","0","","0","0","0","","3","N","","2","0","0","0","0","0","0","2","0","2","","","","N","","","","","","","","","",""
"2015111637","","2","0","0","0","0","0","0","0","0","2","0","","02","10","2015","5","40.367142","-79.965688","","11","0","0","0","0","0","0","0","0","","0","0","0","","","0","","0","","40 22:01.711","","0","79 57:56.476","0","0","0","0","2476","0","0","0","N","0","0","0","2","02476","0","","1.0","","1","N","N","","0","","0","0","0","","0","","","2","0","0","0","0","0","0","2","0","2","","","","N","","","","","","","","","",""
"2015112475","","2","0","0","0","0","0","0","0","0","4","0","","02","10","2015","7","40.462146","-79.949958","","11","0","0","0","0","0","0","1","0","","0","0","0","","","0","","1","","40 27:43.725","","0","79 56:59.848","0","0","0","0","2301","0","0","0","N","0","0","0","2","02301","0","","1.0","","1","N","N","","0","","0","0","0","","2","","","2","0","0","0","0","0","0","2","0","2","","","","N","","","","","","","","","",""
"2015112697","","2","0","0","0","0","0","0","0","0","4","0","","02","10","2015","7","40.346743","-79.986401","","11","0","0","0","0","0","1","0","1","1","0","0","0","","","0","","2","","40 20:48.276","3","0","79 59:11.044","0","0","0","0","2476","0","0","0","N","0","0","0","2","02476","0","","1.0","","9","N","N","","0","","0","0","0","","2","N","","2","0","0","0","0","0","0","2","0","2","","","","N","","","","","","","","","",""
"2015111576","","1","0","0","0","0","0","0","0","0","8","0","","02","10","2015","5","40.448316","-80.010457","","11","0","0","0","0","0","1","0","0","","0","0","0","","","1","","1","","40 26:53.937","","0","80 00:37.645","4","0","0","0","2301","1","0","0","N","1","0","0","2","02301","1","","1.0","","9","N","N","","0","","0","0","0","","2","","","2","1","0","0","0","0","0","2","0","1","","","","N","","","","","","","","","",""
"2015111653","","2","0","0","0","0","0","0","0","0","4","0","","02","10","2015","1","40.405296","-79.913118","","11","0","0","0","0","0","2","0","0","1","0","0","0","","","0","","1","","40 24:19.066","4","0","79 54:47.225","0","0","0","0","2438","0","0","0","N","0","0","0","2","02438","0","","1.0","","1","N","N","","0","","0","0","0","","1","N","","2","0","0","0","0","0","0","2","0","2","","","","N","","","","","","","","","",""
"2015113373","","1","0","0","0","0","0","0","0","0","4","0","","02","11","2015","1","40.59519","-79.947706","","11","0","0","0","0","0","2","0","0","2","0","0","0","","","2","","0","","40 35:42.685","5","0","79 56:51.743","3","0","0","0","2207","0","0","0","N","0","0","0","3","02207","0","","1.0","","1","N","N","","1","","2","0","0","","0","N","","2","2","0","0","0","0","0","2","0","2","","","","N","","","","","","","","","",""
"2015112331","","0","0","0","0","0","0","0","0","0","4","0","","02","10","2015","6","40.333217","-79.946192","","11","0","0","0","0","0","0","0","0","2","0","0","0","","","1","","0","","40 19:59.582","1","7","79 56:46.290","4","0","0","0","2454","0","0","0","N","0","0","0","3","02454","1","","1.0","","1","N","N","","0","","0","0","2","","3","N","","2","1","0","0","0","0","0","2","0","2","","","","N","","","","","","","","","",""
"2015113847","","2","0","0","0","0","0","0","0","0","4","0","","02","11","2015","3","40.400614","-79.938776","","11","0","0","0","0","0","0","0","0","1","0","0","0","","","0","","2","","40 24:02.210","2","0","79 56:19.593","0","0","0","0","2301","0","0","0","N","0","0","0","1","02301","0","","1.0","","1","N","N","","0","","0","0","0","","3","N","","2","0","0","0","0","0","0","2","0","2","","","","N","","","","","","","","","",""
"2015111656","","2","0","0","0","0","0","0","0","0","1","0","","02","10","2015","1","40.441214","-80.093965","","11","0","0","0","0","0","0","0","0","","0","0","0","","","0","","0","","40 26:28.369","","0","80 05:38.273","0","0","0","0","2115","0","0","0","N","0","0","0","2","02115","0","","1.0","","1","N","N","","0","","0","0","0","","0","","","2","0","1","0","0","0","0","2","0","2","","","","N","","","","","","","","","",""
"2015113376","","2","0","0","0","0","0","0","0","0","5","0","","02","11","2015","2","40.403091","-79.83194","","11","0","0","0","1","0","0","0","0","2","0","0","0","","","0","","0","","40 24:11.127","3","0","79 49:54.983","0","0","0","0","2467","0","0","0","N","0","0","0","4","02467","0","","1.0","","1","N","N","","0","","0","0","1","","2","N","","3","0","0","0","0","0","0","2","0","3","","","","N","","","","","","","","","",""
"2015112618","","1","0","0","0","0","0","0","0","0","7","0","","02","10","2015","5","40.478191","-79.758118","","11","0","0","0","0","0","0","0","0","","0","0","0","","","1","","2","","40 28:41.489","","0","79 45:29.223","8","0","0","0","2466","0","0","0","N","0","0","0","1","02466","0","","5.0","","1","N","N","","0","","0","0","0","","0","","","1","1","0","0","0","1","0","2","0","1","","","","N","","","","","","","","","",""
"2015111657","","0","0","0","0","0","0","0","0","0","7","0","","02","10","2015","4","40.440069","-80.152092","","11","0","0","0","1","0","0","0","0","","0","0","0","","","1","","0","","40 26:24.248","","0","80 09:07.530","4","0","0","0","2115","0","0","0","N","0","0","0","2","02115","1","","4.0","","9","N","N","","1","","0","0","0","","2","","","1","1","0","0","0","0","0","2","0","1","","","","N","","","","","","","","","",""
"2015114119","","0","0","0","0","0","0","0","0","0","4","0","","02","10","2015","5","40.428659","-79.979151","","11","0","0","0","0","0","0","1","0","","0","0","0","","","1","","2","","40 25:43.172","","0","79 58:44.944","3","0","0","1","2301","0","0","0","N","0","0","0","3","02301","0","","1.0","","1","N","N","","0","","1","0","1","","0","","","2","1","0","0","0","0","0","2","0","2","","","","N","","","","","","","","","",""
"2015113849","","1","0","0","0","0","0","0","0","0","7","0","","02","11","2015","3","40.367614","-79.923756","","11","0","0","0","0","0","0","0","1","","0","0","0","","","0","","0","","40 22:03.410","","0","79 55:25.520","0","0","0","0","2473","0","0","0","N","0","0","0","1","02473","0","","5.0","","1","N","N","","0","","0","0","0","","0","","","1","0","0","0","0","0","0","2","0","1","","","","N","","","","","","","","","",""
"2015112350","","2","0","0","0","0","0","0","0","0","4","0","","02","10","2015","6","40.449156","-79.985424","","11","0","0","0","0","0","0","0","0","4","0","0","0","","","3","","2","","40 26:56.961","7","0","79 59:07.526","2","0","0","0","2301","0","0","0","N","0","0","0","3","02301","0","","1.0","","1","N","N","","0","","0","1","0","","2","Y","","2","3","0","0","0","2","0","2","0","2","","","","N","","","","","","","","","",""
"2015111658","","1","0","0","0","0","0","0","0","0","7","0","","02","9","2015","4","40.314964","-80.029662","","11","0","0","0","0","0","0","0","0","","0","0","0","","","0","","0","","40 18:53.870","","0","80 01:46.784","0","0","0","0","2407","0","0","0","N","0","0","0","1","02407","0","","4.0","","9","N","N","","0","","0","0","0","","0","","","1","0","0","0","0","0","0","2","0","1","","","","N","","","","","","","","","",""
"2015111720","","2","0","0","0","0","0","0","0","0","1","0","","02","10","2015","5","40.481524","-80.046061","","11","0","0","0","0","0","0","0","0","","0","0","0","","","0","","2","","40 28:53.488","","0","80 02:45.818","0","0","0","0","2301","0","0","0","N","0","0","0","3","02301","0","","1.0","","98","N","N","","0","","0","0","0","","3","","","2","0","0","0","0","0","0","2","0","2","","","","N","","","","","","","","","",""
"2015112482","","2","0","0","0","0","0","0","0","0","4","0","","02","10","2015","7","40.406114","-79.825101","","11","0","0","0","1","0","0","0","0","1","0","0","0","","","1","","1","","40 24:22.011","4","0","79 49:30.363","4","0","0","0","2467","0","0","0","N","0","0","0","2","02467","1","","1.0","","1","N","N","","0","","0","0","0","","2","N","","2","1","0","0","0","0","0","2","0","2","","","","N","","","","","","","","","",""