"CRN","ARRIVAL_TM","AUTOMOBILE_COUNT","BELTED_DEATH_COUNT","BELTED_SUSP_SERIOUS_INJ_COUNT","BICYCLE_COUNT","BICYCLE_DEATH_COUNT","BICYCLE_SUSP_SERIOUS_INJ_COUNT","BUS_COUNT","CHLDPAS_DEATH_COUNT","CHLDPAS_SUSP_SERIOUS_INJ_COUNT","COLLISION_TYPE","COMM_VEH_COUNT","CONS_ZONE_SPD_LIM","COUNTY","CRASH_MONTH","CRASH_YEAR","DAY_OF_WEEK","DEC_LATITUDE","DEC_LONGITUDE","DISPATCH_TM","DISTRICT","DRIVER_COUNT_16YR","DRIVER_COUNT_17YR","DRIVER_COUNT_18YR","DRIVER_COUNT_19YR","DRIVER_COUNT_20YR","DRIVER_COUNT_50_64YR","DRIVER_COUNT_65_74YR","DRIVER_COUNT_75PLUS","EST_HRS_CLOSED","FATAL_COUNT","HEAVY_TRUCK_COUNT","HORSE_BUGGY_COUNT","HOUR_OF_DAY","ILLUMINATION","INJURY_COUNT","INTERSECTION_RELATED","INTERSECT_TYPE","LANE_CLOSED","LATITUDE","LN_CLOSE_DIR","LOCATION_TYPE","LONGITUDE","MAX_SEVERITY_LEVEL","MCYCLE_DEATH_COUNT","MCYCLE_SUSP_SERIOUS_INJ_COUNT","MOTORCYCLE_COUNT","MUNICIPALITY","NONMOTR_COUNT","NONMOTR_DEATH_COUNT","NONMOTR_SUSP_SERIOUS_INJ_COUNT","NTFY_HIWY_MAINT","PED_COUNT","PED_DEATH_COUNT","PED_SUSP_SERIOUS_INJ_COUNT","PERSON_COUNT","POLICE_AGCY","POSSIBLE_INJ_COUNT","RDWY_SURF_TYPE_CD","RELATION_TO_ROAD","ROADWAY_CLEARED","ROAD_CONDITION","SCH_BUS_IND","SCH_ZONE_IND","SECONDARY_CRASH","SMALL_TRUCK_COUNT","SPEC_JURIS_CD","SUSP_MINOR_INJ_COUNT","SUSP_SERIOUS_INJ_COUNT","SUV_COUNT","TCD_FUNC_CD","TCD_TYPE","TFC_DETOUR_IND","TIME_OF_DAY","TOTAL_UNITS","TOT_INJ_COUNT","UNBELTED_OCC_COUNT","UNB_DEATH_COUNT","UNB_SUSP_SERIOUS_INJ_COUNT","UNK_INJ_DEG_COUNT","UNK_INJ_PER_COUNT","URBAN_RURAL","VAN_COUNT","VEHICLE_COUNT","WEATHER1","WEATHER2","WORKERS_PRES","WORK_ZONE_IND","WORK_ZONE_LOC","WORK_ZONE_TYPE","WZ_CLOSE_DETOUR","WZ_FLAGGER","WZ_LAW_OFFCR_IND","WZ_LN_CLOSURE","WZ_MOVING","WZ_OTHER","WZ_SHLDER_MDN","WZ_WORKERS_INJ_KILLED"
"2015111487","","1","0","0","0","0","0","0","0","0","4","1","","02","10","2015","5","40.44414","-80.028092","","11","0","0","0","0","0","2","0","0","2","0","1","0","","","1","","1","","40 26:38.905","4","0","80 01:41.132","3","0","0","0","2301","0","0","0","Y","0","0","0","4","02301","0","","1.0","","9","N","N","","0","","1","0","0","","1","N","","3","1","2","0","0","0","0","2","1","3","","","","N","","","","","","","","","",""
"2015111203","","1","0","0","0","0","0","0","0","0","7","0","","02","10","2015","3","40.505238","-79.74656","","11","0","0","0","0","1","0","0","0","2","0","0","0","","","0","","0","","40 30:18.858","5","0","79 44:47.615","0","0","0","0","2466","0","0","0","N","0","0","0","1","02466","0","","5.0","","9","N","N","","0","","0","0","0","","0","N","","1","0","1","0","0","0","0","2","0","1","","","","N","","","","","","","","","",""
"2015112739","","2","0","0","0","0","0","0","0","0","1","0","","02","10","2015","5","40.442174","-79.857082","","11","0","0","0","0","1","0","0","0","2","0","0","0","","","0","","0","","40 26:31.827","4","0","79 51:25.495","0","0","0","0","2419","0","0","0","N","0","0","0","3","68B03","0","","1.0","","1","N","N","","0","","0","0","1","","0","N","","3","0","0","0","0","0","0","2","0","3","","","","N","","","","","","","","","",""
"2015112751","","0","0","0","0","0","0","0","0","0","99","0","","02","10","2015","4","40.490879","-79.882048","","11","0","0","0","0","0","0","0","0","2","0","0","0","","","0","","0","","40 29:27.166","2","99","79 52:55.374","0","0","0","0","2112","0","0","0","N","0","0","0","1","68D02","0","","1.0","","9","N","N","","0","","0","0","1","","0","N","","1","0","0","0","0","0","0","2","0","1","","","","N","","","","","","","","","",""
"2015112740","","0","0","0","0","0","0","0","0","0","0","0","","02","10","2015","5","40.436742","-79.865087","","11","0","0","0","0","0","1","0","0","","0","0","0","","","1","","7","","40 26:12.272","","0","79 51:54.313","3","0","0","1","2478","0","0","0","N","0","0","0","1","68B03","0","","1.0","","1","N","N","","0","","1","0","0","","0","","","1","1","0","0","0","0","0","2","0","1","","","","N","","","","","","","","","",""
"2015112752","","3","0","0","0","0","0","0","0","0","1","0","","02","10","2015","4","40.492448","-79.873832","","11","0","0","0","0","0","2","0","0","2","0","0","0","","","1","","0","","40 29:32.812","2","0","79 52:25.796","3","0","0","0","2112","0","0","0","N","0","0","0","3","68D02","0","","1.0","","9","N","N","","0","","1","0","0","","0","N","","3","1","0","0","0","0","0","2","0","3","","","","N","","","","","","","","","",""
"2015112108","","0","0","0","0","0","0","0","0","0","1","0","","02","10","2015","6","40.430946","-80.001489","","11","0","0","0","0","0","1","0","0","2","0","0","0","","","0","","0","","40 25:51.406","3","0","80 00:05.362","0","0","0","0","2301","0","0","0","","0","0","0","2","02301","0","","1.0","","1","","","","1","","0","0","1","","0","N","","2","0","0","0","0","0","0","2","0","2","","","","N","","","","","","","","","",""
"2015112881","","2","0","0","0","0","0","0","0","0","6","0","","02","10","2015","4","40.454351","-79.94777","","11","0","0","0","0","0","0","0","0","","0","0","0","","","0","","1","","40 27:15.663","","0","79 56:51.973","0","0","0","0","2301","0","0","0","N","0","0","0","3","02301","0","","1.0","","1","N","N","","0","","0","0","0","","2","","","2","0","1","0","0","0","0","2","0","2","","","","N","","","","","","","","","",""
"2015112893","","0","0","0","0","0","0","0","0","0","7","0","","02","10","2015","7","40.335425","-79.984856","","11","0","0","0","1","0","0","0","0","","0","0","0","","","0","","0","","40 20:07.530","","0","79 59:05.480","0","0","0","0","2403","0","0","0","N","0","0","0","1","02403","0","","5.0","","1","N","N","","0","","0","0","1","","0","","","1","0","0","0","0","0","0","2","0","1","","","","N","","","","","","","","","",""
"2015112958","","0","0","0","0","0","0","0","0","0","1","0","","02","10","2015","3","40.591824","-80.097036","","11","0","0","0","0","0","1","0","0","","0","0","0","","","0","","3","","40 35:30.566","","0","80 05:49.330","0","0","0","0","2481","0","0","0","N","0","0","0","5","68B03","0","","1.0","","1","N","N","","0","","0","0","2","","0","","","2","0","0","0","0","0","0","2","0","2","","","","N","","","","","","","","","",""
"2015112753","","1","0","0","0","0","0","0","0","0","7","0","","02","10","2015","4","40.648394","-79.762398","","11","0","0","1","0","0","0","0","0","2","0","0","0","","","1","","0","","40 38:54.217","5","0","79 45:44.631","4","0","0","0","2202","0","0","0","N","0","0","0","1","68D02","1","","4.0","","9","N","N","","0","","0","0","0","","0","N","","1","1","0","0","0","0","0","1","0","1","","","","N","","","","","","","","","",""
"2015112041","","0","0","0","0","0","0","0","0","0","5","0","","02","10","2015","6","40.438708","-79.994714","","11","0","0","0","0","0","2","0","0","","0","0","0","","","1","","0","","40 26:19.350","","0","79 59:40.970","3","0","0","0","2301","0","0","0","N","0","0","0","3","02301","0","","1.0","","1","N","N","","2","","1","0","1","","2","","","3","1","0","0","0","0","0","2","0","3","","","","N","","","","","","","","","",""
"2015112959","","2","0","0","0","0","0","0","0","0","1","0","45","02","10","2015","5","40.418479","-80.088638","","11","0","0","0","0","0","2","0","0","","0","0","0","","","1","","0","","40 25:06.523","","3","80 05:19.097","4","0","0","0","2457","0","0","0","N","0","0","0","7","68B03","1","","1.0","","1","N","N","","0","","0","0","1","","0","","","3","1","0","0","0","0","0","2","0","3","","","Y","Y","4","1","N","N","N","N","N","N","Y",""
"2015112664","","1","0","0","0","0","0","0","0","0","4","0","","02","11","2015","1","40.479519","-80.042966","","11","0","0","0","0","0","0","0","0","2","0","0","0","","","1","","0","","40 28:46.270","6","2","80 02:34.677","8","0","0","0","2301","0","0","0","N","0","0","0","2","02301","0","","1.0","","1","N","N","","1","","0","0","0","","0","Y","","2","1","0","0","0","1","0","2","0","2","","","","N","","","","","","","","","",""
"2015112754","","1","0","0","0","0","0","0","0","0","1","0","","02","10","2015","5","40.494329","-79.904106","","11","0","0","0","0","0","0","0","1","2","0","0","0","","","0","","0","","40 29:39.586","2","0","79 54:14.783","0","0","0","0","2401","0","0","0","N","0","0","0","2","68D02","0","","1.0","","1","N","N","","1","","0","0","0","","0","N","","2","0","0","0","0","0","0","2","0","2","","","","N","","","","","","","","","",""
"2015112960","","1","0","0","0","0","0","0","0","0","7","0","","02","10","2015","4","40.593804","-80.095181","","11","0","0","0","0","0","0","0","0","","0","0","0","","","1","","0","","40 35:37.695","","0","80 05:42.652","4","0","0","0","2481","0","0","0","N","0","0","0","1","68B03","1","","5.0","","9","N","N","","0","","0","0","0","","0","","","1","1","0","0","0","0","0","2","0","1","","","","N","","","","","","","","","",""
"2015111494","","1","0","0","0","0","0","0","0","0","4","0","","02","10","2015","4","40.379328","-79.806987","","11","0","0","0","0","0","1","0","0","1","0","0","0","","","0","","1","","40 22:45.582","3","0","79 48:25.154","0","0","0","0","2111","0","0","0","N","0","0","0","2","02111","0","","1.0","","1","N","N","","1","","0","0","0","","3","N","","2","0","0","0","0","0","0","2","0","2","","","","N","","","","","","","","","",""
"2015112743","","1","0","0","0","0","0","0","0","0","7","0","","02","10","2015","2","40.567804","-79.797983","","11","0","0","0","0","0","0","0","0","3","0","0","0","","","1","","0","","40 34:04.094","1","0","79 47:52.739","4","0","0","0","2206","0","0","0","N","0","0","0","1","68D02","1","","4.0","","1","N","N","","0","","0","0","0","","0","N","","1","1","0","0","0","0","0","2","0","1","","","","N","","","","","","","","","",""
"2015112884","","1","0","0","0","0","0","0","0","0","4","0","","02","10","2015","7","40.519899","-80.015471","","11","0","0","0","0","0","0","0","0","","0","0","0","","","0","","2","","40 31:11.635","","0","80 00:55.695","0","0","0","0","2116","0","0","0","","0","0","0","2","02116","0","","1.0","","1","","","","0","","0","0","1","","3","","","2","0","0","0","0","0","0","2","0","2","","","","N","","","","","","","","","",""
"2015111424","","1","0","0","0","0","0","0","0","0","0","0","","02","10","2015","4","40.549491","-79.900152","","11","0","0","0","0","0","1","0","0","","0","0","0","","","1","","0","","40 32:58.166","","0","79 54:00.546","4","0","0","0","2209","0","0","0","N","0","0","0","1","02209","1","","1.0","","9","N","N","","0","","0","0","0","","0","","","1","1","0","0","0","0","0","2","0","1","","","","N","","","","","","","","","",""
"2015112961","","0","0","0","0","0","0","0","0","0","99","0","","02","10","2015","4","40.523049","-80.272826","","11","0","0","0","0","0","1","0","0","","0","0","0","","","0","","0","","40 31:22.976","","0","80 16:22.175","0","0","0","0","2203","0","0","0","N","0","0","0","1","68B03","0","","1.0","","9","N","N","","0","","0","0","1","","0","","","1","0","0","0","0","0","0","2","0","1","","","","N","","","","","","","","","",""
"2015111977","","1","0","0","0","0","0","0","0","0","4","0","","02","10","2015","3","40.45428","-79.906155","","11","0","0","0","0","0","2","0","0","","0","0","0","","","0","","1","","40 27:15.408","","0","79 54:22.157","0","0","0","0","2301","0","0","0","N","0","0","0","2","02301","0","","1.0","","1","N","N","","1","","0","0","0","","3","","","2","0","0","0","0","0","0","2","0","2","","","","N","","","","","","","","","",""
"2015112962","","1","0","0","0","0","0","0","0","0","1","0","","02","10","2015","5","40.434181","-79.996304","","11","0","0","0","0","0","0","0","0","","0","0","0","","","0","","6","","40 26:03.051","","2","79 59:46.695","0","0","0","0","2301","0","0","0","N","0","0","0","3","68B03","0","","1.0","","1","N","N","","0","","0","0","1","","4","","","2","0","0","0","0","0","0","2","0","2","","","","N","","","","","","","","","",""
"2015112668","","2","0","0","0","0","0","0","0","0","4","0","","02","10","2015","6","40.535445","-79.97741","","11","0","0","0","0","0","0","0","1","1","0","0","0","","","0","","2","","40 32:07.602","4","0","79 58:38.676","0","0","0","0","2118","0","0","0","N","0","0","0","3","02118","0","","1.0","","1","N","N","","0","","0","0","0","","0","N","","2","0","0","0","0","0","0","2","0","2","","","","N","","","","","","","","","",""
"2015111210","","2","0","0","0","0","0","0","0","0","1","0","","02","10","2015","4","40.348669","-79.941275","","11","0","0","0","0","0","0","0","1","1","0","0","0","","","1","","0","","40 20:55.207","4","0","79 56:28.590","8","0","0","0","2473","0","0","0","N","0","0","0","2","02473","0","","1.0","","9","N","N","","0","","0","0","0","","2","N","","2","1","0","0","0","1","0","2","0","2","","","","N","","","","","","","","","",""
"2015112963","","0","0","0","0","0","0","0","0","0","0","0","","02","10","2015","5","40.430505","-80.026756","","11","0","0","0","0","0","0","0","0","1","0","0","0","","","0","","0","","40 25:49.818","3","0","80 01:36.321","0","0","0","0","2301","0","0","0","N","0","0","0","1","68B03","0","","1.0","","1","N","N","","1","","0","0","0","","0","N","","1","0","0","0","0","0","0","2","0","1","","","","N","","","","","","","","","",""
"2015111497","","1","0","0","0","0","0","0","0","0","7","0","","02","10","2015","7","40.494394","-79.981903","","11","0","0","0","0","0","0","0","0","3","0","0","0","","","1","","0","","40 29:39.820","6","0","79 58:54.852","4","0","0","0","2118","0","0","0","Y","0","0","0","1","02118","1","","5.0","","1","N","N","","0","","0","0","0","","0","Y","","1","1","0","0","0","0","0","2","0","1","","","","N","","","","","","","","","",""
"2015112670","","0","0","0","0","0","0","0","0","0","7","0","","02","11","2015","1","40.435131","-80.011678","","11","0","0","0","0","0","0","0","0","1","0","0","0","","","1","","0","","40 26:06.470","3","0","80 00:42.040","8","0","0","0","2301","0","0","0","N","0","0","0","1","02301","0","","4.0","","1","N","N","","0","","0","0","1","","0","N","","1","1","0","0","0","1","0","2","0","1","","","","N","","","","","","","","","",""
"2015111980","","1","0","0","0","0","0","0","0","0","4","0","","02","10","2015","6","40.438585","-79.781644","","11","0","0","0","0","0","1","1","0","","0","0","0","","","1","","2","","40 26:18.907","","0","79 46:53.917","4","0","0","0","2446","0","0","0","N","0","0","0","5","02446","1","","1.0","","1","N","N","","1","","0","0","0","","0","","","2","1","0","0","0","0","0","2","0","2","","","","N","","","","","","","","","",""
"2015112964","","1","0","0","0","0","0","0","0","0","1","0","","02","10","2015","5","40.592681","-80.095906","","11","0","0","0","1","0","1","0","0","1","0","0","0","","","0","","0","","40 35:33.653","1","0","80 05:45.263","0","0","0","0","2481","0","0","0","N","0","0","0","4","68B03","0","","1.0","","1","N","N","","0","","0","0","3","","0","N","","4","0","0","0","0","0","0","2","0","4","","","","N","","","","","","","","","",""
"2015112049","","1","0","0","0","0","0","0","0","0","4","0","","02","10","2015","6","40.388675","-79.908008","","11","0","0","0","0","0","0","0","0","","0","0","0","","","0","","2","","40 23:19.230","","0","79 54:28.830","0","0","0","0","2448","0","0","0","N","0","0","0","3","02448","0","","1.0","","1","N","N","","1","","0","0","0","","0","","","2","0","0","0","0","0","0","2","0","2","","","","N","","","","","","","","","",""
"2015111428","","1","0","0","0","0","0","0","0","0","1","0","","02","10","2015","3","40.624386","-79.942086","","11","0","0","0","0","0","1","0","0","","0","0","0","","","0","","0","","40 37:27.790","","0","79 56:31.509","0","0","0","0","2217","0","0","0","N","0","0","0","2","02505","0","","1.0","","1","N","N","","0","","0","0","1","","0","","","2","0","0","0","0","0","0","2","0","2","","","","N","","","","","","","","","",""
"2015112965","","1","0","0","0","0","0","0","0","0","1","1","","02","10","2015","6","40.443445","-79.854948","","11","0","0","0","0","0","1","0","1","2","0","0","0","","","1","","0","","40 26:36.403","3","0","79 51:17.814","4","0","0","0","2419","0","0","0","N","0","0","0","5","68B03","1","","1.0","","1","N","N","","0","","0","0","0","","0","N","","2","1","0","0","0","0","0","2","1","2","","","","N","","","","","","","","","",""
"2015112672","","1","0","0","0","0","0","0","0","0","7","0","","02","11","2015","1","40.285369","-79.830419","","11","0","0","0","0","0","0","0","0","","0","0","0","","","0","","0","","40 17:07.330","","0","79 49:49.510","0","0","0","0","2105","0","0","0","N","0","0","0","1","02105","0","","5.0","","9","N","N","","0","","0","0","0","","0","","","1","0","0","0","0","0","0","2","0","1","","","","N","","","","","","","","","",""
"2015112689","","1","0","0","0","0","0","0","0","0","7","0","","02","11","2015","1","40.44311","-79.932894","","11","0","0","0","0","0","0","0","0","","0","0","0","","","0","","1","","40 26:35.196","","0","79 55:58.418","0","0","0","0","2301","0","0","0","N","0","0","0","1","02301","0","","5.0","","1","N","N","","0","","0","0","0","","3","","","1","0","0","0","0","0","0","2","0","1","","","","N","","","","","","","","","",""
"2015112192","","1","0","0","0","0","0","0","0","0","8","0","","02","10","2015","6","40.449156","-79.985424","","11","0","0","0","0","0","0","0","0","","0","0","0","","","1","","2","","40 26:56.961","","0","79 59:07.526","3","0","0","0","2301","1","0","0","N","1","0","0","2","02301","0","","1.0","","1","N","N","","0","","1","0","0","","2","","","2","1","0","0","0","0","0","2","0","1","","","","N","","","","","","","","","",""
"2015112675","","1","0","0","0","0","0","0","0","0","1","0","","02","11","2015","1","40.555766","-79.771226","","11","0","0","0","0","0","1","0","0","","0","0","0","","","3","","0","","40 33:20.756","","0","79 46:16.415","8","0","0","0","2121","0","0","0","N","0","0","0","6","02121","0","","1.0","","9","N","N","","1","","0","0","0","","0","","","2","3","0","0","0","3","0","1","0","2","","","","N","","","","","","","","","",""
"2015113628","","1","0","0","0","0","0","0","0","0","4","0","","02","11","2015","2","40.537222","-79.963693","","11","0","0","0","0","0","0","0","0","1","0","0","0","","","1","","0","","40 32:14.000","6","0","79 57:49.294","4","0","0","0","2118","0","0","0","N","0","0","0","2","02118","1","","1.0","","1","N","N","","1","","0","0","0","","2","N","","2","1","0","0","0","0","0","2","0","2","","","","N","","","","","","","","","",""
"2015111430","","1","0","0","0","0","0","0","0","0","1","0","","02","10","2015","4","40.410447","-80.024728","","11","0","0","0","1","0","0","0","0","","0","0","0","","","1","","0","","40 24:37.610","","0","80 01:29.020","8","0","0","0","2301","0","0","0","N","0","0","0","2","02301","0","","1.0","","9","N","N","","1","","0","0","0","","2","","","2","1","0","0","0","1","0","2","0","2","","","","N","","","","","","","","","",""
"2015116877","","1","0","0","0","0","0","0","0","0","7","0","","02","11","2015","3","40.631107","-79.966293","","11","0","1","0","0","0","0","0","0","2","0","0","0","","","0","","2","","40 37:51.984","6","0","79 57:58.655","0","0","0","0","2217","0","0","0","N","0","0","0","3","02505","0","","4.0","","9","N","N","","0","","0","0","1","","3","Y","","2","0","0","0","0","0","0","2","0","2","","","","N","","","","","","","","","",""
"2015116189","","1","0","0","0","0","0","0","0","0","7","0","","02","11","2015","2","40.468659","-80.277989","","11","0","0","0","0","0","0","0","0","","0","0","0","","","0","","0","","40 28:07.174","","0","80 16:40.761","0","0","0","0","2203","0","0","0","N","0","0","0","1","02203","0","","4.0","","1","N","N","","0","","0","0","0","","0","","","1","0","0","0","0","0","0","1","0","1","","","","N","","","","","","","","","",""
"2015112905","","2","0","0","0","0","0","0","0","0","6","0","","02","11","2015","1","40.466249","-79.99314","","11","0","0","0","0","0","0","0","0","","0","0","0","","","0","","2","","40 27:58.496","","0","79 59:35.304","9","0","0","0","2301","0","0","0","N","0","0","0","3","02301","0","","1.0","","1","N","N","","0","","0","0","0","","3","","","2","0","1","0","0","0","1","2","0","2","","","","N","","","","","","","","","",""
"2015112195","","0","0","0","0","0","0","0","0","0","1","0","","02","10","2015","4","40.501152","-80.181201","","11","0","0","0","0","0","1","1","0","1","0","0","0","","","1","","2","","40 30:04.146","2","0","80 10:52.325","4","0","0","0","2213","0","0","0","N","0","0","0","2","02213","1","","1.0","","9","N","N","","1","","0","0","1","","0","N","","2","1","0","0","0","0","0","2","0","2","","","","N","","","","","","","","","",""
"2015116879","","1","0","0","0","0","0","0","0","0","7","0","","02","11","2015","3","40.34445","-79.883786","","11","0","0","0","0","0","0","0","0","2","0","0","0","","","0","","0","","40 20:40.020","4","0","79 53:01.630","0","0","0","0","2304","0","0","0","N","0","0","0","9","02304","0","","3.0","","9","Y","N","","0","","0","0","0","","0","Y","","2","0","1","0","0","0","0","2","1","2","","","","N","","","","","","","","","",""
"2015115387","","1","0","0","0","0","0","0","0","0","99","0","","02","11","2015","6","40.514748","-80.278044","","11","0","0","0","0","0","0","0","0","","0","0","0","","","0","","0","","40 30:53.093","","0","80 16:40.959","0","0","0","0","2203","0","0","0","N","0","0","0","1","68B03","0","","1.0","","1","N","N","","0","","0","0","0","","0","","","1","0","0","0","0","0","0","1","0","1","","","","N","","","","","","","","","",""
"2015112070","","1","0","0","0","0","0","0","0","0","4","0","","02","10","2015","6","40.449027","-79.951897","","11","0","0","0","0","0","0","1","0","1","0","0","0","","","0","","1","","40 26:56.497","4","0","79 57:06.829","0","0","0","0","2301","0","0","0","N","0","0","0","2","02301","0","","1.0","","1","N","N","","0","","0","0","1","","3","N","","2","0","0","0","0","0","0","2","0","2","","","","N","","","","","","","","","",""
"2015112056","","0","0","0","0","0","0","0","0","0","7","0","","02","10","2015","1","40.475113","-79.768034","","11","0","0","0","1","0","0","0","0","","0","0","0","","","0","","2","","40 28:30.406","","0","79 46:04.921","0","0","0","0","2466","0","0","0","N","0","0","0","1","02466","0","","5.0","","1","N","N","","1","","0","0","0","","3","","","1","0","0","0","0","0","0","2","0","1","","","","N","","","","","","","","","",""
"2015113633","","2","0","0","0","0","0","0","0","0","1","0","","02","11","2015","3","40.576916","-80.222071","","11","0","0","0","0","0","0","2","0","1","0","0","0","","","2","","0","","40 34:36.899","6","7","80 13:19.455","8","0","0","0","2441","0","0","0","N","0","0","0","7","02441","0","","1.0","","1","N","N","","1","","0","0","1","","2","Y","","4","2","5","0","0","2","0","2","0","4","","","","N","","","","","","","","","",""
"2015112908","","1","0","0","0","0","0","0","0","0","99","0","","02","10","2015","7","40.660499","-79.873531","","11","0","0","0","0","0","0","0","0","","0","0","0","","","0","","2","","40 39:37.797","","0","79 52:24.711","0","0","0","0","2220","0","0","0","N","0","0","0","1","02220","0","","5.0","","1","N","N","","0","","0","0","0","","0","","","1","0","0","0","0","0","0","1","0","1","","","","N","","","","","","","","","",""
"2015113573","","2","0","0","0","0","0","0","0","0","4","0","","02","11","2015","3","40.461529","-79.968838","","11","0","0","0","0","0","1","0","0","","0","0","0","","","1","","1","","40 27:41.505","","0","79 58:07.817","4","0","0","0","2301","0","0","0","N","0","0","0","2","02301","1","","1.0","","1","N","N","","0","","0","0","0","","3","","","2","1","0","0","0","0","0","2","0","2","","","","N","","","","","","","","","",""
"2015113636","","0","0","0","0","0","0","0","0","0","8","0","","02","11","2015","3","40.40921","-79.94386","","11","0","0","0","0","0","0","0","1","1","0","0","0","","","1","","2","","40 24:33.155","2","0","79 56:37.896","8","0","0","0","2301","1","0","0","N","1","0","0","2","02301","0","","1.0","","1","N","N","","0","","0","0","1","","3","N","","2","1","0","0","0","1","0","2","0","1","","","","N","","","","","","","","","",""
"2015113055","","1","0","0","0","0","0","0","0","0","7","0","","02","11","2015","2","40.464717","-79.898797","","11","0","0","0","0","0","0","0","0","9","0","0","0","","","2","","0","","40 27:52.980","4","0","79 53:55.670","8","0","0","0","2301","0","0","0","N","0","0","0","2","02301","0","","5.0","","1","N","N","","0","","0","0","0","","0","Y","","1","2","1","0","0","2","0","2","0","1","","","","N","","","","","","","","","",""
"2015113650","","1","0","0","0","0","0","0","0","0","1","0","","02","11","2015","2","40.486637","-79.890689","","11","0","0","0","0","0","0","0","0","","0","0","0","","","1","","0","","40 29:11.894","","0","79 53:26.482","4","0","0","0","2301","0","0","0","N","0","0","0","1","02301","1","","1.0","","1","N","N","","0","","0","0","1","","2","","","2","1","0","0","0","0","0","2","0","2","","","","N","","","","","","","","","",""
"2015113717","","1","0","0","0","0","0","0","0","0","7","0","","02","10","2015","1","40.550045","-80.086591","","11","0","0","0","0","0","0","0","0","2","0","0","0","","","1","","0","","40 33:00.162","2","0","80 05:11.727","4","0","0","0","2215","0","0","0","N","0","0","0","1","68B03","1","","3.0","","9","N","N","","0","","0","0","0","","0","N","","1","1","0","0","0","0","0","2","0","1","","","","N","","","","","","","","","",""
"2015112062","","2","0","0","0","0","0","0","0","0","4","0","","02","10","2015","6","40.499994","-80.052489","","11","0","0","0","0","0","2","0","0","1","0","0","0","","","2","","1","","40 29:59.978","2","0","80 03:08.960","3","0","0","0","2404","0","0","0","","0","0","0","4","02404","1","","1.0","","1","","","","0","","1","0","0","","3","Y","","2","2","0","0","0","0","0","2","0","2","","","","N","","","","","","","","","",""
"2015113651","","1","0","0","0","0","0","0","0","0","7","0","","02","11","2015","2","40.451942","-80.055925","","11","0","0","0","0","0","0","0","0","","0","0","0","","","0","","0","","40 27:06.990","","0","80 03:21.330","0","0","0","0","2301","0","0","0","Y","0","0","0","1","02301","0","","2.0","","1","N","N","","0","","0","0","0","","0","","","1","0","0","0","0","0","0","2","0","1","","","","N","","","","","","","","","",""
"2015113718","","1","0","0","0","0","0","0","0","0","1","0","","02","11","2015","1","40.442659","-79.838388","","11","0","0","0","0","0","0","1","0","2","0","0","0","","","2","","0","","40 26:33.573","3","0","79 50:18.195","8","0","0","0","2419","0","0","0","N","0","0","0","3","68B03","0","","1.0","","1","N","N","","0","","0","0","1","","0","N","","2","2","0","0","0","2","0","2","0","2","","","","N","","","","","","","","","",""
"2015111168","","2","0","0","0","0","0","0","0","0","1","0","","02","10","2015","4","40.452091","-79.843853","","11","0","0","0","0","0","2","0","0","","0","0","0","","","2","","0","","40 27:07.526","","0","79 50:37.870","8","0","0","0","2113","0","0","0","N","0","0","0","5","02113","0","","1.0","","9","N","N","","1","","0","0","0","","0","","","3","2","0","0","0","2","0","2","0","3","","","","N","","","","","","","","","",""
"2015111993","","2","0","0","0","0","0","0","0","0","2","0","","02","10","2015","1","40.468247","-79.919278","","11","0","0","0","0","0","0","1","0","","0","0","0","","","0","","0","","40 28:05.690","","0","79 55:09.400","0","0","0","0","2301","0","0","0","N","0","0","0","1","02301","0","","2.0","","1","N","N","","0","","0","0","0","","0","","","2","0","0","0","0","0","0","2","0","2","","","","N","","","","","","","","","",""
"2015113719","","0","0","0","0","0","0","0","0","0","99","0","","02","11","2015","3","40.416768","-80.103413","","11","0","0","0","0","0","1","0","0","","0","0","0","","","0","","0","","40 25:00.364","","0","80 06:12.285","0","0","0","0","2115","0","0","0","N","0","0","0","1","68B03","0","","1.0","","1","N","N","","0","","0","0","1","","0","","","1","0","0","0","0","0","0","2","0","1","","","","N","","","","","","","","","",""
"2015113653","","2","0","0","0","0","0","0","0","0","4","0","","02","10","2015","1","40.3677","-80.083249","","11","0","0","1","0","1","0","0","0","1","0","0","0","","","0","","1","","40 22:03.720","5","0","80 04:59.696","0","0","0","0","2117","0","0","0","N","0","0","0","5","02117","0","","1.0","","1","N","N","","0","","0","0","0","","3","Y","","2","0","0","0","0","0","0","2","0","2","","","","N","","","","","","","","","",""
"2015111995","","1","0","0","0","0","0","0","0","0","4","0","","02","10","2015","6","40.416664","-79.988167","","11","0","0","0","0","0","1","0","1","2","0","0","0","","","0","","1","","40 24:59.990","1","0","79 59:17.401","0","0","0","0","2301","0","0","0","N","0","0","0","2","02301","0","","1.0","","1","N","N","","0","","0","0","1","","3","N","","2","0","0","0","0","0","0","2","0","2","","","","N","","","","","","","","","",""
"2015113654","","0","0","0","0","0","0","0","0","0","7","0","","02","10","2015","3","40.60938","-79.783345","","11","0","0","0","0","0","1","0","0","1","0","0","0","","","0","","0","","40 36:33.768","5","0","79 47:00.042","0","0","0","0","2206","0","0","0","N","0","0","0","1","02206","0","","2.0","","1","N","N","","1","","0","0","0","","0","Y","","1","0","0","0","0","0","0","1","0","1","","","","N","","","","","","","","","",""