"CRN","ARRIVAL_TM","AUTOMOBILE_COUNT","BELTED_DEATH_COUNT","BELTED_SUSP_SERIOUS_INJ_COUNT","BICYCLE_COUNT","BICYCLE_DEATH_COUNT","BICYCLE_SUSP_SERIOUS_INJ_COUNT","BUS_COUNT","CHLDPAS_DEATH_COUNT","CHLDPAS_SUSP_SERIOUS_INJ_COUNT","COLLISION_TYPE","COMM_VEH_COUNT","CONS_ZONE_SPD_LIM","COUNTY","CRASH_MONTH","CRASH_YEAR","DAY_OF_WEEK","DEC_LATITUDE","DEC_LONGITUDE","DISPATCH_TM","DISTRICT","DRIVER_COUNT_16YR","DRIVER_COUNT_17YR","DRIVER_COUNT_18YR","DRIVER_COUNT_19YR","DRIVER_COUNT_20YR","DRIVER_COUNT_50_64YR","DRIVER_COUNT_65_74YR","DRIVER_COUNT_75PLUS","EST_HRS_CLOSED","FATAL_COUNT","HEAVY_TRUCK_COUNT","HORSE_BUGGY_COUNT","HOUR_OF_DAY","ILLUMINATION","INJURY_COUNT","INTERSECTION_RELATED","INTERSECT_TYPE","LANE_CLOSED","LATITUDE","LN_CLOSE_DIR","LOCATION_TYPE","LONGITUDE","MAX_SEVERITY_LEVEL","MCYCLE_DEATH_COUNT","MCYCLE_SUSP_SERIOUS_INJ_COUNT","MOTORCYCLE_COUNT","MUNICIPALITY","NONMOTR_COUNT","NONMOTR_DEATH_COUNT","NONMOTR_SUSP_SERIOUS_INJ_COUNT","NTFY_HIWY_MAINT","PED_COUNT","PED_DEATH_COUNT","PED_SUSP_SERIOUS_INJ_COUNT","PERSON_COUNT","POLICE_AGCY","POSSIBLE_INJ_COUNT","RDWY_SURF_TYPE_CD","RELATION_TO_ROAD","ROADWAY_CLEARED","ROAD_CONDITION","SCH_BUS_IND","SCH_ZONE_IND","SECONDARY_CRASH","SMALL_TRUCK_COUNT","SPEC_JURIS_CD","SUSP_MINOR_INJ_COUNT","SUSP_SERIOUS_INJ_COUNT","SUV_COUNT","TCD_FUNC_CD","TCD_TYPE","TFC_DETOUR_IND","TIME_OF_DAY","TOTAL_UNITS","TOT_INJ_COUNT","UNBELTED_OCC_COUNT","UNB_DEATH_COUNT","UNB_SUSP_SERIOUS_INJ_COUNT","UNK_INJ_DEG_COUNT","UNK_INJ_PER_COUNT","URBAN_RURAL","VAN_COUNT","VEHICLE_COUNT","WEATHER1","WEATHER2","WORKERS_PRES","WORK_ZONE_IND","WORK_ZONE_LOC","WORK_ZONE_TYPE","WZ_CLOSE_DETOUR","WZ_FLAGGER","WZ_LAW_OFFCR_IND","WZ_LN_CLOSURE","WZ_MOVING","WZ_OTHER","WZ_SHLDER_MDN","WZ_WORKERS_INJ_KILLED"
"2015117093","","1","0","0","0","0","0","0","0","0","4","0","","02","11","2015","2","40.576876","-80.055876","","11","0","0","0","0","0","1","0","0","","0","0","0","","","0","","1","","40 34:36.753","","0","80 03:21.153","0","0","0","0","2108","0","0","0","N","0","0","0","2","02108","0","","1.0","","1","N","N","","0","","0","0","1","","3","","","2","0","0","0","0","0","0","2","0","2","","","","N","","","","","","","","","",""
"2015114925","","2","0","0","0","0","0","0","0","0","4","0","","02","11","2015","6","40.475061","-79.958713","","11","0","0","0","0","0","1","0","0","","0","0","0","","","0","","0","","40 28:30.220","","0","79 57:31.366","0","0","0","0","2301","0","0","0","N","0","0","0","1","02301","0","","2.0","","9","N","N","","0","","0","0","0","","0","","","2","0","0","0","0","0","0","2","0","2","","","","N","","","","","","","","","",""
"2015115768","","2","0","0","0","0","0","0","0","0","1","0","","02","11","2015","5","40.428849","-79.956164","","11","0","0","0","0","1","0","0","0","","0","0","0","","","0","","6","","40 25:43.856","","2","79 57:22.191","0","0","0","0","2301","0","0","0","N","0","0","0","2","68B03","0","","1.0","","1","N","N","","0","","0","0","0","","4","","","2","0","0","0","0","0","0","2","0","2","","","","N","","","","","","","","","",""
"2015117094","","1","0","0","0","0","0","0","0","0","7","0","","02","11","2015","3","40.595603","-80.028883","","11","0","0","0","0","0","0","0","1","","0","0","0","","","0","","0","","40 35:44.170","","0","80 01:43.980","0","0","0","0","2108","0","0","0","N","0","0","0","1","02108","0","","4.0","","9","N","N","","0","","0","0","0","","0","","","1","0","0","0","0","0","0","2","0","1","","","","N","","","","","","","","","",""
"2015114926","","1","0","0","0","0","0","0","0","0","7","0","","02","11","2015","6","40.410604","-80.0107","","11","0","0","0","0","0","0","0","0","1","0","0","0","","","0","","0","","40 24:38.176","1","0","80 00:38.521","0","0","0","0","2301","0","0","0","N","0","0","0","1","02301","0","","2.0","","9","N","N","","0","","0","0","0","","0","N","","1","0","0","0","0","0","0","2","0","1","","","","N","","","","","","","","","",""
"2015114998","","1","0","0","0","0","0","0","0","0","7","0","","02","11","2015","6","40.549719","-79.959331","","11","0","0","0","0","0","0","0","0","1","0","0","0","","","0","","0","","40 32:58.989","4","0","79 57:33.590","0","0","0","0","2118","0","0","0","N","0","0","0","1","02118","0","","2.0","","9","N","N","","0","","0","0","0","","0","N","","1","0","0","0","0","0","0","2","0","1","","","","N","","","","","","","","","",""
"2015116561","","2","0","0","0","0","0","0","0","0","4","1","","02","11","2015","3","40.543498","-79.760682","","11","0","0","0","0","0","0","1","0","1","0","1","0","","","1","","0","","40 32:36.594","5","0","79 45:38.454","8","0","0","0","2466","0","0","0","N","0","0","0","3","02466","0","","1.0","","9","N","N","","0","","0","0","0","","0","N","","3","1","0","0","0","1","0","1","0","3","","","","N","","","","","","","","","",""
"2015115769","","3","0","0","0","0","0","0","0","0","1","0","","02","11","2015","5","40.409759","-80.107925","","11","0","0","0","0","1","1","0","0","1","0","0","0","","","2","","0","","40 24:35.134","2","0","80 06:28.530","8","0","0","0","2102","0","0","0","N","0","0","0","5","68B03","0","","1.0","","1","N","N","","0","","0","0","0","","0","N","","3","2","0","0","0","2","0","2","0","3","","","","N","","","","","","","","","",""
"2015116574","","1","0","0","0","0","0","0","0","0","2","0","","02","11","2015","2","40.308709","-79.912795","","11","0","0","0","0","0","1","0","0","3","0","0","0","","","2","","2","","40 18:31.352","6","0","79 54:46.061","2","0","0","0","2440","0","0","0","N","0","0","0","2","02440","1","","1.0","","1","N","N","","0","","0","1","1","","0","Y","","2","2","1","0","1","0","0","2","0","2","","","","N","","","","","","","","","",""
"2015116708","","0","0","0","0","0","0","1","0","0","8","1","","02","11","2015","3","40.443796","-79.955738","","11","0","0","0","0","0","0","0","0","1","0","0","0","","","1","","2","","40 26:37.665","6","0","79 57:20.656","4","0","0","0","2301","1","0","0","N","1","0","0","7","02503","1","","1.0","","9","N","N","","0","","0","0","0","","0","N","","2","1","0","0","0","0","0","2","0","1","","","","N","","","","","","","","","",""
"2015116720","","0","0","0","0","0","0","0","0","0","99","0","","02","10","2015","3","40.541316","-80.202174","","11","0","0","0","0","0","0","0","0","3","0","0","0","","","1","","2","","40 32:28.736","5","0","80 12:07.827","2","0","1","1","2213","0","0","0","N","0","0","0","1","02213","0","","1.0","","1","N","N","","0","","0","1","0","","0","Y","","1","1","0","0","0","0","0","2","0","1","","","","N","","","","","","","","","",""
"2015117095","","1","0","0","0","0","0","0","0","0","7","0","","02","11","2015","4","40.566689","-80.045767","","11","0","0","0","0","0","0","0","0","3","0","0","0","","","1","","0","","40 34:00.080","6","0","80 02:44.760","8","0","0","0","2108","0","0","0","Y","0","0","0","1","02108","0","","2.0","","9","N","N","","0","","0","0","0","","0","N","","1","1","0","0","0","1","0","2","0","1","","","","N","","","","","","","","","",""
"2015114927","","0","0","0","0","0","0","0","0","0","8","0","","02","11","2015","3","40.431737","-79.772118","","11","0","0","0","0","0","0","1","0","","1","0","0","","","0","","0","","40 25:54.253","","7","79 46:19.624","1","0","0","0","2446","1","1","0","N","1","1","0","2","02446","0","2","1.0","","1","N","N","","0","0","0","0","1","","8","","","2","0","0","0","0","0","0","2","0","1","","","","N","","","","","","","","","",""
"2015115770","","2","0","0","0","0","0","0","0","0","1","0","","02","11","2015","6","40.42624","-79.914872","","11","0","0","0","0","0","1","0","0","","0","0","0","","","0","","0","","40 25:34.463","","4","79 54:53.540","0","0","0","0","2301","0","0","0","N","0","0","0","3","68B03","0","","1.0","","1","N","N","","0","","0","0","1","","0","","","3","0","0","0","0","0","0","2","0","3","","","","N","","","","","","","","","",""
"2015115898","","1","0","0","0","0","0","0","0","0","4","0","","02","11","2015","1","40.455905","-79.938602","","11","0","0","0","0","0","0","0","0","","0","0","0","","","0","","1","","40 27:21.258","","0","79 56:18.967","0","0","0","0","2301","0","0","0","N","0","0","0","3","02301","0","","1.0","","1","N","N","","0","","0","0","1","","2","","","2","0","0","0","0","0","0","2","0","2","","","","N","","","","","","","","","",""
"2015116721","","1","0","0","0","0","0","0","0","0","4","0","","02","11","2015","5","40.519771","-80.217904","","11","0","0","0","0","0","0","0","1","","0","0","0","","","1","","1","","40 31:11.175","","0","80 13:04.453","8","0","0","0","2213","0","0","0","N","0","0","0","5","02213","0","","1.0","","1","N","N","","0","","0","0","1","","2","","","2","1","0","0","0","1","0","2","0","2","","","","N","","","","","","","","","",""
"2015116563","","2","0","0","0","0","0","0","0","0","1","0","","02","11","2015","2","40.343634","-79.970411","","11","0","0","0","0","0","0","0","0","","0","0","0","","","0","","0","","40 20:37.083","","0","79 58:13.478","0","0","0","0","2403","0","0","0","N","0","0","0","3","02403","0","","1.0","","1","N","N","","1","","0","0","0","","2","","","3","0","0","0","0","0","0","2","0","3","","","","N","","","","","","","","","",""
"2015115771","","1","0","0","0","0","0","0","0","0","1","0","","02","11","2015","6","40.432766","-79.871768","","11","0","0","0","0","0","1","0","0","","0","0","0","","","0","","2","","40 25:57.957","","2","79 52:18.366","9","0","0","0","2411","0","0","0","N","0","0","0","2","68B03","0","","1.0","","1","N","N","","1","","0","0","0","","3","","","2","0","1","0","0","0","1","2","0","2","","","","N","","","","","","","","","",""
"2015116710","","0","0","0","0","0","0","0","0","0","4","0","","02","11","2015","3","40.435004","-79.993029","","11","0","0","0","0","0","1","0","0","1","0","0","0","","","1","","7","","40 26:06.016","5","2","79 59:34.906","3","0","0","0","2301","0","0","0","N","0","0","0","2","02301","0","","1.0","","9","N","N","","1","","1","0","1","","3","N","","2","1","0","0","0","0","0","2","0","2","","","","N","","","","","","","","","",""
"2015115153","","0","0","0","0","0","0","0","0","0","1","0","","02","11","2015","6","40.429685","-79.924616","","11","0","0","0","0","0","2","0","0","1","0","0","0","","","2","","0","","40 25:46.866","3","0","79 55:28.617","4","0","0","0","2301","0","0","0","N","0","0","0","4","02301","1","","1.0","","1","N","N","","0","","0","0","3","","0","Y","","3","2","0","0","0","1","0","2","0","3","","","","N","","","","","","","","","",""
"2015116722","","1","0","0","0","0","0","0","0","0","4","0","","02","11","2015","7","40.519726","-80.217799","","11","0","0","0","1","0","0","0","0","2","0","0","0","","","1","","2","","40 31:11.012","5","0","80 13:04.075","4","0","0","0","2213","0","0","0","N","0","0","0","4","02213","1","","1.0","","1","N","N","","0","","0","0","1","","2","N","","2","1","0","0","0","0","0","2","0","2","","","","N","","","","","","","","","",""
"2015115772","","3","0","0","0","0","0","0","0","0","1","0","","02","11","2015","6","40.431972","-79.87177","","11","0","0","0","0","1","1","0","0","1","0","0","0","","","0","","0","","40 25:55.099","4","0","79 52:18.371","9","0","0","0","2411","0","0","0","N","0","0","0","4","68B03","0","","1.0","","1","N","N","","0","","0","0","0","","0","N","","3","0","0","0","0","0","1","2","0","3","","","","N","","","","","","","","","",""
"2015116577","","1","0","0","0","0","0","0","0","0","1","0","","02","10","2015","1","40.507962","-80.08965","","11","0","0","0","0","0","0","0","0","","0","0","0","","","0","","1","","40 30:28.663","","0","80 05:22.740","0","0","0","0","2429","0","0","0","N","0","0","0","2","02215","0","","1.0","","1","N","N","","1","","0","0","0","","0","","","2","0","0","0","0","0","0","2","0","2","","","","N","","","","","","","","","",""
"2015116640","","1","0","0","0","0","0","0","0","0","4","1","","02","11","2015","3","40.428584","-79.993543","","11","0","0","0","0","0","1","0","0","1","0","1","0","","","0","","2","","40 25:42.902","4","0","79 59:36.754","0","0","0","0","2301","0","0","0","N","0","0","0","2","02301","0","","1.0","","9","N","N","","0","","0","0","0","","0","N","","2","0","0","0","0","0","0","2","0","2","","","","N","","","","","","","","","",""
"2015115773","","1","0","0","0","0","0","0","0","0","7","0","","02","11","2015","6","40.577831","-80.117074","","11","0","0","0","0","0","0","0","0","","0","0","0","","","0","","0","","40 34:40.192","","0","80 07:01.466","0","0","0","0","2481","0","0","0","N","0","0","0","1","68B03","0","","2.0","","1","N","N","","0","","0","0","0","","0","","","1","0","0","0","0","0","0","2","0","1","","","","N","","","","","","","","","",""
"2015115631","","1","0","0","0","0","0","0","0","0","7","0","","02","11","2015","7","40.487283","-80.045024","","11","0","0","0","0","1","0","0","0","","0","0","0","","","0","","2","","40 29:14.218","","0","80 02:42.086","0","0","0","0","2301","0","0","0","N","0","0","0","2","02301","0","","5.0","","1","N","N","","0","","0","0","0","","0","","","1","0","1","0","0","0","0","2","0","1","","","","N","","","","","","","","","",""
"2015114247","","1","0","0","0","0","0","0","0","0","99","0","","02","11","2015","3","40.461797","-79.760434","","11","0","0","0","0","0","1","0","0","","0","0","0","","","0","","0","","40 27:42.468","","0","79 45:37.564","0","0","0","0","2466","0","0","0","N","0","0","0","1","68T02","0","","1.0","","1","N","N","","0","","0","0","0","","0","","","1","0","0","0","0","0","0","2","0","1","","","","N","","","","","","","","","",""
"2015115902","","2","0","0","0","0","0","0","0","0","4","0","","02","11","2015","1","40.418907","-79.973491","","11","0","0","0","0","0","0","0","0","2","0","0","0","","","2","","2","","40 25:08.065","7","0","79 58:24.567","8","0","0","0","2301","0","0","0","N","0","0","0","4","02301","0","","1.0","","1","N","N","","0","","0","0","0","","0","Y","","2","2","0","0","0","2","0","2","0","2","","","","N","","","","","","","","","",""
"2015114248","","0","0","0","0","0","0","0","0","0","99","0","","02","11","2015","3","40.667494","-80.098135","","11","0","0","0","0","0","1","0","0","","0","0","0","","","0","","0","","40 40:02.978","","0","80 05:53.287","0","0","0","0","2212","0","0","0","N","0","0","0","1","68T02","0","","1.0","","1","N","N","","0","","0","0","1","","0","","","1","0","0","0","0","0","0","2","0","1","","","","N","","","","","","","","","",""
"2015115903","","1","0","0","0","0","0","0","0","0","8","0","","02","11","2015","1","40.42875","-79.980556","","11","0","0","0","0","0","0","0","0","","0","0","0","","","1","","1","","40 25:43.501","","0","79 58:50.003","4","0","0","0","2301","1","0","0","N","1","0","0","2","02301","1","","1.0","","1","N","N","","0","","0","0","0","","2","","","2","1","0","0","0","0","1","2","0","1","","","","N","","","","","","","","","",""
"2015115158","","1","0","0","0","0","0","0","0","0","4","0","","02","11","2015","4","40.403649","-80.041425","","11","0","0","0","0","0","0","0","0","1","0","0","0","","","0","","1","","40 24:13.137","4","0","80 02:29.131","9","0","0","0","2301","0","0","0","N","0","0","0","3","02301","0","","2.0","","1","N","N","","1","","0","0","1","","0","N","","3","0","0","0","0","0","2","2","0","3","","","","N","","","","","","","","","",""
"2015115916","","1","0","0","0","0","0","0","0","0","7","0","","02","11","2015","1","40.463456","-79.952144","","11","0","0","0","0","0","0","0","0","1","0","0","0","","","0","","0","","40 27:48.440","1","0","79 57:07.720","0","0","0","0","2301","0","0","0","N","0","0","0","0","02301","0","","5.0","","1","N","N","","0","","0","0","0","","0","N","","1","0","0","0","0","0","0","2","0","1","","","","N","","","","","","","","","",""
"2015115159","","3","0","0","0","0","0","0","0","0","1","0","","02","11","2015","5","40.561325","-80.013073","","11","0","0","0","0","0","0","0","1","","0","0","0","","","0","","1","","40 33:40.771","","0","80 00:47.064","0","0","0","0","2108","0","0","0","N","0","0","0","3","02108","0","","1.0","","1","N","N","","0","","0","0","0","","2","","","3","0","0","0","0","0","0","2","0","3","","","","N","","","","","","","","","",""
"2015114934","","1","0","0","1","0","0","0","0","0","8","0","","02","11","2015","6","40.464492","-79.967672","","11","0","0","0","0","0","1","0","0","","0","0","0","","","1","","1","","40 27:52.171","","0","79 58:03.619","4","0","0","0","2301","1","0","0","N","0","0","0","2","02301","1","","1.0","","9","N","N","","0","","0","0","0","","0","","","2","1","0","0","0","0","0","2","0","1","","","","N","","","","","","","","","",""
"2015116501","","0","0","0","0","0","0","0","0","0","99","0","","02","11","2015","4","40.445759","-79.753632","","11","0","0","0","0","0","0","0","0","","0","0","0","","","0","","0","","40 26:44.733","","0","79 45:13.075","0","0","0","0","2446","0","0","0","N","0","0","0","3","68T02","0","","1.0","","1","N","N","","0","","0","0","1","","0","","","1","0","0","0","0","0","0","2","0","1","","","","N","","","","","","","","","",""
"2015115161","","2","0","0","0","0","0","0","0","0","4","0","","02","10","2015","1","40.516856","-80.162703","","11","0","0","0","0","0","1","0","0","","0","0","0","","","1","","1","","40 31:00.680","","0","80 09:45.732","8","0","0","0","2420","0","0","0","N","0","0","0","2","02420","0","","1.0","","9","N","N","","1","","0","0","0","","2","","","3","1","0","0","0","1","0","2","0","3","","","","N","","","","","","","","","",""
"2015114453","","2","0","0","0","0","0","0","0","0","1","0","","02","11","2015","5","40.45158","-80.051236","","11","0","0","0","0","0","2","0","0","","0","0","0","","","0","","2","","40 27:05.688","","0","80 03:04.449","0","0","0","0","2301","0","0","0","N","0","0","0","3","02301","0","","1.0","","1","N","N","","0","","0","0","0","","3","","","2","0","0","0","0","0","0","2","0","2","","","","N","","","","","","","","","",""
"2015114935","","1","0","0","0","0","0","0","0","0","4","0","","02","11","2015","6","40.586538","-79.950408","","11","0","0","0","0","0","0","0","0","1","0","0","0","","","1","","2","","40 35:11.535","1","0","79 57:01.467","8","0","0","0","2207","0","0","0","N","0","0","0","2","02207","0","","1.0","","1","N","N","","1","","0","0","0","","3","N","","2","1","0","0","0","1","0","2","0","2","","","","N","","","","","","","","","",""
"2015116664","","2","0","0","0","0","0","0","0","0","2","0","","02","11","2015","2","40.593924","-79.830717","","11","0","0","0","0","0","1","0","0","","0","0","0","","","0","","0","","40 35:38.126","","0","79 49:50.580","0","0","0","0","2209","0","0","0","N","0","0","0","2","02209","0","","1.0","","1","N","N","","0","","0","0","0","","0","","","2","0","0","0","0","0","0","1","0","2","","","","N","","","","","","","","","",""
"2015115162","","1","0","0","0","0","0","0","0","0","1","0","","02","10","2015","7","40.514045","-80.155239","","11","0","0","0","0","0","1","0","0","","0","0","0","","","0","","0","","40 30:50.562","","0","80 09:18.860","0","0","0","0","2420","0","0","0","N","0","0","0","1","02420","0","","6.0","","9","N","N","","1","","0","0","0","","0","","","2","0","1","0","0","0","0","2","0","2","","","","N","","","","","","","","","",""
"2015115919","","0","0","0","0","0","0","0","0","0","4","0","","02","11","2015","7","40.550391","-80.185888","","11","0","0","0","0","0","0","0","0","","0","0","0","","","0","","0","","40 33:01.407","","0","80 11:09.196","0","0","0","0","2427","0","0","0","N","0","0","0","1","02427","0","","1.0","","1","N","N","","0","","0","0","2","","0","","","2","0","0","0","0","0","0","2","0","2","","","","N","","","","","","","","","",""
"2015115149","","1","0","0","0","0","0","0","0","0","1","0","","02","11","2015","6","40.478625","-80.043626","","11","0","0","0","0","0","0","0","1","2","0","0","0","","","1","","0","","40 28:43.050","4","3","80 02:37.052","8","0","0","0","2301","0","0","0","N","0","0","0","1","02301","0","","1.0","","1","N","N","","0","","0","0","1","","2","N","","2","1","1","0","0","1","0","2","0","2","","","","N","","","","","","","","","",""
"2015116668","","1","0","0","0","0","0","0","0","0","1","0","","02","11","2015","3","40.418234","-79.849043","","11","0","0","0","0","0","1","0","0","1","0","0","0","","","0","","0","","40 25:05.641","3","0","79 50:56.553","0","0","0","0","2431","0","0","0","N","0","0","0","2","02431","0","","1.0","","9","N","N","","0","","0","0","0","","0","N","","2","0","0","0","0","0","0","2","1","2","","","","N","","","","","","","","","",""
"2015114523","","1","0","0","0","0","0","0","0","0","6","0","","02","11","2015","4","40.363912","-79.984146","","11","0","0","0","0","0","0","1","0","2","0","0","0","","","2","","0","","40 21:50.082","2","0","79 59:02.924","4","0","0","0","2413","0","0","0","N","0","0","0","3","02413","1","","1.0","","1","N","N","","1","","0","0","1","","0","N","","3","2","0","0","0","1","0","2","0","3","","","","N","","","","","","","","","",""
"2015115718","","0","0","0","0","0","0","0","0","0","4","2","","02","11","2015","6","40.404519","-80.055525","","11","0","0","0","0","0","1","0","0","1","0","1","0","","","1","","2","","40 24:16.270","2","0","80 03:19.889","4","0","0","0","2435","0","0","0","N","0","0","0","2","02435","1","","1.0","","1","N","N","","1","","0","0","0","","2","N","","2","1","0","0","0","0","0","2","0","2","","","","N","","","","","","","","","",""
"2015116520","","2","0","0","0","0","0","0","0","0","5","0","","02","11","2015","5","40.333067","-79.891641","","11","0","0","0","0","0","0","0","0","","0","0","0","","","0","","0","","40 19:59.042","","0","79 53:29.907","0","0","0","0","2433","0","0","0","N","0","0","0","1","02433","0","","1.0","","1","N","N","","0","","0","0","0","","0","","","2","0","0","0","0","0","0","2","0","2","","","","N","","","","","","","","","",""
"2015115923","","2","0","0","0","0","0","0","0","0","5","0","","02","11","2015","7","40.423547","-79.882367","","11","0","0","0","0","1","0","0","0","2","0","0","0","","","0","","0","","40 25:24.770","5","0","79 52:56.520","0","0","0","0","2463","0","0","0","N","0","0","0","2","02463","0","","1.0","","1","N","N","","0","","0","0","0","","0","Y","","2","0","0","0","0","0","0","2","0","2","","","","N","","","","","","","","","",""
"2015114458","","1","0","0","0","0","0","0","0","0","1","0","","02","10","2015","7","40.56825","-80.022056","","11","0","0","0","0","0","1","0","0","","0","0","0","","","0","","0","","40 34:05.700","","0","80 01:19.400","0","0","0","0","2108","0","0","0","N","0","0","0","3","02108","0","","1.0","","1","N","N","","0","","0","0","1","","2","","","2","0","0","0","0","0","0","2","0","2","","","","N","","","","","","","","","",""
"2015114524","","0","0","0","0","0","0","0","0","0","0","0","","02","11","2015","5","40.41965","-80.003356","","11","0","0","0","0","0","0","0","0","","0","0","0","","","1","","0","","40 25:10.740","","0","80 00:12.080","4","0","0","1","2301","0","0","0","N","0","0","0","1","02301","1","","1.0","","1","N","N","","0","","0","0","0","","0","","","1","1","0","0","0","0","0","2","0","1","","","","N","","","","","","","","","",""
"2015114941","","2","0","0","0","0","0","0","0","0","4","0","","02","11","2015","6","40.473331","-80.001031","","11","0","0","0","0","0","1","0","0","","0","0","0","","","0","","0","","40 28:23.990","","0","80 00:03.710","0","0","0","0","2301","0","0","0","N","0","0","0","2","02301","0","","1.0","","9","N","N","","0","","0","0","0","","0","","","3","0","0","0","0","0","0","2","1","3","","","","N","","","","","","","","","",""
"2015114257","","1","0","0","0","0","0","0","0","0","1","0","","02","11","2015","4","40.37155","-79.809387","","11","0","0","0","0","0","1","0","0","","0","0","0","","","0","","2","","40 22:17.580","","0","79 48:33.793","0","0","0","0","2111","0","0","0","N","0","0","0","3","02111","0","","1.0","","1","N","N","","0","","0","0","1","","0","","","2","0","0","0","0","0","0","2","0","2","","","","N","","","","","","","","","",""
"2015114395","","1","0","0","0","0","0","0","0","0","99","0","","02","11","2015","5","40.273696","-79.900208","","11","0","0","0","0","0","0","0","0","","0","0","0","","","0","","0","","40 16:25.306","","0","79 54:00.748","0","0","0","0","2440","0","0","0","N","0","0","0","1","02440","0","","1.0","","1","N","N","","0","","0","0","0","","0","","","1","0","0","0","0","0","0","2","0","1","","","","N","","","","","","","","","",""
"2015114459","","3","0","0","0","0","0","0","0","0","1","0","","02","11","2015","3","40.566187","-80.038019","","11","0","1","0","1","0","0","0","1","","0","0","0","","","1","","2","","40 33:58.272","","0","80 02:16.867","8","0","0","0","2108","0","0","0","N","0","0","0","5","02108","0","","1.0","","1","N","N","","0","","0","0","0","","2","","","3","1","0","0","0","1","0","2","0","3","","","","N","","","","","","","","","",""
"2015114461","","2","0","0","0","0","0","0","0","0","4","0","","02","10","2015","4","40.33873","-80.051631","","11","0","0","0","0","0","0","0","2","","0","0","0","","","0","","1","","40 20:19.428","","0","80 03:05.870","0","0","0","0","2407","0","0","0","N","0","0","0","2","02407","0","","1.0","","1","N","N","","0","","0","0","0","","2","","","2","0","0","0","0","0","0","2","0","2","","","","N","","","","","","","","","",""
"2015116071","","2","0","0","0","0","0","0","0","0","1","0","","02","11","2015","6","40.458247","-80.171561","","11","0","0","0","0","1","0","0","0","","0","0","0","","","0","","0","","40 27:29.690","","0","80 10:17.620","0","0","0","0","2115","0","0","0","N","0","0","0","5","02115","0","","1.0","","1","N","N","","0","","0","0","0","","0","","","2","0","0","0","0","0","0","2","0","2","","","","N","","","","","","","","","",""
"2015101189","","1","0","0","0","0","0","0","0","0","7","0","","02","10","2015","7","40.391584","-79.933658","","11","0","0","0","0","0","0","0","0","","0","0","0","","","0","","0","","40 23:29.703","","2","79 56:01.168","0","0","0","0","2301","0","0","0","N","0","0","0","2","02301","0","","5.0","","9","N","N","","0","","0","0","0","","0","","","1","0","0","0","0","0","0","2","0","1","","","","N","","","","","","","","","",""
"2015101205","","1","0","0","0","0","0","0","0","0","1","0","","02","10","2015","6","40.532226","-79.961919","","11","0","0","0","0","0","0","0","0","","0","0","0","","","0","","0","","40 31:56.012","","0","79 57:42.909","0","0","0","0","2118","0","0","0","N","0","0","0","2","02118","0","","1.0","","1","N","N","","0","","0","0","0","","0","","","2","0","0","0","0","0","0","2","1","2","","","","N","","","","","","","","","",""
"2015099682","","1","0","0","0","0","0","0","0","0","4","0","","02","9","2015","6","40.505786","-80.223156","","11","0","0","0","0","0","0","0","0","2","0","0","0","","","1","","2","","40 30:20.830","1","7","80 13:23.360","3","0","0","0","2213","0","0","0","Y","0","0","0","2","02213","0","","1.0","","1","N","N","","0","","1","0","0","","3","N","","2","1","1","0","0","0","0","2","1","2","","","","N","","","","","","","","","",""
"2015116072","","2","0","0","0","0","0","0","0","0","4","0","","02","11","2015","6","40.452858","-80.165043","","11","0","1","0","0","0","0","0","0","","0","0","0","","","0","","1","","40 27:10.288","","0","80 09:54.153","0","0","0","0","2115","0","0","0","N","0","0","0","3","02115","0","","1.0","","1","N","N","","0","","0","0","0","","2","","","2","0","0","0","0","0","0","2","0","2","","","","N","","","","","","","","","",""
"2015101763","","2","0","0","0","0","0","0","0","0","1","0","","02","10","2015","6","40.379793","-79.808308","","11","0","0","0","0","0","0","0","0","2","0","0","0","","","1","","2","","40 22:47.253","3","0","79 48:29.908","4","0","0","0","2111","0","0","0","N","0","0","0","2","02111","1","","1.0","","1","N","N","","0","","0","0","0","","2","Y","","2","1","0","0","0","0","0","2","0","2","","","","N","","","","","","","","","",""
"2015099457","","0","0","0","0","0","0","0","0","0","8","0","","02","9","2015","2","40.44144","-80.0","","11","0","0","0","0","0","1","0","0","","0","0","0","","","1","","2","","40 26:29.184","","0","80 00:00.000","4","0","0","0","2301","1","0","0","N","1","0","0","2","02301","1","","1.0","","9","N","N","","0","","0","0","1","","2","","","2","1","0","0","0","0","0","2","0","1","","","","N","","","","","","","","","",""
"2015100229","","2","0","0","0","0","0","0","0","0","1","0","","02","9","2015","4","40.336454","-79.979039","","11","0","0","0","1","0","1","0","0","","0","0","0","","","0","","2","","40 20:11.234","","0","79 58:44.541","0","0","0","0","2454","0","0","0","N","0","0","0","3","02454","0","","1.0","","9","N","N","","1","","0","0","0","","2","","","3","0","0","0","0","0","0","2","0","3","","","","N","","","","","","","","","",""
"2015099469","","1","0","0","0","0","0","0","0","0","1","0","","02","9","2015","6","40.450855","-80.138603","","11","0","0","0","1","0","1","0","0","2","0","0","0","","","0","","2","","40 27:03.079","4","0","80 08:18.970","0","0","0","0","2115","0","0","0","N","0","0","0","3","02115","0","","1.0","","1","N","N","","1","","0","0","1","","0","N","","3","0","0","0","0","0","0","2","0","3","","","","N","","","","","","","","","",""