"CRN","ARRIVAL_TM","AUTOMOBILE_COUNT","BELTED_DEATH_COUNT","BELTED_SUSP_SERIOUS_INJ_COUNT","BICYCLE_COUNT","BICYCLE_DEATH_COUNT","BICYCLE_SUSP_SERIOUS_INJ_COUNT","BUS_COUNT","CHLDPAS_DEATH_COUNT","CHLDPAS_SUSP_SERIOUS_INJ_COUNT","COLLISION_TYPE","COMM_VEH_COUNT","CONS_ZONE_SPD_LIM","COUNTY","CRASH_MONTH","CRASH_YEAR","DAY_OF_WEEK","DEC_LATITUDE","DEC_LONGITUDE","DISPATCH_TM","DISTRICT","DRIVER_COUNT_16YR","DRIVER_COUNT_17YR","DRIVER_COUNT_18YR","DRIVER_COUNT_19YR","DRIVER_COUNT_20YR","DRIVER_COUNT_50_64YR","DRIVER_COUNT_65_74YR","DRIVER_COUNT_75PLUS","EST_HRS_CLOSED","FATAL_COUNT","HEAVY_TRUCK_COUNT","HORSE_BUGGY_COUNT","HOUR_OF_DAY","ILLUMINATION","INJURY_COUNT","INTERSECTION_RELATED","INTERSECT_TYPE","LANE_CLOSED","LATITUDE","LN_CLOSE_DIR","LOCATION_TYPE","LONGITUDE","MAX_SEVERITY_LEVEL","MCYCLE_DEATH_COUNT","MCYCLE_SUSP_SERIOUS_INJ_COUNT","MOTORCYCLE_COUNT","MUNICIPALITY","NONMOTR_COUNT","NONMOTR_DEATH_COUNT","NONMOTR_SUSP_SERIOUS_INJ_COUNT","NTFY_HIWY_MAINT","PED_COUNT","PED_DEATH_COUNT","PED_SUSP_SERIOUS_INJ_COUNT","PERSON_COUNT","POLICE_AGCY","POSSIBLE_INJ_COUNT","RDWY_SURF_TYPE_CD","RELATION_TO_ROAD","ROADWAY_CLEARED","ROAD_CONDITION","SCH_BUS_IND","SCH_ZONE_IND","SECONDARY_CRASH","SMALL_TRUCK_COUNT","SPEC_JURIS_CD","SUSP_MINOR_INJ_COUNT","SUSP_SERIOUS_INJ_COUNT","SUV_COUNT","TCD_FUNC_CD","TCD_TYPE","TFC_DETOUR_IND","TIME_OF_DAY","TOTAL_UNITS","TOT_INJ_COUNT","UNBELTED_OCC_COUNT","UNB_DEATH_COUNT","UNB_SUSP_SERIOUS_INJ_COUNT","UNK_INJ_DEG_COUNT","UNK_INJ_PER_COUNT","URBAN_RURAL","VAN_COUNT","VEHICLE_COUNT","WEATHER1","WEATHER2","WORKERS_PRES","WORK_ZONE_IND","WORK_ZONE_LOC","WORK_ZONE_TYPE","WZ_CLOSE_DETOUR","WZ_FLAGGER","WZ_LAW_OFFCR_IND","WZ_LN_CLOSURE","WZ_MOVING","WZ_OTHER","WZ_SHLDER_MDN","WZ_WORKERS_INJ_KILLED"
"2015099705","","1","0","0","0","0","0","0","0","0","7","0","","02","9","2015","3","40.4585","-80.191869","","11","0","0","0","0","0","0","0","0","","0","0","0","","","0","","0","","40 27:30.600","","7","80 11:30.730","0","0","0","0","2203","0","0","0","N","0","0","0","1","68B03","0","","4.0","","1","N","N","","0","","0","0","0","","0","","","1","0","0","0","0","0","0","2","0","1","","","","N","","","","","","","","","",""
"2015099426","","1","0","0","0","0","0","0","0","0","7","0","","02","9","2015","2","40.436532","-80.039112","","11","0","0","0","0","0","0","1","0","3","0","0","0","","","0","","0","","40 26:11.515","6","0","80 02:20.803","0","0","0","0","2301","0","0","0","Y","0","0","0","1","02301","0","","2.0","","9","N","N","","0","","0","0","0","","0","Y","","1","0","0","0","0","0","0","2","0","1","","","","N","","","","","","","","","",""
"2015101099","","2","0","0","0","0","0","0","0","0","5","0","45","02","8","2015","7","40.421578","-80.09648","","11","0","0","0","1","0","0","0","0","1","0","0","0","","","0","","6","","40 25:17.679","3","0","80 05:47.329","0","0","0","0","2457","0","0","0","N","0","0","0","2","68B03","0","","1.0","","1","N","N","","0","","0","0","0","","4","N","","2","0","0","0","0","0","0","2","0","2","","","N","Y","3","1","N","N","N","N","N","Y","N",""
"2015100354","","0","0","0","0","0","0","0","0","0","8","0","","02","9","2015","3","40.344491","-80.03157","","11","0","0","0","0","0","1","0","0","1","0","0","0","","","1","","2","","40 20:40.167","2","0","80 01:53.652","4","0","0","0","2407","1","0","0","N","1","0","0","2","02407","1","","1.0","","9","N","N","","0","","0","0","1","","0","Y","","2","1","0","0","0","0","0","2","0","1","","","","N","","","","","","","","","",""
"2015101229","","1","0","0","0","0","0","0","0","0","1","1","55","02","9","2015","4","40.547525","-79.826683","","11","0","0","0","0","0","1","0","0","","0","1","0","","","0","","0","","40 32:51.089","","0","79 49:36.060","0","0","0","0","2208","0","0","0","N","0","0","0","2","68D02","0","","1.0","","1","N","N","","0","","0","0","0","","1","","","2","0","0","0","0","0","0","2","0","2","","","Y","Y","3","2","N","N","N","N","Y","N","Y",""
"2015099706","","1","0","0","0","0","0","0","0","0","1","0","","02","9","2015","4","40.425538","-79.907693","","11","0","0","0","0","0","0","0","0","","0","0","0","","","0","","0","","40 25:31.937","","0","79 54:27.695","0","0","0","0","2301","0","0","0","N","0","0","0","2","68B03","0","","1.0","","1","N","N","","0","","0","0","1","","0","","","2","0","0","0","0","0","0","2","0","2","","","","N","","","","","","","","","",""
"2015116837","","1","0","0","0","0","0","0","0","0","7","0","","02","11","2015","3","40.392617","-80.005844","","11","0","0","0","0","0","1","0","0","3","0","0","0","","","0","","0","","40 23:33.420","6","0","80 00:21.040","0","0","0","0","2301","0","0","0","N","0","0","0","1","02301","0","","4.0","","9","N","N","","0","","0","0","0","","0","Y","","1","0","0","0","0","0","0","2","0","1","","","","N","","","","","","","","","",""
"2015100956","","1","0","0","0","0","0","0","0","0","1","0","","02","9","2015","4","40.527093","-79.816578","","11","0","0","0","0","0","0","1","0","1","0","0","0","","","0","","0","","40 31:37.534","1","0","79 48:59.682","0","0","0","0","2466","0","0","0","N","0","0","0","4","02466","0","","1.0","","1","N","N","","0","","0","0","1","","2","Y","","3","0","0","0","0","0","0","2","1","3","","","","N","","","","","","","","","",""
"2015100270","","0","0","0","0","0","0","0","0","0","7","0","","02","9","2015","3","40.547183","-79.834244","","11","0","0","0","0","0","0","0","0","","0","0","0","","","0","","0","","40 32:49.857","","0","79 50:03.277","0","0","0","0","2208","0","0","0","N","0","0","0","1","02208","0","","3.0","","9","N","N","","0","","0","0","1","","0","","","1","0","0","0","0","0","0","2","0","1","","","","N","","","","","","","","","",""
"2015101087","","0","0","0","0","0","0","1","0","0","8","1","","02","10","2015","6","40.444069","-79.955167","","11","0","0","0","0","0","0","0","0","2","0","0","0","","","1","","0","","40 26:38.650","3","0","79 57:18.600","3","0","0","0","2301","1","0","0","N","1","0","0","2","02503","0","","1.0","","1","N","N","","0","","1","0","0","","0","N","","2","1","0","0","0","0","0","2","0","1","","","","N","","","","","","","","","",""
"2015101100","","1","0","0","0","0","0","0","0","0","1","0","45","02","9","2015","4","40.420204","-80.05005","","11","0","0","0","0","0","0","0","0","1","0","0","0","","","1","","6","","40 25:12.734","4","2","80 03:00.181","4","0","0","0","2435","0","0","0","N","0","0","0","2","68B03","1","","1.0","","1","N","N","","0","","0","0","1","","3","N","","2","1","0","0","0","0","0","2","0","2","","","N","Y","8","1","N","N","N","N","N","N","Y",""
"2015101230","","1","0","0","0","0","0","0","0","0","7","0","","02","9","2015","7","40.600451","-79.768118","","11","0","0","0","0","0","1","0","0","","0","0","0","","","0","","0","","40 36:01.623","","0","79 46:05.223","0","0","0","0","2464","0","0","0","Y","0","0","0","1","68D02","0","","4.0","","1","N","N","","0","","0","0","0","","0","","","1","0","0","0","0","0","0","2","0","1","","","","N","","","","","","","","","",""
"2015099707","","0","0","0","0","0","0","0","0","0","0","0","","02","9","2015","6","40.458181","-80.188625","","11","0","0","0","0","0","0","0","0","","0","0","0","","","2","","7","","40 27:29.451","","2","80 11:19.051","3","0","0","0","2213","0","0","0","N","0","0","0","2","68B03","1","","4.0","","1","N","N","","0","","1","0","1","","8","","","1","2","1","0","0","0","0","2","0","1","","","","N","","","","","","","","","",""
"2015100206","","3","0","0","0","0","0","0","0","0","4","0","","02","9","2015","2","40.431095","-79.744551","","11","0","0","0","0","0","1","0","0","1","0","0","0","","","3","","0","","40 25:51.942","4","0","79 44:40.383","4","0","0","0","2446","0","0","0","N","0","0","0","6","68T09","3","","1.0","","9","N","N","","0","","0","0","0","","0","N","","3","3","0","0","0","0","0","2","0","3","","","","N","","","","","","","","","",""
"2015101089","","1","0","0","0","0","0","0","0","0","1","0","","02","10","2015","5","40.382569","-80.068594","","11","0","0","0","0","0","1","1","0","2","0","0","0","","","0","","0","","40 22:57.249","1","0","80 04:06.937","0","0","0","0","2109","0","0","0","N","0","0","0","3","02109","0","","1.0","","1","N","N","","0","","0","0","1","","3","N","","3","0","0","0","0","0","0","2","1","3","","","","N","","","","","","","","","",""
"2015101231","","2","0","0","0","0","0","0","0","0","1","0","","02","9","2015","4","40.496446","-79.867528","","11","0","0","0","0","0","2","1","0","2","0","0","0","","","2","","0","","40 29:47.206","1","0","79 52:03.100","4","0","0","0","2112","0","0","0","N","0","0","0","3","68D02","2","","1.0","","1","N","N","","0","","0","0","0","","0","N","","3","2","1","0","0","0","0","2","1","3","","","","N","","","","","","","","","",""
"2015099708","","1","0","0","0","0","0","0","0","0","7","0","","02","9","2015","1","40.423767","-80.106008","","11","0","0","0","1","0","0","0","0","","0","0","0","","","0","","7","","40 25:25.560","","2","80 06:21.628","0","0","0","0","2115","0","0","0","N","0","0","0","1","68B03","0","","2.0","","9","N","N","","0","","0","0","0","","0","","","1","0","0","0","0","0","0","2","0","1","","","","N","","","","","","","","","",""
"2015116035","","1","0","0","0","0","0","0","0","0","7","0","","02","11","2015","2","40.513748","-80.137662","","11","0","0","0","0","0","0","0","0","1","0","0","0","","","1","","1","","40 30:49.492","1","2","80 08:15.582","3","0","0","0","2110","0","0","0","","0","0","0","1","02215","0","","4.0","","1","","","","0","","1","0","0","","2","N","","1","1","1","0","0","0","0","2","0","1","","","","N","","","","","","","","","",""
"2015116839","","1","0","0","0","0","0","0","0","0","1","0","","02","11","2015","3","40.467212","-79.960531","","11","0","0","0","0","0","1","0","0","4","0","0","0","","","0","","0","","40 28:01.963","4","0","79 57:37.911","0","0","0","0","2301","0","0","0","N","0","0","0","3","02301","0","","1.0","","1","N","N","","0","","0","0","1","","0","Y","","2","0","0","0","0","0","0","2","0","2","","","","N","","","","","","","","","",""
"2015101946","","1","0","0","0","0","0","0","0","0","1","0","","02","10","2015","2","40.456885","-79.823174","","11","0","0","0","0","0","0","0","1","","0","0","0","","","1","","0","","40 27:24.786","","0","79 49:23.426","8","0","0","0","2113","0","0","0","N","0","0","0","4","02113","0","","1.0","","1","N","N","","1","","0","0","0","","0","","","3","1","0","0","0","1","0","2","1","3","","","","N","","","","","","","","","",""
"2015100273","","1","0","0","0","0","0","0","0","0","7","0","","02","9","2015","2","40.511471","-79.903261","","11","0","0","0","0","0","1","0","0","2","0","0","0","","","0","","0","","40 30:41.296","3","0","79 54:11.738","0","0","0","0","2432","0","0","0","N","0","0","0","1","02432","0","","5.0","","9","N","N","","0","","0","0","0","","0","N","","1","0","0","0","0","0","0","2","0","1","","","","N","","","","","","","","","",""
"2015101947","","0","0","0","0","0","0","0","0","0","8","0","","02","10","2015","5","40.459822","-79.925436","","11","0","0","0","0","0","0","0","0","","0","0","0","","","1","","0","","40 27:35.360","","0","79 55:31.570","8","0","0","0","2301","1","0","0","N","1","0","0","5","02301","0","","1.0","","1","N","N","","0","","0","0","0","","0","","","2","1","0","0","0","1","0","2","1","1","","","","N","","","","","","","","","",""
"2015114505","","1","0","0","0","0","0","0","0","0","1","0","","02","11","2015","5","40.489016","-79.901811","","11","0","0","0","0","0","1","0","0","2","0","0","0","","","1","","0","","40 29:20.457","3","0","79 54:06.519","4","0","0","0","2401","0","0","0","N","0","0","0","3","02401","1","","1.0","","1","N","N","","0","","0","0","1","","0","N","","2","1","0","0","0","0","0","2","0","2","","","","N","","","","","","","","","",""
"2015100209","","0","0","0","0","0","0","0","0","0","8","0","","02","9","2015","4","40.436424","-80.001089","","11","0","0","0","0","0","1","0","0","","0","0","0","","","1","","1","","40 26:11.128","","0","80 00:03.919","4","0","0","0","2301","1","0","0","N","1","0","0","2","02301","1","","1.0","","9","N","N","","0","","0","0","1","","2","","","2","1","0","0","0","0","0","2","0","1","","","","N","","","","","","","","","",""
"2015100274","","2","0","1","0","0","0","0","0","0","4","0","","02","9","2015","1","40.494119","-80.06418","","11","0","0","0","0","0","0","0","0","2","0","0","0","","","2","","0","","40 29:38.827","5","0","80 03:51.048","2","0","0","0","2402","0","0","0","N","0","0","0","2","02402","0","","1.0","","1","N","N","","0","","1","1","0","","0","N","","2","2","0","0","0","0","0","2","0","2","","","","N","","","","","","","","","",""
"2015101882","","1","0","0","0","0","0","0","0","0","4","0","","02","9","2015","4","40.433303","-79.760248","","11","0","0","0","0","0","0","1","0","","0","0","0","","","0","","2","","40 25:59.890","","0","79 45:36.893","0","0","0","0","2446","0","0","0","N","0","0","0","2","02446","0","","1.0","","1","N","N","","0","","0","0","1","","2","","","2","0","0","0","0","0","0","2","0","2","","","","N","","","","","","","","","",""
"2015101949","","0","0","0","0","0","0","0","0","0","0","0","","02","10","2015","2","40.471246","-79.820122","","11","0","0","0","0","0","1","0","0","","0","0","0","","","1","","0","","40 28:16.487","","0","79 49:12.438","3","0","0","1","2113","0","0","0","N","0","0","0","1","02113","0","","1.0","","1","N","N","","0","","1","0","0","","0","","","1","1","0","0","0","0","0","2","0","1","","","","N","","","","","","","","","",""
"2015101234","","0","0","0","0","0","0","0","0","0","1","0","","02","9","2015","2","40.491594","-79.890246","","11","0","0","0","0","0","0","1","0","2","0","0","0","","","2","","0","","40 29:29.737","2","0","79 53:24.885","4","0","0","0","2112","0","0","0","N","0","0","0","4","68D02","2","","1.0","","9","N","N","","1","","0","0","1","","0","N","","2","2","0","0","0","0","0","2","0","2","","","","N","","","","","","","","","",""
"2015114506","","1","0","0","0","0","0","0","0","0","6","0","","02","11","2015","4","40.623118","-80.062628","","11","0","0","0","0","0","2","0","0","2","0","0","0","","","0","","0","","40 37:23.225","4","0","80 03:45.459","0","0","0","0","2216","0","0","0","N","0","0","0","2","02505","0","","1.0","","1","Y","N","","0","","0","0","0","","0","N","","2","0","0","0","0","0","0","2","1","2","","","","N","","","","","","","","","",""
"2015116842","","1","0","0","0","0","0","0","0","0","4","0","","02","11","2015","3","40.425918","-79.96616","","11","0","0","0","0","0","0","0","0","2","0","0","0","","","0","","1","","40 25:33.304","3","0","79 57:58.176","0","0","0","0","2301","0","0","0","N","0","0","0","3","02301","0","","1.0","","9","N","N","","1","","0","0","0","","3","N","","2","0","0","0","0","0","0","2","0","2","","","","N","","","","","","","","","",""
"2015099434","","2","0","0","0","0","0","0","0","0","4","0","","02","9","2015","2","40.342441","-79.862141","","11","0","0","0","1","0","0","0","0","1","0","0","0","","","0","","1","","40 20:32.787","1","0","79 51:43.707","0","0","0","0","2304","0","0","0","N","0","0","0","2","02304","0","","1.0","","9","N","N","","0","","0","0","0","","3","Y","","2","0","1","0","0","0","0","2","0","2","","","","N","","","","","","","","","",""
"2015101169","","1","0","0","0","0","0","0","0","0","1","0","","02","10","2015","6","40.427506","-80.023266","","11","0","0","0","0","0","1","0","0","1","0","0","0","","","1","","2","","40 25:39.023","1","0","80 01:23.759","4","0","0","0","2301","0","0","0","N","0","0","0","3","02301","1","","1.0","","1","N","N","","0","","0","0","2","","0","N","","3","1","0","0","0","0","0","2","0","3","","","","N","","","","","","","","","",""
"2015114508","","2","0","0","0","0","0","0","0","0","4","0","","02","11","2015","4","40.455342","-79.760317","","11","0","0","0","0","0","1","0","0","","0","0","0","","","0","","0","","40 27:19.230","","0","79 45:37.140","0","0","0","0","2446","0","0","0","N","0","0","0","4","02446","0","","1.0","","1","N","N","","1","","0","0","0","","0","","","3","0","0","0","0","0","0","2","0","3","","","","N","","","","","","","","","",""
"2015116040","","2","0","0","0","0","0","0","0","0","4","0","","02","11","2015","6","40.546742","-80.006378","","11","0","0","0","0","0","1","0","1","1","0","0","0","","","0","","0","","40 32:48.270","4","7","80 00:22.960","0","0","0","0","2116","0","0","0","N","0","0","0","3","02116","0","","1.0","","9","N","N","","0","","0","0","0","","0","N","","2","0","0","0","0","0","0","2","0","2","","","","N","","","","","","","","","",""
"2015116844","","1","0","0","0","0","0","0","0","0","1","0","","02","11","2015","3","40.45641","-79.990375","","11","0","0","0","0","0","1","0","0","3","0","0","0","","","1","","6","","40 27:23.076","1","2","79 59:25.351","8","0","0","0","2301","0","0","0","N","0","0","0","4","02301","0","","1.0","","9","N","N","","0","","0","0","2","","4","N","","3","1","0","0","0","1","0","2","0","3","","","","N","","","","","","","","","",""
"2015100277","","2","0","0","0","0","0","0","0","0","4","0","","02","9","2015","2","40.567412","-80.007345","","11","0","1","0","0","1","1","0","0","","0","0","0","","","0","","0","","40 34:02.684","","0","80 00:26.442","0","0","0","0","2108","0","0","0","N","0","0","0","3","02108","0","","1.0","","1","N","N","","0","","0","0","1","","0","","","3","0","0","0","0","0","0","2","0","3","","","","N","","","","","","","","","",""
"2015101237","","1","0","0","0","0","0","0","0","0","0","0","","02","9","2015","3","40.644761","-79.720305","","11","0","0","0","0","0","0","0","0","2","0","0","0","","","0","","0","","40 38:41.141","2","0","79 43:13.099","0","0","0","0","2106","0","0","0","Y","0","0","0","1","68D02","0","","1.0","","8","N","N","","0","","0","0","0","","0","N","","1","0","0","0","0","0","0","1","0","1","","","","N","","","","","","","","","",""
"2015116845","","0","0","0","0","0","0","0","0","0","1","0","","02","11","2015","3","40.583373","-79.952735","","11","0","0","0","0","0","1","1","0","2","0","0","0","","","2","","2","","40 35:00.144","2","0","79 57:09.847","8","0","0","0","2207","0","0","0","N","0","0","0","3","02207","0","","1.0","","9","N","N","","0","","0","0","1","","0","N","","2","2","0","0","0","2","0","2","1","2","","","","N","","","","","","","","","",""
"2015100964","","0","0","0","0","0","0","0","0","0","1","0","","02","9","2015","4","40.416989","-80.015553","","11","0","0","0","0","0","0","0","0","","0","0","0","","","0","","0","","40 25:01.160","","0","80 00:55.990","0","0","0","0","2301","0","0","0","N","0","0","0","2","02301","0","","1.0","","1","Y","N","","0","","0","0","1","","0","","","2","0","0","0","0","0","0","2","1","2","","","","N","","","","","","","","","",""
"2015099438","","1","0","0","0","0","0","0","0","0","8","0","","02","9","2015","2","40.448451","-79.909257","","11","0","0","0","0","0","0","0","0","","0","0","0","","","1","","2","","40 26:54.423","","0","79 54:33.325","3","0","0","0","2301","1","0","0","N","1","0","0","3","02301","0","","1.0","","9","N","N","","0","","1","0","0","","0","","","2","1","0","0","0","0","0","2","0","1","","","","N","","","","","","","","","",""
"2015100278","","1","0","0","0","0","0","0","0","0","4","1","","02","9","2015","3","40.563579","-80.038885","","11","0","0","1","0","0","1","0","0","","0","1","0","","","0","","0","","40 33:48.884","","0","80 02:19.987","0","0","0","0","2108","0","0","0","N","0","0","0","2","02108","0","","1.0","","1","N","N","","0","","0","0","0","","0","","","2","0","0","0","0","0","0","2","0","2","","","","N","","","","","","","","","",""
"2015099652","","1","0","0","0","0","0","0","0","0","5","0","","02","9","2015","6","40.403864","-79.888361","","11","0","0","0","0","0","0","0","0","2","0","0","0","","","0","","0","","40 24:13.910","7","0","79 53:18.100","0","0","0","0","2448","0","0","0","N","0","0","0","2","02448","0","","1.0","","1","N","N","","1","","0","0","0","","0","N","","2","0","0","0","0","0","0","2","0","2","","","","N","","","","","","","","","",""
"2015101814","","1","0","0","0","0","0","0","0","0","2","0","30","02","10","2015","1","40.375399","-79.983245","","11","0","0","0","0","0","0","0","0","2","0","0","0","","","2","","1","","40 22:31.436","2","0","79 58:59.683","8","0","0","0","2413","0","0","0","N","0","0","0","3","02413","0","","1.0","","1","N","N","","0","","0","0","1","","2","N","","2","2","0","0","0","2","0","2","0","2","","","U","Y","4","1","","","U","","Y","","Y",""
"2015100279","","1","0","0","0","0","0","0","0","0","1","0","","02","9","2015","3","40.593687","-80.047808","","11","0","0","0","0","0","1","0","0","2","0","0","0","","","0","","0","","40 35:37.272","2","0","80 02:52.107","0","0","0","0","2108","0","0","0","N","0","0","0","5","02108","0","","1.0","","9","N","N","","1","","0","0","3","","0","N","","5","0","0","0","0","0","0","2","0","5","","","","N","","","","","","","","","",""
"2015099510","","2","0","0","0","0","0","0","0","0","5","0","","02","9","2015","2","40.373922","-79.975562","","11","0","0","0","0","0","0","0","1","","0","1","0","","","0","","0","","40 22:26.119","","0","79 58:32.023","0","0","0","0","2413","0","0","0","N","0","0","0","4","02413","0","","1.0","","1","N","Y","","0","","0","0","0","","0","","","3","0","0","0","0","0","0","2","0","3","","","","N","","","","","","","","","",""
"2015100280","","1","0","0","0","0","0","0","0","0","7","0","","02","9","2015","3","40.593124","-80.047872","","11","0","0","0","0","0","0","0","0","1","0","0","0","","","0","","0","","40 35:35.247","2","0","80 02:52.338","0","0","0","0","2108","0","0","0","N","0","0","0","1","02108","0","","3.0","","9","N","N","","0","","0","0","0","","0","N","","1","0","0","0","0","0","0","2","0","1","","","","N","","","","","","","","","",""
"2015101750","","0","0","0","0","0","0","0","0","0","4","0","","02","9","2015","3","40.650147","-80.078828","","11","0","0","0","0","0","1","0","0","2","0","0","0","","","2","","1","","40 39:00.528","2","0","80 04:43.782","4","0","0","0","2212","0","0","0","N","0","0","0","2","02505","1","","1.0","","9","N","N","","1","","0","0","1","","2","Y","","2","2","0","0","0","1","0","2","0","2","","","","N","","","","","","","","","",""
"2015099667","","1","0","0","0","0","0","0","0","0","7","0","","02","9","2015","3","40.320714","-79.942077","","11","0","0","0","0","0","0","0","0","2","0","0","0","","","0","","0","","40 19:14.571","1","0","79 56:31.478","0","0","0","0","2454","0","0","0","N","0","0","0","1","02440","0","","5.0","","1","N","","","0","","0","0","0","","0","Y","","1","0","0","0","0","0","0","2","0","1","","","","N","","","","","","","","","",""
"2015100968","","2","0","0","0","0","0","0","0","0","4","0","","02","9","2015","3","","","","11","0","0","0","0","0","0","0","0","1","0","0","0","","","0","","2","","40 25:42.5","2","0","79 53:29.9","0","0","0","0","2426","0","0","0","N","0","0","0","2","02426","0","","1.0","","9","N","N","","0","","0","0","0","","3","N","","2","0","0","0","0","0","0","2","0","2","","","","N","","","","","","","","","",""
"2015100282","","2","0","0","0","0","0","0","0","0","1","0","","02","9","2015","3","40.444227","-80.14649","","11","0","0","0","0","0","0","1","0","1","0","0","0","","","0","","0","","40 26:39.217","1","7","80 08:47.364","0","0","0","0","2115","0","0","0","N","0","0","0","2","02115","0","","1.0","","8","N","N","","0","","0","0","0","","0","N","","2","0","0","0","0","0","0","2","0","2","","","","N","","","","","","","","","",""
"2015101891","","1","0","0","0","0","0","0","0","0","1","0","","02","10","2015","2","40.446401","-79.996574","","11","0","0","0","0","0","1","0","0","2","0","0","0","","","0","","1","","40 26:47.043","3","0","79 59:47.668","0","0","0","0","2301","0","0","0","N","0","0","0","2","02301","0","","1.0","","1","N","N","","0","","0","0","1","","2","N","","2","0","0","0","0","0","0","2","0","2","","","","N","","","","","","","","","",""
"2015102015","","1","0","0","0","0","0","0","0","0","1","0","","02","10","2015","2","40.437519","-79.980758","","11","0","0","0","0","0","0","0","0","","0","0","0","","","1","","0","","40 26:15.068","","0","79 58:50.728","8","0","0","0","2301","0","0","0","N","0","0","0","1","02301","0","","6.0","","1","N","N","","1","","0","0","0","","0","","","2","1","0","0","0","1","0","2","0","2","","","","N","","","","","","","","","",""
"2015099444","","2","0","0","0","0","0","0","0","0","1","0","","02","9","2015","2","40.553157","-80.108607","","11","0","0","0","0","0","3","0","0","","0","0","0","","","0","","2","","40 33:11.364","","0","80 06:30.985","0","0","0","0","2215","0","0","0","N","0","0","0","4","02215","0","","1.0","","9","N","N","","0","","0","0","2","","0","","","4","0","0","0","0","0","0","2","0","4","","","","N","","","","","","","","","",""
"2015101818","","1","0","0","0","0","0","0","0","0","7","0","","02","10","2015","2","40.471896","-79.847824","","11","0","0","0","0","0","1","0","0","3","0","0","0","","","1","","0","","40 28:18.824","1","0","79 50:52.165","4","0","0","0","2113","0","0","0","Y","0","0","0","1","02113","1","","5.0","","1","N","N","","0","","0","0","0","","0","N","","1","1","0","0","0","0","0","2","0","1","","","","N","","","","","","","","","",""
"2015099513","","2","0","0","0","0","0","0","0","0","1","0","","02","9","2015","5","40.34899","-79.938585","","11","0","0","0","1","0","1","0","0","1","0","0","0","","","0","","0","","40 20:56.364","4","0","79 56:18.905","0","0","0","0","2473","0","0","0","N","0","0","0","4","02473","0","","1.0","","1","N","N","","0","","0","0","0","","0","N","","3","0","0","0","0","0","0","2","1","3","","","","N","","","","","","","","","",""
"2015100283","","0","0","0","0","0","0","0","0","0","7","0","","02","9","2015","1","40.345739","-80.043456","","11","0","0","0","0","0","0","0","0","3","0","0","0","","","0","","0","","40 20:44.660","6","0","80 02:36.440","9","0","0","0","2407","0","0","0","N","0","0","0","1","02407","0","","5.0","","1","N","N","","0","","0","0","1","","0","N","","1","0","1","0","0","0","1","2","0","1","","","","N","","","","","","","","","",""
"2015116062","","1","0","0","0","0","0","1","0","0","4","1","","02","11","2015","2","40.457092","-79.934425","","11","0","0","0","0","0","0","0","1","","0","0","0","","","2","","0","","40 27:25.530","","7","79 56:03.930","4","0","0","0","2301","0","0","0","N","0","0","0","4","02503","2","","1.0","","1","N","N","","0","","0","0","0","","0","","","2","2","0","0","0","0","0","2","0","2","","","","N","","","","","","","","","",""
"2015100284","","1","0","0","0","0","0","0","0","0","4","0","","02","9","2015","2","40.315209","-80.039196","","11","0","0","0","0","0","1","0","0","3","0","0","0","","","2","","3","","40 18:54.753","6","0","80 02:21.106","3","0","0","0","2407","1","0","0","N","1","0","0","5","02407","1","","1.0","","1","N","N","","0","","1","0","1","","3","Y","","3","2","1","0","0","0","0","2","0","2","","","","N","","","","","","","","","",""
"2015100297","","1","0","0","0","0","0","0","0","0","7","0","","02","9","2015","4","40.432576","-80.030035","","11","0","0","0","0","0","0","0","0","","0","0","0","","","0","","2","","40 25:57.273","","0","80 01:48.126","0","0","0","0","2301","0","0","0","N","0","0","0","1","02301","0","","4.0","","9","N","N","","0","","0","0","0","","0","","","2","0","0","0","0","0","0","2","0","1","","","","N","","","","","","","","","",""
"2015099660","","1","0","0","0","0","0","0","0","0","7","0","","02","9","2015","2","40.587775","-79.940583","","11","0","0","0","0","0","0","0","0","2","0","0","0","","","1","","0","","40 35:15.990","3","0","79 56:26.100","4","0","0","0","2207","0","0","0","N","0","0","0","1","02207","1","","2.0","","9","N","N","","0","","0","0","0","","0","N","","1","1","0","0","0","0","0","2","0","1","","","","N","","","","","","","","","",""
"2015099516","","1","0","0","0","0","0","0","0","0","1","0","","02","9","2015","2","40.623026","-80.067136","","11","0","0","0","0","0","0","0","0","","0","0","0","","","0","","0","","40 37:22.895","","0","80 04:01.691","0","0","0","0","2216","0","0","0","N","0","0","0","2","02505","0","","1.0","","9","N","N","","1","","0","0","0","","0","","","2","0","0","0","0","0","0","2","0","2","","","","N","","","","","","","","","",""
"2015100975","","2","0","0","0","0","0","0","0","0","4","0","","02","9","2015","6","40.449156","-79.762252","","11","0","0","0","0","0","0","0","0","","0","0","0","","","0","","1","","40 26:56.961","","0","79 45:44.107","0","0","0","0","2446","0","0","0","N","0","0","0","2","02446","0","","1.0","","1","N","N","","0","","0","0","0","","3","","","2","0","0","0","0","0","0","2","0","2","","","","N","","","","","","","","","",""
"2015101050","","2","0","0","0","0","0","0","0","0","1","0","","02","10","2015","6","40.407639","-80.192356","","11","0","0","0","0","0","0","1","1","2","0","0","0","","","2","","2","","40 24:27.500","2","0","80 11:32.483","4","0","0","0","2214","0","0","0","N","0","0","0","3","02214","2","","1.0","","1","N","N","","1","","0","0","0","","0","N","","3","2","0","0","0","0","0","1","0","3","","","","N","","","","","","","","","",""