"CRN","ARRIVAL_TM","AUTOMOBILE_COUNT","BELTED_DEATH_COUNT","BELTED_SUSP_SERIOUS_INJ_COUNT","BICYCLE_COUNT","BICYCLE_DEATH_COUNT","BICYCLE_SUSP_SERIOUS_INJ_COUNT","BUS_COUNT","CHLDPAS_DEATH_COUNT","CHLDPAS_SUSP_SERIOUS_INJ_COUNT","COLLISION_TYPE","COMM_VEH_COUNT","CONS_ZONE_SPD_LIM","COUNTY","CRASH_MONTH","CRASH_YEAR","DAY_OF_WEEK","DEC_LATITUDE","DEC_LONGITUDE","DISPATCH_TM","DISTRICT","DRIVER_COUNT_16YR","DRIVER_COUNT_17YR","DRIVER_COUNT_18YR","DRIVER_COUNT_19YR","DRIVER_COUNT_20YR","DRIVER_COUNT_50_64YR","DRIVER_COUNT_65_74YR","DRIVER_COUNT_75PLUS","EST_HRS_CLOSED","FATAL_COUNT","HEAVY_TRUCK_COUNT","HORSE_BUGGY_COUNT","HOUR_OF_DAY","ILLUMINATION","INJURY_COUNT","INTERSECTION_RELATED","INTERSECT_TYPE","LANE_CLOSED","LATITUDE","LN_CLOSE_DIR","LOCATION_TYPE","LONGITUDE","MAX_SEVERITY_LEVEL","MCYCLE_DEATH_COUNT","MCYCLE_SUSP_SERIOUS_INJ_COUNT","MOTORCYCLE_COUNT","MUNICIPALITY","NONMOTR_COUNT","NONMOTR_DEATH_COUNT","NONMOTR_SUSP_SERIOUS_INJ_COUNT","NTFY_HIWY_MAINT","PED_COUNT","PED_DEATH_COUNT","PED_SUSP_SERIOUS_INJ_COUNT","PERSON_COUNT","POLICE_AGCY","POSSIBLE_INJ_COUNT","RDWY_SURF_TYPE_CD","RELATION_TO_ROAD","ROADWAY_CLEARED","ROAD_CONDITION","SCH_BUS_IND","SCH_ZONE_IND","SECONDARY_CRASH","SMALL_TRUCK_COUNT","SPEC_JURIS_CD","SUSP_MINOR_INJ_COUNT","SUSP_SERIOUS_INJ_COUNT","SUV_COUNT","TCD_FUNC_CD","TCD_TYPE","TFC_DETOUR_IND","TIME_OF_DAY","TOTAL_UNITS","TOT_INJ_COUNT","UNBELTED_OCC_COUNT","UNB_DEATH_COUNT","UNB_SUSP_SERIOUS_INJ_COUNT","UNK_INJ_DEG_COUNT","UNK_INJ_PER_COUNT","URBAN_RURAL","VAN_COUNT","VEHICLE_COUNT","WEATHER1","WEATHER2","WORKERS_PRES","WORK_ZONE_IND","WORK_ZONE_LOC","WORK_ZONE_TYPE","WZ_CLOSE_DETOUR","WZ_FLAGGER","WZ_LAW_OFFCR_IND","WZ_LN_CLOSURE","WZ_MOVING","WZ_OTHER","WZ_SHLDER_MDN","WZ_WORKERS_INJ_KILLED"
"2015101376","","1","0","0","0","0","0","0","0","0","4","0","","02","10","2015","6","40.449594","-79.902473","","11","0","0","0","0","0","1","0","0","1","0","0","0","","","0","","2","","40 26:58.538","3","6","79 54:08.901","0","0","0","0","2301","0","0","0","N","0","0","0","2","02301","0","","1.0","","9","N","N","","0","","0","0","1","","0","N","","2","0","0","0","0","0","0","2","0","2","","","","N","","","","","","","","","",""
"2015101604","","2","0","0","0","0","0","0","0","0","1","0","","02","9","2015","2","40.435467","-79.769699","","11","0","0","0","0","0","0","0","0","1","0","0","0","","","0","","0","","40 26:07.681","3","0","79 46:10.916","0","0","0","0","2446","0","0","0","N","0","0","0","2","02446","0","","1.0","","1","N","N","","0","","0","0","0","","0","N","","2","0","0","0","0","0","0","2","0","2","","","","N","","","","","","","","","",""
"2015099784","","2","0","0","0","0","0","0","0","0","4","0","","02","9","2015","2","40.438869","-79.760496","","11","0","0","0","0","0","1","0","0","","0","0","0","","","1","","1","","40 26:19.929","","0","79 45:37.786","4","0","0","0","2446","0","0","0","N","0","0","0","2","02446","1","","1.0","","1","N","N","","0","","0","0","0","","2","","","2","1","0","0","0","0","0","2","0","2","","","","N","","","","","","","","","",""
"2015101378","","1","0","0","0","0","0","0","0","0","7","0","","02","10","2015","7","40.328465","-79.910282","","11","0","0","0","0","0","0","0","0","1","0","0","0","","","1","","0","","40 19:42.474","1","0","79 54:37.015","4","0","0","0","2473","0","0","0","N","0","0","0","1","02473","1","","2.0","","9","N","N","","0","","0","0","0","","0","Y","","1","1","0","0","0","0","0","2","0","1","","","","N","","","","","","","","","",""
"2015099932","","2","0","0","0","0","0","0","0","0","4","0","","02","9","2015","4","40.352391","-79.958571","","11","0","0","1","0","0","0","0","0","","0","0","0","","","0","","0","","40 21:08.608","","7","79 57:30.857","0","0","0","0","2473","0","0","0","N","0","0","0","2","02473","0","","6.0","","1","N","N","","0","","0","0","1","","0","","","3","0","0","0","0","0","0","2","0","3","","","","N","","","","","","","","","",""
"2015099220","","1","0","0","0","0","0","0","0","0","7","0","","02","9","2015","5","40.641305","-80.108271","","11","0","0","0","0","0","1","0","0","","0","0","0","","","0","","2","","40 38:28.698","","0","80 06:29.774","0","0","0","0","2212","0","0","0","N","0","0","0","3","02505","0","","5.0","","1","N","N","","0","","0","0","0","","3","","","1","0","0","0","0","0","0","2","0","1","","","","N","","","","","","","","","",""
"2015100069","","2","0","0","0","0","0","0","0","0","4","0","","02","9","2015","3","40.550401","-80.07006","","11","0","1","0","0","0","0","0","0","","0","0","0","","","1","","0","","40 33:01.444","","0","80 04:12.215","4","0","0","0","2481","0","0","0","N","0","0","0","3","02481","1","","1.0","","9","N","N","","0","","0","0","0","","0","","","2","1","0","0","0","0","0","2","0","2","","","","N","","","","","","","","","",""
"2015100494","","2","0","0","0","0","0","0","0","0","4","0","","02","9","2015","4","40.412373","-80.010533","","11","0","0","0","0","0","0","0","0","1","0","0","0","","","1","","2","","40 24:44.543","3","0","80 00:37.920","4","0","0","0","2301","0","0","0","N","0","0","0","3","02301","1","","1.0","","1","N","N","","0","","0","0","0","","3","N","","2","1","1","0","0","0","0","2","0","2","","","","N","","","","","","","","","",""
"2015099933","","2","0","0","0","0","0","0","0","0","2","0","","02","9","2015","3","40.463819","-80.0284","","11","0","0","0","0","0","0","0","0","2","0","0","0","","","1","","0","","40 27:49.750","5","0","80 01:42.240","8","0","0","0","2301","0","0","0","N","0","0","0","5","02301","0","","1.0","","9","N","N","","0","","0","0","0","","0","N","","2","1","0","0","0","1","0","2","0","2","","","","N","","","","","","","","","",""
"2015101308","","1","0","0","0","0","0","0","0","0","7","0","","02","10","2015","7","40.439469","-80.061703","","11","0","0","0","0","0","1","0","0","","0","0","0","","","0","","0","","40 26:22.090","","0","80 03:42.130","0","0","0","0","2421","0","0","0","N","0","0","0","1","02421","0","","5.0","","9","N","N","","0","","0","0","0","","0","","","1","0","0","0","0","0","0","2","0","1","","","","N","","","","","","","","","",""
"2015101393","","2","0","0","0","0","0","0","0","0","5","0","","02","10","2015","7","40.437183","-80.03989","","11","0","0","0","0","0","0","0","0","","0","0","0","","","0","","0","","40 26:13.858","","0","80 02:23.604","0","0","0","0","2301","0","0","0","N","0","0","0","1","02301","0","","6.0","","9","N","N","","0","","0","0","1","","0","","","3","0","0","0","0","0","0","2","0","3","","","","N","","","","","","","","","",""
"2015100706","","1","0","0","0","0","0","0","0","0","1","0","","02","10","2015","5","40.418321","-80.057275","","11","0","0","0","0","0","1","0","0","1","0","1","0","","","0","","2","","40 25:05.954","4","0","80 03:26.189","0","0","0","0","2435","0","0","0","N","0","0","0","3","02435","0","","1.0","","1","N","N","","1","","0","0","0","","0","N","","3","0","0","0","0","0","0","2","0","3","","","","N","","","","","","","","","",""
"2015099237","","2","0","0","0","0","0","0","0","0","4","0","","02","9","2015","1","40.364284","-79.809664","","11","0","0","0","0","0","1","0","0","1","0","0","0","","","1","","0","","40 21:51.423","7","0","79 48:34.792","4","0","0","0","2111","0","0","0","N","0","0","0","2","02111","1","","1.0","","1","N","N","","0","","0","0","0","","0","N","","2","1","0","0","0","0","0","2","0","2","","","","N","","","","","","","","","",""
"2015101610","","1","0","0","0","0","0","0","0","0","7","0","","02","10","2015","1","40.413634","-80.073529","","11","0","0","0","0","0","0","0","0","1","0","0","0","","","0","","0","","40 24:49.084","5","0","80 04:24.703","9","0","0","0","2301","0","0","0","N","0","0","0","1","02301","0","","5.0","","1","N","N","","0","","0","0","0","","0","Y","","1","0","0","0","0","0","1","2","0","1","","","","N","","","","","","","","","",""
"2015100639","","1","0","0","0","0","0","1","0","0","1","1","","02","10","2015","5","40.463379","-79.844083","","11","0","0","0","0","0","2","0","0","","0","0","0","","","0","","0","","40 27:48.165","","0","79 50:38.699","0","0","0","0","2113","0","0","0","N","0","0","0","2","02113","0","","1.0","","1","Y","N","","0","","0","0","0","","0","","","2","0","0","0","0","0","0","2","0","2","","","","N","","","","","","","","","",""
"2015099936","","2","0","0","0","0","0","0","0","0","4","0","","02","9","2015","3","40.445997","-79.946814","","11","0","0","0","0","0","0","0","0","","0","0","0","","","0","","2","","40 26:45.589","","0","79 56:48.530","0","0","0","0","2301","0","0","0","N","0","0","0","3","02301","0","","1.0","","9","N","N","","0","","0","0","0","","0","","","2","0","0","0","0","0","0","2","0","2","","","","N","","","","","","","","","",""
"2015099225","","2","0","0","0","0","0","0","0","0","5","0","","02","9","2015","6","40.613639","-80.054762","","11","0","0","0","0","0","0","1","0","","0","0","0","","","0","","0","","40 36:49.099","","0","80 03:17.144","0","0","0","0","2212","0","0","0","N","0","0","0","3","02505","0","","1.0","","1","N","N","","0","","0","0","0","","0","","","2","0","0","0","0","0","0","2","0","2","","","","N","","","","","","","","","",""
"2015101612","","2","0","0","0","0","0","0","0","0","1","0","","02","10","2015","6","40.369061","-79.782515","","11","0","0","0","0","0","1","0","0","1","0","0","0","","","1","","2","","40 22:08.619","3","0","79 46:57.054","4","0","0","0","2111","0","0","0","N","0","0","0","2","02111","1","","1.0","","1","N","N","","0","","0","0","0","","0","N","","2","1","1","0","0","0","0","2","0","2","","","","N","","","","","","","","","",""
"2015100848","","2","0","0","0","0","0","0","0","0","4","0","","02","9","2015","6","40.446877","-80.084192","","11","0","0","0","0","0","1","0","0","","0","0","0","","","0","","2","","40 26:48.757","","0","80 05:03.091","0","0","0","0","2301","0","0","0","N","0","0","0","3","02301","0","","1.0","","1","N","N","","0","","0","0","0","","3","","","2","0","0","0","0","0","0","2","0","2","","","","N","","","","","","","","","",""
"2015100075","","1","0","0","0","0","0","0","0","0","0","0","","02","9","2015","3","40.398515","-79.788689","","11","0","0","0","0","0","0","0","0","","0","0","0","","","0","","0","","40 23:54.653","","0","79 47:19.280","0","0","0","0","2446","0","0","0","Y","0","0","0","1","02446","0","","5.0","","9","N","N","","0","","0","0","0","","0","","","1","0","1","0","0","0","0","2","0","1","","","","N","","","","","","","","","",""
"2015099794","","2","0","0","0","0","0","0","0","0","1","0","","02","9","2015","3","40.364537","-79.774499","","11","0","0","0","0","0","0","0","0","2","0","0","0","","","0","","0","","40 21:52.332","3","0","79 46:28.198","0","0","0","0","2111","0","0","0","N","0","0","0","3","02111","0","","1.0","","1","N","N","","0","","0","0","0","","0","Y","","2","0","0","0","0","0","0","2","0","2","","","","N","","","","","","","","","",""
"2015099227","","0","0","0","0","0","0","0","0","0","8","0","","02","9","2015","7","40.43458","-79.989819","","11","0","0","0","0","0","0","0","0","","0","0","0","","","2","","1","","40 26:04.489","","3","79 59:23.348","3","0","0","1","2301","1","0","0","N","1","0","0","2","02301","0","","1.0","","1","N","N","","0","","1","0","0","","2","","","2","2","0","0","0","1","0","2","0","1","","","","N","","","","","","","","","",""
"2015101544","","1","0","0","0","0","0","0","0","0","1","0","","02","10","2015","7","40.599243","-80.120373","","11","0","0","0","0","0","0","1","0","","0","0","0","","","0","","0","","40 35:57.273","","7","80 07:13.342","0","0","0","0","2481","0","0","0","N","0","0","0","5","02481","0","","1.0","","9","N","N","","0","","0","0","1","","0","","","2","0","0","0","0","0","0","1","0","2","","","","N","","","","","","","","","",""
"2015099873","","1","0","0","0","0","0","0","0","0","7","0","","02","9","2015","2","40.280986","-79.902975","","11","0","0","0","0","0","0","0","0","2","0","0","0","","","1","","0","","40 16:51.549","6","0","79 54:10.709","8","0","0","0","2440","0","0","0","N","0","0","0","1","02440","0","","5.0","","9","N","N","","0","","0","0","0","","0","Y","","1","1","1","0","0","1","0","2","0","1","","","","N","","","","","","","","","",""
"2015100642","","0","0","0","0","0","0","0","0","0","1","0","","02","10","2015","5","40.388222","-80.089891","","11","0","0","0","0","0","1","0","0","1","0","0","0","","","0","","1","","40 23:17.600","2","0","80 05:23.608","0","0","0","0","2437","0","0","0","N","0","0","0","2","02437","0","","1.0","","1","N","N","","0","","0","0","2","","2","Y","","2","0","0","0","0","0","0","2","0","2","","","","N","","","","","","","","","",""
"2015099228","","1","0","0","0","0","0","0","0","0","7","0","","02","9","2015","7","40.459631","-80.054352","","11","0","0","0","0","0","0","0","0","1","0","0","0","","","1","","0","","40 27:34.671","1","0","80 03:15.667","8","0","0","0","2301","0","0","0","N","0","0","0","1","02301","0","","5.0","","1","N","N","","0","","0","0","0","","0","N","","1","1","0","0","0","1","0","2","0","1","","","","N","","","","","","","","","",""
"2015100503","","2","0","0","0","0","0","0","0","0","4","0","","02","9","2015","4","40.517089","-79.726591","","11","0","0","0","0","0","1","0","0","","0","0","0","","","0","","1","","40 31:01.521","","0","79 43:35.729","0","0","0","0","2466","0","0","0","N","0","0","0","3","02466","0","","1.0","","1","N","N","","0","","0","0","0","","3","","","2","0","0","0","0","0","0","1","0","2","","","","N","","","","","","","","","",""
"2015101319","","1","0","0","0","0","0","0","0","0","1","0","","02","10","2015","7","40.327332","-79.840229","","11","0","0","0","0","1","0","1","0","","0","0","0","","","1","","2","","40 19:38.395","","0","79 50:24.825","8","0","0","0","2304","0","0","0","N","0","0","0","3","02304","0","","1.0","","9","N","N","","0","","0","0","0","","2","","","2","1","0","0","0","1","0","2","1","2","","","","N","","","","","","","","","",""
"2015100643","","1","0","0","0","0","0","0","0","0","4","0","","02","9","2015","4","40.605322","-79.947182","","11","0","0","0","0","0","1","0","0","1","0","0","0","","","1","","0","","40 36:19.160","1","7","79 56:49.854","4","0","0","0","2207","0","0","0","N","0","0","0","2","02207","1","","1.0","","9","N","N","","1","","0","0","0","","2","N","","2","1","0","0","0","0","0","2","0","2","","","","N","","","","","","","","","",""
"2015099229","","1","0","0","0","0","0","0","0","0","8","0","","02","9","2015","1","40.438696","-79.897136","","11","0","0","0","0","0","0","0","0","1","0","0","0","","","1","","0","","40 26:19.305","7","0","79 53:49.689","3","0","0","0","2301","1","0","0","N","1","0","0","2","02301","0","","1.0","","1","N","N","","0","","1","0","0","","0","N","","2","1","0","0","0","0","1","2","0","1","","","","N","","","","","","","","","",""
"2015101320","","1","0","0","0","0","0","0","0","0","4","0","","02","10","2015","7","40.440933","-80.207386","","11","0","0","0","0","0","0","0","0","","0","0","0","","","1","","2","","40 26:27.359","","0","80 12:26.591","4","0","0","0","2214","0","0","0","N","0","0","0","3","02214","1","","1.0","","9","N","N","","1","","0","0","0","","3","","","2","1","0","0","0","0","0","2","0","2","","","","N","","","","","","","","","",""
"2015100569","","1","0","0","0","0","0","0","0","0","7","0","","02","9","2015","2","40.587761","-79.776842","","11","0","0","0","0","1","0","0","0","2","0","0","0","","","1","","0","","40 35:15.938","1","3","79 46:36.632","8","0","0","0","2104","0","0","0","N","0","0","0","1","68D02","0","","2.0","","9","N","N","","0","","0","0","0","","0","N","","1","1","0","0","0","1","0","2","0","1","","","","N","","","","","","","","","",""
"2015099811","","1","0","0","0","0","0","0","0","0","1","0","","02","9","2015","3","40.515174","-80.271363","","11","0","0","0","0","1","1","0","0","1","0","0","0","","","1","","0","","40 30:54.627","3","0","80 16:16.906","4","0","0","0","2203","0","0","0","N","0","0","0","2","02203","1","","1.0","","1","N","N","","0","","0","0","1","","0","N","","3","1","0","0","0","0","0","2","0","2","","","","N","","","","","","","","","",""
"2015099941","","2","0","0","0","0","0","0","0","0","5","0","","02","9","2015","2","40.465351","-79.965311","","11","0","0","0","0","0","0","0","0","","0","0","0","","","1","","2","","40 27:55.265","","0","79 57:55.121","4","0","0","0","2301","0","0","0","N","0","0","0","2","02301","1","","4.0","","1","N","N","","0","","0","0","0","","0","","","2","1","0","0","0","0","1","2","0","2","","","","N","","","","","","","","","",""
"2015099953","","1","0","0","0","0","0","0","0","0","1","1","45","02","8","2015","6","40.418054","-80.087958","","11","0","0","0","0","0","1","0","0","2","0","1","0","","","1","","0","","40 25:04.995","4","0","80 05:16.650","4","0","0","0","2415","0","0","0","N","0","0","0","2","68B03","1","","1.0","","1","N","N","","0","","0","0","0","","8","N","","2","1","0","0","0","0","0","2","0","2","","","Y","Y","5","1","N","N","Y","Y","N","N","Y",""
"2015100084","","1","0","0","0","0","0","0","0","0","7","0","","02","9","2015","3","40.467027","-80.024868","","11","0","0","0","0","0","0","0","0","2","0","0","0","","","0","","10","","40 28:01.298","4","0","80 01:29.526","9","0","0","0","2301","0","0","0","N","0","0","0","1","02301","0","","5.0","","9","N","N","","0","","0","0","0","","0","Y","","1","0","0","0","0","0","1","2","0","1","","","","N","","","","","","","","","",""
"2015100853","","1","0","0","0","0","0","0","0","0","0","0","","02","10","2015","5","40.456542","-79.823078","","11","0","0","0","0","0","0","0","0","2","0","0","0","","","0","","2","","40 27:23.551","4","0","79 49:23.081","0","0","0","0","2113","0","0","0","N","0","0","0","1","02113","0","","1.0","","1","N","N","","0","","0","0","0","","3","N","","1","0","0","0","0","0","0","2","0","1","","","","N","","","","","","","","","",""
"2015101402","","2","0","0","0","0","0","0","0","0","1","0","","02","10","2015","6","40.376858","-80.066819","","11","0","0","0","0","0","1","0","0","2","0","0","0","","","1","","0","","40 22:36.690","3","0","80 04:00.550","8","0","0","0","2109","0","0","0","N","0","0","0","2","02109","0","","1.0","","1","N","N","","0","","0","0","0","","0","N","","2","1","0","0","0","1","0","2","0","2","","","","N","","","","","","","","","",""
"2015099876","","1","0","0","0","0","0","0","0","0","8","0","","02","9","2015","2","40.342115","-79.98126","","11","0","0","0","0","1","0","0","0","","0","0","0","","","1","","1","","40 20:31.614","","0","79 58:52.536","8","0","0","0","2403","1","0","0","N","1","0","0","2","02403","0","","1.0","","9","N","N","","0","","0","0","0","","3","","","2","1","0","0","0","1","0","2","0","1","","","","N","","","","","","","","","",""
"2015099942","","2","0","0","0","0","0","0","0","0","4","0","","02","9","2015","2","40.570725","-80.00275","","11","0","0","0","0","1","0","0","0","","0","0","0","","","0","","1","","40 34:14.609","","0","80 00:09.899","0","0","0","0","2108","0","0","0","N","0","0","0","3","02108","0","","1.0","","9","N","N","","0","","0","0","0","","2","","","2","0","0","0","0","0","0","2","0","2","","","","N","","","","","","","","","",""
"2015099954","","2","0","0","0","0","0","0","0","0","1","0","","02","9","2015","7","40.434724","-79.997235","","11","0","0","0","0","0","1","0","0","","0","0","0","","","2","","0","","40 26:05.005","","0","79 59:50.046","4","0","0","0","2301","0","0","0","N","0","0","0","4","68B03","2","","1.0","","1","N","N","","0","","0","0","0","","0","","","2","2","0","0","0","0","0","2","0","2","","","","N","","","","","","","","","",""
"2015099800","","1","0","0","0","0","0","0","0","0","1","0","","02","9","2015","3","40.400889","-80.031673","","11","0","0","0","0","0","0","0","0","","0","0","0","","","2","","0","","40 24:03.202","","0","80 01:54.022","4","0","0","0","2301","0","0","0","N","0","0","0","3","02301","2","","1.0","","9","N","N","","1","","0","0","0","","3","","","2","2","0","0","0","0","0","2","0","2","","","","N","","","","","","","","","",""
"2015101536","","0","0","0","0","0","0","0","0","0","7","0","","02","9","2015","3","40.335848","-79.805876","","11","0","0","0","0","0","1","0","0","2","0","0","0","","","0","","0","","40 20:09.054","6","0","79 48:21.152","0","0","0","0","2477","0","0","0","N","0","0","0","1","02477","0","","2.0","","9","N","N","","1","","0","0","0","","0","Y","","1","0","0","0","0","0","0","2","0","1","","","","N","","","","","","","","","",""
"2015099955","","3","0","0","0","0","0","0","0","0","1","0","","02","9","2015","4","40.445361","-79.847031","","11","0","0","0","1","0","1","0","0","","0","0","0","","","0","","7","","40 26:43.298","","2","79 50:49.311","0","0","0","0","2419","0","0","0","N","0","0","0","4","68B03","0","","1.0","","1","N","N","","0","","0","0","0","","0","","","3","0","0","0","0","0","0","2","0","3","","","","N","","","","","","","","","",""
"2015100086","","2","0","0","0","0","0","0","0","0","1","1","","02","9","2015","3","40.457215","-79.997827","","11","0","0","1","0","0","0","0","0","","0","1","0","","","0","","1","","40 27:25.975","","0","79 59:52.178","0","0","0","0","2301","0","0","0","N","0","0","0","1","02301","0","","1.0","","9","N","N","","0","","0","0","0","","2","","","3","0","0","0","0","0","0","2","0","3","","","","N","","","","","","","","","",""
"2015099814","","0","0","0","0","0","0","0","0","0","8","0","","02","9","2015","3","40.459997","-79.945927","","11","0","0","0","0","0","1","0","0","1","0","0","0","","","1","","1","","40 27:35.989","6","0","79 56:45.337","8","0","0","0","2301","1","0","0","N","1","0","0","2","02301","0","","1.0","","1","N","N","","1","","0","0","0","","2","Y","","2","1","0","0","0","1","0","2","0","1","","","","N","","","","","","","","","",""
"2015100718","","1","0","0","0","0","0","0","0","0","4","0","","02","10","2015","5","40.456659","-80.000113","","11","0","0","0","0","0","1","0","0","2","0","0","0","","","1","","1","","40 27:23.972","4","0","80 00:00.406","8","0","0","0","2301","0","0","0","N","0","0","0","2","02301","0","","1.0","","1","N","N","","0","","0","0","1","","0","Y","","2","1","0","0","0","1","0","2","0","2","","","","N","","","","","","","","","",""
"2015099247","","0","0","0","0","0","0","0","0","0","5","0","","02","9","2015","3","40.439572","-80.010125","","11","0","0","0","0","0","1","0","0","","0","0","0","","","0","","0","","40 26:22.458","","3","80 00:36.450","9","0","0","0","2301","0","0","0","N","0","0","0","4","68B03","0","","1.0","","1","N","N","","1","","0","0","0","","3","","","2","0","0","0","0","0","1","2","1","2","","","","N","","","","","","","","","",""
"2015100087","","1","0","0","0","0","0","0","0","0","7","0","","02","9","2015","3","40.449451","-79.984787","","11","0","0","0","0","0","0","0","0","","0","0","0","","","0","","0","","40 26:58.023","","0","79 59:05.233","0","0","0","0","2301","0","0","0","N","0","0","0","1","02301","0","","2.0","","8","N","N","","0","","0","0","0","","0","","","1","0","0","0","0","0","0","2","0","1","","","","N","","","","","","","","","",""
"2015099310","","0","0","0","0","0","0","0","0","0","7","0","","02","9","2015","7","40.32512","-79.792018","","11","0","0","0","0","0","1","0","0","2","0","0","0","","","0","","0","","40 19:30.432","6","0","79 47:31.263","0","0","0","0","2477","0","0","0","N","0","0","0","1","02477","0","","2.0","","1","N","N","","0","","0","0","0","","0","Y","","1","0","0","0","0","0","0","2","1","1","","","","N","","","","","","","","","",""
"2015099803","","1","0","0","0","0","0","0","0","0","7","0","","02","9","2015","3","40.651076","-80.041972","","11","0","0","0","0","0","0","0","0","","0","0","0","","","1","","0","","40 39:03.874","","0","80 02:31.100","4","0","0","0","2216","0","0","0","N","0","0","0","1","02505","1","","5.0","","9","N","N","","0","","0","0","0","","0","","","1","1","0","0","0","0","0","2","0","1","","","","N","","","","","","","","","",""
"2015099958","","2","0","0","0","0","0","0","0","0","1","0","","02","9","2015","3","40.514598","-79.854202","","11","0","0","0","0","0","1","0","0","","0","0","0","","","3","","0","","40 30:52.551","","0","79 51:15.127","4","0","0","0","2112","0","0","0","N","0","0","0","5","68D02","3","","1.0","","1","N","N","","2","","0","0","0","","0","","","4","3","0","0","0","0","0","2","0","4","","","","N","","","","","","","","","",""
"2015099817","","2","0","0","0","0","0","0","0","0","4","0","","02","9","2015","3","40.341142","-79.961705","","11","0","0","0","0","0","0","0","1","1","0","0","0","","","1","","0","","40 20:28.111","2","0","79 57:42.138","8","0","0","0","2454","0","0","0","N","0","0","0","5","02454","0","","1.0","","9","N","N","","0","","0","0","0","","0","N","","2","1","0","0","0","1","0","2","0","2","","","","N","","","","","","","","","",""
"2015100653","","2","0","0","0","0","0","0","0","0","5","0","","02","10","2015","5","40.397279","-80.029058","","11","0","0","0","0","1","1","0","0","","0","0","0","","","0","","0","","40 23:50.205","","0","80 01:44.608","0","0","0","0","2301","0","0","0","N","0","0","0","2","02301","0","","1.0","","1","N","N","","0","","0","0","0","","0","","","2","0","0","0","0","0","0","2","0","2","","","","N","","","","","","","","","",""
"2015100722","","1","0","0","0","0","0","0","0","0","7","0","","02","9","2015","3","40.347818","-79.932499","","11","0","0","0","0","0","0","0","1","","0","0","0","","","0","","0","","40 20:52.146","","0","79 55:56.996","0","0","0","0","2473","0","0","0","N","0","0","0","1","02473","0","","4.0","","9","N","N","","0","","0","0","0","","0","","","1","0","0","0","0","0","0","2","0","1","","","","N","","","","","","","","","",""
"2015100091","","0","0","0","0","0","0","0","0","0","7","0","","02","9","2015","4","40.369142","-79.843197","","11","0","0","0","0","0","0","0","0","1","0","0","0","","","1","","0","","40 22:08.910","6","0","79 50:35.510","4","0","0","0","2303","0","0","0","N","0","0","0","1","02303","1","","4.0","","1","N","N","","0","","0","0","1","","3","Y","","1","1","0","0","0","0","0","2","0","1","","","","N","","","","","","","","","",""
"2015099314","","2","0","0","0","0","0","0","0","0","1","0","","02","9","2015","1","40.555636","-79.7712","","11","0","0","0","0","0","0","0","1","","0","0","0","","","0","","0","","40 33:20.288","","0","79 46:16.321","0","0","0","0","2121","0","0","0","N","0","0","0","3","02121","0","","1.0","","1","N","N","","0","","0","0","0","","0","","","2","0","0","0","0","0","0","1","0","2","","","","N","","","","","","","","","",""
"2015101343","","1","0","0","0","0","0","0","0","0","7","0","","02","10","2015","7","40.452368","-79.996588","","11","0","0","0","0","0","0","0","0","","0","0","0","","","0","","0","","40 27:08.525","","2","79 59:47.717","0","0","0","0","2301","0","0","0","N","0","0","0","2","02301","0","","2.0","","9","N","N","","0","","0","0","0","","0","","","1","0","0","0","0","0","0","2","0","1","","","","N","","","","","","","","","",""
"2015099188","","2","0","0","0","0","0","0","0","0","4","0","","02","9","2015","7","40.648509","-79.937221","","11","0","0","0","0","0","0","0","0","1","0","0","0","","","0","","2","","40 38:54.634","1","0","79 56:13.997","0","0","0","0","2217","0","0","0","N","0","0","0","3","02505","0","","1.0","","1","N","N","","0","","0","0","0","","3","N","","2","0","0","0","0","0","0","2","0","2","","","","N","","","","","","","","","",""
"2015101559","","1","0","1","0","0","0","0","0","0","6","0","","02","10","2015","1","40.466843","-79.798873","","11","0","0","0","0","0","1","0","0","1","0","0","0","","","1","","0","","40 28:00.634","3","0","79 47:55.944","2","0","0","0","2113","0","0","0","N","0","0","0","4","02113","0","","1.0","","1","N","N","","0","","0","1","1","","0","N","","2","1","0","0","0","0","0","2","0","2","","","","N","","","","","","","","","",""
"2015100093","","0","0","0","0","0","0","0","0","0","7","0","","02","9","2015","3","40.393789","-79.996295","","11","0","0","0","0","0","0","0","0","","0","0","0","","","0","","0","","40 23:37.640","","0","79 59:46.662","0","0","0","0","2301","0","0","0","N","0","0","0","1","02301","0","","5.0","","9","N","N","","0","","0","0","1","","0","","","1","0","0","0","0","0","0","2","0","1","","","","N","","","","","","","","","",""
"2015099885","","1","0","0","0","0","0","0","0","0","4","0","","02","9","2015","2","40.443621","-79.757501","","11","0","0","0","0","0","1","0","0","2","0","0","0","","","3","","1","","40 26:37.035","4","0","79 45:27.003","8","0","0","0","2446","0","0","0","N","0","0","0","3","02446","0","","1.0","","1","N","N","","0","","0","0","1","","2","N","","2","3","0","0","0","3","0","2","0","2","","","","N","","","","","","","","","",""
"2015101474","","0","0","0","0","0","0","0","0","0","7","0","","02","9","2015","3","40.383768","-79.822825","","11","0","0","0","0","0","0","0","0","1","0","0","0","","","0","","1","","40 23:01.566","3","0","79 49:22.170","0","0","0","0","2111","0","0","0","N","0","0","0","0","02111","0","","4.0","","1","N","N","","0","","0","0","0","","2","N","","1","0","0","0","0","0","0","2","1","1","","","","N","","","","","","","","","",""