"CRN","ARRIVAL_TM","AUTOMOBILE_COUNT","BELTED_DEATH_COUNT","BELTED_SUSP_SERIOUS_INJ_COUNT","BICYCLE_COUNT","BICYCLE_DEATH_COUNT","BICYCLE_SUSP_SERIOUS_INJ_COUNT","BUS_COUNT","CHLDPAS_DEATH_COUNT","CHLDPAS_SUSP_SERIOUS_INJ_COUNT","COLLISION_TYPE","COMM_VEH_COUNT","CONS_ZONE_SPD_LIM","COUNTY","CRASH_MONTH","CRASH_YEAR","DAY_OF_WEEK","DEC_LATITUDE","DEC_LONGITUDE","DISPATCH_TM","DISTRICT","DRIVER_COUNT_16YR","DRIVER_COUNT_17YR","DRIVER_COUNT_18YR","DRIVER_COUNT_19YR","DRIVER_COUNT_20YR","DRIVER_COUNT_50_64YR","DRIVER_COUNT_65_74YR","DRIVER_COUNT_75PLUS","EST_HRS_CLOSED","FATAL_COUNT","HEAVY_TRUCK_COUNT","HORSE_BUGGY_COUNT","HOUR_OF_DAY","ILLUMINATION","INJURY_COUNT","INTERSECTION_RELATED","INTERSECT_TYPE","LANE_CLOSED","LATITUDE","LN_CLOSE_DIR","LOCATION_TYPE","LONGITUDE","MAX_SEVERITY_LEVEL","MCYCLE_DEATH_COUNT","MCYCLE_SUSP_SERIOUS_INJ_COUNT","MOTORCYCLE_COUNT","MUNICIPALITY","NONMOTR_COUNT","NONMOTR_DEATH_COUNT","NONMOTR_SUSP_SERIOUS_INJ_COUNT","NTFY_HIWY_MAINT","PED_COUNT","PED_DEATH_COUNT","PED_SUSP_SERIOUS_INJ_COUNT","PERSON_COUNT","POLICE_AGCY","POSSIBLE_INJ_COUNT","RDWY_SURF_TYPE_CD","RELATION_TO_ROAD","ROADWAY_CLEARED","ROAD_CONDITION","SCH_BUS_IND","SCH_ZONE_IND","SECONDARY_CRASH","SMALL_TRUCK_COUNT","SPEC_JURIS_CD","SUSP_MINOR_INJ_COUNT","SUSP_SERIOUS_INJ_COUNT","SUV_COUNT","TCD_FUNC_CD","TCD_TYPE","TFC_DETOUR_IND","TIME_OF_DAY","TOTAL_UNITS","TOT_INJ_COUNT","UNBELTED_OCC_COUNT","UNB_DEATH_COUNT","UNB_SUSP_SERIOUS_INJ_COUNT","UNK_INJ_DEG_COUNT","UNK_INJ_PER_COUNT","URBAN_RURAL","VAN_COUNT","VEHICLE_COUNT","WEATHER1","WEATHER2","WORKERS_PRES","WORK_ZONE_IND","WORK_ZONE_LOC","WORK_ZONE_TYPE","WZ_CLOSE_DETOUR","WZ_FLAGGER","WZ_LAW_OFFCR_IND","WZ_LN_CLOSURE","WZ_MOVING","WZ_OTHER","WZ_SHLDER_MDN","WZ_WORKERS_INJ_KILLED"
"2015099317","","1","0","0","0","0","0","0","0","0","4","0","","02","9","2015","1","40.32273","-79.887845","","11","0","0","0","0","0","1","0","0","1","0","0","0","","","2","","1","","40 19:21.828","6","0","79 53:16.242","8","0","0","0","2433","0","0","0","N","0","0","0","3","02433","0","","1.0","","1","N","N","","0","","0","0","1","","0","N","","2","2","0","0","0","2","0","2","0","2","","","","N","","","","","","","","","",""
"2015102090","","1","0","0","0","0","0","0","0","0","1","0","","02","10","2015","2","40.425738","-79.750581","","11","0","0","0","0","0","1","1","0","1","0","0","0","","","1","","2","","40 25:32.656","1","0","79 45:02.091","4","0","0","0","2446","0","0","0","N","0","0","0","3","02446","1","","1.0","","1","N","N","","0","","0","0","2","","0","N","","3","1","0","0","0","0","0","2","0","3","","","","N","","","","","","","","","",""
"2015101475","","1","0","0","0","0","0","0","0","0","5","0","","02","10","2015","7","40.422553","-79.903283","","11","0","0","0","0","1","0","0","0","","0","0","0","","","0","","0","","40 25:21.190","","0","79 54:11.820","9","0","0","0","2301","0","0","0","N","0","0","0","2","02301","0","","1.0","","1","N","N","","0","","0","0","1","","0","","","2","0","0","0","0","0","1","2","0","2","","","","N","","","","","","","","","",""
"2015099173","","2","0","0","0","0","0","0","0","0","4","0","","02","9","2015","7","40.437428","-79.979527","","11","0","0","0","1","0","0","0","0","","0","0","0","","","0","","1","","40 26:14.740","","0","79 58:46.297","0","0","0","0","2301","0","0","0","N","0","0","0","2","02301","0","","1.0","","1","N","N","","0","","0","0","0","","3","","","2","0","0","0","0","0","0","2","0","2","","","","N","","","","","","","","","",""
"2015101476","","1","0","0","0","0","0","0","0","0","4","0","","02","10","2015","7","40.352206","-79.856344","","11","0","0","0","0","0","0","0","0","1","0","0","0","","","1","","0","","40 21:07.940","4","0","79 51:22.837","4","0","0","0","2304","0","0","0","N","0","0","0","2","02304","1","","1.0","","1","N","N","","0","","0","0","1","","0","N","","2","1","0","0","0","0","0","2","0","2","","","","N","","","","","","","","","",""
"2015101632","","2","0","0","0","0","0","0","0","0","2","0","","02","10","2015","7","40.46146","-79.741218","","11","0","0","0","0","0","0","0","0","1","0","0","0","","","2","","0","","40 27:41.257","5","0","79 44:28.384","4","0","0","0","2466","0","0","0","N","0","0","0","3","02466","1","","1.0","","9","N","N","","0","","0","0","0","","0","N","","2","2","0","0","0","1","0","2","0","2","","","","N","","","","","","","","","",""
"2015099176","","1","0","0","0","0","0","0","0","0","4","0","","02","9","2015","7","40.342987","-79.968929","","11","0","0","0","0","0","0","1","0","1","0","0","0","","","1","","2","","40 20:34.754","5","0","79 58:08.145","4","0","0","0","2403","0","0","0","N","0","0","0","2","02403","1","","1.0","","1","N","N","","0","","0","0","1","","0","N","","2","1","0","0","0","0","0","2","0","2","","","","N","","","","","","","","","",""
"2015101492","","0","0","0","0","0","0","0","0","0","8","0","","02","10","2015","6","40.458331","-79.906145","","11","0","0","0","0","0","0","0","0","","0","0","0","","","1","","2","","40 27:29.991","","0","79 54:22.122","4","0","0","0","2301","1","0","0","N","1","0","0","2","02301","1","","1.0","","1","N","N","","0","","0","0","0","","3","","","2","1","0","0","0","0","1","2","0","1","","","","N","","","","","","","","","",""
"2015099320","","1","0","0","0","0","0","0","0","0","4","0","","02","9","2015","1","40.438892","-80.015441","","11","0","0","0","0","0","0","0","0","2","0","0","0","","","0","","7","","40 26:20.011","4","8","80 00:55.586","0","0","0","0","2301","0","0","0","N","0","0","0","2","02301","0","","1.0","","1","N","N","","0","","0","0","1","","0","N","","2","0","0","0","0","0","0","2","0","2","","","","N","","","","","","","","","",""
"2015101335","","0","0","0","0","0","0","0","0","0","7","0","","02","9","2015","2","40.599894","-79.950342","","11","0","0","0","0","0","0","0","0","2","0","0","0","","","0","","0","","40 35:59.620","5","0","79 57:01.230","0","0","0","0","2207","0","0","0","N","0","0","0","3","02207","0","","2.0","","9","N","N","","1","","0","0","0","","0","Y","","1","0","3","0","0","0","0","2","0","1","","","","N","","","","","","","","","",""
"2015100662","","1","0","0","0","0","0","0","0","0","4","0","","02","9","2015","4","40.564816","-79.76933","","11","0","0","0","0","0","1","1","0","2","0","0","0","","","0","","0","","40 33:53.338","6","3","79 46:09.588","0","0","0","0","2104","0","0","0","N","0","0","0","3","64305","0","","1.0","","1","N","N","","0","","0","0","1","","0","Y","","2","0","0","0","0","0","0","2","0","2","","","","N","","","","","","","","","",""
"2015101478","","2","0","0","0","0","0","0","0","0","7","0","","02","9","2015","5","40.413338","-80.076802","","11","0","0","0","0","0","0","0","0","5","0","0","0","","","1","","0","","40 24:48.018","5","0","80 04:36.487","4","0","0","0","2117","0","0","0","N","0","0","0","1","02117","1","","5.0","","1","N","N","","0","","0","0","0","","0","Y","","2","1","0","0","0","0","0","2","0","2","","","","N","","","","","","","","","",""
"2015099321","","2","0","0","0","0","0","0","0","0","8","0","","02","9","2015","7","40.48875","-79.965611","","11","0","0","0","0","1","0","0","0","","1","0","0","","","2","","0","","40 29:19.500","","0","79 57:56.200","1","0","0","0","2118","2","1","0","N","2","1","0","3","02118","1","2","5.0","","1","N","N","","0","0","0","0","0","","0","","","4","2","1","0","0","1","0","2","0","2","","","","N","","","","","","","","","",""
"2015100946","","2","0","0","0","0","0","0","0","0","1","0","55","02","9","2015","4","40.565276","-79.853538","","11","0","0","0","0","0","1","0","0","","0","0","0","","","2","","0","","40 33:54.992","","0","79 51:12.738","8","0","0","0","2209","0","0","0","N","0","0","0","3","68T02","0","","1.0","","1","N","N","","0","","0","0","0","","0","","","2","2","1","0","0","2","0","2","0","2","","","Y","Y","4","1","N","N","N","N","N","N","Y",""
"2015098707","","1","0","0","0","0","0","0","0","0","1","1","","02","9","2015","6","40.341542","-79.965585","","11","0","0","0","0","1","1","0","0","","0","1","0","","","1","","0","","40 20:29.550","","0","79 57:56.105","8","0","0","0","2454","0","0","0","N","0","0","0","2","02454","0","","1.0","","1","N","N","","0","","0","0","0","","0","","","2","1","0","0","0","1","0","2","0","2","","","","N","","","","","","","","","",""
"2015101651","","1","0","0","0","0","0","0","0","0","4","0","","02","9","2015","7","40.338308","-80.000013","","11","0","1","0","0","0","0","0","0","2","0","0","0","","","0","","0","","40 20:17.907","5","0","80 00:00.045","0","0","0","0","2407","0","0","0","N","0","0","0","4","02407","0","","1.0","","1","N","N","","0","","0","0","1","","0","Y","","2","0","0","0","0","0","0","2","0","2","","","","N","","","","","","","","","",""
"2015097214","","2","0","0","0","0","0","0","0","0","4","0","","02","9","2015","7","40.456357","-79.940659","","11","0","0","0","0","0","1","0","0","","0","0","0","","","1","","2","","40 27:22.886","","0","79 56:26.371","4","0","0","0","2301","0","0","0","N","0","0","0","2","02301","1","","1.0","","1","N","N","","0","","0","0","0","","0","","","2","1","0","0","0","0","0","2","0","2","","","","N","","","","","","","","","",""
"2015098091","","1","0","0","0","0","0","0","0","0","5","0","","02","9","2015","4","40.456659","-80.000113","","11","0","0","0","0","0","0","0","0","","0","0","0","","","0","","1","","40 27:23.972","","0","80 00:00.406","0","0","0","0","2301","0","0","0","N","0","0","0","2","02301","0","","1.0","","1","N","N","","0","","0","0","0","","3","","","2","0","0","0","0","0","0","2","1","2","","","","N","","","","","","","","","",""
"2015097357","","0","0","0","0","0","0","0","0","0","7","0","","02","9","2015","3","40.418997","-79.988839","","11","0","0","0","0","0","0","0","0","1","0","0","0","","","2","","0","","40 25:08.390","2","0","79 59:19.820","3","0","0","0","2301","0","0","0","N","0","0","0","2","02301","0","","2.0","","1","N","N","","1","","2","0","0","","0","N","","1","2","2","0","0","0","0","2","0","1","","","","N","","","","","","","","","",""
"2015100819","","1","0","0","1","0","0","0","0","0","8","0","","02","10","2015","5","40.465466","-79.946427","","11","0","0","0","0","0","0","0","1","","0","0","0","","","1","","1","","40 27:55.677","","0","79 56:47.137","8","0","0","0","2301","1","0","0","N","0","0","0","2","02301","0","","1.0","","1","N","N","","0","","0","0","0","","2","","","2","1","0","0","0","1","0","2","0","1","","","","N","","","","","","","","","",""
"2015099337","","1","0","0","0","0","0","0","0","0","1","0","","02","9","2015","1","40.384713","-79.995126","","11","0","0","0","0","0","0","0","0","","0","0","0","","","0","","2","","40 23:04.968","","0","79 59:42.454","0","0","0","0","2301","0","0","0","N","0","0","0","2","02301","0","","1.0","","9","N","N","","0","","0","0","0","","2","","","2","0","0","0","0","0","0","2","1","2","","","","N","","","","","","","","","",""
"2015097289","","1","0","0","0","0","0","0","0","0","4","0","","02","9","2015","3","40.47796","-79.845576","","11","0","0","0","0","0","0","1","0","1","0","0","0","","","1","","3","","40 28:40.656","6","0","79 50:44.075","4","0","0","0","2113","0","0","0","N","0","0","0","2","02113","1","","1.0","","1","N","N","","1","","0","0","0","","0","N","","2","1","0","0","0","0","0","2","0","2","","","","N","","","","","","","","","",""
"2015097359","","2","0","0","0","0","0","0","0","0","1","0","","02","9","2015","3","40.462206","-79.960603","","11","0","0","0","0","0","0","0","0","","0","0","0","","","0","","0","","40 27:43.940","","0","79 57:38.170","0","0","0","0","2301","0","0","0","N","0","0","0","1","02301","0","","4.0","","1","N","N","","0","","0","0","0","","0","","","2","0","0","0","0","0","0","2","0","2","","","","N","","","","","","","","","",""
"2015098725","","1","0","0","0","0","0","0","0","0","1","0","","02","9","2015","7","40.484224","-79.907886","","11","0","0","0","0","0","1","0","0","","0","0","0","","","0","","2","","40 29:03.206","","0","79 54:28.391","0","0","0","0","2301","0","0","0","N","0","0","0","3","02301","0","","1.0","","1","N","N","","1","","0","0","0","","2","","","2","0","0","0","0","0","0","2","0","2","","","","N","","","","","","","","","",""
"2015099340","","0","0","0","0","0","0","0","0","0","7","0","","02","9","2015","2","40.269228","-79.901263","","11","0","0","0","0","1","0","0","0","1","0","0","0","","","0","","2","","40 16:09.221","1","0","79 54:04.547","0","0","0","0","2471","0","0","0","N","0","0","0","1","02428","0","","5.0","","1","N","N","","0","","0","0","1","","0","N","","1","0","0","0","0","0","0","2","0","1","","","","N","","","","","","","","","",""
"2015096601","","0","0","0","0","0","0","0","0","0","7","0","","02","9","2015","1","40.248853","-79.877087","","11","0","0","0","0","0","1","0","0","2","0","0","0","","","1","","2","","40 14:55.870","5","0","79 52:37.512","8","0","0","0","2204","0","0","0","Y","0","0","0","1","02204","0","","3.0","","1","N","N","","0","","0","0","1","","2","Y","","1","1","1","0","0","1","0","1","0","1","","","","N","","","","","","","","","",""
"2015100951","","0","0","0","0","0","0","0","0","0","7","0","","02","6","2015","7","40.624231","-79.840442","","11","0","0","0","0","0","0","0","0","","0","0","0","","","0","","0","","40 37:27.230","","0","79 50:25.590","0","0","0","0","2220","0","0","0","N","0","0","0","2","02220","0","","2.0","","9","N","N","","1","","0","0","0","","0","","","1","0","0","0","0","0","0","2","0","1","","","","N","","","","","","","","","",""
"2015098728","","2","0","0","0","0","0","0","0","0","4","0","","02","9","2015","7","40.459997","-79.945927","","11","0","0","0","0","0","1","0","0","","0","0","0","","","0","","1","","40 27:35.989","","0","79 56:45.337","9","0","0","0","2301","0","0","0","N","0","0","0","4","02301","0","","1.0","","1","N","N","","0","","0","0","0","","2","","","2","0","0","0","0","0","1","2","0","2","","","","N","","","","","","","","","",""
"2015098031","","1","0","0","0","0","0","0","0","0","4","0","","02","9","2015","5","40.508204","-79.90283","","11","0","0","0","0","0","0","0","1","","0","0","0","","","0","","2","","40 30:29.534","","0","79 54:10.188","0","0","0","0","2432","0","0","0","","0","0","0","2","02432","0","","1.0","","1","","","","0","","0","0","0","","4","","","2","0","0","0","0","0","0","2","1","2","","","","N","","","","","","","","","",""
"2015096523","","1","0","0","0","0","0","0","0","0","7","0","","02","9","2015","7","40.431533","-79.951703","","11","0","0","0","0","0","0","0","0","","0","0","0","","","0","","0","","40 25:53.520","","0","79 57:06.130","0","0","0","0","2301","0","0","0","N","0","0","0","1","02301","0","","2.0","","1","N","N","","0","","0","0","0","","3","","","1","0","0","0","0","0","0","2","0","1","","","","N","","","","","","","","","",""
"2015098811","","2","0","0","0","0","0","0","0","0","4","0","","02","9","2015","7","40.429521","-79.977548","","11","0","0","0","0","0","0","0","0","","0","0","0","","","2","","1","","40 25:46.275","","0","79 58:39.172","4","0","0","0","2301","0","0","0","N","0","0","0","3","02301","1","","1.0","","1","N","N","","0","","0","0","0","","3","","","2","2","1","0","0","1","0","2","0","2","","","","N","","","","","","","","","",""
"2015100121","","1","0","0","0","0","0","0","0","0","5","1","","02","9","2015","2","40.506733","-80.006887","","11","0","0","0","0","0","2","0","0","1","0","1","0","","","1","","1","","40 30:24.237","1","0","80 00:24.793","3","0","0","0","2116","0","0","0","N","0","0","0","2","02116","0","","1.0","","9","N","N","","0","","1","0","0","","8","N","","2","1","0","0","0","0","0","2","0","2","","","","N","","","","","","","","","",""
"2015098729","","2","0","0","0","0","0","0","0","0","1","0","","02","9","2015","4","40.453909","-79.711733","","11","0","0","0","0","0","1","0","0","","0","0","0","","","1","","0","","40 27:14.072","","0","79 42:42.239","8","0","0","0","2466","0","0","0","N","0","0","0","2","02466","0","","1.0","","1","N","N","","0","","0","0","0","","2","","","2","1","0","0","0","1","0","2","0","2","","","","N","","","","","","","","","",""
"2015098033","","1","0","0","0","0","0","0","0","0","1","1","","02","9","2015","5","40.385128","-79.959383","","11","0","0","1","0","0","0","0","0","2","0","1","0","","","0","","0","","40 23:06.460","4","0","79 57:33.780","9","0","0","0","2403","0","0","0","N","0","0","0","3","02403","0","","1.0","","1","N","N","","0","","0","0","0","","0","Y","","2","0","1","0","0","0","1","2","0","2","","","","N","","","","","","","","","",""
"2015096538","","0","0","0","0","0","0","0","0","0","5","1","","02","9","2015","3","40.49195","-80.05499","","11","0","0","0","0","0","1","0","0","1","0","1","0","","","0","","1","","40 29:31.020","7","0","80 03:17.964","0","0","0","0","2404","0","0","0","N","0","0","0","3","02404","0","","1.0","","1","N","N","","0","","0","0","0","","3","Y","","2","0","0","0","0","0","0","2","1","2","","","","N","","","","","","","","","",""
"2015097363","","1","0","0","0","0","0","0","0","0","4","0","","02","9","2015","2","40.352524","-79.838462","","11","0","0","0","0","0","0","1","0","1","0","0","0","","","1","","3","","40 21:09.086","6","2","79 50:18.464","4","0","0","0","2304","0","0","0","N","0","0","0","6","02304","1","","1.0","","1","N","N","","0","","0","0","0","","2","N","","2","1","0","0","0","0","1","2","1","2","","","","N","","","","","","","","","",""
"2015099343","","1","0","0","0","0","0","0","0","0","7","0","90","02","9","2015","1","40.576714","-79.823129","","11","0","0","0","0","0","0","0","0","9","0","0","0","","","0","","0","","40 34:36.170","3","0","79 49:23.263","0","0","0","0","2209","0","0","0","","0","0","0","1","02209","0","","2.0","","1","","","","0","","0","0","0","","3","N","","1","0","0","0","0","0","0","2","0","1","","","N","Y","1","1","","","N","Y","","","",""
"2015097221","","1","0","0","0","0","0","0","0","0","1","0","","02","9","2015","3","40.275348","-79.893311","","11","0","0","0","0","0","1","0","1","1","0","0","0","","","0","","0","","40 16:31.253","1","0","79 53:35.921","0","0","0","0","2440","0","0","0","N","0","0","0","3","02440","0","","1.0","","1","N","N","","1","","0","0","0","","0","N","","2","0","0","0","0","0","0","2","0","2","","","","N","","","","","","","","","",""
"2015097282","","0","0","0","0","0","0","0","0","0","7","0","","02","9","2015","7","40.4108","-79.725908","","11","0","0","0","0","0","0","0","0","3","0","0","0","","","1","","0","","40 24:38.880","3","0","79 43:33.267","4","0","0","0","2446","0","0","0","N","0","0","0","1","68T09","1","","3.0","","1","N","N","","0","","0","0","1","","0","N","","1","1","1","0","0","0","0","2","0","1","","","","N","","","","","","","","","",""
"2015100123","","1","0","0","0","0","0","0","0","0","7","0","","02","9","2015","3","40.417871","-79.995716","","11","0","0","0","0","0","0","0","0","","0","0","0","","","0","","0","","40 25:04.335","","0","79 59:44.577","0","0","0","0","2301","0","0","0","N","0","0","0","1","02301","0","","5.0","","9","N","N","","0","","0","0","0","","0","","","1","0","0","0","0","0","0","2","0","1","","","","N","","","","","","","","","",""
"2015099409","","2","0","0","0","0","0","0","0","0","6","0","","02","9","2015","2","40.475867","-80.023253","","11","0","0","0","0","0","0","0","0","","0","0","0","","","0","","0","","40 28:33.120","","0","80 01:23.710","0","0","0","0","2301","0","0","0","N","0","0","0","1","02301","0","","2.0","","9","N","N","","0","","0","0","0","","0","","","2","0","0","0","0","0","0","2","0","2","","","","N","","","","","","","","","",""
"2015100954","","1","0","0","0","0","0","0","0","0","4","0","","02","9","2015","5","40.431769","-79.791289","","11","0","0","0","0","0","1","1","0","","0","0","0","","","0","","0","","40 25:54.370","","0","79 47:28.640","0","0","0","0","2446","0","0","0","N","0","0","0","2","02446","0","","1.0","","1","N","N","","0","","0","0","1","","3","","","2","0","0","0","0","0","0","2","0","2","","","","N","","","","","","","","","",""
"2015097222","","1","0","0","0","0","0","0","0","0","1","0","","02","9","2015","5","40.543336","-80.213393","","11","0","0","0","0","0","1","0","0","","0","0","0","","","0","","0","","40 32:36.008","","0","80 12:48.213","0","0","0","0","2213","0","0","0","N","0","0","0","2","02213","0","","1.0","","1","N","N","","0","","0","0","1","","0","","","2","0","0","0","0","0","0","2","0","2","","","","N","","","","","","","","","",""
"2015096541","","1","0","0","0","0","0","0","0","0","4","0","","02","9","2015","7","40.430587","-79.980392","","11","0","0","0","0","0","0","0","0","","0","0","0","","","0","","1","","40 25:50.113","","0","79 58:49.411","0","0","0","0","2301","0","0","0","N","0","0","0","4","02301","0","","1.0","","9","N","N","","0","","0","0","1","","3","","","2","0","0","0","0","0","0","2","0","2","","","","N","","","","","","","","","",""
"2015097297","","1","0","0","0","0","0","0","0","0","8","0","","02","9","2015","2","40.451337","-79.94099","","11","0","0","0","0","0","1","0","0","","0","0","0","","","1","","1","","40 27:04.813","","0","79 56:27.564","8","0","0","0","2301","1","0","0","N","1","0","0","3","02301","0","","1.0","","1","N","N","","0","","0","0","0","","2","","","2","1","0","0","0","1","0","2","0","1","","","","N","","","","","","","","","",""
"2015100894","","1","0","0","0","0","0","0","0","0","1","0","","02","9","2015","2","40.356424","-80.119157","","11","0","0","0","0","0","0","0","0","","0","0","0","","","0","","1","","40 21:23.127","","0","80 07:08.965","9","0","0","0","2119","0","0","0","N","0","0","0","2","02119","0","","1.0","","3","N","N","","0","","0","0","1","","2","","","2","0","0","0","0","0","2","2","0","2","","","","N","","","","","","","","","",""
"2015097223","","2","0","0","0","0","0","0","0","0","2","0","","02","9","2015","6","40.503661","-80.222371","","11","0","1","0","0","1","0","0","0","2","0","0","0","","","5","","1","","40 30:13.181","5","0","80 13:20.536","4","0","0","0","2213","0","0","0","N","0","0","0","6","02213","3","","1.0","","1","N","N","","0","","0","0","0","","2","N","","2","5","0","0","0","2","0","2","0","2","","","","N","","","","","","","","","",""
"2015096542","","1","0","0","0","0","0","0","0","0","4","0","","02","9","2015","7","40.447139","-80.003983","","11","0","0","0","0","0","1","0","0","1","0","0","0","","","1","","0","","40 26:49.700","2","0","80 00:14.340","3","0","0","0","2301","0","0","0","N","0","0","0","4","02301","0","","1.0","","9","N","N","","0","","1","0","1","","0","N","","2","1","0","0","0","0","0","2","0","2","","","","N","","","","","","","","","",""
"2015096606","","1","0","0","0","0","0","0","0","0","5","0","","02","9","2015","1","40.458222","-79.99175","","11","0","0","0","0","0","0","0","0","","0","0","0","","","0","","0","","40 27:29.600","","0","79 59:30.300","0","0","0","0","2301","0","0","0","N","0","0","0","1","02301","0","","1.0","","1","N","N","","1","","0","0","0","","0","","","2","0","0","0","0","0","0","2","0","2","","","","N","","","","","","","","","",""
"2015098049","","2","0","0","0","0","0","0","0","0","1","0","","02","9","2015","4","40.512345","-79.997494","","11","0","0","0","0","0","0","0","1","2","0","0","0","","","0","","0","","40 30:44.443","2","0","79 59:50.977","0","0","0","0","2116","0","0","0","N","0","0","0","3","02116","0","","1.0","","1","N","N","","0","","0","0","0","","0","N","","2","0","0","0","0","0","0","2","0","2","","","","N","","","","","","","","","",""
"2015098735","","1","0","0","0","0","0","0","0","0","2","0","","02","9","2015","6","40.477754","-79.759125","","11","0","0","0","0","0","0","0","1","1","0","0","0","","","2","","0","","40 28:39.915","4","0","79 45:32.851","8","0","0","0","2466","0","0","0","N","0","0","0","3","02466","0","","1.0","","1","N","N","","0","","0","0","1","","0","Y","","2","2","0","0","0","2","0","2","0","2","","","","N","","","","","","","","","",""
"2015096466","","0","0","0","1","0","0","0","0","0","8","0","","02","9","2015","7","40.42364","-79.891471","","11","0","0","0","0","0","1","0","0","","0","0","0","","","1","","1","","40 25:25.104","","0","79 53:29.295","4","0","0","0","2463","1","0","0","N","0","0","0","2","02463","1","","1.0","","1","N","N","","0","","0","0","1","","2","","","2","1","0","0","0","0","0","2","0","1","","","","N","","","","","","","","","",""
"2015098804","","1","0","0","0","0","0","0","0","0","8","0","","02","9","2015","7","40.464117","-80.017475","","11","0","0","0","0","0","0","0","0","","0","0","0","","","1","","0","","40 27:50.820","","0","80 01:02.910","4","0","0","0","2301","1","0","0","N","1","0","0","2","02301","1","","1.0","","1","N","N","","0","","0","0","0","","0","","","2","1","0","0","0","0","0","2","0","1","","","","N","","","","","","","","","",""
"2015098050","","2","0","0","0","0","0","0","0","0","4","0","","02","9","2015","5","40.658399","-80.008613","","11","0","0","0","0","0","0","0","0","1","0","0","0","","","1","","2","","40 39:30.237","4","0","80 00:31.008","8","0","0","0","2216","0","0","0","N","0","0","0","2","02505","0","","1.0","","1","N","N","","0","","0","0","0","","2","N","","2","1","0","0","0","1","0","2","0","2","","","","N","","","","","","","","","",""
"2015099348","","1","0","0","0","0","0","0","0","0","7","0","","02","9","2015","6","40.421943","-79.92884","","11","0","0","0","0","0","0","0","1","","0","0","0","","","1","","10","","40 25:18.994","","7","79 55:43.824","8","0","0","0","2301","0","0","0","N","0","0","0","1","02301","0","","4.0","","1","N","N","","0","","0","0","0","","0","","","1","1","0","0","0","1","0","2","0","1","","","","N","","","","","","","","","",""
"2015096402","","1","0","0","0","0","0","0","0","0","8","0","10","02","9","2015","6","40.623366","-80.058794","","11","1","0","0","0","0","0","0","0","","0","0","0","","","1","","2","","40 37:24.117","","0","80 03:31.658","4","0","0","0","2216","1","0","0","N","1","0","0","2","02505","1","","2.0","","1","N","N","","0","","0","0","0","","7","","","2","1","0","0","0","0","0","2","0","1","","","Y","Y","4","3","","Y","N","Y","","","Y",""
"2015098051","","1","0","0","0","0","0","0","0","0","4","0","","02","9","2015","5","40.451984","-79.981962","","11","0","0","0","0","0","0","0","0","","0","0","0","","","1","","1","","40 27:07.142","","0","79 58:55.063","4","0","0","0","2301","0","0","0","N","0","0","0","2","02301","1","","1.0","","1","N","N","","0","","0","0","1","","0","","","2","1","0","0","0","0","0","2","0","2","","","","N","","","","","","","","","",""
"2015100831","","1","0","0","0","0","0","0","0","0","0","0","","02","10","2015","5","40.490029","-79.797331","","11","0","0","0","0","0","0","0","0","2","0","0","0","","","1","","0","","40 29:24.105","4","0","79 47:50.391","8","0","0","0","2113","0","0","0","N","0","0","0","1","02113","0","","2.0","","1","N","N","","0","","0","0","0","","0","N","","1","1","0","0","0","1","0","2","0","1","","","","N","","","","","","","","","",""
"2015098822","","1","0","0","0","0","0","0","0","0","4","0","","02","9","2015","7","40.570907","-79.961411","","11","0","0","0","0","1","0","0","0","2","0","0","0","","","1","","2","","40 34:15.264","2","0","79 57:41.078","8","0","0","0","2207","0","0","0","N","0","0","0","3","02207","0","","1.0","","1","N","N","","0","","0","0","1","","3","N","","2","1","1","0","0","1","0","2","0","2","","","","N","","","","","","","","","",""
"2015098254","","0","0","0","0","0","0","0","0","0","4","0","","02","9","2015","5","40.422906","-79.966947","","11","0","0","0","0","0","1","0","0","1","0","0","0","","","2","","0","","40 25:22.460","6","0","79 58:01.010","4","0","0","0","2301","0","0","0","N","0","0","0","2","02301","1","","1.0","","1","N","N","","0","","0","0","2","","0","Y","","2","2","0","0","0","1","0","2","0","2","","","","N","","","","","","","","","",""
"2015096548","","1","0","0","0","0","0","0","0","0","7","0","","02","9","2015","5","40.393167","-79.809653","","11","0","0","1","0","0","0","0","0","2","0","0","0","","","0","","0","","40 23:35.401","2","0","79 48:34.750","0","0","0","0","2111","0","0","0","N","0","0","0","1","02111","0","","5.0","","9","N","N","","0","","0","0","0","","0","N","","1","0","0","0","0","0","0","2","0","1","","","","N","","","","","","","","","",""
"2015096063","","0","0","0","0","0","0","0","0","0","5","1","","02","9","2015","6","40.341946","-79.965429","","11","0","0","0","0","0","2","0","0","2","0","1","0","","","0","","0","","40 20:31.005","4","0","79 57:55.543","0","0","0","0","2454","0","0","0","N","0","0","0","2","02454","0","","1.0","","1","N","N","","1","","0","0","0","","3","N","","2","0","0","0","0","0","0","2","0","2","","","","N","","","","","","","","","",""
"2015097531","","1","0","0","0","0","0","0","0","0","7","0","","02","9","2015","3","40.585049","-79.827653","","11","0","0","0","0","1","0","0","0","4","1","0","0","","","2","","0","","40 35:06.175","5","0","79 49:39.552","1","0","0","0","2209","0","0","0","N","0","0","0","3","02209","2","2","4.0","","1","N","N","","0","0","0","0","0","","0","Y","","1","2","1","1","0","0","0","2","0","1","","","","N","","","","","","","","","",""