"CRN","ARRIVAL_TM","AUTOMOBILE_COUNT","BELTED_DEATH_COUNT","BELTED_SUSP_SERIOUS_INJ_COUNT","BICYCLE_COUNT","BICYCLE_DEATH_COUNT","BICYCLE_SUSP_SERIOUS_INJ_COUNT","BUS_COUNT","CHLDPAS_DEATH_COUNT","CHLDPAS_SUSP_SERIOUS_INJ_COUNT","COLLISION_TYPE","COMM_VEH_COUNT","CONS_ZONE_SPD_LIM","COUNTY","CRASH_MONTH","CRASH_YEAR","DAY_OF_WEEK","DEC_LATITUDE","DEC_LONGITUDE","DISPATCH_TM","DISTRICT","DRIVER_COUNT_16YR","DRIVER_COUNT_17YR","DRIVER_COUNT_18YR","DRIVER_COUNT_19YR","DRIVER_COUNT_20YR","DRIVER_COUNT_50_64YR","DRIVER_COUNT_65_74YR","DRIVER_COUNT_75PLUS","EST_HRS_CLOSED","FATAL_COUNT","HEAVY_TRUCK_COUNT","HORSE_BUGGY_COUNT","HOUR_OF_DAY","ILLUMINATION","INJURY_COUNT","INTERSECTION_RELATED","INTERSECT_TYPE","LANE_CLOSED","LATITUDE","LN_CLOSE_DIR","LOCATION_TYPE","LONGITUDE","MAX_SEVERITY_LEVEL","MCYCLE_DEATH_COUNT","MCYCLE_SUSP_SERIOUS_INJ_COUNT","MOTORCYCLE_COUNT","MUNICIPALITY","NONMOTR_COUNT","NONMOTR_DEATH_COUNT","NONMOTR_SUSP_SERIOUS_INJ_COUNT","NTFY_HIWY_MAINT","PED_COUNT","PED_DEATH_COUNT","PED_SUSP_SERIOUS_INJ_COUNT","PERSON_COUNT","POLICE_AGCY","POSSIBLE_INJ_COUNT","RDWY_SURF_TYPE_CD","RELATION_TO_ROAD","ROADWAY_CLEARED","ROAD_CONDITION","SCH_BUS_IND","SCH_ZONE_IND","SECONDARY_CRASH","SMALL_TRUCK_COUNT","SPEC_JURIS_CD","SUSP_MINOR_INJ_COUNT","SUSP_SERIOUS_INJ_COUNT","SUV_COUNT","TCD_FUNC_CD","TCD_TYPE","TFC_DETOUR_IND","TIME_OF_DAY","TOTAL_UNITS","TOT_INJ_COUNT","UNBELTED_OCC_COUNT","UNB_DEATH_COUNT","UNB_SUSP_SERIOUS_INJ_COUNT","UNK_INJ_DEG_COUNT","UNK_INJ_PER_COUNT","URBAN_RURAL","VAN_COUNT","VEHICLE_COUNT","WEATHER1","WEATHER2","WORKERS_PRES","WORK_ZONE_IND","WORK_ZONE_LOC","WORK_ZONE_TYPE","WZ_CLOSE_DETOUR","WZ_FLAGGER","WZ_LAW_OFFCR_IND","WZ_LN_CLOSURE","WZ_MOVING","WZ_OTHER","WZ_SHLDER_MDN","WZ_WORKERS_INJ_KILLED"
"2015098329","","2","0","0","0","0","0","0","0","0","1","0","","02","9","2015","7","40.427588","-79.721046","","11","0","0","0","0","0","0","0","0","","0","0","0","","","0","","0","","40 25:39.316","","0","79 43:15.766","0","0","0","0","2446","0","0","0","N","0","0","0","2","02446","0","","1.0","","1","N","N","","0","","0","0","0","","2","","","2","0","0","0","0","0","0","2","0","2","","","","N","","","","","","","","","",""
"2015098810","","0","0","0","0","0","0","0","0","0","7","0","","02","9","2015","7","40.427314","-79.862999","","11","0","0","0","0","0","0","0","0","1","0","0","0","","","1","","0","","40 25:38.332","4","0","79 51:46.796","8","0","0","0","2431","0","0","0","N","0","0","0","1","02431","0","","5.0","","1","N","N","","1","","0","0","0","","0","N","","1","1","1","0","0","1","0","2","0","1","","","","N","","","","","","","","","",""
"2015096758","","0","0","0","0","0","0","0","0","0","4","0","","02","9","2015","1","40.454076","-79.996814","","11","0","0","0","0","0","0","0","0","2","0","0","0","","","0","","1","","40 27:14.672","3","0","79 59:48.532","0","0","0","0","2301","0","0","0","N","0","0","0","2","02301","0","","1.0","","1","N","N","","0","","0","0","2","","2","N","","2","0","0","0","0","0","0","2","0","2","","","","N","","","","","","","","","",""
"2015098121","","0","0","0","0","0","0","0","0","0","1","1","","02","9","2015","5","40.497478","-79.929071","","11","0","0","0","0","0","0","2","0","2","0","1","0","","","0","","0","","40 29:50.922","2","0","79 55:44.654","0","0","0","0","2461","0","0","0","N","0","0","0","4","68D02","0","","1.0","","9","N","N","","1","","0","0","0","","0","N","","2","0","0","0","0","0","0","2","0","2","","","","N","","","","","","","","","",""
"2015096630","","3","0","0","0","0","0","0","0","0","4","0","","02","9","2015","1","40.448785","-79.9101","","11","0","0","0","0","0","1","0","0","","0","0","0","","","0","","1","","40 26:55.627","","0","79 54:36.360","0","0","0","0","2301","0","0","0","N","0","0","0","4","02301","0","","1.0","","1","N","N","","0","","0","0","0","","2","","","3","0","0","0","0","0","0","2","0","3","","","","N","","","","","","","","","",""
"2015098746","","0","0","0","0","0","0","0","0","0","8","0","","02","9","2015","7","40.467434","-79.835102","","11","0","0","0","0","0","1","0","0","","0","0","0","","","1","","2","","40 28:02.762","","0","79 50:06.367","4","0","0","0","2113","1","0","0","N","1","0","0","2","02113","1","","1.0","","1","N","N","","0","","0","0","1","","3","","","2","1","0","0","0","0","0","2","0","1","","","","N","","","","","","","","","",""
"2015096553","","2","0","0","0","0","0","0","0","0","4","0","","02","9","2015","5","40.393167","-79.809653","","11","0","0","0","0","0","1","0","0","1","0","0","0","","","0","","0","","40 23:35.401","1","0","79 48:34.750","0","0","0","0","2111","0","0","0","N","0","0","0","2","02111","0","","1.0","","9","N","N","","0","","0","0","0","","0","N","","2","0","0","0","0","0","0","2","0","2","","","","N","","","","","","","","","",""
"2015098047","","0","0","0","0","0","0","0","0","0","0","0","","02","9","2015","2","40.328306","-79.987262","","11","0","0","0","0","0","0","0","0","","0","0","0","","","1","","0","","40 19:41.901","","0","79 59:14.143","2","0","0","0","2219","0","0","0","N","0","0","0","3","02219","0","","1.0","","1","N","N","","0","","0","1","1","","0","","","1","1","0","0","0","0","0","2","0","1","","","","N","","","","","","","","","",""
"2015098828","","1","0","0","0","0","0","0","0","0","7","0","","02","9","2015","5","40.503966","-79.843208","","11","0","0","0","0","0","0","0","0","1","0","0","0","","","0","","2","","40 30:14.277","1","0","79 50:35.547","0","0","0","0","2468","0","0","0","N","0","0","0","1","02468","0","","5.0","","1","N","N","","0","","0","0","0","","3","N","","1","0","0","0","0","0","0","2","0","1","","","","N","","","","","","","","","",""
"2015097171","","0","0","0","0","0","0","0","0","0","7","0","","02","9","2015","1","40.606856","-80.164179","","11","0","0","0","0","1","0","0","0","2","0","0","0","","","1","","0","","40 36:24.681","6","0","80 09:51.043","8","0","0","1","2480","0","0","0","N","0","0","0","1","02480","0","","5.0","","1","N","N","","0","","0","0","0","","0","Y","","1","1","0","0","0","1","0","1","0","1","","","","N","","","","","","","","","",""
"2015096488","","0","0","0","0","0","0","0","0","0","4","0","","02","9","2015","7","40.524996","-79.838459","","11","0","0","0","0","0","0","1","0","1","0","0","0","","","0","","1","","40 31:29.984","3","0","79 50:18.452","0","0","0","0","2451","0","0","0","N","0","0","0","3","02451","0","","1.0","","1","N","N","","0","","0","0","2","","3","N","","2","0","0","0","0","0","0","2","0","2","","","","N","","","","","","","","","",""
"2015096556","","1","0","0","0","0","0","0","0","0","2","0","","02","9","2015","7","40.596411","-79.781233","","11","0","0","0","0","0","0","0","0","2","0","0","0","","","1","","0","","40 35:47.080","2","0","79 46:52.440","4","0","0","0","2104","0","0","0","N","0","0","0","3","02104","1","","1.0","","9","N","N","","0","","0","0","1","","0","N","","2","1","0","0","0","0","0","1","0","2","","","","N","","","","","","","","","",""
"2015096618","","3","0","0","0","0","0","0","0","0","1","0","","02","9","2015","7","40.540106","-80.025161","","11","0","0","0","0","0","0","0","1","","0","0","0","","","0","","2","","40 32:24.381","","0","80 01:30.579","0","0","0","0","2116","0","0","0","N","0","0","0","5","02116","0","","1.0","","1","N","N","","0","","0","0","0","","0","","","3","0","0","0","0","0","0","2","0","3","","","","N","","","","","","","","","",""
"2015097383","","2","0","0","0","0","0","0","0","0","1","0","","02","9","2015","3","40.481965","-80.04165","","11","0","0","0","0","0","1","0","0","2","0","0","0","","","0","","5","","40 28:55.074","4","0","80 02:29.940","9","0","0","0","2301","0","0","0","N","0","0","0","3","02301","0","","1.0","","1","N","N","","1","","0","0","0","","2","N","","3","0","0","0","0","0","1","2","0","3","","","","N","","","","","","","","","",""
"2015100140","","1","0","0","0","0","0","0","0","0","7","0","","02","9","2015","4","40.427714","-79.993811","","11","0","0","0","0","0","0","0","0","1","0","0","0","","","0","","0","","40 25:39.770","4","0","79 59:37.720","0","0","0","0","2301","0","0","0","N","0","0","0","1","02301","0","","2.0","","9","N","N","","0","","0","0","0","","3","Y","","1","0","0","0","0","0","0","2","0","1","","","","N","","","","","","","","","",""
"2015098749","","1","0","0","0","0","0","0","0","0","2","0","","02","9","2015","7","40.588007","-79.749874","","11","0","0","0","0","0","0","0","1","2","0","0","0","","","1","","1","","40 35:16.825","1","0","79 44:59.546","2","0","1","1","2464","0","0","0","N","0","0","0","2","64305","0","","1.0","","1","N","N","","0","","0","1","0","","0","Y","","2","1","0","0","0","0","0","2","0","2","","","","N","","","","","","","","","",""
"2015096490","","1","0","0","0","0","0","0","0","0","4","0","","02","9","2015","7","40.461865","-79.987965","","11","0","0","0","0","0","0","0","0","","0","0","0","","","0","","1","","40 27:42.714","","0","79 59:16.674","9","0","0","0","2301","0","0","0","N","0","0","0","2","02301","0","","1.0","","1","N","N","","1","","0","0","0","","3","","","2","0","0","0","0","0","1","2","0","2","","","","N","","","","","","","","","",""
"2015100142","","0","0","0","0","0","0","0","0","0","7","0","","02","9","2015","4","40.511222","-79.795397","","11","0","0","0","0","0","0","0","0","3","0","0","0","","","0","","10","","40 30:40.399","7","0","79 47:43.429","0","0","0","0","2113","0","0","0","N","0","0","0","0","02113","0","","5.0","","9","N","N","","0","","0","0","1","","0","Y","","1","0","0","0","0","0","0","2","0","1","","","","N","","","","","","","","","",""
"2015096492","","2","0","0","0","0","0","0","0","0","1","0","","02","9","2015","6","40.368862","-80.049389","","11","0","0","0","0","0","1","0","0","1","0","0","0","","","1","","2","","40 22:07.903","2","0","80 02:57.802","4","0","0","0","2109","0","0","0","N","0","0","0","2","02109","1","","1.0","","1","N","N","","0","","0","0","0","","0","N","","2","1","0","0","0","0","0","2","0","2","","","","N","","","","","","","","","",""
"2015100845","","1","0","0","0","0","0","0","0","0","7","0","","02","10","2015","5","40.217563","-79.8437","","11","0","1","0","0","0","0","0","0","2","0","0","0","","","0","","0","","40 13:03.228","2","0","79 50:37.319","0","0","0","0","2204","0","0","0","Y","0","0","0","1","02204","0","","3.0","","1","N","N","","0","","0","0","0","","0","N","","1","0","0","0","0","0","0","2","0","1","","","","N","","","","","","","","","",""
"2015098681","","1","0","0","0","0","0","0","0","0","7","0","","02","9","2015","4","40.520819","-79.809416","","11","0","0","0","0","0","1","0","0","4","0","0","0","","","1","","0","","40 31:14.950","3","0","79 48:33.899","8","0","0","0","2466","0","0","0","N","0","0","0","3","68T02","0","","3.0","","1","N","N","","0","","0","0","1","","0","N","","3","1","0","0","0","1","0","2","1","3","","","","N","","","","","","","","","",""
"2015096480","","1","0","0","0","0","0","0","0","0","7","0","","02","9","2015","6","40.413814","-79.997035","","11","0","0","0","0","0","1","0","0","2","0","0","0","","","1","","2","","40 24:49.730","7","0","79 59:49.326","8","0","0","0","2301","0","0","0","N","0","0","0","1","02301","0","","4.0","","1","N","N","","0","","0","0","0","","0","N","","1","1","0","0","0","1","0","2","0","1","","","","N","","","","","","","","","",""
"2015098833","","2","0","0","0","0","0","0","0","0","2","0","","02","9","2015","1","40.481997","-79.94055","","11","0","0","0","0","0","0","0","0","1","0","0","0","","","0","","3","","40 28:55.189","7","0","79 56:25.980","0","0","0","0","2301","0","0","0","N","0","0","0","1","02301","0","","4.0","","1","N","N","","0","","0","0","0","","0","N","","2","0","0","0","0","0","0","2","0","2","","","","N","","","","","","","","","",""
"2015098754","","2","0","0","0","0","0","0","0","0","4","0","","02","9","2015","6","40.435866","-79.961329","","11","0","0","0","0","0","0","0","0","1","0","0","0","","","0","","1","","40 26:09.119","2","0","79 57:40.784","0","0","0","0","2301","0","0","0","N","0","0","0","4","02506","0","","1.0","","1","N","N","","0","","0","0","0","","2","N","","2","0","0","0","0","0","0","2","0","2","","","","N","","","","","","","","","",""
"2015098067","","1","0","0","0","0","0","0","0","0","1","0","","02","9","2015","4","40.308533","-79.798833","","11","0","0","0","0","0","0","0","0","3","0","0","0","","","1","","0","","40 18:30.720","6","0","79 47:55.800","4","0","0","0","2105","0","0","0","N","0","0","0","1","02105","1","","2.0","","1","N","N","","1","","0","0","1","","0","Y","","3","1","1","0","0","0","0","2","0","3","","","","N","","","","","","","","","",""
"2015098834","","1","0","0","0","0","0","0","0","0","7","0","","02","9","2015","7","40.575772","-80.054625","","11","0","0","0","0","0","0","0","0","1","0","0","0","","","2","","0","","40 34:32.780","6","0","80 03:16.650","8","0","0","0","2108","0","0","0","N","0","0","0","2","02108","0","","2.0","","9","N","N","","0","","0","0","0","","0","N","","1","2","0","0","0","2","0","2","0","1","","","","N","","","","","","","","","",""
"2015100847","","1","0","0","0","0","0","0","0","0","1","0","","02","9","2015","4","40.308703","-79.826214","","11","0","0","0","0","0","1","0","0","","0","0","0","","","0","","0","","40 18:31.329","","0","79 49:34.371","0","0","0","0","2105","0","0","0","N","0","0","0","2","02105","0","","1.0","","1","N","N","","0","","0","0","1","","2","","","2","0","0","0","0","0","0","2","0","2","","","","N","","","","","","","","","",""
"2015101678","","1","0","0","0","0","0","1","0","0","5","1","","02","10","2015","1","40.441918","-80.001868","","11","0","0","0","0","0","1","0","1","2","0","0","0","","","0","","1","","40 26:30.904","1","0","80 00:06.724","0","0","0","0","2301","0","0","0","N","0","0","0","3","02503","0","","1.0","","1","N","N","","0","","0","0","0","","2","N","","2","0","2","0","0","0","0","2","0","2","","","","N","","","","","","","","","",""
"2015099365","","0","0","0","0","0","0","0","0","0","7","0","","02","9","2015","1","40.603291","-79.752636","","11","0","0","0","0","0","1","0","0","1","0","0","0","","","0","","0","","40 36:11.848","4","0","79 45:09.490","0","0","0","0","2464","0","0","0","N","0","0","0","1","02464","0","","2.0","","1","N","N","","0","","0","0","1","","0","N","","1","0","0","0","0","0","0","2","0","1","","","","N","","","","","","","","","",""
"2015098835","","3","0","0","0","0","0","0","0","0","5","0","","02","9","2015","1","40.571832","-80.023448","","11","0","0","0","0","0","1","0","0","1","0","0","0","","","3","","0","","40 34:18.594","1","0","80 01:24.414","4","0","0","0","2108","0","0","0","N","0","0","0","6","02108","2","","1.0","","1","N","N","","0","","0","0","0","","2","N","","3","3","0","0","0","1","0","2","0","3","","","","N","","","","","","","","","",""
"2015097318","","1","0","0","0","0","0","0","0","0","6","0","","02","9","2015","2","40.660264","-80.139056","","11","0","0","0","0","0","0","0","1","1","0","0","0","","","0","","0","","40 39:36.950","4","0","80 08:20.601","0","0","0","0","2212","0","0","0","N","0","0","0","2","02505","0","","1.0","","1","N","N","","0","","0","0","1","","0","N","","2","0","0","0","0","0","0","1","0","2","","","","N","","","","","","","","","",""
"2015100146","","0","0","0","0","0","0","0","0","0","8","0","","02","9","2015","4","40.458613","-79.908014","","11","0","0","0","0","0","1","0","0","","0","0","0","","","1","","1","","40 27:31.005","","0","79 54:28.849","4","0","0","0","2301","1","0","0","N","1","0","0","2","02301","1","","1.0","","9","N","N","","1","","0","0","0","","2","","","2","1","0","0","0","0","0","2","0","1","","","","N","","","","","","","","","",""
"2015098836","","1","0","0","0","0","0","0","0","0","4","0","","02","9","2015","1","40.561235","-79.999296","","11","0","0","0","0","0","0","1","0","1","0","0","0","","","3","","1","","40 33:40.446","1","0","79 59:57.465","4","0","0","0","2108","0","0","0","N","0","0","0","3","02108","3","","1.0","","1","N","N","","0","","0","0","1","","0","N","","2","3","0","0","0","0","0","2","0","2","","","","N","","","","","","","","","",""
"2015096563","","2","0","0","0","0","0","0","0","0","1","0","","02","9","2015","3","40.407432","-79.914141","","11","0","0","0","0","0","0","0","0","2","0","0","0","","","1","","1","","40 24:26.755","6","3","79 54:50.907","8","0","0","0","2438","0","0","0","N","0","0","0","2","02438","0","","1.0","","1","N","N","","0","","0","0","0","","2","N","","2","1","0","0","0","1","0","2","0","2","","","","N","","","","","","","","","",""
"2015099367","","1","0","0","0","0","0","0","0","0","1","0","","02","9","2015","7","40.373611","-80.057761","","11","0","0","0","0","0","0","0","0","","0","0","0","","","2","","0","","40 22:25.000","","0","80 03:27.940","4","0","0","0","2109","0","0","0","N","0","0","0","3","02109","2","","6.0","","1","N","N","","0","","0","0","0","","0","","","2","2","0","0","0","0","0","2","1","2","","","","N","","","","","","","","","",""
"2015098837","","3","0","0","0","0","0","0","0","0","4","0","","02","9","2015","2","40.561103","-80.039447","","11","0","0","0","0","2","0","0","1","1","0","0","0","","","2","","3","","40 33:39.971","1","0","80 02:22.008","3","0","0","0","2108","0","0","0","N","0","0","0","3","02108","1","","1.0","","1","N","N","","0","","1","0","0","","2","N","","3","2","1","0","0","0","0","2","0","3","","","","N","","","","","","","","","",""
"2015099368","","2","0","0","0","0","0","0","0","0","1","0","","02","9","2015","6","40.369243","-80.030156","","11","0","0","0","0","0","1","0","1","1","0","0","0","","","2","","0","","40 22:09.275","3","0","80 01:48.560","4","0","0","0","2416","0","0","0","N","0","0","0","3","02416","2","","1.0","","1","N","N","","0","","0","0","0","","2","N","","2","2","0","0","0","0","0","2","0","2","","","","N","","","","","","","","","",""
"2015098838","","1","0","0","0","0","0","0","0","0","8","0","","02","9","2015","3","40.565135","-79.994896","","11","0","0","0","0","0","0","0","0","","0","0","0","","","1","","0","","40 33:54.485","","0","79 59:41.625","8","0","0","0","2108","1","0","0","N","1","0","0","2","02108","0","","9.0","","1","N","N","","0","","0","0","0","","0","","","2","1","0","0","0","1","1","2","0","1","","","","N","","","","","","","","","",""
"2015100161","","2","0","0","0","0","0","0","0","0","1","0","","02","9","2015","3","40.376411","-80.101124","","11","0","0","0","0","0","0","0","0","","0","0","0","","","2","","0","","40 22:35.081","","0","80 06:04.047","8","0","0","0","2102","0","0","0","N","0","0","0","2","68B03","0","","1.0","","1","N","N","","0","","0","0","0","","0","","","2","2","0","0","0","2","0","2","0","2","","","","N","","","","","","","","","",""
"2015098763","","2","0","0","0","0","0","0","0","0","4","0","","02","9","2015","5","40.3872","-80.054788","","11","0","0","0","0","0","0","1","0","","0","0","0","","","0","","2","","40 23:13.921","","0","80 03:17.237","0","0","0","0","2109","0","0","0","N","0","0","0","5","02109","0","","1.0","","1","N","N","","0","","0","0","0","","3","","","2","0","0","0","0","0","0","2","0","2","","","","N","","","","","","","","","",""
"2015098839","","2","0","0","0","0","0","0","0","0","4","0","","02","9","2015","5","40.606467","-80.051649","","11","0","1","0","0","0","1","0","0","1","0","0","0","","","0","","0","","40 36:23.280","2","0","80 03:05.935","0","0","0","0","2108","0","0","0","N","0","0","0","2","02108","0","","1.0","","1","N","N","","0","","0","0","0","","0","N","","2","0","0","0","0","0","0","2","0","2","","","","N","","","","","","","","","",""
"2015097322","","0","0","0","0","0","0","0","0","0","4","0","","02","9","2015","3","40.466426","-80.025532","","11","0","0","0","0","0","1","0","0","","0","0","0","","","0","","1","","40 27:59.133","","0","80 01:31.914","0","0","0","0","2301","0","0","0","N","0","0","0","2","02301","0","","1.0","","1","N","N","","0","","0","0","1","","0","","","2","0","0","0","0","0","0","2","1","2","","","","N","","","","","","","","","",""
"2015100852","","0","0","0","0","0","0","0","0","0","7","0","","02","9","2015","6","40.440077","-80.035399","","11","0","0","0","0","0","0","0","0","","0","0","0","","","0","","0","","40 26:24.278","","0","80 02:07.438","9","0","0","0","2301","0","0","0","N","0","0","0","2","02301","0","","2.0","","1","N","N","","1","","0","0","0","","0","","","1","0","0","0","0","0","1","2","0","1","","","","N","","","","","","","","","",""
"2015098840","","2","0","0","0","0","0","0","0","0","4","0","","02","9","2015","5","40.332943","-80.023739","","11","0","0","0","0","0","0","2","0","","0","0","0","","","0","","0","","40 19:58.595","","0","80 01:25.462","0","0","0","0","2407","0","0","0","N","0","0","0","2","02407","0","","1.0","","1","N","N","","0","","0","0","0","","0","","","2","0","0","0","0","0","0","2","0","2","","","","N","","","","","","","","","",""
"2015098841","","1","0","0","0","0","0","0","0","0","4","0","","02","9","2015","1","40.391423","-80.038796","","11","0","0","0","0","0","0","0","0","","0","0","0","","","0","","2","","40 23:29.124","","7","80 02:19.664","0","0","0","0","2422","0","0","0","N","0","0","0","3","02422","0","","1.0","","1","N","N","","0","","0","0","1","","0","","","2","0","0","0","0","0","0","2","0","2","","","","N","","","","","","","","","",""
"2015096568","","1","0","0","0","0","0","0","0","0","7","0","","02","9","2015","1","40.541053","-79.804163","","11","0","0","0","0","0","0","1","0","1","0","0","0","","","1","","2","","40 32:27.791","3","0","79 48:14.988","3","0","0","0","2418","0","0","0","N","0","0","0","1","02418","0","","2.0","","1","N","N","","0","","1","0","0","","0","N","","1","1","0","0","0","0","0","2","0","1","","","","N","","","","","","","","","",""
"2015100868","","2","0","0","0","0","0","0","0","0","5","0","","02","9","2015","2","40.470914","-79.918669","","11","0","0","0","0","0","1","0","0","","0","0","0","","","0","","0","","40 28:15.290","","0","79 55:07.210","0","0","0","0","2301","0","0","0","N","0","0","0","1","02301","0","","1.0","","9","N","N","","0","","0","0","0","","0","","","2","0","0","0","0","0","0","2","0","2","","","","N","","","","","","","","","",""
"2015097325","","0","0","0","1","0","0","0","0","0","8","0","","02","9","2015","3","40.425014","-79.980911","","11","0","0","0","0","0","0","1","0","","0","0","0","","","1","","0","","40 25:30.050","","0","79 58:51.280","3","0","0","0","2301","1","0","0","N","0","0","0","2","02301","0","","1.0","","1","N","N","","0","","1","0","0","","0","","","2","1","0","0","0","0","0","2","1","1","","","","N","","","","","","","","","",""
"2015100870","","0","0","0","0","0","0","0","0","0","7","0","","02","10","2015","5","40.521861","-79.766414","","11","0","0","0","0","0","1","0","0","2","0","0","0","","","0","","0","","40 31:18.700","6","7","79 45:59.090","0","0","0","0","2466","0","0","0","N","0","0","0","1","02466","0","","5.0","","1","N","N","","1","","0","0","0","","0","N","","1","0","0","0","0","0","0","2","0","1","","","","N","","","","","","","","","",""
"2015097200","","1","0","0","0","0","0","0","0","0","4","0","","02","9","2015","3","40.421811","-79.992102","","11","0","0","0","0","0","0","0","0","2","0","0","0","","","1","","3","","40 25:18.519","3","0","79 59:31.567","4","0","0","0","2301","0","0","0","N","0","0","0","3","02301","1","","1.0","","1","N","N","","1","","0","0","0","","3","N","","2","1","0","0","0","0","0","2","0","2","","","","N","","","","","","","","","",""
"2015098692","","2","0","0","0","0","0","0","0","0","1","0","","02","9","2015","4","40.402919","-80.060462","","11","0","0","0","0","0","0","0","0","","0","0","0","","","2","","2","","40 24:10.510","","0","80 03:37.662","4","0","0","0","2117","0","0","0","N","0","0","0","5","02117","2","","1.0","","1","N","N","","0","","0","0","1","","0","","","3","2","0","0","0","0","0","2","0","3","","","","N","","","","","","","","","",""
"2015098009","","2","0","0","0","0","0","0","0","0","4","0","","02","9","2015","3","40.487013","-79.894226","","11","0","0","0","0","0","0","0","0","","0","0","0","","","0","","0","","40 29:13.247","","0","79 53:39.214","0","0","0","0","2301","0","0","0","N","0","0","0","2","02301","0","","1.0","","1","N","N","","0","","0","0","0","","3","","","2","0","1","0","0","0","0","2","0","2","","","","N","","","","","","","","","",""
"2015098077","","0","0","0","0","0","0","0","0","0","4","0","","02","9","2015","5","40.320828","-79.958694","","11","0","0","0","0","0","0","0","0","","0","0","0","","","0","","0","","40 19:14.980","","0","79 57:31.300","0","0","0","0","2454","0","0","0","N","0","0","0","2","02454","0","","1.0","","1","N","N","","0","","0","0","2","","0","","","2","0","0","0","0","0","0","2","0","2","","","","N","","","","","","","","","",""
"2015100872","","1","0","0","0","0","0","1","0","0","4","1","","02","9","2015","5","40.438863","-79.762579","","11","0","0","0","0","0","1","1","0","","0","0","0","","","1","","2","","40 26:19.908","","0","79 45:45.284","8","0","0","0","2446","0","0","0","N","0","0","0","2","02446","0","","1.0","","9","Y","N","","0","","0","0","0","","2","","","2","1","1","0","0","1","0","2","0","2","","","","N","","","","","","","","","",""
"2015096430","","0","0","0","0","0","0","0","0","0","0","0","","02","9","2015","2","40.512004","-80.131264","","11","0","0","0","0","0","2","0","0","","0","0","0","","","1","","2","","40 30:43.214","","0","80 07:52.550","3","0","0","1","2110","0","0","0","N","0","0","0","2","02215","0","","1.0","","1","N","N","","0","","1","0","1","","0","","","2","1","0","0","0","0","0","2","0","2","","","","N","","","","","","","","","",""
"2015098078","","1","0","0","0","0","0","0","0","0","4","0","","02","9","2015","5","40.440519","-80.238481","","11","0","0","0","0","0","0","0","1","","0","0","0","","","0","","1","","40 26:25.870","","0","80 14:18.530","0","0","0","0","2214","0","0","0","N","0","0","0","3","02214","0","","1.0","","1","N","N","","0","","0","0","0","","3","","","2","0","0","0","0","0","0","2","1","2","","","","N","","","","","","","","","",""
"2015098709","","1","0","0","0","0","0","0","0","0","8","0","","02","9","2015","4","40.402814","-80.0608","","11","0","0","0","0","0","0","0","0","3","1","0","0","","","0","","0","","40 24:10.131","2","0","80 03:38.879","1","0","0","0","2117","1","1","0","N","1","1","0","2","02117","0","2","2.0","","1","N","N","","0","0","0","0","0","","0","N","","2","0","0","0","0","0","0","2","0","1","","","","N","","","","","","","","","",""
"2015097331","","0","0","0","0","0","0","0","0","0","1","0","","02","9","2015","3","40.655642","-80.093625","","11","0","0","0","0","0","1","0","0","1","0","0","0","","","0","","0","","40 39:20.310","1","0","80 05:37.050","0","0","0","0","2212","0","0","0","N","0","0","0","3","02505","0","","1.0","","1","N","N","","0","","0","0","2","","0","N","","2","0","0","0","0","0","0","2","0","2","","","","N","","","","","","","","","",""
"2015100874","","2","0","0","0","0","0","0","0","0","4","0","","02","9","2015","2","40.459193","-79.970767","","11","0","0","0","0","0","0","1","0","","0","0","0","","","1","","1","","40 27:33.094","","0","79 58:14.761","4","0","0","0","2301","0","0","0","N","0","0","0","3","02301","1","","5.0","","1","N","N","","0","","0","0","0","","2","","","2","1","0","0","0","0","0","2","0","2","","","","N","","","","","","","","","",""
"2015098695","","2","0","0","0","0","0","0","0","0","4","0","","02","9","2015","7","40.410135","-80.082507","","11","0","0","0","0","0","0","0","0","","0","0","0","","","1","","1","","40 24:36.487","","0","80 04:57.026","8","0","0","0","2415","0","0","0","N","0","0","0","2","02415","0","","1.0","","1","N","N","","0","","0","0","0","","2","","","2","1","0","0","0","1","0","2","0","2","","","","N","","","","","","","","","",""
"2015096574","","2","0","0","0","0","0","0","0","0","4","0","","02","9","2015","1","40.386383","-80.21085","","11","0","0","0","0","0","0","0","0","","0","0","0","","","0","","0","","40 23:10.980","","0","80 12:39.060","0","0","0","0","2214","0","0","0","N","0","0","0","1","02214","0","","2.0","","1","N","N","","0","","0","0","0","","0","","","2","0","0","0","0","0","0","2","0","2","","","","N","","","","","","","","","",""
"2015097345","","1","0","0","0","0","0","0","0","0","4","0","","02","9","2015","3","40.334232","-79.946516","","11","0","0","0","0","0","1","1","0","","0","0","0","","","0","","0","","40 20:03.234","","0","79 56:47.458","0","0","0","0","2454","0","0","0","N","0","0","0","3","02454","0","","1.0","","1","N","N","","0","","0","0","0","","0","","","2","0","0","0","0","0","0","2","1","2","","","","N","","","","","","","","","",""
"2015100860","","1","0","0","0","0","0","0","0","0","1","0","","02","10","2015","5","40.428731","-79.987207","","11","0","0","0","0","0","0","0","0","1","0","0","0","","","0","","0","","40 25:43.430","6","0","79 59:13.946","0","0","0","0","2301","0","0","0","N","0","0","0","4","02301","0","","1.0","","1","N","N","","0","","0","0","2","","0","Y","","3","0","2","0","0","0","0","2","0","3","","","","N","","","","","","","","","",""