"CRN","ARRIVAL_TM","AUTOMOBILE_COUNT","BELTED_DEATH_COUNT","BELTED_SUSP_SERIOUS_INJ_COUNT","BICYCLE_COUNT","BICYCLE_DEATH_COUNT","BICYCLE_SUSP_SERIOUS_INJ_COUNT","BUS_COUNT","CHLDPAS_DEATH_COUNT","CHLDPAS_SUSP_SERIOUS_INJ_COUNT","COLLISION_TYPE","COMM_VEH_COUNT","CONS_ZONE_SPD_LIM","COUNTY","CRASH_MONTH","CRASH_YEAR","DAY_OF_WEEK","DEC_LATITUDE","DEC_LONGITUDE","DISPATCH_TM","DISTRICT","DRIVER_COUNT_16YR","DRIVER_COUNT_17YR","DRIVER_COUNT_18YR","DRIVER_COUNT_19YR","DRIVER_COUNT_20YR","DRIVER_COUNT_50_64YR","DRIVER_COUNT_65_74YR","DRIVER_COUNT_75PLUS","EST_HRS_CLOSED","FATAL_COUNT","HEAVY_TRUCK_COUNT","HORSE_BUGGY_COUNT","HOUR_OF_DAY","ILLUMINATION","INJURY_COUNT","INTERSECTION_RELATED","INTERSECT_TYPE","LANE_CLOSED","LATITUDE","LN_CLOSE_DIR","LOCATION_TYPE","LONGITUDE","MAX_SEVERITY_LEVEL","MCYCLE_DEATH_COUNT","MCYCLE_SUSP_SERIOUS_INJ_COUNT","MOTORCYCLE_COUNT","MUNICIPALITY","NONMOTR_COUNT","NONMOTR_DEATH_COUNT","NONMOTR_SUSP_SERIOUS_INJ_COUNT","NTFY_HIWY_MAINT","PED_COUNT","PED_DEATH_COUNT","PED_SUSP_SERIOUS_INJ_COUNT","PERSON_COUNT","POLICE_AGCY","POSSIBLE_INJ_COUNT","RDWY_SURF_TYPE_CD","RELATION_TO_ROAD","ROADWAY_CLEARED","ROAD_CONDITION","SCH_BUS_IND","SCH_ZONE_IND","SECONDARY_CRASH","SMALL_TRUCK_COUNT","SPEC_JURIS_CD","SUSP_MINOR_INJ_COUNT","SUSP_SERIOUS_INJ_COUNT","SUV_COUNT","TCD_FUNC_CD","TCD_TYPE","TFC_DETOUR_IND","TIME_OF_DAY","TOTAL_UNITS","TOT_INJ_COUNT","UNBELTED_OCC_COUNT","UNB_DEATH_COUNT","UNB_SUSP_SERIOUS_INJ_COUNT","UNK_INJ_DEG_COUNT","UNK_INJ_PER_COUNT","URBAN_RURAL","VAN_COUNT","VEHICLE_COUNT","WEATHER1","WEATHER2","WORKERS_PRES","WORK_ZONE_IND","WORK_ZONE_LOC","WORK_ZONE_TYPE","WZ_CLOSE_DETOUR","WZ_FLAGGER","WZ_LAW_OFFCR_IND","WZ_LN_CLOSURE","WZ_MOVING","WZ_OTHER","WZ_SHLDER_MDN","WZ_WORKERS_INJ_KILLED"
"2015098251","","2","0","0","0","0","0","0","0","0","4","0","","02","9","2015","7","40.444202","-80.028173","","11","0","0","0","0","0","1","0","0","","0","0","0","","","1","","1","","40 26:39.126","","3","80 01:41.424","4","0","0","0","2301","0","0","0","N","0","0","0","2","02301","1","","1.0","","1","N","N","","0","","0","0","0","","2","","","2","1","0","0","0","0","0","2","0","2","","","","N","","","","","","","","","",""
"2015096818","","2","0","0","0","0","0","0","0","0","1","0","","02","9","2015","2","40.441306","-79.985286","","11","0","0","0","0","1","0","0","0","2","0","0","0","","","0","","0","","40 26:28.700","3","0","79 59:07.030","0","0","0","0","2301","0","0","0","N","0","0","0","1","02301","0","","4.0","","1","N","N","","0","","0","0","0","","0","N","","2","0","0","0","0","0","0","2","0","2","","","","N","","","","","","","","","",""
"2015098326","","1","0","0","0","0","0","0","0","0","8","0","","02","9","2015","5","40.456812","-79.835284","","11","0","0","0","0","0","0","0","0","4","0","0","0","","","1","","0","","40 27:24.524","5","0","79 50:07.021","2","0","0","0","2113","1","0","1","N","1","0","1","2","02113","0","","5.0","","1","N","N","","0","","0","1","0","","0","Y","","2","1","0","0","0","0","0","2","0","1","","","","N","","","","","","","","","",""
"2015098464","","1","0","0","0","0","0","0","0","0","4","0","","02","9","2015","5","40.516926","-80.221347","","11","0","0","0","0","0","0","0","0","1","0","0","0","","","1","","1","","40 31:00.932","1","0","80 13:16.848","8","0","0","0","2213","0","0","0","N","0","0","0","3","02213","0","","1.0","","1","N","N","","0","","0","0","0","","2","N","","2","1","0","0","0","1","0","2","1","2","","","","N","","","","","","","","","",""
"2015096974","","0","0","0","0","0","0","0","0","0","7","0","","02","9","2015","5","40.325453","-79.856631","","11","0","0","0","0","0","0","0","0","2","0","0","0","","","0","","0","","40 19:31.630","6","0","79 51:23.870","0","0","0","0","2442","0","0","0","N","0","0","0","1","02442","0","","2.0","","1","N","N","","1","","0","0","0","","0","Y","","1","0","0","0","0","0","0","2","0","1","","","","N","","","","","","","","","",""
"2015098253","","0","0","0","0","0","0","0","0","0","7","0","","02","9","2015","7","40.601869","-79.996572","","11","0","1","0","0","0","0","0","0","","0","0","0","","","0","","0","","40 36:06.730","","0","79 59:47.660","9","0","0","0","2108","0","0","0","N","0","0","0","3","02501","0","","4.0","","3","N","N","","0","","0","0","1","","0","","","1","0","0","0","0","0","1","1","0","1","","","","N","","","","","","","","","",""
"2015096755","","1","0","0","0","0","0","0","0","0","4","0","","02","9","2015","1","40.453108","-80.019424","","11","0","0","0","0","0","1","0","0","","0","0","0","","","0","","1","","40 27:11.188","","0","80 01:09.926","0","0","0","0","2301","0","0","0","N","0","0","0","3","02301","0","","1.0","","1","N","N","","0","","0","0","1","","2","","","2","0","0","0","0","0","0","2","0","2","","","","N","","","","","","","","","",""
"2015096061","","3","0","0","0","0","0","0","0","0","1","0","","02","9","2015","6","40.454053","-79.996985","","11","0","0","0","0","0","0","0","0","","0","0","0","","","4","","0","","40 27:14.590","","0","79 59:49.145","8","0","0","0","2301","0","0","0","N","0","0","0","9","02301","0","","1.0","","1","N","N","","0","","0","0","1","","0","","","4","4","1","0","0","4","1","2","0","4","","","","N","","","","","","","","","",""
"2015096893","","0","0","0","0","0","0","1","0","0","6","2","","02","9","2015","2","40.471354","-79.819929","","11","0","0","0","0","0","0","0","0","1","0","1","0","","","0","","0","","40 28:16.875","6","0","79 49:11.743","0","0","0","0","2113","0","0","0","N","0","0","0","4","02113","0","","1.0","","1","Y","N","","0","","0","0","0","","0","N","","2","0","0","0","0","0","0","2","0","2","","","","N","","","","","","","","","",""
"2015097669","","0","0","0","0","0","0","0","0","0","1","1","","02","9","2015","3","40.413826","-80.009779","","11","0","0","0","0","0","2","0","0","1","0","0","0","","","1","","7","","40 24:49.772","2","2","80 00:35.203","8","0","0","0","2301","0","0","0","N","0","0","0","3","02301","0","","1.0","","1","Y","N","","0","","0","0","0","","2","N","","2","1","0","0","0","1","0","2","2","2","","","","N","","","","","","","","","",""
"2015097734","","1","0","0","0","0","0","0","0","0","4","0","","02","9","2015","4","40.461313","-79.847853","","11","0","0","0","0","0","0","0","0","2","0","0","0","","","3","","2","","40 27:40.725","3","0","79 50:52.270","4","0","0","0","2113","0","0","0","N","0","0","0","5","02113","3","","1.0","","1","N","N","","0","","0","0","1","","0","Y","","2","3","0","0","0","0","0","2","0","2","","","","N","","","","","","","","","",""
"2015097819","","1","0","0","0","0","0","0","0","0","4","0","","02","9","2015","4","40.396441","-79.768247","","11","0","0","0","0","0","1","1","0","","0","0","0","","","1","","0","","40 23:47.189","","0","79 46:05.689","8","0","0","0","2446","0","0","0","N","0","0","0","2","02446","0","","1.0","","1","N","N","","1","","0","0","0","","3","","","2","1","0","0","0","1","0","2","0","2","","","","N","","","","","","","","","",""
"2015098619","","1","0","0","0","0","0","0","0","0","1","0","","02","9","2015","6","40.395372","-79.986936","","11","0","0","0","0","0","1","0","0","2","0","0","0","","","0","","0","","40 23:43.340","2","0","79 59:12.970","0","0","0","0","2301","0","0","0","N","0","0","0","7","02301","0","","1.0","","1","N","N","","0","","0","0","1","","0","Y","","3","0","0","0","0","0","0","2","1","3","","","","N","","","","","","","","","",""
"2015127174","","2","0","0","0","0","0","0","0","0","4","0","","02","12","2015","2","40.439363","-79.952691","","11","0","0","0","0","0","0","0","0","","0","0","0","","","0","","2","","40 26:21.706","","0","79 57:09.687","0","0","0","0","2301","0","0","0","N","0","0","0","3","02506","0","","1.0","","1","N","N","","0","","0","0","0","","0","","","2","0","0","0","0","0","0","2","0","2","","","","N","","","","","","","","","",""
"2015096978","","1","0","0","0","0","0","0","0","0","8","0","","02","9","2015","1","40.444449","-79.995637","","11","0","0","0","1","0","0","0","0","","0","0","0","","","1","","1","","40 26:40.016","","0","79 59:44.293","4","0","0","0","2301","1","0","0","N","1","0","0","2","02301","1","","1.0","","1","N","N","","0","","0","0","0","","2","","","2","1","0","0","0","0","0","2","0","1","","","","N","","","","","","","","","",""
"2015096896","","1","0","0","0","0","0","0","0","0","7","0","","02","9","2015","6","40.394172","-79.936345","","11","0","0","0","0","0","0","0","1","","0","0","0","","","0","","0","","40 23:39.019","","0","79 56:10.841","0","0","0","0","2301","0","0","0","N","0","0","0","2","02301","0","","3.0","","1","N","N","","0","","0","0","0","","0","","","1","0","0","0","0","0","0","2","0","1","","","","N","","","","","","","","","",""
"2015097040","","1","0","0","0","0","0","0","0","0","99","0","","02","9","2015","2","40.48583","-80.265949","","11","0","0","0","0","0","0","0","0","","0","0","0","","","1","","0","","40 29:08.988","","0","80 15:57.416","8","0","0","0","2203","0","0","0","N","0","0","0","2","68B03","0","","1.0","","1","N","N","","0","","0","0","0","","0","","","1","1","1","0","0","1","0","2","0","1","","","","N","","","","","","","","","",""
"2015098607","","3","0","0","0","0","0","0","0","0","1","0","","02","9","2015","6","40.512117","-80.103945","","11","0","0","0","2","0","0","0","0","","0","0","0","","","0","","2","","40 30:43.621","","0","80 06:14.202","0","0","0","0","2429","0","0","0","N","0","0","0","3","02215","0","","1.0","","1","N","N","","0","","0","0","0","","2","","","3","0","0","0","0","0","0","2","0","3","","","","N","","","","","","","","","",""
"2015097041","","1","0","0","0","0","0","0","0","0","1","1","","02","9","2015","3","40.447851","-80.164986","","11","0","0","0","0","0","0","0","0","","0","1","0","","","0","","0","","40 26:52.265","","2","80 09:53.950","0","0","0","0","2115","0","0","0","N","0","0","0","2","68B03","0","","1.0","","1","N","N","","0","","0","0","0","","4","","","2","0","0","0","0","0","0","2","0","2","","","","N","","","","","","","","","",""
"2015098609","","1","0","0","0","0","0","0","0","0","0","0","","02","9","2015","6","40.484224","-79.907886","","11","0","0","0","0","0","1","0","0","","0","0","0","","","0","","1","","40 29:03.206","","0","79 54:28.391","9","0","0","0","2301","0","0","0","","0","0","0","3","02301","0","","1.0","","1","","","","0","","0","0","1","","2","","","2","0","0","0","0","0","1","2","0","2","","","","N","","","","","","","","","",""
"2015097520","","1","0","0","0","0","0","0","0","0","8","0","","02","9","2015","3","40.479592","-79.972558","","11","0","0","0","0","0","0","0","0","1","0","0","0","","","1","","2","","40 28:46.531","5","0","79 58:21.208","8","0","0","0","2445","1","0","0","N","1","0","0","2","02445","0","","1.0","","1","N","N","","0","","0","0","0","","0","N","","2","1","0","0","0","1","0","2","0","1","","","","N","","","","","","","","","",""
"2015098332","","1","0","0","0","0","0","0","0","0","2","1","","02","9","2015","6","40.466202","-79.767757","","11","0","0","0","0","0","0","0","0","1","0","0","0","","","1","","2","","40 27:58.327","2","0","79 46:03.925","4","0","0","0","2466","0","0","0","N","0","0","0","2","02466","1","","1.0","","1","N","N","","0","","0","0","0","","0","Y","","2","1","0","0","0","0","0","2","1","2","","","","N","","","","","","","","","",""
"2015097659","","0","0","0","0","0","0","0","0","0","99","0","","02","9","2015","1","40.617452","-79.980381","","11","0","0","0","0","0","0","0","0","","0","0","0","","","0","","0","","40 37:02.827","","0","79 58:49.371","0","0","0","0","2217","0","0","0","N","0","0","0","3","68T02","0","","1.0","","1","N","N","","0","","0","0","1","","0","","","1","0","0","0","0","0","0","1","0","1","","","","N","","","","","","","","","",""
"2015096981","","0","0","0","0","0","0","0","0","0","1","0","","02","9","2015","2","40.673408","-80.098405","","11","0","0","0","0","0","0","1","0","","0","0","0","","","1","","1","","40 40:24.270","","0","80 05:54.259","8","0","0","0","2212","0","0","0","N","0","0","0","3","02505","0","","1.0","","1","N","N","","0","","0","0","2","","2","","","2","1","0","0","0","1","1","2","0","2","","","","N","","","","","","","","","",""
"2015096285","","1","0","0","0","0","0","0","0","0","7","0","","02","9","2015","7","40.46541","-79.878585","","11","0","0","0","0","0","0","0","0","","0","0","0","","","0","","0","","40 27:55.477","","0","79 52:42.906","9","0","0","0","2113","0","0","0","N","0","0","0","1","02113","0","","5.0","","1","N","N","","0","","0","0","0","","0","","","1","0","0","0","0","0","1","2","0","1","","","","N","","","","","","","","","",""
"2015096081","","1","0","0","0","0","0","0","0","0","6","0","","02","9","2015","5","40.529566","-80.041863","","11","0","0","0","0","0","1","0","0","1","0","0","0","","","0","","0","","40 31:46.439","7","0","80 02:30.708","0","0","0","0","2116","0","0","0","N","0","0","0","2","02116","0","","1.0","","9","N","N","","0","","0","0","1","","0","Y","","2","0","0","0","0","0","0","2","0","2","","","","N","","","","","","","","","",""
"2015096149","","2","0","0","0","0","0","0","0","0","2","0","","02","9","2015","6","40.406024","-79.825204","","11","0","0","0","0","0","1","0","0","1","0","0","0","","","0","","1","","40 24:21.685","3","0","79 49:30.733","0","0","0","0","2467","0","0","0","N","0","0","0","2","02467","0","","1.0","","1","N","N","","0","","0","0","0","","2","N","","2","0","0","0","0","0","0","2","0","2","","","","N","","","","","","","","","",""
"2015096912","","1","0","0","0","0","0","0","0","0","8","0","","02","9","2015","1","40.460221","-79.842652","","11","0","0","0","0","0","0","0","0","1","0","0","0","","","1","","10","","40 27:36.794","5","0","79 50:33.548","8","0","0","0","2113","1","0","0","N","1","0","0","3","02113","0","","1.0","","1","N","N","","0","","0","0","0","","2","Y","","2","1","0","0","0","1","0","2","0","1","","","","N","","","","","","","","","",""
"2015096287","","3","0","0","0","0","0","0","0","0","4","0","","02","9","2015","7","40.396121","-79.98352","","11","0","0","0","0","0","0","0","0","1","0","0","0","","","0","","0","","40 23:46.035","2","0","79 59:00.672","0","0","0","0","2301","0","0","0","N","0","0","0","1","02301","0","","6.0","","1","N","N","","0","","0","0","0","","0","N","","3","0","1","0","0","0","0","2","0","3","","","","N","","","","","","","","","",""
"2015096915","","1","0","0","0","0","0","0","0","0","7","0","","02","9","2015","2","40.459193","-79.970767","","11","0","0","0","0","0","0","0","0","","0","0","0","","","0","","2","","40 27:33.094","","0","79 58:14.761","0","0","0","0","2301","0","0","0","","0","0","0","1","02301","0","","2.0","","1","","","","0","","0","0","0","","2","","","1","0","0","0","0","0","0","2","0","1","","","","N","","","","","","","","","",""
"2015097813","","1","0","0","0","0","0","0","0","0","5","1","","02","9","2015","4","40.496457","-79.943983","","11","0","0","0","0","0","0","0","0","","0","1","0","","","0","","3","","40 29:47.245","","0","79 56:38.337","0","0","0","0","2430","0","0","0","N","0","0","0","1","02430","0","","1.0","","1","N","N","","0","","0","0","0","","2","","","2","0","0","0","0","0","0","2","0","2","","","","N","","","","","","","","","",""
"2015096289","","1","0","0","0","0","0","0","0","0","1","0","","02","9","2015","7","40.446384","-79.982827","","11","0","0","0","0","0","0","0","0","2","0","0","0","","","1","","0","","40 26:46.982","6","0","79 58:58.177","4","0","0","0","2301","0","0","0","N","0","0","0","1","02301","1","","1.0","","1","N","N","","0","","0","0","1","","0","Y","","2","1","1","0","0","0","0","2","0","2","","","","N","","","","","","","","","",""
"2015096765","","0","0","0","0","0","0","0","0","0","7","0","","02","9","2015","1","40.453954","-80.005939","","11","0","0","0","0","0","0","0","0","2","0","0","0","","","1","","3","","40 27:14.236","7","0","80 00:21.380","2","0","1","1","2301","0","0","0","N","0","0","0","1","02301","0","","5.0","","1","N","N","","0","","0","1","0","","2","Y","","1","1","0","0","0","0","0","2","0","1","","","","N","","","","","","","","","",""
"2015096903","","1","0","0","0","0","0","0","0","0","1","0","","02","9","2015","2","40.446485","-79.848378","","11","0","0","0","0","1","0","1","0","","0","0","0","","","2","","2","","40 26:47.346","","0","79 50:54.159","4","0","0","0","2419","0","0","0","N","0","0","0","3","02419","2","","1.0","","1","N","N","","1","","0","0","0","","1","","","3","2","0","0","0","0","0","2","1","3","","","","N","","","","","","","","","",""
"2015097679","","2","0","0","0","0","0","0","0","0","4","0","","02","9","2015","4","40.473244","-79.919317","","11","0","0","0","0","0","0","0","0","1","0","0","0","","","0","","0","","40 28:23.680","1","0","79 55:09.540","0","0","0","0","2301","0","0","0","N","0","0","0","2","02301","0","","1.0","","1","N","N","","0","","0","0","0","","0","N","","2","0","0","0","0","0","0","2","0","2","","","","N","","","","","","","","","",""
"2015096986","","1","0","0","0","0","0","0","0","0","4","0","","02","9","2015","2","40.426928","-79.979054","","11","0","0","0","0","0","0","0","0","","0","0","0","","","0","","0","","40 25:36.940","","0","79 58:44.594","0","0","0","0","2301","0","0","0","N","0","0","0","1","02301","0","","1.0","","1","N","N","","1","","0","0","0","","0","","","2","0","1","0","0","0","0","2","0","2","","","","N","","","","","","","","","",""
"2015097680","","0","0","0","0","0","0","0","0","0","5","2","90","02","9","2015","3","40.583632","-79.802695","","11","0","0","0","0","0","1","0","0","","0","2","0","","","0","","0","","40 35:01.076","","0","79 48:09.701","0","0","0","0","2206","0","0","0","Y","0","0","0","2","02206","0","","1.0","","1","N","N","","0","","0","0","0","","0","","","2","0","0","0","0","0","0","2","0","2","","","Y","Y","4","2","","Y","N","","","","",""
"2015096767","","2","0","0","0","0","0","0","0","0","4","0","","02","9","2015","1","40.465431","-79.827305","","11","0","0","0","0","0","0","0","0","2","0","0","0","","","0","","0","","40 27:55.551","4","0","79 49:38.297","0","0","0","0","2113","0","0","0","N","0","0","0","3","02113","0","","1.0","","1","N","N","","0","","0","0","0","","0","N","","2","0","1","0","0","0","0","2","0","2","","","","N","","","","","","","","","",""
"2015096780","","1","0","0","0","0","0","0","0","0","1","0","","02","9","2015","1","40.468697","-79.945325","","11","0","0","0","0","0","0","0","0","","0","0","0","","","0","","0","","40 28:07.310","","0","79 56:43.170","9","0","0","0","2301","0","0","0","N","0","0","0","1","02301","0","","1.0","","1","N","N","","0","","0","0","0","","0","","","2","0","0","0","0","0","1","2","0","2","","","","N","","","","","","","","","",""
"2015098267","","2","0","0","0","0","0","0","0","0","4","0","","02","9","2015","6","40.483193","-79.971854","","11","0","0","0","0","0","0","0","0","","0","0","0","","","0","","0","","40 28:59.495","","0","79 58:18.675","0","0","0","0","2445","0","0","0","N","0","0","0","1","02445","0","","1.0","","1","N","N","","0","","0","0","2","","0","","","4","0","0","0","0","0","0","2","0","4","","","","N","","","","","","","","","",""
"2015096768","","0","0","0","0","0","0","0","0","0","4","0","","02","9","2015","7","","","","11","0","0","0","0","0","1","0","0","2","0","0","0","","","2","","2","","","4","0","","3","0","0","0","2473","0","0","0","N","0","0","0","2","02473","0","","1.0","","1","N","N","","0","","2","0","2","","3","Y","","2","2","0","0","0","0","0","1","0","2","","","","N","","","","","","","","","",""
"2015096906","","1","0","0","0","0","0","0","0","0","1","0","","02","9","2015","1","40.456904","-79.758798","","11","0","1","0","0","0","1","0","0","","0","0","0","","","0","","3","","40 27:24.855","","0","79 45:31.673","0","0","0","0","2466","0","0","0","N","0","0","0","4","02466","0","","1.0","","1","N","N","","1","","0","0","0","","3","","","4","0","1","0","0","0","0","2","2","4","","","","N","","","","","","","","","",""
"2015096643","","0","0","0","0","0","0","0","0","0","1","0","","02","9","2015","1","40.457467","-79.988149","","11","0","0","0","0","0","0","0","0","2","0","0","0","","","0","","0","","40 27:26.882","4","0","79 59:17.338","0","0","0","0","2301","0","0","0","N","0","0","0","2","02301","0","","1.0","","1","N","N","","0","","0","0","2","","0","N","","2","0","0","0","0","0","0","2","0","2","","","","N","","","","","","","","","",""
"2015098281","","1","0","0","0","0","0","0","0","0","7","0","","02","9","2015","6","40.474522","-80.005461","","11","0","0","0","0","0","1","0","0","2","0","0","0","","","0","","0","","40 28:28.280","2","2","80 00:19.659","0","0","0","0","2301","0","0","0","N","0","0","0","1","02301","0","","5.0","","1","N","N","","0","","0","0","0","","0","N","","1","0","0","0","0","0","0","2","0","1","","","","N","","","","","","","","","",""
"2015096921","","1","0","0","0","0","0","0","0","0","1","0","","02","9","2015","4","40.561144","-79.928639","","11","0","0","0","0","0","1","1","0","","0","0","0","","","0","","0","","40 33:40.120","","0","79 55:43.100","0","0","0","0","2207","0","0","0","N","0","0","0","2","02207","0","","1.0","","1","N","N","","0","","0","0","1","","3","","","2","0","0","0","0","0","0","2","0","2","","","","N","","","","","","","","","",""
"2015096771","","1","0","0","0","0","0","0","0","0","5","0","","02","9","2015","1","40.452327","-80.014489","","11","0","0","0","0","0","0","0","0","","0","0","0","","","0","","0","","40 27:08.378","","0","80 00:52.162","0","0","0","0","2301","0","0","0","N","0","0","0","0","02301","0","","6.0","","1","N","N","","0","","0","0","1","","0","","","2","0","0","0","0","0","0","2","0","2","","","","N","","","","","","","","","",""
"2015098282","","1","0","0","0","0","0","0","0","0","7","0","","02","9","2015","6","40.457301","-79.877341","","11","0","0","0","1","0","0","0","0","1","0","0","0","","","0","","0","","40 27:26.285","3","0","79 52:38.427","0","0","0","0","2301","0","0","0","N","0","0","0","1","02301","0","","5.0","","1","N","N","","0","","0","0","0","","0","N","","1","0","0","0","0","0","0","2","0","1","","","","N","","","","","","","","","",""
"2015096922","","1","0","0","0","0","0","0","0","0","7","0","","02","9","2015","2","40.423356","-79.967819","","11","0","0","0","0","0","0","0","0","2","0","0","0","","","0","","0","","40 25:24.080","2","0","79 58:04.150","0","0","0","0","2301","0","0","0","N","0","0","0","3","02301","0","","2.0","","1","N","N","","0","","0","0","0","","0","Y","","1","0","0","0","0","0","0","2","0","1","","","","N","","","","","","","","","",""
"2015098204","","1","0","0","0","0","0","0","0","0","4","0","","02","9","2015","4","40.464484","-79.930088","","11","0","0","0","0","0","1","0","0","2","0","0","0","","","0","","1","","40 27:52.142","1","0","79 55:48.316","0","0","0","0","2301","0","0","0","N","0","0","0","3","02301","0","","1.0","","1","N","N","","0","","0","0","1","","3","N","","2","0","0","0","0","0","0","2","0","2","","","","N","","","","","","","","","",""
"2015098344","","1","0","0","0","0","0","0","0","0","4","0","","02","9","2015","6","40.466832","-79.944912","","11","0","0","0","0","0","0","0","0","","0","0","0","","","0","","1","","40 28:00.595","","0","79 56:41.683","0","0","0","0","2301","0","0","0","N","0","0","0","3","02301","0","","1.0","","1","N","N","","0","","0","0","1","","3","","","2","0","0","0","0","0","0","2","0","2","","","","N","","","","","","","","","",""
"2015096992","","1","0","0","0","0","0","0","0","0","3","0","","02","9","2015","2","40.443776","-80.028436","","11","0","0","0","0","0","1","0","0","","0","0","0","","","0","","0","","40 26:37.592","","0","80 01:42.368","0","0","0","0","2301","0","0","0","N","0","0","0","3","02301","0","","2.0","","1","N","N","","0","","0","0","1","","2","","","2","0","0","0","0","0","0","2","0","2","","","","N","","","","","","","","","",""
"2015098205","","2","0","0","0","0","0","0","0","0","1","0","","02","9","2015","4","40.482702","-79.962597","","11","0","0","0","0","0","0","0","0","1","0","0","0","","","1","","0","","40 28:57.728","5","0","79 57:45.350","8","0","0","0","2118","0","0","0","N","0","0","0","2","02118","0","","1.0","","1","N","N","","0","","0","0","0","","0","Y","","2","1","0","0","0","1","0","2","0","2","","","","N","","","","","","","","","",""
"2015098284","","0","0","0","0","0","0","0","0","0","1","0","","02","9","2015","2","40.371187","-80.049456","","11","0","0","0","0","0","1","0","0","3","0","0","0","","","1","","2","","40 22:16.274","5","0","80 02:58.042","8","0","0","0","2109","0","0","0","N","0","0","0","2","02109","0","","1.0","","1","N","N","","1","","0","0","1","","2","N","","2","1","0","0","0","1","0","2","0","2","","","","N","","","","","","","","","",""
"2015096925","","1","0","0","0","0","0","0","0","0","2","1","","02","9","2015","2","40.29751","-79.994444","","11","0","0","0","0","0","0","0","0","2","0","1","0","","","1","","2","","40 17:51.035","2","0","79 59:39.997","4","0","0","0","2219","0","0","0","N","0","0","0","3","02219","1","","1.0","","1","N","N","","0","","0","0","0","","3","N","","2","1","0","0","0","0","0","2","0","2","","","","N","","","","","","","","","",""
"2015096234","","1","0","0","0","0","0","0","0","0","7","0","","02","9","2015","6","40.603279","-79.757344","","11","0","0","0","0","0","0","0","1","2","0","0","0","","","0","","0","","40 36:11.804","1","0","79 45:26.437","0","0","0","0","2464","0","0","0","N","0","0","0","1","02464","0","","5.0","","1","N","N","","0","","0","0","0","","0","N","","1","0","0","0","0","0","0","2","0","1","","","","N","","","","","","","","","",""
"2015096648","","1","0","0","0","0","0","0","0","0","4","0","","02","9","2015","1","40.438048","-79.97446","","11","0","0","0","0","0","0","0","0","","0","0","0","","","0","","1","","40 26:16.971","","0","79 58:28.057","0","0","0","0","2301","0","0","0","N","0","0","0","2","02301","0","","1.0","","1","N","N","","0","","0","0","1","","0","","","2","0","0","0","0","0","0","2","0","2","","","","N","","","","","","","","","",""
"2015098285","","1","0","0","0","0","0","0","0","0","4","0","","02","9","2015","4","40.516525","-80.220966","","11","0","0","0","0","0","1","1","0","1","0","0","0","","","1","","0","","40 30:59.490","3","0","80 13:15.479","3","0","0","0","2213","0","0","0","N","0","0","0","2","02213","0","","1.0","","1","N","N","","0","","1","0","1","","0","N","","2","1","0","0","0","0","0","2","0","2","","","","N","","","","","","","","","",""
"2015096235","","1","0","0","0","0","0","0","0","0","7","0","","02","9","2015","4","40.433071","-79.798543","","11","0","0","0","0","0","1","0","0","","0","0","0","","","0","","0","","40 25:59.055","","7","79 47:54.753","0","0","0","0","2446","0","0","0","N","0","0","0","2","02446","0","","5.0","","1","N","N","","0","","0","0","0","","0","","","1","0","0","0","0","0","0","2","0","1","","","","N","","","","","","","","","",""
"2015098207","","1","0","0","0","0","0","0","0","0","8","0","","02","9","2015","5","40.460936","-79.968217","","11","0","0","0","0","0","0","1","0","","0","0","0","","","1","","2","","40 27:39.369","","0","79 58:05.581","3","0","0","0","2301","1","0","0","N","1","0","0","2","02301","0","","1.0","","1","N","N","","0","","1","0","0","","0","","","2","1","0","0","0","0","0","2","0","1","","","","N","","","","","","","","","",""
"2015099023","","1","0","0","0","0","0","0","0","0","7","0","","02","9","2015","1","40.477241","-79.932687","","11","0","0","0","0","0","0","0","0","1","0","0","0","","","1","","0","","40 28:38.067","7","7","79 55:57.673","8","0","0","0","2301","0","0","0","N","0","0","0","1","02301","0","","4.0","","1","N","N","","0","","0","0","0","","0","N","","1","1","1","0","0","1","0","2","0","1","","","","N","","","","","","","","","",""
"2015097552","","1","0","0","0","0","0","0","0","0","4","0","","02","9","2015","4","40.451451","-79.90819","","11","0","0","0","0","0","0","0","0","1","0","0","0","","","1","","1","","40 27:05.223","3","0","79 54:29.484","3","0","0","0","2301","0","0","0","N","0","0","0","3","02301","0","","1.0","","1","N","N","","0","","1","0","0","","2","N","","2","1","0","0","0","0","0","2","1","2","","","","N","","","","","","","","","",""
"2015096727","","0","0","0","0","0","0","0","0","0","8","1","","02","9","2015","3","40.434994","-79.998638","","11","0","0","0","0","0","0","0","0","2","1","1","0","","","0","","0","","40 26:05.980","3","0","79 59:55.095","1","0","0","0","2301","1","1","0","N","1","1","0","2","68B03","0","1","1.0","","1","N","N","","0","0","0","0","0","","0","N","","2","0","0","0","0","0","0","2","0","1","","","","N","","","","","","","","","",""
"2015098417","","1","0","0","0","0","0","0","0","0","2","0","","02","9","2015","4","40.441547","-80.193295","","11","0","0","0","0","0","1","0","0","1","0","0","0","","","1","","2","","40 26:29.569","3","0","80 11:35.861","3","0","0","0","2214","0","0","0","N","0","0","0","2","02214","0","","1.0","","1","N","N","","0","","1","0","1","","3","Y","","2","1","0","0","0","0","0","2","0","2","","","","N","","","","","","","","","",""
"2015098276","","2","0","0","0","0","0","0","0","0","5","0","","02","9","2015","1","40.377289","-79.975458","","11","0","0","0","0","0","0","0","0","1","0","0","0","","","0","","0","","40 22:38.240","2","0","79 58:31.650","0","0","0","0","2413","0","0","0","N","0","0","0","1","02413","0","","4.0","","1","N","N","","0","","0","0","0","","0","N","","2","0","1","0","0","0","0","2","0","2","","","","N","","","","","","","","","",""