"CRN","ARRIVAL_TM","AUTOMOBILE_COUNT","BELTED_DEATH_COUNT","BELTED_SUSP_SERIOUS_INJ_COUNT","BICYCLE_COUNT","BICYCLE_DEATH_COUNT","BICYCLE_SUSP_SERIOUS_INJ_COUNT","BUS_COUNT","CHLDPAS_DEATH_COUNT","CHLDPAS_SUSP_SERIOUS_INJ_COUNT","COLLISION_TYPE","COMM_VEH_COUNT","CONS_ZONE_SPD_LIM","COUNTY","CRASH_MONTH","CRASH_YEAR","DAY_OF_WEEK","DEC_LATITUDE","DEC_LONGITUDE","DISPATCH_TM","DISTRICT","DRIVER_COUNT_16YR","DRIVER_COUNT_17YR","DRIVER_COUNT_18YR","DRIVER_COUNT_19YR","DRIVER_COUNT_20YR","DRIVER_COUNT_50_64YR","DRIVER_COUNT_65_74YR","DRIVER_COUNT_75PLUS","EST_HRS_CLOSED","FATAL_COUNT","HEAVY_TRUCK_COUNT","HORSE_BUGGY_COUNT","HOUR_OF_DAY","ILLUMINATION","INJURY_COUNT","INTERSECTION_RELATED","INTERSECT_TYPE","LANE_CLOSED","LATITUDE","LN_CLOSE_DIR","LOCATION_TYPE","LONGITUDE","MAX_SEVERITY_LEVEL","MCYCLE_DEATH_COUNT","MCYCLE_SUSP_SERIOUS_INJ_COUNT","MOTORCYCLE_COUNT","MUNICIPALITY","NONMOTR_COUNT","NONMOTR_DEATH_COUNT","NONMOTR_SUSP_SERIOUS_INJ_COUNT","NTFY_HIWY_MAINT","PED_COUNT","PED_DEATH_COUNT","PED_SUSP_SERIOUS_INJ_COUNT","PERSON_COUNT","POLICE_AGCY","POSSIBLE_INJ_COUNT","RDWY_SURF_TYPE_CD","RELATION_TO_ROAD","ROADWAY_CLEARED","ROAD_CONDITION","SCH_BUS_IND","SCH_ZONE_IND","SECONDARY_CRASH","SMALL_TRUCK_COUNT","SPEC_JURIS_CD","SUSP_MINOR_INJ_COUNT","SUSP_SERIOUS_INJ_COUNT","SUV_COUNT","TCD_FUNC_CD","TCD_TYPE","TFC_DETOUR_IND","TIME_OF_DAY","TOTAL_UNITS","TOT_INJ_COUNT","UNBELTED_OCC_COUNT","UNB_DEATH_COUNT","UNB_SUSP_SERIOUS_INJ_COUNT","UNK_INJ_DEG_COUNT","UNK_INJ_PER_COUNT","URBAN_RURAL","VAN_COUNT","VEHICLE_COUNT","WEATHER1","WEATHER2","WORKERS_PRES","WORK_ZONE_IND","WORK_ZONE_LOC","WORK_ZONE_TYPE","WZ_CLOSE_DETOUR","WZ_FLAGGER","WZ_LAW_OFFCR_IND","WZ_LN_CLOSURE","WZ_MOVING","WZ_OTHER","WZ_SHLDER_MDN","WZ_WORKERS_INJ_KILLED"
"2015126772","","1","0","0","0","0","0","0","0","0","7","0","","02","12","2015","1","40.419976","-80.133463","","11","0","0","0","0","0","0","0","0","","0","0","0","","","0","","0","","40 25:11.915","","0","80 08:00.467","0","0","0","0","2102","0","0","0","N","0","0","0","1","02102","0","","5.0","","2","N","N","","0","","0","0","0","","0","","","1","0","0","0","0","0","0","1","0","1","","","","N","","","","","","","","","",""
"2015126136","","2","0","0","0","0","0","0","0","0","1","0","","02","11","2015","2","40.325868","-80.049323","","11","0","0","1","0","0","1","0","0","","0","0","0","","","1","","1","","40 19:33.124","","0","80 02:57.561","3","0","0","0","2407","0","0","0","N","0","0","0","3","02407","0","","1.0","","1","N","N","","0","","1","0","0","","2","","","2","1","0","0","0","0","0","2","0","2","","","","N","","","","","","","","","",""
"2015128203","","0","0","0","0","0","0","0","0","0","4","0","","02","12","2015","6","40.390133","-79.870005","","11","0","0","0","0","0","0","1","0","1","0","0","0","","","1","","1","","40 23:24.478","1","0","79 52:12.018","3","0","0","0","2473","0","0","0","N","0","0","0","3","02473","0","","1.0","","1","N","N","","1","","1","0","1","","3","N","","2","1","0","0","0","0","0","2","0","2","","","","N","","","","","","","","","",""
"2015127488","","1","0","0","0","0","0","0","0","0","1","0","","02","12","2015","4","40.30074","-79.923681","","11","0","0","0","0","0","0","0","0","","0","0","0","","","2","","2","","40 18:02.664","","0","79 55:25.251","8","0","0","0","2440","0","0","0","N","0","0","0","2","02440","0","","1.0","","1","N","N","","0","","0","0","1","","3","","","2","2","0","0","0","2","0","2","0","2","","","","N","","","","","","","","","",""
"2015128407","","0","0","0","0","0","0","0","0","0","7","1","55","02","12","2015","5","40.56282","-79.851413","","11","0","0","0","0","0","1","0","0","3","0","1","0","","","0","","0","","40 33:46.152","4","0","79 51:05.088","0","0","0","0","2209","0","0","0","N","0","0","0","1","68T02","0","","2.0","","1","N","N","","0","","0","0","0","","0","N","","1","0","0","0","0","0","0","2","0","1","","","N","Y","8","1","N","N","N","N","N","Y","N",""
"2015126211","","2","0","0","0","0","0","0","0","0","1","0","","02","12","2015","6","40.339105","-80.126014","","11","0","0","0","1","0","1","0","0","2","0","0","0","","","2","","2","","40 20:20.779","5","0","80 07:33.650","8","0","0","0","2119","0","0","0","N","0","0","0","4","02119","0","","1.0","","1","N","N","","0","","0","0","1","","0","N","","3","2","0","0","0","2","2","2","0","3","","","","N","","","","","","","","","",""
"2015127426","","0","0","0","0","0","0","0","0","0","7","0","","02","12","2015","3","40.458104","-79.875912","","11","0","0","0","0","0","0","0","0","2","0","0","0","","","0","","0","","40 27:29.175","2","0","79 52:33.283","0","0","0","0","2301","0","0","0","N","0","0","0","2","02301","0","","5.0","","1","N","N","","0","","0","0","1","","0","N","","1","0","1","0","0","0","0","2","0","1","","","","N","","","","","","","","","",""
"2015126789","","1","0","0","0","0","0","0","0","0","1","0","","02","12","2015","1","40.452858","-80.172414","","11","0","0","0","0","0","1","0","0","","0","0","0","","","0","","7","","40 27:10.290","","2","80 10:20.689","0","0","0","0","2214","0","0","0","N","0","0","0","2","02214","0","","1.0","","1","N","N","","0","","0","0","1","","2","","","2","0","0","0","0","0","0","2","0","2","","","","N","","","","","","","","","",""
"2015128408","","1","0","0","0","0","0","0","0","0","7","0","","02","12","2015","1","40.594378","-79.909585","","11","0","0","0","1","0","0","0","0","2","0","0","0","","","1","","0","","40 35:39.761","3","0","79 54:34.506","8","0","0","0","2209","0","0","0","N","0","0","0","1","68T02","0","","4.0","","9","N","N","","0","","0","0","0","","0","N","","1","1","0","0","0","1","0","1","0","1","","","","N","","","","","","","","","",""
"2015128137","","1","0","0","0","0","0","0","0","0","7","0","","02","12","2015","4","40.338887","-80.065955","","11","0","0","0","0","0","0","0","0","2","0","0","0","","","0","","1","","40 20:19.994","3","0","80 03:57.437","0","0","0","0","2123","0","0","0","N","0","0","0","1","02123","0","","5.0","","9","N","N","","0","","0","0","0","","2","N","","1","0","0","0","0","0","0","2","0","1","","","","N","","","","","","","","","",""
"2015127427","","1","0","0","0","0","0","0","0","0","4","0","","02","12","2015","7","40.454029","-79.912399","","11","0","0","0","0","0","0","1","0","","0","0","0","","","0","","1","","40 27:14.504","","0","79 54:44.638","0","0","0","0","2301","0","0","0","N","0","0","0","4","02301","0","","1.0","","1","N","N","","0","","0","0","1","","2","","","2","0","0","0","0","0","0","2","0","2","","","","N","","","","","","","","","",""
"2015128860","","2","0","0","0","0","0","0","0","0","4","0","","02","12","2015","5","40.36611","-79.857726","","11","0","0","0","0","0","1","0","0","","0","0","0","","","0","","1","","40 21:57.996","","0","79 51:27.815","0","0","0","0","2303","0","0","0","N","0","0","0","2","02303","0","","1.0","","1","N","N","","0","","0","0","0","","3","","","2","0","0","0","0","0","0","2","0","2","","","","N","","","","","","","","","",""
"2015128471","","1","0","0","0","0","0","1","0","0","3","1","","02","12","2015","4","40.349142","-80.139677","","11","0","0","0","0","0","1","0","0","","0","0","0","","","0","","1","","40 20:56.911","","0","80 08:22.837","0","0","0","0","2119","0","0","0","N","0","0","0","3","02119","0","","1.0","","1","Y","N","","0","","0","0","0","","3","","","2","0","0","0","0","0","0","2","0","2","","","","N","","","","","","","","","",""
"2015128861","","0","0","0","0","0","0","0","0","0","4","0","","02","12","2015","5","40.382986","-79.857411","","11","0","0","0","0","0","0","0","1","","0","0","0","","","0","","1","","40 22:58.749","","0","79 51:26.678","0","0","0","0","2303","0","0","0","N","0","0","0","2","02303","0","","1.0","","1","N","N","","0","","0","0","2","","2","","","2","0","0","0","0","0","0","2","0","2","","","","N","","","","","","","","","",""
"2015126710","","1","0","0","0","0","0","0","0","0","4","0","","02","12","2015","4","40.445808","-79.713038","","11","0","0","0","0","0","1","0","0","","0","0","0","","","0","","0","","40 26:44.907","","7","79 42:46.937","0","0","0","0","2446","0","0","0","N","0","0","0","2","02446","0","","1.0","","9","N","N","","0","","0","0","1","","0","","","2","0","0","0","0","0","0","2","0","2","","","","N","","","","","","","","","",""
"2015126913","","0","0","0","0","0","0","0","0","0","99","0","","02","12","2015","1","40.3664","-79.821398","","11","0","0","0","0","0","0","0","0","","0","0","0","","","0","","0","","40 21:59.040","","0","79 49:17.034","0","0","0","0","2111","0","0","0","N","0","0","0","2","02111","0","","1.0","","1","N","N","","0","","0","0","1","","0","","","1","0","0","0","0","0","0","2","0","1","","","","N","","","","","","","","","",""
"2015126711","","1","0","0","0","0","0","0","0","0","7","0","","02","12","2015","7","40.62284","-79.837964","","11","0","0","0","0","0","0","0","0","2","0","0","0","","","0","","0","","40 37:22.224","6","0","79 50:16.670","0","0","0","0","2220","0","0","0","N","0","0","0","1","02220","0","","2.0","","1","N","N","","0","","0","0","0","","0","N","","1","0","1","0","0","0","0","2","0","1","","","","N","","","","","","","","","",""
"2015127416","","1","0","0","0","0","0","0","0","0","2","0","","02","12","2015","3","40.47796","-79.845573","","11","0","0","0","0","0","1","0","0","2","0","0","0","","","1","","0","","40 28:40.655","6","0","79 50:44.063","4","0","0","0","2113","0","0","0","N","0","0","0","2","02113","1","","1.0","","1","N","N","","0","","0","0","1","","0","N","","2","1","0","0","0","0","0","2","0","2","","","","N","","","","","","","","","",""
"2015126794","","1","0","0","0","0","0","0","0","0","5","0","","02","12","2015","1","40.396514","-79.880408","","11","0","0","0","0","0","1","0","0","1","0","0","0","","","0","","0","","40 23:47.450","4","0","79 52:49.470","0","0","0","0","2473","0","0","0","N","0","0","0","3","02473","0","","2.0","","1","N","N","","0","","0","0","0","","0","Y","","2","0","2","0","0","0","0","2","1","2","","","","N","","","","","","","","","",""
"2015127420","","1","0","0","0","0","0","0","0","0","4","0","","02","12","2015","3","40.477772","-79.848042","","11","0","0","0","0","0","0","0","0","","0","0","0","","","0","","0","","40 28:39.979","","0","79 50:52.951","0","0","0","0","2113","0","0","0","N","0","0","0","2","02113","0","","1.0","","1","N","N","","0","","0","0","1","","0","","","2","0","0","0","0","0","0","2","0","2","","","","N","","","","","","","","","",""
"2015127496","","2","0","0","0","0","0","0","0","0","1","0","","02","12","2015","4","40.311719","-79.937971","","11","0","0","0","0","0","2","0","0","","0","0","0","","","0","","0","","40 18:42.188","","0","79 56:16.694","0","0","0","0","2440","0","0","0","N","0","0","0","4","02440","0","","1.0","","1","N","N","","0","","0","0","1","","0","","","3","0","0","0","0","0","0","2","0","3","","","","N","","","","","","","","","",""
"2015128144","","1","0","0","0","0","0","0","0","0","4","0","","02","12","2015","1","40.337739","-79.951482","","11","0","0","1","0","0","0","0","0","1","0","0","0","","","0","","0","","40 20:15.861","1","7","79 57:05.334","0","0","0","0","2473","0","0","0","N","0","0","0","3","02473","0","","1.0","","1","N","N","","0","","0","0","1","","2","N","","2","0","0","0","0","0","0","2","0","2","","","","N","","","","","","","","","",""
"2015126650","","1","0","0","0","0","0","0","0","0","4","0","","02","12","2015","7","40.485183","-79.856869","","11","0","0","0","0","0","0","0","0","2","0","0","0","","","0","","2","","40 29:06.657","3","0","79 51:24.730","0","0","0","0","2113","0","0","0","N","0","0","0","3","02113","0","","1.0","","1","N","N","","0","","0","0","0","","2","N","","2","0","0","0","0","0","0","2","1","2","","","","N","","","","","","","","","",""
"2015127435","","1","0","0","0","0","0","0","0","0","7","0","","02","12","2015","6","40.381928","-80.155527","","11","0","0","0","1","0","0","0","0","1","0","0","0","","","0","","2","","40 22:54.940","3","0","80 09:19.897","0","0","0","0","2102","0","0","0","N","0","0","0","1","02102","0","","4.0","","1","N","N","","0","","0","0","0","","0","N","","1","0","0","0","0","0","0","2","0","1","","","","N","","","","","","","","","",""
"2015128868","","1","0","0","0","0","0","0","0","0","4","0","","02","12","2015","5","40.429953","-79.957778","","11","0","0","1","0","1","0","0","0","","0","0","0","","","5","","2","","40 25:47.831","","0","79 57:27.999","3","0","0","0","2301","0","0","0","N","0","0","0","5","02301","0","","1.0","","1","N","N","","0","","5","0","1","","2","","","2","5","1","0","0","0","0","2","0","2","","","","N","","","","","","","","","",""
"2015126786","","2","0","0","0","0","0","0","0","0","4","0","","02","12","2015","1","40.405986","-79.90076","","11","0","0","0","0","0","0","0","0","","0","0","0","","","1","","1","","40 24:21.549","","0","79 54:02.736","3","0","0","0","2448","0","0","0","N","0","0","0","3","02448","0","","1.0","","1","N","N","","0","","1","0","0","","3","","","2","1","0","0","0","0","1","2","0","2","","","","N","","","","","","","","","",""
"2015126160","","2","0","1","0","0","0","0","0","0","2","0","","02","12","2015","6","40.373344","-79.846936","","11","0","0","0","0","0","0","1","0","1","0","0","0","","","1","","0","","40 22:24.040","1","0","79 50:48.970","2","0","0","0","2303","0","0","0","N","0","0","0","1","02303","0","","5.0","","1","N","N","","0","","0","1","0","","0","N","","2","1","0","0","0","0","0","2","0","2","","","","N","","","","","","","","","",""
"2015127437","","1","0","0","0","0","0","0","0","0","5","0","","02","12","2015","3","40.376609","-80.09755","","11","0","0","0","0","0","0","0","0","1","0","0","0","","","0","","2","","40 22:35.794","3","0","80 05:51.179","0","0","0","0","2102","0","0","0","N","0","0","0","2","02102","0","","1.0","","1","N","N","","0","","0","0","1","","0","N","","2","0","0","0","0","0","0","2","0","2","","","","N","","","","","","","","","",""
"2015126799","","1","0","0","0","0","0","0","0","0","4","0","","02","12","2015","6","40.625357","-80.054303","","11","0","0","0","0","0","0","0","0","","0","0","0","","","0","","0","","40 37:31.286","","7","80 03:15.491","0","0","0","0","2216","0","0","0","Y","0","0","0","3","02505","0","","1.0","","1","N","N","","0","","0","0","1","","0","","","2","0","0","0","0","0","0","2","0","2","","","","N","","","","","","","","","",""
"2015126922","","0","0","0","0","0","0","0","0","0","8","0","","02","12","2015","1","40.340235","-79.96737","","11","0","0","0","0","0","0","1","0","1","0","0","0","","","1","","2","","40 20:24.847","7","0","79 58:02.531","8","0","0","0","2454","1","0","0","N","1","0","0","2","02454","0","","1.0","","1","N","N","","0","","0","0","1","","2","N","","2","1","0","0","0","1","0","2","0","1","","","","N","","","","","","","","","",""
"2015128147","","2","0","0","0","0","0","0","0","0","7","0","","02","12","2015","4","40.444329","-80.029091","","11","0","0","0","0","0","1","0","0","1","0","0","0","","","0","","0","","40 26:39.583","4","0","80 01:44.729","0","0","0","0","2301","0","0","0","N","0","0","0","4","02301","0","","2.0","","9","N","N","","0","","0","0","1","","0","N","","3","0","0","0","0","0","0","2","0","3","","","","N","","","","","","","","","",""
"2015128161","","3","0","0","0","0","0","0","0","0","2","0","","02","12","2015","5","40.450781","-79.912153","","11","0","0","0","0","0","0","0","0","","0","0","0","","","0","","0","","40 27:02.811","","0","79 54:43.750","0","0","0","0","2301","0","0","0","N","0","0","0","1","02301","0","","6.0","","1","N","N","","0","","0","0","0","","0","","","4","0","0","0","0","0","0","2","1","4","","","","N","","","","","","","","","",""
"2015126938","","2","0","0","0","0","0","0","0","0","4","0","","02","12","2015","1","40.430024","-79.98866","","11","0","0","0","0","0","0","0","0","","0","0","0","","","0","","2","","40 25:48.086","","0","79 59:19.176","0","0","0","0","2301","0","0","0","N","0","0","0","3","02301","0","","1.0","","1","N","N","","0","","0","0","0","","2","","","2","0","0","0","0","0","0","2","0","2","","","","N","","","","","","","","","",""
"2015127368","","1","0","0","0","0","0","0","0","0","7","0","","02","12","2015","1","40.377233","-79.920789","","11","0","0","0","0","1","0","0","0","1","0","0","0","","","2","","0","","40 22:38.040","3","0","79 55:14.840","8","0","0","0","2301","0","0","0","N","0","0","0","2","02301","0","","4.0","","1","N","N","","0","","0","0","0","","0","N","","1","2","0","0","0","2","0","2","0","1","","","","N","","","","","","","","","",""
"2015126654","","1","0","1","0","0","0","0","0","0","7","0","","02","12","2015","7","40.409411","-80.032062","","11","0","0","0","0","0","0","0","0","","0","0","0","","","1","","2","","40 24:33.878","","0","80 01:55.423","2","0","0","0","2301","0","0","0","N","0","0","0","1","02301","0","","5.0","","1","N","N","","0","","0","1","0","","0","","","1","1","0","0","0","0","0","2","0","1","","","","N","","","","","","","","","",""
"2015126163","","1","0","0","0","0","0","0","0","0","1","0","","02","12","2015","6","40.329405","-79.945204","","11","0","0","0","0","0","2","0","0","1","0","0","0","","","1","","0","","40 19:45.859","2","0","79 56:42.733","3","0","0","0","2454","0","0","0","N","0","0","0","4","02454","0","","1.0","","1","N","N","","0","","1","0","1","","0","N","","2","1","0","0","0","0","0","2","0","2","","","","N","","","","","","","","","",""
"2015126722","","1","0","0","0","0","0","0","0","0","2","0","","02","12","2015","5","40.46997","-80.100024","","11","0","0","0","0","0","0","0","0","","0","0","0","","","0","","1","","40 28:11.892","","0","80 06:00.086","0","0","0","0","2126","0","0","0","N","0","0","0","2","02126","0","","1.0","","1","N","N","","0","","0","0","1","","3","","","2","0","1","0","0","0","0","2","0","2","","","","N","","","","","","","","","",""
"2015127517","","1","0","0","0","0","0","0","0","0","99","0","","02","12","2015","4","40.627223","-80.043666","","11","0","0","0","0","0","1","0","0","1","0","0","0","","","0","","0","","40 37:38.001","3","0","80 02:37.198","0","0","0","0","2216","0","0","0","N","0","0","0","1","02505","0","","1.0","","1","N","N","","0","","0","0","0","","0","Y","","1","0","1","0","0","0","0","2","0","1","","","","N","","","","","","","","","",""
"2015127518","","1","0","0","0","0","0","0","0","0","1","0","","02","12","2015","4","40.424522","-79.858991","","11","0","0","0","0","1","1","0","0","","0","0","0","","","0","","0","","40 25:28.280","","0","79 51:32.367","0","0","0","0","2431","0","0","0","N","0","0","0","2","02431","0","","1.0","","1","N","N","","0","","0","0","1","","1","","","2","0","0","0","0","0","0","2","0","2","","","","N","","","","","","","","","",""
"2015126165","","3","0","0","0","0","0","0","0","0","4","0","","02","12","2015","6","40.453678","-79.926442","","11","0","0","0","0","0","0","0","0","","0","0","0","","","1","","0","","40 27:13.240","","0","79 55:35.190","3","0","0","0","2301","0","0","0","N","0","0","0","4","02301","0","","1.0","","1","N","N","","0","","1","0","1","","0","","","5","1","0","0","0","0","0","2","1","5","","","","N","","","","","","","","","",""
"2015126941","","1","0","0","0","0","0","0","0","0","7","0","","02","12","2015","1","40.355742","-79.900047","","11","0","0","0","0","0","0","0","0","1","0","0","0","","","0","","0","","40 21:20.670","4","0","79 54:00.170","0","0","0","0","2473","0","0","0","Y","0","0","0","2","02473","0","","4.0","","1","N","N","","0","","0","0","0","","0","N","","1","0","0","0","0","0","0","2","0","1","","","","N","","","","","","","","","",""
"2015127005","","0","0","0","0","0","0","0","0","0","7","0","","02","12","2015","1","40.397901","-80.104713","","11","0","0","0","0","0","0","0","0","","0","0","0","","","0","","0","","40 23:52.442","","0","80 06:16.966","0","0","0","0","2102","0","0","0","Y","0","0","0","1","68B03","0","","3.0","","2","N","N","","0","","0","0","1","","4","","","1","0","0","0","0","0","0","2","0","1","","","","N","","","","","","","","","",""
"2015133204","","0","0","0","0","0","0","0","0","0","99","0","","02","12","2015","6","40.578838","-80.027429","","11","0","0","0","0","0","1","0","0","2","0","0","0","","","0","","0","","40 34:43.816","1","0","80 01:38.745","0","0","0","0","2108","0","0","0","N","0","0","0","1","02108","0","","1.0","","1","N","N","","1","","0","0","0","","0","N","","1","0","0","0","0","0","0","2","0","1","","","","N","","","","","","","","","",""
"2015127083","","1","0","0","0","0","0","0","0","0","1","0","","02","12","2015","2","40.348317","-79.946462","","11","0","0","0","0","0","0","0","0","1","0","0","0","","","0","","1","","40 20:53.940","4","0","79 56:47.263","0","0","0","0","2473","0","0","0","N","0","0","0","2","02473","0","","1.0","","1","N","N","","0","","0","0","0","","2","N","","2","0","0","0","0","0","0","2","1","2","","","","N","","","","","","","","","",""
"2015132407","","1","0","0","0","0","0","0","0","0","7","0","","02","12","2015","6","40.260305","-79.849075","","11","1","0","0","0","0","0","0","0","2","0","0","0","","","0","","0","","40 15:37.098","5","0","79 50:56.671","0","0","0","0","2105","0","0","0","N","0","0","0","1","02105","0","","2.0","","9","N","N","","0","","0","0","0","","0","Y","","1","0","0","0","0","0","0","1","0","1","","","","N","","","","","","","","","",""
"2015133205","","3","0","0","0","0","0","0","0","0","4","0","","02","12","2015","6","40.466093","-80.154383","","11","0","0","0","0","0","1","0","0","2","0","0","0","","","0","","0","","40 27:57.934","6","3","80 09:15.779","0","0","0","0","2115","0","0","0","N","0","0","0","3","02115","0","","1.0","","2","N","N","","0","","0","0","0","","0","Y","","3","0","0","0","0","0","0","2","0","3","","","","N","","","","","","","","","",""
"2015127793","","2","0","0","0","0","0","0","0","0","4","0","","02","10","2015","7","40.44161","-79.836186","","11","0","0","0","0","1","0","0","0","","0","0","0","","","0","","0","","40 26:29.797","","0","79 50:10.268","0","0","0","0","2419","0","0","0","N","0","0","0","4","68B03","0","","1.0","","1","N","N","","0","","0","0","0","","0","","","2","0","0","0","0","0","0","2","0","2","","","","N","","","","","","","","","",""
"2015126317","","1","0","0","0","0","0","0","0","0","7","0","","02","12","2015","5","40.380759","-80.044379","","11","0","0","0","0","0","0","0","1","2","0","0","0","","","0","","0","","40 22:50.732","1","0","80 02:39.764","0","0","0","0","2109","0","0","0","N","0","0","0","1","02109","0","","5.0","","1","N","N","","0","","0","0","0","","0","N","","1","0","0","0","0","0","0","2","0","1","","","","N","","","","","","","","","",""
"2015127084","","1","0","0","0","0","0","0","0","0","2","0","","02","12","2015","3","40.53275","-80.067253","","11","0","0","0","0","0","0","1","0","1","0","0","0","","","2","","0","","40 31:57.900","7","0","80 04:02.110","8","0","0","0","2215","0","0","0","N","0","0","0","2","02215","0","","1.0","","9","N","N","","0","","0","0","1","","0","N","","2","2","0","0","0","2","0","2","0","2","","","","N","","","","","","","","","",""
"2015127794","","2","0","0","0","0","0","0","0","0","7","0","","02","11","2015","5","40.435828","-79.866487","","11","0","0","0","0","0","0","0","0","3","0","0","0","","","1","","0","","40 26:08.981","3","0","79 51:59.352","4","0","0","0","2478","0","0","0","N","0","0","0","2","68B03","1","","2.0","","9","N","N","","0","","0","0","0","","0","N","","2","1","0","0","0","0","0","2","0","2","","","","N","","","","","","","","","",""
"2015126318","","2","0","0","0","0","0","0","0","0","7","0","","02","11","2015","3","40.516983","-80.221407","","11","0","0","0","0","0","0","0","0","2","0","0","0","","","0","","1","","40 31:01.137","2","0","80 13:17.066","0","0","0","0","2213","0","0","0","N","0","0","0","4","02213","0","","4.0","","1","N","N","","0","","0","0","1","","2","N","","3","0","0","0","0","0","0","2","0","3","","","","N","","","","","","","","","",""
"2015132409","","0","0","0","0","0","0","0","0","0","4","0","","02","12","2015","6","40.426906","-79.966767","","11","0","0","0","0","0","0","0","0","1","0","0","0","","","0","","0","","40 25:36.860","3","0","79 58:00.360","0","0","0","0","2301","0","0","0","N","0","0","0","2","02301","0","","1.0","","2","N","N","","0","","0","0","2","","0","Y","","2","0","0","0","0","0","0","2","0","2","","","","N","","","","","","","","","",""
"2015133193","","2","0","0","0","0","0","0","0","0","1","0","","02","12","2015","6","40.415417","-79.876818","","11","0","0","0","0","0","1","2","0","","0","0","0","","","1","","1","","40 24:55.501","","0","79 52:36.544","3","0","0","0","2463","0","0","0","N","0","0","0","3","02463","0","","1.0","","1","N","N","","0","","1","0","1","","2","","","3","1","2","0","0","0","0","2","0","3","","","","N","","","","","","","","","",""
"2015126246","","0","0","0","0","0","0","0","0","0","1","1","","02","12","2015","3","40.429228","-79.942888","","11","0","0","0","0","0","0","0","0","","0","1","0","","","0","","0","","40 25:45.219","","0","79 56:34.397","0","0","0","0","2301","0","0","0","N","0","0","0","2","68B03","0","","1.0","","9","N","N","","0","","0","0","1","","0","","","2","0","0","0","0","0","0","2","0","2","","","","N","","","","","","","","","",""
"2015127795","","1","0","0","0","0","0","0","0","0","7","0","","02","11","2015","6","40.428681","-79.945657","","11","0","0","0","0","0","0","0","0","","0","0","0","","","0","","0","","40 25:43.253","","0","79 56:44.365","0","0","0","0","2301","0","0","0","N","0","0","0","1","68B03","0","","4.0","","1","N","N","","0","","0","0","0","","0","","","1","0","0","0","0","0","0","2","0","1","","","","N","","","","","","","","","",""
"2015134712","","2","0","0","0","0","0","0","0","0","4","0","","02","12","2015","5","40.438283","-79.996078","","11","0","0","0","0","0","0","0","0","","0","0","0","","","2","","1","","40 26:17.818","","0","79 59:45.880","8","0","0","0","2301","0","0","0","N","0","0","0","3","02301","0","","1.0","","1","N","N","","0","","0","0","0","","2","","","2","2","0","0","0","2","0","2","0","2","","","","N","","","","","","","","","",""
"2015132410","","3","0","0","0","0","0","0","0","0","6","0","","02","12","2015","6","40.429874","-79.998737","","11","0","0","0","0","0","0","0","0","1","0","0","0","","","3","","0","","40 25:47.545","2","3","79 59:55.454","8","0","0","0","2301","0","0","0","N","0","0","0","8","02301","0","","1.0","","2","N","N","","0","","0","0","0","","0","N","","3","3","0","0","0","3","0","2","0","3","","","","N","","","","","","","","","",""
"2015134017","","1","0","0","0","0","0","0","0","0","7","0","","02","12","2015","3","40.417853","-79.923496","","11","0","0","0","0","0","0","0","0","","0","0","0","","","0","","2","","40 25:04.271","","0","79 55:24.585","0","0","0","0","2301","0","0","0","N","0","0","0","1","02301","0","","4.0","","1","N","N","","0","","0","0","0","","0","","","2","0","0","0","0","0","0","2","0","1","","","","N","","","","","","","","","",""
"2015134789","","1","0","0","0","0","0","0","0","0","1","0","","02","12","2015","5","40.436036","-79.825773","","11","0","0","0","0","0","0","0","0","1","0","0","0","","","0","","0","","40 26:09.728","4","0","79 49:32.782","0","0","0","0","2419","0","0","0","N","0","0","0","2","02419","0","","1.0","","1","N","N","","0","","0","0","1","","0","N","","2","0","1","0","0","0","0","2","0","2","","","","N","","","","","","","","","",""
"2015126947","","2","0","0","0","0","0","0","0","0","1","0","","02","12","2015","7","40.452864","-79.95417","","11","0","0","0","0","0","0","0","0","","0","0","0","","","0","","2","","40 27:10.310","","0","79 57:15.012","0","0","0","0","2301","0","0","0","N","0","0","0","1","02301","0","","2.0","","1","N","N","","0","","0","0","0","","0","","","2","0","0","0","0","0","0","2","0","2","","","","N","","","","","","","","","",""
"2015126247","","1","0","0","0","0","0","0","0","0","7","0","","02","12","2015","3","40.429228","-79.942888","","11","0","0","0","0","0","0","0","0","","0","0","0","","","1","","0","","40 25:45.219","","0","79 56:34.397","4","0","0","0","2301","0","0","0","N","0","0","0","1","68B03","1","","2.0","","9","N","N","","0","","0","0","0","","0","","","1","1","0","0","0","0","0","2","0","1","","","","N","","","","","","","","","",""
"2015127796","","1","0","0","0","0","0","0","0","0","5","0","","02","11","2015","2","40.385026","-80.097209","","11","0","0","0","0","0","0","0","0","2","0","0","0","","","1","","0","","40 23:06.094","1","0","80 05:49.952","8","0","0","0","2117","0","0","0","N","0","0","0","3","68B03","0","","1.0","","1","N","N","","0","","0","0","2","","0","N","","3","1","0","0","0","1","0","2","0","3","","","","N","","","","","","","","","",""
"2015126248","","1","0","0","0","0","0","0","0","0","1","0","","02","12","2015","3","40.429228","-79.942888","","11","0","0","0","0","0","1","0","0","","0","0","0","","","0","","0","","40 25:45.219","","0","79 56:34.397","0","0","0","0","2301","0","0","0","N","0","0","0","2","68B03","0","","1.0","","9","N","N","","0","","0","0","1","","0","","","2","0","0","0","0","0","0","2","0","2","","","","N","","","","","","","","","",""