"CRN","ARRIVAL_TM","AUTOMOBILE_COUNT","BELTED_DEATH_COUNT","BELTED_SUSP_SERIOUS_INJ_COUNT","BICYCLE_COUNT","BICYCLE_DEATH_COUNT","BICYCLE_SUSP_SERIOUS_INJ_COUNT","BUS_COUNT","CHLDPAS_DEATH_COUNT","CHLDPAS_SUSP_SERIOUS_INJ_COUNT","COLLISION_TYPE","COMM_VEH_COUNT","CONS_ZONE_SPD_LIM","COUNTY","CRASH_MONTH","CRASH_YEAR","DAY_OF_WEEK","DEC_LATITUDE","DEC_LONGITUDE","DISPATCH_TM","DISTRICT","DRIVER_COUNT_16YR","DRIVER_COUNT_17YR","DRIVER_COUNT_18YR","DRIVER_COUNT_19YR","DRIVER_COUNT_20YR","DRIVER_COUNT_50_64YR","DRIVER_COUNT_65_74YR","DRIVER_COUNT_75PLUS","EST_HRS_CLOSED","FATAL_COUNT","HEAVY_TRUCK_COUNT","HORSE_BUGGY_COUNT","HOUR_OF_DAY","ILLUMINATION","INJURY_COUNT","INTERSECTION_RELATED","INTERSECT_TYPE","LANE_CLOSED","LATITUDE","LN_CLOSE_DIR","LOCATION_TYPE","LONGITUDE","MAX_SEVERITY_LEVEL","MCYCLE_DEATH_COUNT","MCYCLE_SUSP_SERIOUS_INJ_COUNT","MOTORCYCLE_COUNT","MUNICIPALITY","NONMOTR_COUNT","NONMOTR_DEATH_COUNT","NONMOTR_SUSP_SERIOUS_INJ_COUNT","NTFY_HIWY_MAINT","PED_COUNT","PED_DEATH_COUNT","PED_SUSP_SERIOUS_INJ_COUNT","PERSON_COUNT","POLICE_AGCY","POSSIBLE_INJ_COUNT","RDWY_SURF_TYPE_CD","RELATION_TO_ROAD","ROADWAY_CLEARED","ROAD_CONDITION","SCH_BUS_IND","SCH_ZONE_IND","SECONDARY_CRASH","SMALL_TRUCK_COUNT","SPEC_JURIS_CD","SUSP_MINOR_INJ_COUNT","SUSP_SERIOUS_INJ_COUNT","SUV_COUNT","TCD_FUNC_CD","TCD_TYPE","TFC_DETOUR_IND","TIME_OF_DAY","TOTAL_UNITS","TOT_INJ_COUNT","UNBELTED_OCC_COUNT","UNB_DEATH_COUNT","UNB_SUSP_SERIOUS_INJ_COUNT","UNK_INJ_DEG_COUNT","UNK_INJ_PER_COUNT","URBAN_RURAL","VAN_COUNT","VEHICLE_COUNT","WEATHER1","WEATHER2","WORKERS_PRES","WORK_ZONE_IND","WORK_ZONE_LOC","WORK_ZONE_TYPE","WZ_CLOSE_DETOUR","WZ_FLAGGER","WZ_LAW_OFFCR_IND","WZ_LN_CLOSURE","WZ_MOVING","WZ_OTHER","WZ_SHLDER_MDN","WZ_WORKERS_INJ_KILLED"
"2015133365","","0","0","0","0","0","0","0","0","0","7","0","","02","12","2015","5","40.543936","-80.243658","","11","0","0","0","1","0","0","0","0","","0","0","0","","","0","","0","","40 32:38.170","","0","80 14:37.170","9","0","0","0","2213","0","0","0","N","0","0","0","1","02213","0","","5.0","","9","N","N","","0","","0","0","1","","0","","","1","0","0","0","0","0","1","2","0","1","","","","N","","","","","","","","","",""
"2015127038","","1","0","0","0","0","0","0","0","0","4","0","","02","12","2015","7","40.389549","-80.041514","","11","0","0","0","0","0","2","0","0","1","0","0","0","","","0","","2","","40 23:22.378","6","0","80 02:29.450","0","0","0","0","2109","0","0","0","N","0","0","0","2","02109","0","","1.0","","1","N","N","","0","","0","0","1","","2","Y","","2","0","0","0","0","0","0","2","0","2","","","","N","","","","","","","","","",""
"2015134101","","1","0","0","0","0","0","0","0","0","1","0","","02","12","2015","6","40.427063","-80.29262","","11","0","0","0","0","0","1","0","0","","0","0","0","","","1","","0","","40 25:37.425","","0","80 17:33.431","8","0","0","0","2214","0","0","0","N","0","0","0","8","68B03","0","","1.0","","2","N","N","","0","","0","0","2","","0","","","3","1","0","0","0","1","0","1","0","3","","","","N","","","","","","","","","",""
"2015133366","","1","0","0","0","0","0","0","0","0","4","0","","02","12","2015","6","40.533933","-80.229035","","11","1","0","0","0","0","1","0","0","","0","0","0","","","0","","1","","40 32:02.158","","0","80 13:44.526","0","0","0","0","2213","0","0","0","N","0","0","0","2","02213","0","","1.0","","1","N","N","","0","","0","0","1","","3","","","2","0","0","0","0","0","0","2","0","2","","","","N","","","","","","","","","",""
"2015134177","","2","0","0","0","0","0","0","0","0","4","0","","02","12","2015","3","40.403095","-80.093426","","11","0","0","0","0","0","1","0","1","","0","0","0","","","1","","2","","40 24:11.142","","0","80 05:36.335","8","0","0","0","2415","0","0","0","N","0","0","0","2","02415","0","","1.0","","1","N","N","","0","","0","0","0","","3","","","2","1","0","0","0","1","0","2","0","2","","","","N","","","","","","","","","",""
"2015127039","","1","0","0","0","0","0","0","0","0","4","0","","02","12","2015","7","40.392413","-80.067444","","11","0","0","0","0","0","2","0","0","","0","0","0","","","0","","0","","40 23:32.687","","7","80 04:02.800","0","0","0","0","2109","0","0","0","N","0","0","0","2","02109","0","","4.0","","1","N","N","","0","","0","0","1","","0","","","2","0","0","0","0","0","0","2","0","2","","","","N","","","","","","","","","",""
"2015132375","","1","0","0","0","0","0","0","0","0","4","0","","02","12","2015","6","40.461145","-79.824","","11","0","0","0","0","0","0","0","0","2","0","0","0","","","1","","2","","40 27:40.123","5","0","79 49:26.399","3","0","0","0","2113","0","0","0","N","0","0","0","2","02113","0","","1.0","","1","N","N","","0","","1","0","1","","3","Y","","2","1","1","0","0","0","0","2","0","2","","","","N","","","","","","","","","",""
"2015133293","","3","0","0","0","0","0","0","0","0","4","0","","02","12","2015","7","40.571941","-80.036906","","11","0","0","0","0","0","1","0","0","","0","0","0","","","0","","2","","40 34:18.988","","0","80 02:12.860","0","0","0","0","2108","0","0","0","N","0","0","0","3","02108","0","","1.0","","1","N","N","","0","","0","0","0","","2","","","3","0","0","0","0","0","0","2","0","3","","","","N","","","","","","","","","",""
"2015134102","","1","0","0","0","0","0","0","0","0","1","0","","02","12","2015","6","40.516294","-80.133694","","11","0","0","0","0","0","1","1","0","2","0","0","0","","","3","","0","","40 30:58.660","2","3","80 08:01.300","8","0","0","0","2434","0","0","0","N","0","0","0","6","68B03","0","","1.0","","2","N","N","","1","","0","0","0","","0","N","","3","3","0","0","0","3","0","2","1","3","","","","N","","","","","","","","","",""
"2015133367","","1","0","0","0","0","0","0","0","0","7","0","","02","12","2015","6","40.487814","-80.189446","","11","0","0","0","0","0","1","0","0","","0","0","0","","","0","","1","","40 29:16.129","","0","80 11:22.005","0","0","0","0","2213","0","0","0","N","0","0","0","2","02213","0","","5.0","","7","N","N","","0","","0","0","0","","2","","","1","0","0","0","0","0","0","2","0","1","","","","N","","","","","","","","","",""
"2015127040","","1","0","0","0","0","0","0","0","0","1","0","","02","12","2015","2","40.456047","-79.991701","","11","0","0","0","0","0","0","0","0","1","0","0","0","","","0","","7","","40 27:21.770","2","2","79 59:30.122","0","0","0","0","2301","0","0","0","N","0","0","0","3","02301","0","","1.0","","1","N","N","","1","","0","0","0","","0","N","","2","0","0","0","0","0","0","2","0","2","","","","N","","","","","","","","","",""
"2015133162","","1","0","0","0","0","0","0","0","0","1","0","","02","12","2015","7","40.369713","-80.075746","","11","0","0","0","0","0","0","0","1","1","0","0","0","","","0","","0","","40 22:10.965","1","0","80 04:32.686","0","0","0","0","2109","0","0","0","N","0","0","0","2","02109","0","","1.0","","1","N","N","","1","","0","0","0","","0","N","","2","0","0","0","0","0","0","2","0","2","","","","N","","","","","","","","","",""
"2015134103","","1","0","0","0","0","0","0","0","0","7","0","","02","12","2015","7","40.431268","-80.02541","","11","0","0","0","0","0","0","0","0","","0","0","0","","","0","","0","","40 25:52.566","","0","80 01:31.475","0","0","0","0","2301","0","0","0","N","0","0","0","1","68B03","0","","3.0","","1","N","N","","0","","0","0","0","","0","","","1","0","0","0","0","0","0","2","0","1","","","","N","","","","","","","","","",""
"2015133368","","2","0","0","0","0","0","0","0","0","4","0","","02","12","2015","6","40.466062","-80.197001","","11","0","0","0","1","0","1","0","0","3","0","0","0","","","0","","0","","40 27:57.823","3","6","80 11:49.203","0","0","0","0","2213","0","0","0","Y","0","0","0","5","02213","0","","1.0","","2","N","N","","0","","0","0","1","","0","N","","4","0","0","0","0","0","0","2","1","4","","","","N","","","","","","","","","",""
"2015126216","","1","0","0","0","0","0","0","0","0","4","0","","02","12","2015","6","40.5816","-79.921764","","11","0","1","0","0","0","0","0","0","1","0","0","0","","","1","","1","","40 34:53.760","4","0","79 55:18.352","8","0","0","0","2207","0","0","0","N","0","0","0","2","02207","0","","1.0","","1","N","N","","1","","0","0","0","","0","N","","2","1","0","0","0","1","0","1","0","2","","","","N","","","","","","","","","",""
"2015132445","","2","0","0","0","0","0","0","0","0","1","0","","02","12","2015","6","40.466522","-80.034593","","11","0","0","1","0","0","1","0","0","2","0","0","0","","","0","","0","","40 27:59.480","1","8","80 02:04.534","0","0","0","0","2301","0","0","0","N","0","0","0","2","02301","0","","1.0","","2","N","N","","0","","0","0","0","","0","N","","2","0","0","0","0","0","0","2","0","2","","","","N","","","","","","","","","",""
"2015126970","","1","0","0","0","0","0","0","0","0","6","0","","02","12","2015","1","40.445314","-79.894567","","11","0","0","0","0","0","0","0","0","","0","0","0","","","0","","0","","40 26:43.130","","0","79 53:40.440","0","0","0","0","2301","0","0","0","N","0","0","0","1","02301","0","","4.0","","9","N","N","","0","","0","0","1","","0","","","2","0","0","0","0","0","0","2","0","2","","","","N","","","","","","","","","",""
"2015126219","","1","0","0","0","0","0","0","0","0","4","0","","02","12","2015","6","40.401967","-80.000684","","11","0","0","0","0","0","0","0","0","","0","0","0","","","0","","1","","40 24:07.080","","0","80 00:02.464","0","0","0","0","2301","0","0","0","N","0","0","0","2","02301","0","","1.0","","1","N","N","","0","","0","0","1","","2","","","2","0","0","0","0","0","0","2","0","2","","","","N","","","","","","","","","",""
"2015127042","","1","0","0","0","0","0","0","0","0","0","1","","02","12","2015","5","40.401304","-79.833271","","11","0","0","0","0","0","0","1","0","","0","1","0","","","0","","0","","40 24:04.694","","0","79 49:59.774","0","0","0","0","2467","0","0","0","N","0","0","0","4","02467","0","","1.0","","1","N","N","","0","","0","0","0","","0","","","2","0","0","0","0","0","0","2","0","2","","","","N","","","","","","","","","",""
"2015132446","","1","0","0","0","0","0","0","0","0","7","0","","02","12","2015","6","40.480343","-80.122507","","11","0","0","0","0","0","0","1","0","1","0","0","0","","","0","","0","","40 28:49.233","6","3","80 07:21.026","0","0","0","0","2126","0","0","0","N","0","0","0","2","02126","0","","2.0","","2","N","N","","1","","0","0","0","","0","N","","2","0","0","0","0","0","0","2","0","2","","","","N","","","","","","","","","",""
"2015134812","","1","0","0","0","0","0","0","0","0","7","0","","02","12","2015","5","40.470525","-79.828014","","11","0","0","0","0","0","1","0","0","","0","0","0","","","0","","0","","40 28:13.890","","0","79 49:40.850","0","0","0","0","2113","0","0","0","N","0","0","0","1","02113","0","","5.0","","1","N","N","","0","","0","0","0","","3","","","1","0","0","0","0","0","0","2","0","1","","","","N","","","","","","","","","",""
"2015132525","","0","0","0","0","0","0","0","0","0","4","0","","02","12","2015","6","40.376395","-80.067611","","11","0","0","0","0","0","1","1","0","","0","0","0","","","2","","1","","40 22:35.022","","0","80 04:03.399","4","0","0","0","2109","0","0","0","N","0","0","0","3","02109","2","","1.0","","1","N","N","","1","","0","0","0","","2","","","2","2","1","0","0","0","0","2","1","2","","","","N","","","","","","","","","",""
"2015126983","","1","0","0","0","0","0","1","0","0","4","1","","02","12","2015","6","40.487472","-79.886722","","11","0","0","0","0","0","1","0","0","","0","0","0","","","1","","0","","40 29:14.900","","7","79 53:12.200","4","0","0","0","2301","0","0","0","N","0","0","0","3","02503","1","","1.0","","1","N","N","","0","","0","0","0","","3","","","2","1","0","0","0","0","0","2","0","2","","","","N","","","","","","","","","",""
"2015132526","","0","0","0","0","0","0","0","0","0","2","0","","02","12","2015","4","40.365738","-80.016312","","11","0","1","0","0","0","0","1","0","1","0","0","0","","","0","","2","","40 21:56.656","1","0","80 00:58.724","0","0","0","0","2416","0","0","0","N","0","0","0","3","02416","0","","1.0","","1","N","N","","1","","0","0","1","","0","N","","2","0","0","0","0","0","0","2","0","2","","","","N","","","","","","","","","",""
"2015133168","","3","0","0","0","0","0","0","0","0","1","0","","02","12","2015","6","40.344592","-79.948339","","11","0","0","0","0","0","0","0","0","1","0","0","0","","","3","","0","","40 20:40.530","1","0","79 56:54.020","3","0","0","0","2473","0","0","0","N","0","0","0","6","02473","0","","1.0","","1","N","N","","0","","2","0","0","","0","N","","3","3","1","0","0","1","0","2","0","3","","","","N","","","","","","","","","",""
"2015134045","","1","0","0","0","0","0","0","0","0","7","0","","02","12","2015","1","40.446847","-79.951206","","11","0","0","0","0","0","0","0","0","1","0","0","0","","","0","","0","","40 26:48.650","4","0","79 57:04.340","0","0","0","0","2301","0","0","0","N","0","0","0","1","02301","0","","2.0","","1","N","N","","0","","0","0","0","","0","Y","","1","0","0","0","0","0","0","2","0","1","","","","N","","","","","","","","","",""
"2015134814","","2","0","0","0","0","0","0","0","0","1","0","","02","12","2015","4","40.570138","-79.800007","","11","0","0","0","0","0","0","0","0","1","0","0","0","","","1","","0","","40 34:12.498","4","0","79 48:00.026","3","0","0","0","2206","0","0","0","N","0","0","0","2","02206","0","","1.0","","1","N","N","","0","","1","0","0","","0","N","","2","1","1","0","0","0","0","2","0","2","","","","N","","","","","","","","","",""
"2015126985","","1","0","0","0","0","0","0","0","0","7","0","","02","12","2015","1","40.437351","-80.012428","","11","0","0","0","0","0","0","0","0","3","0","0","0","","","0","","0","","40 26:14.462","4","0","80 00:44.741","9","0","0","0","2301","0","0","0","N","0","0","0","1","02301","0","","2.0","","1","N","N","","0","","0","0","0","","0","Y","","1","0","0","0","0","0","1","2","0","1","","","","N","","","","","","","","","",""
"2015126349","","2","0","0","0","0","0","0","0","0","1","0","","02","12","2015","6","40.476679","-79.788217","","11","0","0","0","0","0","1","0","1","2","0","0","0","","","3","","0","","40 28:36.045","6","0","79 47:17.582","4","0","0","0","2113","0","0","0","N","0","0","0","3","02113","3","","1.0","","1","N","N","","0","","0","0","0","","0","Y","","2","3","0","0","0","0","0","2","0","2","","","","N","","","","","","","","","",""
"2015132450","","3","0","0","0","0","0","0","0","0","4","0","","02","12","2015","6","40.487631","-79.91923","","11","0","0","0","0","0","0","0","0","2","0","0","0","","","0","","0","","40 29:15.471","6","3","79 55:09.229","0","0","0","0","2301","0","0","0","N","0","0","0","3","02301","0","","1.0","","2","N","N","","0","","0","0","0","","0","Y","","3","0","0","0","0","0","0","2","0","3","","","","N","","","","","","","","","",""
"2015126223","","1","0","0","0","0","0","0","0","0","1","0","","02","12","2015","6","40.340706","-80.063598","","11","0","0","0","0","0","1","0","0","2","0","0","0","","","1","","2","","40 20:26.541","5","0","80 03:48.953","3","0","0","0","2123","0","0","0","N","0","0","0","4","02123","0","","1.0","","1","N","N","","2","","1","0","0","","0","N","","3","1","0","0","0","0","0","2","0","3","","","","N","","","","","","","","","",""
"2015132453","","1","0","0","0","0","0","0","0","0","7","0","","02","12","2015","6","40.279884","-80.001666","","11","0","0","0","0","0","0","0","0","2","0","0","0","","","0","","0","","40 16:47.584","1","0","80 00:05.998","0","0","0","0","2219","0","0","0","N","0","0","0","1","02219","0","","5.0","","2","N","N","","0","","0","0","0","","0","Y","","1","0","0","0","0","0","0","1","0","1","","","","N","","","","","","","","","",""
"2015132529","","2","0","0","0","0","0","0","0","0","1","0","","02","12","2015","6","40.451405","-79.996539","","11","0","0","0","0","0","0","0","0","2","0","0","0","","","1","","0","","40 27:05.057","2","0","79 59:47.540","8","0","0","0","2445","0","0","0","N","0","0","0","2","02445","0","","1.0","","1","N","N","","0","","0","0","0","","0","N","","2","1","0","0","0","1","0","2","0","2","","","","N","","","","","","","","","",""
"2015126224","","2","0","0","0","0","0","0","0","0","1","0","","02","12","2015","3","40.582227","-80.062891","","11","0","0","0","0","0","1","1","0","","0","0","0","","","0","","1","","40 34:56.017","","0","80 03:46.409","0","0","0","0","2108","0","0","0","N","0","0","0","2","02108","0","","1.0","","9","N","N","","0","","0","0","0","","3","","","3","0","0","0","0","0","0","2","0","2","","","","N","","","","","","","","","",""
"2015126987","","1","0","0","0","0","0","0","0","0","1","0","","02","11","2015","7","40.496974","-80.044989","","11","0","0","0","1","0","0","0","0","","0","0","0","","","0","","0","","40 29:49.106","","0","80 02:41.960","9","0","0","0","2116","0","0","0","N","0","0","0","2","02116","0","","1.0","","9","N","N","","0","","0","0","0","","0","","","2","0","0","0","0","0","1","2","0","2","","","","N","","","","","","","","","",""
"2015133976","","0","0","0","0","0","0","0","0","0","4","0","","02","12","2015","3","40.42725","-79.836015","","11","0","0","0","0","0","0","1","0","","0","0","0","","","1","","0","","40 25:38.100","","0","79 50:09.653","4","0","0","0","2419","0","0","0","N","0","0","0","2","02419","1","","1.0","","1","N","N","","0","","0","0","2","","0","","","2","1","0","0","0","0","0","2","0","2","","","","N","","","","","","","","","",""
"2015132454","","1","0","0","0","0","0","0","0","0","7","0","","02","12","2015","4","40.505731","-80.020464","","11","0","0","0","0","0","0","0","0","","0","0","0","","","1","","0","","40 30:20.630","","0","80 01:13.670","8","0","0","0","2116","0","0","0","N","0","0","0","1","02116","0","","5.0","","1","N","N","","0","","0","0","0","","0","","","1","1","0","0","0","1","0","2","0","1","","","","N","","","","","","","","","",""
"2015134817","","2","0","0","0","0","0","0","0","0","4","0","","02","12","2015","5","40.487278","-79.895543","","11","0","0","0","0","0","1","0","0","","0","0","0","","","0","","1","","40 29:14.200","","7","79 53:43.955","0","0","0","0","2301","0","0","0","N","0","0","0","3","02301","0","","1.0","","1","N","N","","0","","0","0","0","","3","","","2","0","0","0","0","0","0","2","0","2","","","","N","","","","","","","","","",""
"2015126225","","1","0","0","0","0","0","0","0","0","7","0","","02","12","2015","5","40.564875","-80.017931","","11","0","0","0","0","0","0","1","0","1","0","0","0","","","0","","0","","40 33:53.550","2","0","80 01:04.550","0","0","0","0","2108","0","0","0","N","0","0","0","1","02108","0","","2.0","","1","N","N","","0","","0","0","0","","0","N","","1","0","0","0","0","0","0","2","0","1","","","","N","","","","","","","","","",""
"2015127048","","2","0","0","0","0","0","0","0","0","2","0","","02","12","2015","1","40.523192","-79.908035","","11","0","0","0","1","0","0","0","0","","0","0","0","","","2","","2","","40 31:23.491","","0","79 54:28.926","4","0","0","0","2432","0","0","0","N","0","0","0","2","02432","2","","1.0","","1","N","N","","0","","0","0","0","","0","","","2","2","0","0","0","0","0","2","0","2","","","","N","","","","","","","","","",""
"2015133977","","1","0","0","0","0","0","0","0","0","4","0","","02","12","2015","3","40.429372","-79.924006","","11","0","0","0","0","0","1","0","0","1","0","0","0","","","0","","0","","40 25:45.740","1","0","79 55:26.420","0","0","0","0","2301","0","0","0","N","0","0","0","2","02301","0","","1.0","","1","N","N","","0","","0","0","1","","2","N","","2","0","0","0","0","0","0","2","0","2","","","","N","","","","","","","","","",""
"2015133235","","2","0","1","0","0","0","0","0","0","2","0","","02","12","2015","7","40.35675","-79.991028","","11","0","0","0","0","0","0","1","0","5","1","0","0","","","1","","0","","40 21:24.300","5","0","79 59:27.700","1","0","0","0","2476","0","0","0","N","0","0","0","2","02476","0","2","1.0","","1","N","N","","0","0","0","1","0","","0","Y","","2","1","1","1","0","0","0","2","0","2","","","","N","","","","","","","","","",""
"2015126226","","1","0","0","0","0","0","0","0","0","7","0","","02","11","2015","7","40.338022","-80.04595","","11","0","0","0","0","1","0","0","0","","0","0","0","","","1","","0","","40 20:16.880","","0","80 02:45.420","3","0","0","0","2407","0","0","0","N","0","0","0","1","02407","0","","4.0","","9","N","N","","0","","1","0","0","","0","","","1","1","0","0","0","0","0","2","0","1","","","","N","","","","","","","","","",""
"2015132388","","1","0","0","0","0","0","0","0","0","1","0","","02","12","2015","6","40.443774","-79.991787","","11","0","0","0","0","0","0","0","0","1","0","0","0","","","0","","0","","40 26:37.587","2","2","79 59:30.432","0","0","0","0","2301","0","0","0","N","0","0","0","5","02301","0","","1.0","","1","N","N","","0","","0","0","1","","0","N","","2","0","0","0","0","0","0","2","0","2","","","","N","","","","","","","","","",""
"2015133236","","0","0","0","0","0","0","0","0","0","4","0","","02","12","2015","2","40.438078","-79.994416","","11","0","0","0","0","0","0","0","0","","0","0","0","","","0","","1","","40 26:17.079","","1","79 59:39.896","0","0","0","0","2301","0","0","0","N","0","0","0","3","02301","0","","1.0","","1","N","N","","0","","0","0","2","","2","","","2","0","0","0","0","0","0","2","0","2","","","","N","","","","","","","","","",""
"2015132533","","1","0","0","0","0","0","0","0","0","1","0","","02","12","2015","6","40.488989","-80.010572","","11","0","0","0","0","0","0","0","0","","0","0","0","","","1","","0","","40 29:20.360","","0","80 00:38.059","8","0","0","0","2445","0","0","0","N","0","0","0","3","02445","0","","1.0","","1","N","N","","0","","0","0","2","","0","","","3","1","0","0","0","1","0","2","0","3","","","","N","","","","","","","","","",""
"2015127050","","1","0","0","1","0","0","0","0","0","8","0","","02","12","2015","2","40.452896","-80.003511","","11","0","0","0","0","0","0","0","0","","0","0","0","","","1","","0","","40 27:10.425","","0","80 00:12.640","8","0","0","0","2301","1","0","0","N","0","0","0","1","02301","0","","1.0","","1","N","N","","0","","0","0","0","","2","","","2","1","0","0","0","1","0","2","0","1","","","","N","","","","","","","","","",""
"2015127827","","1","0","0","0","0","0","0","0","0","7","0","","02","12","2015","4","40.490736","-79.882685","","11","0","0","0","0","0","0","0","0","1","0","0","0","","","0","","0","","40 29:26.651","1","0","79 52:57.667","0","0","0","0","2112","0","0","0","N","0","0","0","1","68D02","0","","5.0","","9","N","N","","0","","0","0","0","","0","N","","1","0","0","0","0","0","0","2","0","1","","","","N","","","","","","","","","",""
"2015133981","","1","0","0","0","0","0","0","0","0","4","0","","02","12","2015","3","40.594366","-79.947848","","11","0","0","0","0","0","0","0","0","","0","0","0","","","1","","0","","40 35:39.716","","7","79 56:52.254","8","0","0","0","2207","0","0","0","N","0","0","0","3","02207","0","","1.0","","1","N","N","","0","","0","0","1","","2","","","2","1","1","0","0","1","0","2","0","2","","","","N","","","","","","","","","",""
"2015132460","","0","0","0","0","0","0","0","0","0","8","0","","02","12","2015","6","40.452328","-79.950669","","11","0","0","0","0","0","1","0","0","","0","0","0","","","1","","0","","40 27:08.380","","0","79 57:02.410","4","0","0","0","2301","1","0","0","N","1","0","0","2","02301","1","","1.0","","2","N","N","","0","","0","0","1","","2","","","2","1","0","0","0","0","0","2","0","1","","","","N","","","","","","","","","",""
"2015134054","","1","0","0","0","0","0","0","0","0","7","0","","02","12","2015","1","40.421269","-79.801569","","11","0","0","0","0","0","0","0","0","","0","0","0","","","1","","0","","40 25:16.570","","0","79 48:05.650","8","0","0","0","2446","0","0","0","N","0","0","0","1","02446","0","","5.0","","1","N","N","","0","","0","0","0","","0","","","1","1","0","0","0","1","0","2","0","1","","","","N","","","","","","","","","",""
"2015134837","","1","0","0","0","0","0","0","0","0","7","0","","02","12","2015","5","40.375534","-79.983515","","11","0","0","0","1","0","0","0","0","","0","0","0","","","3","","2","","40 22:31.924","","7","79 59:00.654","3","0","0","0","2413","0","0","0","N","0","0","0","3","02413","0","","4.0","","1","N","N","","0","","3","0","0","","2","","","1","3","0","0","0","0","0","2","0","1","","","","N","","","","","","","","","",""
"2015132537","","0","0","0","0","0","0","0","0","0","1","0","","02","12","2015","5","40.312804","-80.090063","","11","0","0","1","0","0","0","0","0","","0","0","0","","","0","","0","","40 18:46.095","","0","80 05:24.227","0","0","0","0","2123","0","0","0","N","0","0","0","3","02123","0","","1.0","","9","N","N","","0","","0","0","2","","0","","","2","0","0","0","0","0","0","2","0","2","","","","N","","","","","","","","","",""
"2015127066","","2","0","0","0","0","0","0","0","0","4","0","","02","12","2015","2","40.42867","-79.989821","","11","0","0","0","1","0","0","0","0","","0","0","0","","","0","","1","","40 25:43.212","","0","79 59:23.356","0","0","0","0","2301","0","0","0","N","0","0","0","2","02301","0","","1.0","","1","Y","N","","0","","0","0","0","","3","","","2","0","0","0","0","0","0","2","0","2","","","","N","","","","","","","","","",""
"2015132392","","1","0","0","0","0","0","0","0","0","7","0","","02","12","2015","6","40.412086","-80.002061","","11","0","0","0","0","0","0","0","0","3","0","0","0","","","0","","0","","40 24:43.510","6","0","80 00:07.420","0","0","0","0","2301","0","0","0","N","0","0","0","1","02301","0","","4.0","","9","N","N","","0","","0","0","0","","0","Y","","1","0","0","0","0","0","0","2","0","1","","","","N","","","","","","","","","",""
"2015128487","","2","0","0","0","0","0","0","0","0","4","0","","02","12","2015","5","40.456542","-79.823078","","11","0","0","0","0","0","0","0","1","","0","0","0","","","0","","2","","40 27:23.551","","0","79 49:23.081","0","0","0","0","2113","0","0","0","N","0","0","0","3","02113","0","","1.0","","1","N","N","","0","","0","0","0","","3","","","2","0","0","0","0","0","0","2","0","2","","","","N","","","","","","","","","",""
"2015128550","","1","0","0","0","0","0","0","0","0","2","0","","02","11","2015","3","40.506119","-79.990498","","11","0","0","0","0","0","1","0","0","1","0","0","0","","","0","","2","","40 30:22.028","7","0","79 59:25.791","0","0","0","0","2116","0","0","0","N","0","0","0","2","02116","0","","1.0","","1","N","N","","0","","0","0","1","","2","Y","","2","0","0","0","0","0","0","2","0","2","","","","N","","","","","","","","","",""
"2015134056","","0","0","0","0","0","0","0","0","0","4","0","","02","12","2015","4","40.436528","-79.997218","","11","0","0","0","0","0","0","0","0","1","0","0","0","","","0","","1","","40 26:11.501","4","0","79 59:49.985","0","0","0","0","2301","0","0","0","N","0","0","0","2","02301","0","","1.0","","1","N","N","","0","","0","0","2","","2","N","","2","0","0","0","0","0","0","2","0","2","","","","N","","","","","","","","","",""
"2015134840","","2","0","0","0","0","0","0","0","0","5","0","","02","12","2015","4","40.493228","-79.947127","","11","0","0","0","0","0","0","1","0","","0","0","0","","","1","","0","","40 29:35.620","","0","79 56:49.658","8","0","0","0","2430","0","0","0","N","0","0","0","2","02430","0","","1.0","","1","N","N","","0","","0","0","0","","0","","","2","1","0","0","0","1","0","2","0","2","","","","N","","","","","","","","","",""
"2015132543","","0","0","0","0","0","0","0","0","0","7","0","","02","12","2015","7","40.458662","-79.998496","","11","0","0","0","0","0","0","0","0","","0","0","0","","","1","","2","","40 27:31.184","","0","79 59:54.587","8","0","0","0","2301","0","0","0","N","0","0","0","1","02301","0","","1.0","","1","N","N","","0","","0","0","1","","8","","","1","1","0","0","0","1","0","2","0","1","","","","N","","","","","","","","","",""
"2015127056","","1","0","0","0","0","0","0","0","0","5","1","","02","12","2015","2","40.534494","-80.180238","","11","0","0","0","0","0","1","0","0","1","0","1","0","","","1","","0","","40 32:04.178","2","0","80 10:48.858","8","0","0","0","2458","0","0","0","N","0","0","0","2","02458","0","","1.0","","1","N","N","","0","","0","0","0","","0","N","","2","1","1","0","0","1","0","2","0","2","","","","N","","","","","","","","","",""
"2015133181","","1","0","0","0","0","0","0","0","0","5","1","","02","12","2015","2","40.453664","-80.028251","","11","0","0","0","0","0","1","0","0","","0","1","0","","","0","","2","","40 27:13.191","","0","80 01:41.704","0","0","0","0","2301","0","0","0","N","0","0","0","4","02301","0","","1.0","","1","N","N","","0","","0","0","0","","0","","","2","0","0","0","0","0","0","2","0","2","","","","N","","","","","","","","","",""
"2015132464","","0","0","0","0","0","0","0","0","0","6","0","","02","12","2015","7","40.472233","-79.960892","","11","0","0","0","0","0","0","0","0","1","0","0","0","","","0","","0","","40 28:20.040","5","0","79 57:39.210","0","0","0","0","2301","0","0","0","N","0","0","0","1","02301","0","","2.0","","2","N","N","","0","","0","0","2","","0","Y","","2","0","0","0","0","0","0","2","0","2","","","","N","","","","","","","","","",""