"CRN","ARRIVAL_TM","AUTOMOBILE_COUNT","BELTED_DEATH_COUNT","BELTED_SUSP_SERIOUS_INJ_COUNT","BICYCLE_COUNT","BICYCLE_DEATH_COUNT","BICYCLE_SUSP_SERIOUS_INJ_COUNT","BUS_COUNT","CHLDPAS_DEATH_COUNT","CHLDPAS_SUSP_SERIOUS_INJ_COUNT","COLLISION_TYPE","COMM_VEH_COUNT","CONS_ZONE_SPD_LIM","COUNTY","CRASH_MONTH","CRASH_YEAR","DAY_OF_WEEK","DEC_LATITUDE","DEC_LONGITUDE","DISPATCH_TM","DISTRICT","DRIVER_COUNT_16YR","DRIVER_COUNT_17YR","DRIVER_COUNT_18YR","DRIVER_COUNT_19YR","DRIVER_COUNT_20YR","DRIVER_COUNT_50_64YR","DRIVER_COUNT_65_74YR","DRIVER_COUNT_75PLUS","EST_HRS_CLOSED","FATAL_COUNT","HEAVY_TRUCK_COUNT","HORSE_BUGGY_COUNT","HOUR_OF_DAY","ILLUMINATION","INJURY_COUNT","INTERSECTION_RELATED","INTERSECT_TYPE","LANE_CLOSED","LATITUDE","LN_CLOSE_DIR","LOCATION_TYPE","LONGITUDE","MAX_SEVERITY_LEVEL","MCYCLE_DEATH_COUNT","MCYCLE_SUSP_SERIOUS_INJ_COUNT","MOTORCYCLE_COUNT","MUNICIPALITY","NONMOTR_COUNT","NONMOTR_DEATH_COUNT","NONMOTR_SUSP_SERIOUS_INJ_COUNT","NTFY_HIWY_MAINT","PED_COUNT","PED_DEATH_COUNT","PED_SUSP_SERIOUS_INJ_COUNT","PERSON_COUNT","POLICE_AGCY","POSSIBLE_INJ_COUNT","RDWY_SURF_TYPE_CD","RELATION_TO_ROAD","ROADWAY_CLEARED","ROAD_CONDITION","SCH_BUS_IND","SCH_ZONE_IND","SECONDARY_CRASH","SMALL_TRUCK_COUNT","SPEC_JURIS_CD","SUSP_MINOR_INJ_COUNT","SUSP_SERIOUS_INJ_COUNT","SUV_COUNT","TCD_FUNC_CD","TCD_TYPE","TFC_DETOUR_IND","TIME_OF_DAY","TOTAL_UNITS","TOT_INJ_COUNT","UNBELTED_OCC_COUNT","UNB_DEATH_COUNT","UNB_SUSP_SERIOUS_INJ_COUNT","UNK_INJ_DEG_COUNT","UNK_INJ_PER_COUNT","URBAN_RURAL","VAN_COUNT","VEHICLE_COUNT","WEATHER1","WEATHER2","WORKERS_PRES","WORK_ZONE_IND","WORK_ZONE_LOC","WORK_ZONE_TYPE","WZ_CLOSE_DETOUR","WZ_FLAGGER","WZ_LAW_OFFCR_IND","WZ_LN_CLOSURE","WZ_MOVING","WZ_OTHER","WZ_SHLDER_MDN","WZ_WORKERS_INJ_KILLED"
"2015128491","","1","0","1","0","0","0","0","0","0","4","0","","02","12","2015","1","40.404738","-79.76221","","11","0","0","0","0","0","0","0","0","2","0","0","0","","","3","","2","","40 24:17.056","7","0","79 45:43.957","2","0","0","0","2446","0","0","0","N","0","0","0","3","02446","1","","1.0","","1","N","N","","0","","1","1","1","","3","Y","","2","3","0","0","0","0","0","2","0","2","","","","N","","","","","","","","","",""
"2015134700","","1","0","0","0","0","0","0","0","0","7","0","","02","12","2015","5","40.552372","-79.9329","","11","0","0","0","0","0","0","0","0","2","0","0","0","","","1","","0","","40 33:08.540","6","0","79 55:58.440","3","0","0","0","2209","0","0","0","N","0","0","0","1","02209","0","","2.0","","1","N","N","","0","","1","0","0","","0","N","","1","1","1","0","0","0","0","2","0","1","","","","N","","","","","","","","","",""
"2015132397","","5","0","0","0","0","0","0","0","0","1","0","","02","12","2015","6","40.296743","-79.919575","","11","0","1","0","0","0","0","1","0","2","0","0","0","","","1","","0","","40 17:48.275","2","0","79 55:10.469","8","0","0","0","2440","0","0","0","N","0","0","0","5","02440","0","","1.0","","1","N","N","","0","","0","0","0","","2","N","","5","1","0","0","0","1","0","2","0","5","","","","N","","","","","","","","","",""
"2015132545","","1","0","0","0","0","0","0","0","0","1","0","","02","12","2015","6","40.569","-79.892733","","11","0","0","0","0","0","0","0","0","","0","0","0","","","0","","0","","40 34:08.400","","7","79 53:33.840","0","0","0","0","2209","0","0","0","N","0","0","0","0","02209","0","","6.0","","1","N","N","","0","","0","0","1","","0","","","2","0","0","0","0","0","0","2","0","2","","","","N","","","","","","","","","",""
"2015126308","","1","0","0","0","0","0","0","0","0","7","0","","02","12","2015","5","40.490545","-79.781376","","11","0","0","0","0","0","0","0","0","1","0","0","0","","","1","","0","","40 29:25.961","4","0","79 46:52.955","4","0","0","0","2466","0","0","0","N","0","0","0","1","68T02","1","","4.0","","9","N","N","","0","","0","0","0","","0","N","","1","1","0","0","0","0","0","2","0","1","","","","N","","","","","","","","","",""
"2015133183","","1","0","0","0","0","0","0","0","0","7","0","","02","12","2015","2","40.379692","-79.986681","","11","0","0","0","0","0","0","0","0","","0","0","0","","","0","","0","","40 22:46.890","","0","79 59:12.050","0","0","0","0","2301","0","0","0","N","0","0","0","3","02301","0","","2.0","","1","N","N","","0","","0","0","0","","0","","","1","0","0","0","0","0","0","2","0","1","","","","N","","","","","","","","","",""
"2015132467","","0","0","0","0","0","0","0","0","0","5","1","","02","12","2015","7","40.443015","-80.052733","","11","0","0","0","0","0","2","0","0","","0","1","0","","","0","","2","","40 26:34.854","","0","80 03:09.838","0","0","0","0","2301","0","0","0","N","0","0","0","2","02301","0","","1.0","","9","N","N","","0","","0","0","1","","2","","","2","0","0","0","0","0","0","2","0","2","","","","N","","","","","","","","","",""
"2015133260","","1","0","0","0","0","0","0","0","0","7","0","","02","12","2015","5","40.555778","-80.157408","","11","0","0","0","0","0","0","0","0","1","0","0","0","","","0","","0","","40 33:20.800","4","0","80 09:26.670","0","0","0","0","2459","0","0","0","N","0","0","0","1","02459","0","","2.0","","9","N","N","","0","","0","0","0","","0","N","","1","0","0","0","0","0","0","1","0","1","","","","N","","","","","","","","","",""
"2015127060","","1","0","0","0","0","0","0","0","0","2","0","","02","12","2015","5","40.32424","-79.985066","","11","0","0","0","0","0","0","0","0","2","0","0","0","","","2","","0","","40 19:27.264","2","0","79 59:06.237","8","0","0","0","2219","0","0","0","N","0","0","0","2","02219","0","","1.0","","1","N","N","","0","","0","0","1","","0","N","","2","2","0","0","0","2","0","2","0","2","","","","N","","","","","","","","","",""
"2015133261","","1","0","0","0","0","0","0","0","0","1","0","","02","12","2015","7","40.491986","-80.258489","","11","0","0","0","0","0","0","1","0","2","0","0","0","","","1","","0","","40 29:31.150","1","0","80 15:30.560","3","0","0","0","2203","0","0","0","N","0","0","0","2","02501","0","","1.0","","1","N","N","","0","","1","0","1","","8","Y","","2","1","0","0","0","0","0","2","0","2","","","","N","","","","","","","","","",""
"2015134704","","2","0","0","0","0","0","0","0","0","4","0","","02","12","2015","4","40.426598","-79.968835","","11","0","0","0","0","0","1","1","0","1","0","0","0","","","0","","1","","40 25:35.752","3","0","79 58:07.806","0","0","0","0","2301","0","0","0","N","0","0","0","2","02301","0","","1.0","","1","N","N","","0","","0","0","1","","3","N","","3","0","0","0","0","0","0","2","0","3","","","","N","","","","","","","","","",""
"2015134008","","0","0","0","0","0","0","0","0","0","7","0","","02","12","2015","3","40.495957","-80.012293","","11","0","0","0","0","0","0","0","0","2","0","0","0","","","1","","0","","40 29:45.445","2","0","80 00:44.256","8","0","0","0","2301","0","0","0","N","0","0","0","1","02301","0","","4.0","","1","N","N","","0","","0","0","0","","0","Y","","1","1","0","0","0","1","0","2","1","1","","","","N","","","","","","","","","",""
"2015127002","","0","0","0","0","0","0","0","0","0","1","0","45","02","11","2015","2","40.410994","-80.069887","","11","0","0","0","0","0","0","0","0","","0","0","0","","","2","","0","","40 24:39.579","","0","80 04:11.593","4","0","0","0","2435","0","0","0","N","0","0","0","5","68B03","2","","1.0","","1","N","N","","1","","0","0","2","","0","","","3","2","0","0","0","0","0","2","0","3","","","N","Y","4","1","N","N","N","Y","Y","N","Y",""
"2015133187","","1","0","0","0","0","0","0","0","0","5","0","","02","12","2015","2","40.397125","-79.987986","","11","0","0","0","0","0","0","0","0","1","0","0","0","","","0","","0","","40 23:49.650","2","0","79 59:16.750","0","0","0","0","2301","0","0","0","N","0","0","0","1","02301","0","","1.0","","1","N","N","","0","","0","0","1","","0","N","","2","0","0","0","0","0","0","2","0","2","","","","N","","","","","","","","","",""
"2015132470","","2","0","0","0","0","0","0","0","0","4","0","","02","12","2015","6","40.342965","-79.837754","","11","0","0","0","0","0","0","1","0","1","0","0","0","","","1","","1","","40 20:34.674","7","0","79 50:15.914","8","0","0","0","2304","0","0","0","N","0","0","0","3","02304","0","","1.0","","9","N","N","","0","","0","0","0","","3","Y","","2","1","0","0","0","1","0","2","0","2","","","","N","","","","","","","","","",""
"2015134782","","1","0","0","0","0","0","0","0","0","4","0","","02","12","2015","5","40.466692","-80.02524","","11","0","0","0","0","0","1","0","0","","0","0","0","","","0","","0","","40 28:00.090","","7","80 01:30.864","0","0","0","0","2301","0","0","0","N","0","0","0","2","02301","0","","1.0","","1","N","N","","0","","0","0","0","","0","","","2","0","0","0","0","0","0","2","1","2","","","","N","","","","","","","","","",""
"2015127003","","3","0","0","0","0","0","0","0","0","1","0","45","02","11","2015","2","40.411591","-80.075878","","11","0","0","0","0","0","2","0","0","1","0","0","0","","","1","","0","","40 24:41.728","4","0","80 04:33.162","4","0","0","0","2117","0","0","0","N","0","0","0","4","68B03","1","","1.0","","1","N","N","","0","","0","0","0","","0","N","","3","1","0","0","0","0","0","2","0","3","","","N","Y","4","1","Y","N","N","Y","Y","N","Y",""
"2015127063","","2","0","0","0","0","0","0","0","0","1","0","","02","12","2015","2","40.472895","-79.96876","","11","0","0","0","0","0","1","0","0","1","0","0","0","","","0","","0","","40 28:22.423","1","3","79 58:07.536","0","0","0","0","2301","0","0","0","N","0","0","0","2","02301","0","","1.0","","1","N","N","","0","","0","0","0","","0","N","","2","0","0","0","0","0","0","2","0","2","","","","N","","","","","","","","","",""
"2015127078","","1","0","0","0","0","0","0","0","0","4","0","","02","12","2015","2","40.350872","-79.888306","","11","0","0","0","0","0","0","0","0","","0","0","0","","","1","","2","","40 21:03.139","","0","79 53:17.901","8","0","0","0","2423","0","0","0","N","0","0","0","2","02304","0","","1.0","","1","N","N","","0","","0","0","1","","3","","","2","1","0","0","0","1","0","2","0","2","","","","N","","","","","","","","","",""
"2015133188","","1","0","0","0","0","0","0","0","0","7","0","","02","12","2015","6","40.356719","-80.118698","","11","0","0","0","0","0","0","0","0","2","0","0","0","","","0","","0","","40 21:24.190","2","3","80 07:07.313","0","0","0","0","2119","0","0","0","N","0","0","0","1","02119","0","","4.0","","2","N","N","","0","","0","0","0","","0","N","","1","0","0","0","0","0","0","2","0","1","","","","N","","","","","","","","","",""
"2015132471","","2","0","0","0","0","0","0","0","0","4","0","","02","12","2015","7","40.458805","-79.943747","","11","0","0","0","0","0","0","0","0","","0","0","0","","","0","","1","","40 27:31.698","","0","79 56:37.489","0","0","0","0","2301","0","0","0","N","0","0","0","2","02301","0","","1.0","","2","N","N","","0","","0","0","0","","1","","","2","0","0","0","0","0","0","2","0","2","","","","N","","","","","","","","","",""
"2015128499","","1","0","0","0","0","0","0","0","0","5","0","","02","12","2015","5","40.541287","-80.181846","","11","0","0","0","0","0","0","0","0","1","0","0","0","","","0","","0","","40 32:28.633","5","0","80 10:54.645","0","0","0","0","2458","0","0","0","N","0","0","0","2","02458","0","","6.0","","1","N","N","","0","","0","0","1","","0","N","","2","0","0","0","0","0","0","2","0","2","","","","N","","","","","","","","","",""
"2015127004","","1","0","0","0","0","0","0","0","0","0","0","","02","12","2015","7","40.519543","-80.056747","","11","0","0","0","0","0","0","0","0","","0","0","0","","","0","","0","","40 31:10.353","","0","80 03:24.288","0","0","0","0","2116","0","0","0","N","0","0","0","4","68B03","0","","1.0","","1","N","N","","0","","0","0","0","","0","","","1","0","0","0","0","0","0","2","0","1","","","","N","","","","","","","","","",""
"2015133189","","1","0","0","0","0","0","0","0","0","8","0","","02","12","2015","2","40.427519","-79.928159","","11","0","0","0","0","0","0","0","0","","0","0","0","","","1","","2","","40 25:39.067","","2","79 55:41.374","3","0","0","0","2301","1","0","0","N","1","0","0","2","02301","0","","1.0","","1","N","N","","0","","1","0","0","","3","","","2","1","0","0","0","0","1","2","0","1","","","","N","","","","","","","","","",""
"2015134154","","1","0","0","0","0","0","0","0","0","7","0","","02","12","2015","4","40.477553","-79.994297","","11","0","0","0","0","0","0","0","0","3","0","0","0","","","2","","0","","40 28:39.190","5","0","79 59:39.470","3","0","0","0","2301","0","0","0","N","0","0","0","3","02301","0","","5.0","","1","N","N","","0","","2","0","1","","0","Y","","2","2","0","0","0","0","1","2","0","2","","","","N","","","","","","","","","",""
"2015132637","","2","0","0","0","0","0","0","0","0","5","0","","02","12","2015","6","40.435224","-79.789614","","11","0","0","0","0","0","1","0","0","1","0","0","0","","","1","","0","","40 26:06.806","4","0","79 47:22.612","8","0","0","0","2446","0","0","0","N","0","0","0","4","02446","0","","1.0","","1","N","N","","0","","0","0","0","","0","N","","2","1","0","0","0","1","0","2","0","2","","","","N","","","","","","","","","",""
"2015134963","","0","0","0","0","0","0","0","0","0","8","0","","02","12","2015","5","40.308105","-80.032773","","11","0","0","0","0","0","0","0","1","","0","0","0","","","1","","1","","40 18:29.179","","0","80 01:57.982","3","0","0","0","2407","1","0","0","N","1","0","0","2","02407","0","","1.0","","1","N","N","","0","","1","0","1","","2","","","2","1","0","0","0","0","0","2","0","1","","","","N","","","","","","","","","",""
"2015132778","","2","0","0","0","0","0","0","0","0","1","0","","02","12","2015","6","40.478107","-80.042378","","11","0","0","0","0","0","0","0","0","1","0","0","0","","","0","","0","","40 28:41.186","1","0","80 02:32.560","0","0","0","0","2301","0","0","0","N","0","0","0","4","02301","0","","1.0","","2","N","N","","0","","0","0","0","","0","N","","2","0","0","0","0","0","0","2","0","2","","","","N","","","","","","","","","",""
"2015132131","","4","0","0","0","0","0","0","0","0","4","1","","02","12","2015","5","40.522211","-80.070833","","11","0","0","0","0","0","2","0","0","3","0","1","0","","","1","","0","","40 31:19.960","6","0","80 04:15.000","8","0","0","0","2215","0","0","0","N","0","0","0","5","02215","0","","1.0","","9","N","N","","0","","0","0","0","","0","Y","","5","1","0","0","0","1","0","2","0","5","","","","N","","","","","","","","","",""
"2015132146","","1","0","0","0","0","0","0","0","0","1","0","","02","12","2015","7","40.450855","-80.138603","","11","0","0","0","0","0","1","0","0","2","0","0","0","","","1","","2","","40 27:03.079","4","0","80 08:18.970","4","0","0","0","2115","0","0","0","N","0","0","0","6","02115","1","","1.0","","1","N","N","","1","","0","0","1","","0","N","","3","1","0","0","0","0","0","2","0","3","","","","N","","","","","","","","","",""
"2015134964","","0","0","0","0","0","0","0","0","0","7","0","","02","12","2015","3","40.427922","-79.954609","","11","0","0","0","0","0","0","0","0","1","0","0","0","","","0","","0","","40 25:40.518","4","0","79 57:16.592","0","0","0","0","2301","0","0","0","N","0","0","0","3","68B03","0","","4.0","","1","N","N","","0","","0","0","1","","0","Y","","1","0","0","0","0","0","0","2","0","1","","","","N","","","","","","","","","",""
"2015134366","","2","0","0","0","0","0","0","0","0","4","0","","02","12","2015","3","40.362247","-80.046618","","11","0","0","0","0","0","1","1","0","2","0","0","0","","","3","","2","","40 21:44.089","5","0","80 02:47.825","3","0","0","0","2109","0","0","0","N","0","0","0","3","02109","0","","1.0","","1","N","N","","0","","3","0","0","","0","N","","2","3","0","0","0","0","0","2","0","2","","","","N","","","","","","","","","",""
"2015132147","","2","0","0","0","0","0","0","0","0","4","0","","02","12","2015","7","40.451865","-80.16096","","11","0","0","1","0","0","0","0","0","","0","0","0","","","1","","1","","40 27:06.715","","0","80 09:39.457","4","0","0","0","2115","0","0","0","N","0","0","0","3","02115","1","","1.0","","1","N","N","","0","","0","0","0","","2","","","2","1","0","0","0","0","0","2","0","2","","","","N","","","","","","","","","",""
"2015134144","","1","0","0","0","0","0","0","0","0","7","0","","02","12","2015","4","40.386539","-80.088746","","11","0","0","0","0","0","0","0","0","","0","0","0","","","0","","10","","40 23:11.539","","7","80 05:19.486","0","0","0","0","2117","0","0","0","Y","0","0","0","1","02117","0","","5.0","","1","N","N","","0","","0","0","0","","0","","","1","0","0","0","0","0","0","2","0","1","","","","N","","","","","","","","","",""
"2015132148","","1","0","0","0","0","0","0","0","0","4","0","","02","12","2015","2","40.447926","-80.162439","","11","0","0","0","0","0","0","0","1","3","0","0","0","","","3","","1","","40 26:52.534","4","0","80 09:44.781","3","0","0","0","2115","0","0","0","N","0","0","0","5","02115","0","","1.0","","1","N","N","","0","","3","0","1","","2","N","","3","3","0","0","0","0","0","2","1","3","","","","N","","","","","","","","","",""
"2015134966","","1","0","0","0","0","0","0","0","0","1","0","","02","12","2015","3","40.420975","-80.046413","","11","0","0","0","0","0","2","0","0","","0","0","0","","","0","","0","","40 25:15.510","","0","80 02:47.088","0","0","0","0","2435","0","0","0","N","0","0","0","2","68B03","0","","1.0","","1","N","N","","0","","0","0","1","","0","","","2","0","0","0","0","0","0","2","0","2","","","","N","","","","","","","","","",""
"2015133632","","1","0","0","0","0","0","0","0","0","4","0","","02","12","2015","3","40.437671","-79.759674","","11","0","0","0","0","1","1","0","0","1","0","0","0","","","1","","0","","40 26:15.616","2","0","79 45:34.828","8","0","0","0","2446","0","0","0","N","0","0","0","2","02446","0","","1.0","","9","N","N","","0","","0","0","1","","0","N","","2","1","1","0","0","1","0","2","0","2","","","","N","","","","","","","","","",""
"2015132149","","1","0","0","0","0","0","0","0","0","1","0","","02","12","2015","2","40.444893","-80.149924","","11","0","0","0","0","0","0","0","0","","0","0","0","","","0","","0","","40 26:41.615","","0","80 08:59.727","0","0","0","0","2115","0","0","0","N","0","0","0","2","02115","0","","1.0","","9","N","N","","0","","0","0","1","","0","","","2","0","0","0","0","0","0","2","0","2","","","","N","","","","","","","","","",""
"2015132150","","1","0","0","0","0","0","0","0","0","7","0","","02","12","2015","2","40.437628","-80.15614","","11","0","0","0","0","0","0","0","0","1","0","0","0","","","0","","0","","40 26:15.462","3","0","80 09:22.104","0","0","0","0","2115","0","0","0","N","0","0","0","1","02115","0","","2.0","","9","N","N","","0","","0","0","0","","0","N","","1","0","0","0","0","0","0","2","0","1","","","","N","","","","","","","","","",""
"2015135043","","0","0","0","0","0","0","0","0","0","6","1","","02","12","2015","4","40.48035","-80.043144","","11","0","0","0","0","0","0","1","0","2","0","1","0","","","0","","0","","40 28:49.260","4","0","80 02:35.320","0","0","0","0","2301","0","0","0","N","0","0","0","2","02301","0","","1.0","","1","N","N","","0","","0","0","1","","0","N","","2","0","0","0","0","0","0","2","0","2","","","","N","","","","","","","","","",""
"2015133480","","1","0","0","0","0","0","0","0","0","7","0","","02","12","2015","3","40.473737","-80.028831","","11","0","0","0","0","0","1","0","0","","0","0","0","","","0","","1","","40 28:25.453","","0","80 01:43.791","0","0","0","0","2301","0","0","0","N","0","0","0","2","02301","0","","2.0","","1","N","N","","0","","0","0","0","","2","","","1","0","0","0","0","0","0","2","0","1","","","","N","","","","","","","","","",""
"2015132012","","1","0","0","0","0","0","0","0","0","4","0","","02","12","2015","5","40.447542","-80.080142","","11","0","0","0","0","0","0","0","0","","0","0","0","","","1","","0","","40 26:51.150","","0","80 04:48.510","3","0","0","0","2301","0","0","0","N","0","0","0","2","02301","0","","6.0","","1","N","N","","0","","1","0","0","","0","","","2","1","0","0","0","0","0","2","1","2","","","","N","","","","","","","","","",""
"2015132151","","1","0","0","0","0","0","0","0","0","4","0","","02","12","2015","4","40.450121","-80.110165","","11","0","0","0","0","0","0","0","0","1","0","0","0","","","0","","1","","40 27:00.436","1","2","80 06:36.594","0","0","0","0","2115","0","0","0","N","0","0","0","2","02115","0","","1.0","","1","N","N","","1","","0","0","0","","2","N","","2","0","0","0","0","0","0","2","0","2","","","","N","","","","","","","","","",""
"2015133494","","1","0","0","0","0","0","0","0","0","1","0","","02","12","2015","6","40.496186","-79.913899","","11","0","0","0","0","0","1","0","0","","0","0","0","","","1","","0","","40 29:46.270","","0","79 54:50.037","4","0","0","0","2430","0","0","0","N","0","0","0","1","02430","1","","1.0","","1","N","N","","0","","0","0","0","","0","","","2","1","0","0","0","0","0","2","0","2","","","","N","","","","","","","","","",""
"2015132152","","2","0","0","0","0","0","0","0","0","4","0","","02","12","2015","5","40.503784","-80.138667","","11","0","0","0","0","0","0","0","0","1","0","0","0","","","0","","2","","40 30:13.622","3","0","80 08:19.202","0","0","0","0","2115","0","0","0","N","0","0","0","2","02115","0","","1.0","","1","N","N","","0","","0","0","0","","0","N","","2","0","0","0","0","0","0","2","0","2","","","","N","","","","","","","","","",""
"2015132644","","2","0","0","0","0","0","0","0","0","1","0","","02","12","2015","6","40.399738","-80.044158","","11","0","0","0","0","0","1","1","0","","0","0","0","","","0","","1","","40 23:59.056","","0","80 02:38.970","0","0","0","0","2301","0","0","0","N","0","0","0","3","02301","0","","1.0","","1","N","N","","0","","0","0","1","","2","","","3","0","0","0","0","0","0","2","0","3","","","","N","","","","","","","","","",""
"2015133482","","1","0","0","0","0","0","0","0","0","7","0","","02","12","2015","3","40.360828","-79.824636","","11","0","0","0","0","0","1","0","0","2","0","0","0","","","1","","0","","40 21:38.980","6","0","79 49:28.689","4","0","0","0","2477","0","0","0","N","0","0","0","2","02477","1","","5.0","","9","N","N","","0","","0","0","0","","0","Y","","1","1","0","0","0","0","0","2","0","1","","","","N","","","","","","","","","",""
"2015132014","","1","0","0","0","0","0","0","0","0","7","0","","02","12","2015","6","40.455882","-79.863778","","11","0","0","0","0","0","0","0","0","","0","0","0","","","0","","0","","40 27:21.174","","0","79 51:49.601","0","0","0","0","2301","0","0","0","N","0","0","0","1","02301","0","","3.0","","1","N","N","","0","","0","0","0","","0","","","1","0","0","0","0","0","0","2","0","1","","","","N","","","","","","","","","",""
"2015132785","","1","0","0","0","0","0","0","0","0","7","0","","02","12","2015","7","40.443691","-80.06649","","11","0","0","0","0","0","0","0","0","","0","0","0","","","0","","0","","40 26:37.287","","0","80 03:59.364","0","0","0","0","2439","0","0","0","N","0","0","0","2","02439","0","","4.0","","1","N","N","","0","","0","0","0","","0","","","1","0","0","0","0","0","0","2","0","1","","","","N","","","","","","","","","",""
"2015132153","","2","0","0","0","0","0","0","0","0","1","0","","02","12","2015","5","40.465968","-80.113203","","11","0","0","0","0","0","3","0","0","1","0","0","0","","","1","","2","","40 27:57.484","3","0","80 06:47.530","3","0","0","0","2115","0","0","0","N","0","0","0","3","02115","0","","1.0","","9","N","N","","0","","1","0","1","","0","N","","3","1","1","0","0","0","0","2","0","3","","","","N","","","","","","","","","",""
"2015133708","","2","0","0","0","0","0","1","0","0","1","1","","02","12","2015","4","40.401026","-79.83459","","11","0","0","0","0","0","1","0","0","","0","0","0","","","2","","0","","40 24:03.695","","0","79 50:04.524","3","0","0","0","2425","0","0","0","N","0","0","0","10","02425","0","","1.0","","1","Y","N","","0","","2","0","0","","0","","","3","2","0","0","0","0","0","2","0","3","","","","N","","","","","","","","","",""
"2015132576","","2","0","0","0","0","0","0","0","0","4","0","","02","12","2015","1","40.459619","-79.925856","","11","0","0","0","0","0","0","0","0","1","0","0","0","","","0","","0","","40 27:34.630","3","7","79 55:33.080","0","0","0","0","2301","0","0","0","N","0","0","0","3","02301","0","","1.0","","1","N","N","","0","","0","0","0","","0","N","","2","0","0","0","0","0","0","2","0","2","","","","N","","","","","","","","","",""
"2015132646","","2","0","0","0","0","0","0","0","0","5","0","","02","12","2015","6","40.444254","-79.990897","","11","0","0","0","0","0","0","0","0","1","0","0","0","","","0","","7","","40 26:39.315","2","2","79 59:27.230","0","0","0","0","2301","0","0","0","N","0","0","0","3","02301","0","","1.0","","2","N","N","","0","","0","0","0","","0","N","","2","0","0","0","0","0","0","2","0","2","","","","N","","","","","","","","","",""
"2015132855","","2","0","0","0","0","0","0","0","0","1","0","","02","12","2015","6","40.560195","-79.772668","","11","0","0","1","0","0","0","0","0","","0","0","0","","","1","","0","","40 33:36.703","","0","79 46:21.605","4","0","0","0","2121","0","0","0","N","0","0","0","2","02121","1","","1.0","","1","N","N","","0","","0","0","0","","0","","","2","1","0","0","0","0","0","1","0","2","","","","N","","","","","","","","","",""
"2015132089","","0","0","0","0","0","0","0","0","0","7","1","55","02","12","2015","7","40.549699","-79.825971","","11","0","0","0","0","0","1","0","0","3","0","1","0","","","1","","0","","40 32:58.917","4","0","79 49:33.495","4","0","0","0","2208","0","0","0","Y","0","0","0","1","68T02","1","","4.0","","1","N","N","","0","","0","0","0","","2","N","","1","1","0","0","0","0","0","2","0","1","","","N","Y","4","1","N","N","N","N","N","Y","Y",""
"2015134452","","2","0","0","0","0","0","0","0","0","4","0","","02","12","2015","4","40.462805","-79.927628","","11","0","0","0","0","0","0","0","0","","0","0","0","","","3","","1","","40 27:46.097","","0","79 55:39.462","8","0","0","0","2301","0","0","0","N","0","0","0","5","02301","0","","1.0","","1","N","N","","0","","0","0","0","","2","","","2","3","0","0","0","3","0","2","0","2","","","","N","","","","","","","","","",""
"2015132154","","0","0","0","0","0","0","0","0","0","7","0","","02","12","2015","7","40.330527","-80.022053","","11","0","0","0","0","0","1","0","0","","0","0","0","","","0","","5","","40 19:49.897","","0","80 01:19.389","0","0","0","0","2407","0","0","0","Y","0","0","0","1","02407","0","","3.0","","1","N","N","","0","","0","0","1","","2","","","1","0","0","0","0","0","0","2","0","1","","","","N","","","","","","","","","",""
"2015132016","","1","0","0","0","0","0","0","0","0","8","0","","02","12","2015","5","40.465","-79.938472","","11","0","0","0","0","0","0","1","0","3","1","0","0","","","0","","0","","40 27:54.000","5","0","79 56:18.500","1","0","0","0","2301","1","1","0","N","1","1","0","2","02301","0","2","1.0","","1","N","N","","0","0","0","0","0","","0","Y","","2","0","0","0","0","0","0","2","0","1","","","","N","","","","","","","","","",""
"2015132788","","0","0","0","0","0","0","1","0","0","4","0","","02","12","2015","7","40.470514","-79.892812","","11","0","0","0","0","0","0","0","0","2","0","0","0","","","1","","1","","40 28:13.850","3","0","79 53:34.123","8","0","0","0","2301","0","0","0","N","0","0","0","2","02301","0","","1.0","","1","Y","N","","0","","0","0","1","","0","Y","","2","1","1","0","0","1","0","2","0","2","","","","N","","","","","","","","","",""
"2015132090","","1","0","0","0","0","0","0","0","0","5","1","55","02","12","2015","3","40.554283","-79.837705","","11","0","0","0","0","0","1","0","0","","0","1","0","","","0","","0","","40 33:15.417","","0","79 50:15.737","0","0","0","0","2208","0","0","0","N","0","0","0","2","68T02","0","","1.0","","1","N","N","","0","","0","0","0","","0","","","2","0","0","0","0","0","0","2","0","2","","","N","Y","4","1","N","N","N","N","Y","N","Y",""
"2015133640","","1","0","0","0","0","0","0","0","0","7","0","","02","12","2015","3","40.388694","-79.996798","","11","0","0","0","0","0","0","0","0","","0","0","0","","","1","","0","","40 23:19.300","","0","79 59:48.471","8","0","0","0","2301","0","0","0","N","0","0","0","1","02301","0","","2.0","","1","N","N","","0","","0","0","0","","0","","","1","1","0","0","0","1","0","2","0","1","","","","N","","","","","","","","","",""
"2015132155","","0","0","0","0","0","0","0","0","0","4","0","","02","12","2015","5","40.343786","-80.051461","","11","0","0","0","0","0","0","0","0","","0","0","0","","","0","","0","","40 20:37.630","","7","80 03:05.260","0","0","0","0","2407","0","0","0","N","0","0","0","3","02407","0","","1.0","","9","N","N","","0","","0","0","1","","0","","","2","0","0","0","0","0","0","2","1","2","","","","N","","","","","","","","","",""
"2015134921","","0","0","0","0","0","0","0","0","0","4","0","","02","12","2015","6","40.354121","-80.004936","","11","0","0","0","0","0","1","0","0","","0","0","0","","","0","","2","","40 21:14.837","","0","80 00:17.770","0","0","0","0","2476","0","0","0","N","0","0","0","3","02476","0","","1.0","","1","N","N","","0","","0","0","2","","3","","","2","0","0","0","0","0","0","2","0","2","","","","N","","","","","","","","","",""