"CRN","ARRIVAL_TM","AUTOMOBILE_COUNT","BELTED_DEATH_COUNT","BELTED_SUSP_SERIOUS_INJ_COUNT","BICYCLE_COUNT","BICYCLE_DEATH_COUNT","BICYCLE_SUSP_SERIOUS_INJ_COUNT","BUS_COUNT","CHLDPAS_DEATH_COUNT","CHLDPAS_SUSP_SERIOUS_INJ_COUNT","COLLISION_TYPE","COMM_VEH_COUNT","CONS_ZONE_SPD_LIM","COUNTY","CRASH_MONTH","CRASH_YEAR","DAY_OF_WEEK","DEC_LATITUDE","DEC_LONGITUDE","DISPATCH_TM","DISTRICT","DRIVER_COUNT_16YR","DRIVER_COUNT_17YR","DRIVER_COUNT_18YR","DRIVER_COUNT_19YR","DRIVER_COUNT_20YR","DRIVER_COUNT_50_64YR","DRIVER_COUNT_65_74YR","DRIVER_COUNT_75PLUS","EST_HRS_CLOSED","FATAL_COUNT","HEAVY_TRUCK_COUNT","HORSE_BUGGY_COUNT","HOUR_OF_DAY","ILLUMINATION","INJURY_COUNT","INTERSECTION_RELATED","INTERSECT_TYPE","LANE_CLOSED","LATITUDE","LN_CLOSE_DIR","LOCATION_TYPE","LONGITUDE","MAX_SEVERITY_LEVEL","MCYCLE_DEATH_COUNT","MCYCLE_SUSP_SERIOUS_INJ_COUNT","MOTORCYCLE_COUNT","MUNICIPALITY","NONMOTR_COUNT","NONMOTR_DEATH_COUNT","NONMOTR_SUSP_SERIOUS_INJ_COUNT","NTFY_HIWY_MAINT","PED_COUNT","PED_DEATH_COUNT","PED_SUSP_SERIOUS_INJ_COUNT","PERSON_COUNT","POLICE_AGCY","POSSIBLE_INJ_COUNT","RDWY_SURF_TYPE_CD","RELATION_TO_ROAD","ROADWAY_CLEARED","ROAD_CONDITION","SCH_BUS_IND","SCH_ZONE_IND","SECONDARY_CRASH","SMALL_TRUCK_COUNT","SPEC_JURIS_CD","SUSP_MINOR_INJ_COUNT","SUSP_SERIOUS_INJ_COUNT","SUV_COUNT","TCD_FUNC_CD","TCD_TYPE","TFC_DETOUR_IND","TIME_OF_DAY","TOTAL_UNITS","TOT_INJ_COUNT","UNBELTED_OCC_COUNT","UNB_DEATH_COUNT","UNB_SUSP_SERIOUS_INJ_COUNT","UNK_INJ_DEG_COUNT","UNK_INJ_PER_COUNT","URBAN_RURAL","VAN_COUNT","VEHICLE_COUNT","WEATHER1","WEATHER2","WORKERS_PRES","WORK_ZONE_IND","WORK_ZONE_LOC","WORK_ZONE_TYPE","WZ_CLOSE_DETOUR","WZ_FLAGGER","WZ_LAW_OFFCR_IND","WZ_LN_CLOSURE","WZ_MOVING","WZ_OTHER","WZ_SHLDER_MDN","WZ_WORKERS_INJ_KILLED"
"2015132685","","1","0","0","0","0","0","0","0","0","7","0","","02","12","2015","5","40.615056","-79.758151","","11","0","1","0","0","0","0","0","0","2","0","0","0","","","1","","0","","40 36:54.202","2","2","79 45:29.342","4","0","0","0","2202","0","0","0","N","0","0","0","1","68D02","1","","4.0","","9","N","N","","0","","0","0","0","","0","N","","1","1","0","0","0","0","0","2","0","1","","","","N","","","","","","","","","",""
"2015132111","","2","0","0","0","0","0","0","0","0","1","0","","02","12","2015","2","40.440254","-79.760498","","11","0","0","0","0","0","0","0","0","","0","0","0","","","0","","7","","40 26:24.913","","2","79 45:37.791","0","0","0","0","2446","0","0","0","N","0","0","0","2","02446","0","","1.0","","1","N","N","","0","","0","0","0","","0","","","2","0","0","0","0","0","0","2","0","2","","","","N","","","","","","","","","",""
"2015132603","","0","0","0","0","0","0","0","0","0","7","0","","02","12","2015","6","40.554119","-79.819308","","11","0","0","0","0","0","0","0","0","2","0","0","0","","","0","","0","","40 33:14.828","3","3","79 49:09.509","0","0","0","0","2208","0","0","0","Y","0","0","0","2","02208","0","","2.0","","2","N","N","","1","","0","0","0","","0","N","","1","0","0","0","0","0","0","2","0","1","","","","N","","","","","","","","","",""
"2015134943","","1","0","0","0","0","0","0","0","0","5","0","","02","12","2015","5","40.532829","-80.17675","","11","0","0","0","0","0","0","0","0","","0","0","0","","","0","","2","","40 31:58.183","","0","80 10:36.301","0","0","0","0","2458","0","0","0","N","0","0","0","2","02458","0","","1.0","","1","N","N","","0","","0","0","1","","0","","","2","0","0","0","0","0","0","2","0","2","","","","N","","","","","","","","","",""
"2015132892","","1","0","0","0","0","0","0","0","0","6","0","","02","12","2015","1","40.533775","-80.071119","","11","0","0","0","0","0","1","0","0","","0","0","0","","","0","","0","","40 32:01.590","","7","80 04:16.030","0","0","0","0","2215","0","0","0","N","0","0","0","2","02215","0","","1.0","","1","N","N","","0","","0","0","1","","2","","","2","0","0","0","0","0","0","2","0","2","","","","N","","","","","","","","","",""
"2015135020","","2","0","0","0","0","0","0","0","0","4","0","","02","12","2015","3","40.407078","-79.911694","","11","0","0","0","0","0","0","0","0","1","0","0","0","","","1","","0","","40 24:25.480","3","7","79 54:42.100","8","0","0","0","2438","0","0","0","N","0","0","0","3","02438","0","","1.0","","1","N","N","","0","","0","0","0","","0","N","","2","1","0","0","0","1","0","2","0","2","","","","N","","","","","","","","","",""
"2015132893","","1","0","0","0","0","0","0","0","0","1","0","","02","12","2015","7","40.432103","-79.801381","","11","0","0","0","0","0","0","1","0","1","0","0","0","","","0","","0","","40 25:55.569","3","3","79 48:04.971","9","0","0","0","2446","0","0","0","N","0","0","0","2","02446","0","","1.0","","1","N","N","","0","","0","0","1","","2","N","","2","0","0","0","0","0","1","2","0","2","","","","N","","","","","","","","","",""
"2015133460","","0","0","0","0","0","0","0","0","0","7","0","","02","12","2015","3","40.458662","-79.998496","","11","0","0","0","0","0","0","0","0","","0","0","0","","","0","","10","","40 27:31.184","","0","79 59:54.587","0","0","0","0","2301","0","0","0","N","0","0","0","2","02301","0","","2.0","","9","N","N","","0","","0","0","1","","0","","","1","0","0","0","0","0","0","2","0","1","","","","N","","","","","","","","","",""
"2015134269","","2","0","0","0","0","0","0","0","0","4","0","","02","12","2015","4","40.399172","-80.024965","","11","0","0","0","0","0","1","0","0","1","0","0","0","","","1","","2","","40 23:57.019","2","0","80 01:29.875","8","0","0","0","2301","0","0","0","N","0","0","0","2","02301","0","","1.0","","1","N","N","","0","","0","0","0","","0","N","","2","1","0","0","0","1","0","2","0","2","","","","N","","","","","","","","","",""
"2015132894","","0","0","0","0","0","0","0","0","0","1","0","","02","12","2015","6","40.434927","-79.754791","","11","0","0","0","0","0","0","0","0","2","0","0","0","","","0","","1","","40 26:05.738","1","0","79 45:17.248","0","0","0","0","2446","0","0","0","N","0","0","0","2","02446","0","","1.0","","1","N","N","","1","","0","0","0","","0","Y","","2","0","0","0","0","0","0","2","1","2","","","","N","","","","","","","","","",""
"2015134192","","2","0","0","0","0","0","0","0","0","4","0","","02","12","2015","6","40.350699","-79.924588","","11","0","0","0","1","0","1","0","0","2","0","0","0","","","3","","2","","40 21:02.517","6","0","79 55:28.517","8","0","0","0","2473","0","0","0","N","0","0","0","3","02473","0","","1.0","","1","N","N","","0","","0","0","0","","3","Y","","2","3","0","0","0","3","0","2","0","2","","","","N","","","","","","","","","",""
"2015134272","","1","0","0","0","0","0","0","0","0","7","0","","02","12","2015","6","40.443933","-80.028288","","11","0","0","0","0","0","1","0","0","","0","0","0","","","0","","0","","40 26:38.157","","0","80 01:41.836","0","0","0","0","2301","0","0","0","N","0","0","0","1","02301","0","","2.0","","2","N","N","","0","","0","0","0","","0","","","1","0","0","0","0","0","0","2","0","1","","","","N","","","","","","","","","",""
"2015132830","","0","0","0","0","0","0","0","0","0","8","0","","02","12","2015","5","40.393581","-80.087969","","11","0","0","0","0","0","0","0","0","1","0","0","0","","","1","","0","","40 23:36.890","7","0","80 05:16.690","8","0","0","0","2437","1","0","0","N","1","0","0","2","02437","0","","1.0","","9","N","N","","0","","0","0","1","","0","Y","","2","1","0","0","0","1","0","2","0","1","","","","N","","","","","","","","","",""
"2015134207","","1","0","0","0","0","0","0","0","0","1","1","","02","12","2015","4","40.484132","-80.050592","","11","0","0","0","0","0","0","0","0","1","0","1","0","","","0","","0","","40 29:02.876","2","3","80 03:02.132","0","0","0","0","2301","0","0","0","N","0","0","0","2","02301","0","","1.0","","1","N","N","","0","","0","0","0","","0","N","","2","0","0","0","0","0","0","2","0","2","","","","N","","","","","","","","","",""
"2015133462","","1","0","1","0","0","0","0","0","0","7","0","","02","12","2015","1","40.401342","-79.88056","","11","0","0","0","0","2","0","0","0","","0","0","0","","","3","","2","","40 24:04.830","","0","79 52:50.017","2","0","0","0","2475","0","0","0","N","0","0","0","4","02475","0","","5.0","","1","N","N","","1","","0","2","0","","2","","","2","3","1","0","0","1","1","2","0","2","","","","N","","","","","","","","","",""
"2015132056","","2","0","0","0","0","0","0","0","0","1","0","","02","12","2015","3","40.490462","-79.911399","","11","0","0","0","1","0","1","0","0","2","0","0","0","","","0","","0","","40 29:25.664","4","3","79 54:41.035","0","0","0","0","2112","0","0","0","N","0","0","0","3","68D02","0","","1.0","","1","N","N","","0","","0","0","0","","0","N","","2","0","0","0","0","0","0","2","0","2","","","","N","","","","","","","","","",""
"2015132608","","2","0","0","0","0","0","0","0","0","6","0","","02","12","2015","7","40.383768","-79.822825","","11","0","0","0","0","0","0","0","0","2","0","0","0","","","1","","2","","40 23:01.566","4","7","79 49:22.170","8","0","0","0","2111","0","0","0","N","0","0","0","3","02111","0","","1.0","","1","N","N","","0","","0","0","0","","2","N","","2","1","2","0","0","1","0","2","0","2","","","","N","","","","","","","","","",""
"2015134195","","2","0","0","0","0","0","0","0","0","1","0","","02","12","2015","3","40.5474","-80.02879","","11","0","0","0","0","0","0","1","0","","0","0","0","","","1","","0","","40 32:50.640","","0","80 01:43.644","3","0","0","0","2116","0","0","0","N","0","0","0","2","02116","0","","1.0","","9","N","N","","0","","1","0","0","","0","","","2","1","0","0","0","0","0","2","0","2","","","","N","","","","","","","","","",""
"2015132751","","2","0","0","0","0","0","0","0","0","1","0","","02","12","2015","7","40.428392","-79.863547","","11","0","0","0","0","0","1","0","0","2","0","0","0","","","1","","0","","40 25:42.211","3","0","79 51:48.770","3","0","0","0","2431","0","0","0","N","0","0","0","5","02431","0","","1.0","","1","N","N","","0","","1","0","0","","0","N","","2","1","0","0","0","0","0","2","0","2","","","","N","","","","","","","","","",""
"2015132118","","0","0","0","0","0","0","0","0","0","4","0","","02","12","2015","6","40.495696","-80.060904","","11","0","0","0","0","0","0","0","0","1","0","0","0","","","1","","1","","40 29:44.504","2","0","80 03:39.253","8","0","0","0","2404","0","0","0","N","0","0","0","3","02404","0","","1.0","","1","N","N","","0","","0","0","1","","3","Y","","2","1","0","0","0","1","0","2","1","2","","","","N","","","","","","","","","",""
"2015132610","","0","0","0","0","0","0","0","0","0","7","0","","02","12","2015","7","40.46873","-80.014997","","11","0","0","0","0","0","0","0","0","1","0","0","0","","","1","","2","","40 28:07.428","3","0","80 00:53.989","8","0","0","0","2301","0","0","0","N","0","0","0","2","02301","0","","5.0","","1","Y","N","","0","","0","0","0","","0","Y","","1","1","2","0","0","1","0","2","1","1","","","","N","","","","","","","","","",""
"2015132753","","1","0","0","0","0","0","0","0","0","4","0","","02","12","2015","7","40.415643","-80.011131","","11","0","0","0","0","0","1","0","0","","0","0","0","","","0","","2","","40 24:56.314","","0","80 00:40.071","9","0","0","0","2301","0","0","0","N","0","0","0","2","02301","0","","1.0","","1","N","N","","1","","0","0","0","","0","","","2","0","0","0","0","0","1","2","0","2","","","","N","","","","","","","","","",""
"2015134418","","1","0","0","0","0","0","0","0","0","1","0","","02","12","2015","4","40.418539","-80.045731","","11","0","0","0","0","0","0","0","1","1","0","0","0","","","0","","0","","40 25:06.740","2","0","80 02:44.633","0","0","0","0","2435","0","0","0","N","0","0","0","2","02435","0","","1.0","","1","N","N","","0","","0","0","1","","0","N","","2","0","0","0","0","0","0","2","0","2","","","","N","","","","","","","","","",""
"2015132626","","1","0","0","0","0","0","0","0","0","4","0","","02","12","2015","7","40.457794","-79.993715","","11","0","0","0","0","0","0","0","0","1","0","0","0","","","0","","2","","40 27:28.058","2","0","79 59:37.374","0","0","0","0","2301","0","0","0","","0","0","0","2","02301","0","","1.0","","1","","","","0","","0","0","1","","3","N","","3","0","0","0","0","0","0","2","1","3","","","","N","","","","","","","","","",""
"2015133466","","1","0","0","0","0","0","0","0","0","4","0","25","02","12","2015","1","40.342921","-79.813383","","11","0","0","0","0","0","0","0","1","1","0","0","0","","","0","","2","","40 20:34.516","4","0","79 48:48.177","0","0","0","0","2477","0","0","0","N","0","0","0","2","02477","0","","1.0","","1","N","N","","1","","0","0","0","","2","Y","","2","0","0","0","0","0","0","2","0","2","","","N","Y","4","1","","","N","","","","Y",""
"2015132766","","1","0","0","0","0","0","0","0","0","7","0","","02","12","2015","6","40.564393","-79.965343","","11","0","0","0","0","0","0","0","0","2","0","0","0","","","0","","0","","40 33:51.815","7","3","79 57:55.235","0","0","0","0","2207","0","0","0","N","0","0","0","3","02207","0","","4.0","","2","N","N","","0","","0","0","0","","0","Y","","1","0","0","0","0","0","0","2","0","1","","","","N","","","","","","","","","",""
"2015132835","","1","0","0","0","0","0","0","0","0","4","0","","02","12","2015","7","40.464281","-79.913403","","11","0","0","0","0","0","0","0","0","1","0","0","0","","","0","","2","","40 27:51.411","3","0","79 54:48.250","9","0","0","0","2301","0","0","0","N","0","0","0","3","02301","0","","1.0","","1","N","N","","1","","0","0","0","","3","N","","2","0","0","0","0","0","2","2","0","2","","","","N","","","","","","","","","",""
"2015134967","","2","0","0","0","0","0","0","0","0","1","0","","02","12","2015","3","40.423723","-80.030596","","11","0","0","0","0","0","0","0","0","1","0","0","0","","","0","","0","","40 25:25.404","4","0","80 01:50.144","0","0","0","0","2301","0","0","0","N","0","0","0","2","68B03","0","","1.0","","1","N","N","","0","","0","0","0","","0","N","","2","0","0","0","0","0","0","2","0","2","","","","N","","","","","","","","","",""
"2015133606","","2","0","0","0","0","0","0","0","0","2","0","","02","12","2015","1","40.327219","-79.824397","","11","0","0","0","0","0","1","0","1","3","0","0","0","","","1","","0","","40 19:37.990","5","0","79 49:27.830","8","0","0","0","2304","0","0","0","N","0","0","0","3","02304","0","","1.0","","1","N","N","","0","","0","0","0","","0","Y","","2","1","0","0","0","1","0","2","0","2","","","","N","","","","","","","","","",""
"2015134968","","1","0","0","0","0","0","0","0","0","7","0","","02","12","2015","6","40.422843","-80.103004","","11","0","0","0","0","0","1","0","0","3","0","0","0","","","0","","6","","40 25:22.234","2","2","80 06:10.813","0","0","0","0","2115","0","0","0","Y","0","0","0","1","68B03","0","","4.0","","2","N","N","","0","","0","0","0","","0","N","","1","0","0","0","0","0","0","2","0","1","","","","N","","","","","","","","","",""
"2015134282","","1","0","0","0","0","0","0","0","0","8","0","","02","12","2015","4","40.443446","-80.039997","","11","0","0","0","0","0","0","0","0","","0","0","0","","","1","","2","","40 26:36.405","","0","80 02:23.989","3","0","0","0","2301","1","0","0","N","1","0","0","2","02301","0","","1.0","","9","N","N","","0","","1","0","0","","3","","","2","1","0","0","0","0","0","2","0","1","","","","N","","","","","","","","","",""
"2015134955","","1","0","0","0","0","0","0","0","0","7","0","","02","12","2015","6","40.423967","-79.988586","","11","0","0","0","0","0","0","0","0","","0","0","0","","","1","","0","","40 25:26.280","","0","79 59:18.910","3","0","0","0","2301","0","0","0","N","0","0","0","1","02301","0","","2.0","","9","N","N","","0","","1","0","0","","0","","","1","1","0","0","0","0","0","2","0","1","","","","N","","","","","","","","","",""
"2015133607","","1","0","0","0","0","0","0","0","0","5","1","","02","12","2015","3","40.273999","-79.897328","","11","0","0","0","0","0","1","0","0","2","0","1","0","","","1","","0","","40 16:26.395","1","0","79 53:50.379","8","0","0","0","2440","0","0","0","N","0","0","0","2","02440","0","","1.0","","9","N","N","","0","","0","0","0","","0","Y","","2","1","0","0","0","1","0","2","0","2","","","","N","","","","","","","","","",""
"2015132123","","1","0","0","0","0","0","0","0","0","4","0","","02","12","2015","5","40.495346","-79.976169","","11","0","0","0","1","0","0","0","0","1","0","0","0","","","0","","3","","40 29:43.247","1","0","79 58:34.209","0","0","0","0","2118","0","0","0","N","0","0","0","4","02118","0","","1.0","","9","N","N","","1","","0","0","0","","0","N","","2","0","0","0","0","0","0","2","0","2","","","","N","","","","","","","","","",""
"2015134969","","1","0","0","0","0","0","0","0","0","7","0","","02","12","2015","6","40.422843","-80.103004","","11","0","0","0","0","0","1","0","0","3","0","0","0","","","1","","6","","40 25:22.234","2","2","80 06:10.813","4","0","0","0","2115","0","0","0","N","0","0","0","1","68B03","1","","4.0","","2","N","N","","0","","0","0","0","","0","N","","1","1","0","0","0","0","0","2","0","1","","","","N","","","","","","","","","",""
"2015132630","","1","0","0","0","0","0","0","0","0","1","0","","02","12","2015","6","40.421878","-79.984","","11","0","0","0","0","0","1","0","0","","0","0","0","","","0","","0","","40 25:18.761","","0","79 59:02.401","0","0","0","0","2301","0","0","0","N","0","0","0","1","02301","0","","4.0","","9","N","N","","0","","0","0","1","","0","","","2","0","0","0","0","0","0","2","0","2","","","","N","","","","","","","","","",""
"2015134283","","1","0","0","0","0","0","0","0","0","4","1","","02","12","2015","4","40.43975","-79.896481","","11","0","0","0","0","0","1","0","0","","0","1","0","","","0","","2","","40 26:23.100","","0","79 53:47.331","0","0","0","0","2301","0","0","0","N","0","0","0","2","02301","0","","1.0","","1","N","N","","0","","0","0","0","","3","","","2","0","0","0","0","0","0","2","0","2","","","","N","","","","","","","","","",""
"2015134957","","2","0","0","0","0","0","0","0","0","1","0","","02","12","2015","6","40.371388","-79.788991","","11","0","0","0","0","1","0","0","0","1","0","0","0","","","0","","2","","40 22:16.998","4","0","79 47:20.368","0","0","0","0","2111","0","0","0","N","0","0","0","5","02111","0","","1.0","","9","N","N","","0","","0","0","0","","0","N","","2","0","1","0","0","0","0","2","0","2","","","","N","","","","","","","","","",""
"2015133608","","2","0","0","0","0","0","0","0","0","4","0","","02","12","2015","2","40.344909","-79.985567","","11","0","0","0","0","0","1","0","0","","0","0","0","","","0","","2","","40 20:41.672","","0","79 59:08.041","0","0","0","0","2403","0","0","0","N","0","0","0","2","02403","0","","1.0","","9","N","N","","0","","0","0","0","","3","","","2","0","0","0","0","0","0","2","0","2","","","","N","","","","","","","","","",""
"2015132124","","2","0","0","0","0","0","0","0","0","1","0","","02","12","2015","4","40.433603","-79.848413","","11","0","0","0","0","0","0","0","1","1","0","0","0","","","2","","2","","40 26:00.970","3","0","79 50:54.286","4","0","0","0","2431","0","0","0","N","0","0","0","2","02431","2","","1.0","","1","N","N","","0","","0","0","0","","2","N","","2","2","0","0","0","0","0","2","0","2","","","","N","","","","","","","","","",""
"2015132915","","1","0","0","0","0","0","0","0","0","7","0","","02","12","2015","5","40.441995","-79.792607","","11","0","0","0","0","0","0","0","0","","0","0","0","","","0","","0","","40 26:31.182","","0","79 47:33.386","0","0","0","0","2446","0","0","0","N","0","0","0","1","68B03","0","","2.0","","9","N","N","","0","","0","0","0","","0","","","1","0","0","0","0","0","0","2","0","1","","","","N","","","","","","","","","",""
"2015134910","","3","0","0","0","0","0","0","0","0","1","0","","02","12","2015","3","40.432147","-79.801254","","11","0","0","0","0","0","0","0","0","1","0","0","0","","","0","","0","","40 25:55.729","3","3","79 48:04.514","0","0","0","0","2446","0","0","0","N","0","0","0","4","02446","0","","1.0","","1","N","N","","0","","0","0","0","","0","N","","3","0","0","0","0","0","0","2","0","3","","","","N","","","","","","","","","",""
"2015133400","","1","0","0","0","0","0","0","0","0","7","0","","02","12","2015","2","40.626561","-79.9034","","11","0","1","0","0","0","0","0","0","1","0","0","0","","","1","","0","","40 37:35.620","2","0","79 54:12.240","3","0","0","0","2220","0","0","0","N","0","0","0","1","02220","0","","5.0","","9","N","N","","0","","1","0","0","","0","Y","","1","1","0","0","0","0","0","1","0","1","","","","N","","","","","","","","","",""
"2015133470","","1","0","0","0","0","0","0","0","0","1","0","","02","12","2015","3","40.440503","-80.004452","","11","0","0","0","0","0","0","0","0","2","0","0","0","","","1","","2","","40 26:25.810","2","0","80 00:16.027","8","0","0","0","2301","0","0","0","N","0","0","0","4","02301","0","","1.0","","9","N","N","","0","","0","0","1","","0","N","","2","1","0","0","0","1","0","2","0","2","","","","N","","","","","","","","","",""
"2015132771","","2","0","0","0","0","0","0","0","0","1","0","","02","12","2015","6","40.472308","-79.97298","","11","0","0","0","0","0","0","0","0","","0","0","0","","","1","","6","","40 28:20.308","","8","79 58:22.729","3","0","0","0","2445","0","0","0","Y","0","0","0","2","02445","0","","9.0","","2","N","N","","0","","1","0","0","","0","","","2","1","0","0","0","0","0","2","0","2","","","","N","","","","","","","","","",""
"2015132839","","3","0","0","0","0","0","0","0","0","1","0","","02","12","2015","7","40.432246","-79.800972","","11","0","0","0","0","0","1","0","1","2","0","0","0","","","0","","0","","40 25:56.084","3","3","79 48:03.500","0","0","0","0","2446","0","0","0","N","0","0","0","3","02446","0","","1.0","","1","N","N","","0","","0","0","0","","2","N","","3","0","0","0","0","0","0","2","0","3","","","","N","","","","","","","","","",""
"2015133609","","1","0","0","0","0","0","0","0","0","4","1","","02","12","2015","2","40.43187","-79.777082","","11","0","0","0","0","0","1","0","1","","0","0","0","","","1","","2","","40 25:54.732","","0","79 46:37.495","8","0","0","0","2446","0","0","0","N","0","0","0","2","02446","0","","1.0","","1","N","N","","1","","0","0","0","","3","","","2","1","0","0","0","1","0","2","0","2","","","","N","","","","","","","","","",""
"2015132125","","2","0","0","0","0","0","0","0","0","1","0","","02","12","2015","5","40.412439","-79.955621","","11","0","0","0","0","0","1","0","0","1","0","0","0","","","0","","0","","40 24:44.779","3","0","79 57:20.235","0","0","0","0","2301","0","0","0","N","0","0","0","3","02301","0","","1.0","","1","N","N","","0","","0","0","1","","0","N","","3","0","0","0","0","0","0","2","0","3","","","","N","","","","","","","","","",""
"2015132916","","1","0","0","0","0","0","0","0","0","1","0","","02","12","2015","5","40.439154","-79.861651","","11","0","0","0","0","0","0","0","1","","0","0","0","","","0","","0","","40 26:20.956","","0","79 51:41.944","0","0","0","0","2478","0","0","0","N","0","0","0","5","68B03","0","","1.0","","9","N","N","","0","","0","0","1","","0","","","2","0","0","0","0","0","0","2","0","2","","","","N","","","","","","","","","",""
"2015134509","","1","0","0","0","0","0","0","0","0","99","0","","02","12","2015","4","40.33088","-79.84123","","11","0","0","1","0","0","0","0","0","","0","0","0","","","0","","1","","40 19:51.168","","0","79 50:28.428","0","0","0","0","2304","0","0","0","N","0","0","0","2","02304","0","","1.0","","1","N","N","","0","","0","0","1","","0","","","2","0","0","0","0","0","0","2","0","2","","","","N","","","","","","","","","",""
"2015132003","","1","0","0","0","0","0","0","0","0","7","0","","02","12","2015","6","40.485511","-80.024592","","11","0","0","0","0","0","0","0","0","","0","0","0","","","0","","0","","40 29:07.840","","0","80 01:28.530","0","0","0","0","2301","0","0","0","N","0","0","0","1","02301","0","","5.0","","9","N","N","","0","","0","0","0","","0","","","1","0","0","0","0","0","0","2","0","1","","","","N","","","","","","","","","",""
"2015132773","","1","0","0","0","0","0","0","0","0","7","0","","02","12","2015","6","40.422928","-79.904147","","11","0","0","0","0","0","1","0","0","3","0","0","0","","","1","","0","","40 25:22.540","3","0","79 54:14.930","3","0","0","0","2301","0","0","0","N","0","0","0","1","02301","0","","5.0","","9","N","N","","0","","1","0","0","","0","Y","","1","1","0","0","0","0","0","2","0","1","","","","N","","","","","","","","","",""
"2015134425","","1","0","0","0","0","0","0","0","0","1","0","","02","12","2015","4","40.498327","-79.789845","","11","0","0","0","0","0","1","0","0","","0","0","0","","","1","","0","","40 29:53.976","","7","79 47:23.442","3","0","0","0","2113","0","0","0","N","0","0","0","3","02113","0","","1.0","","1","N","N","","0","","1","0","1","","0","","","2","1","0","0","0","0","0","2","0","2","","","","N","","","","","","","","","",""
"2015132126","","2","0","0","0","0","0","0","0","0","1","0","","02","12","2015","5","40.479079","-79.822502","","11","0","0","0","0","0","0","1","1","","0","0","0","","","0","","0","","40 28:44.686","","0","79 49:21.007","0","0","0","0","2113","0","0","0","N","0","0","0","3","02113","0","","1.0","","9","N","N","","1","","0","0","0","","0","","","3","0","0","0","0","0","0","2","0","3","","","","N","","","","","","","","","",""
"2015132917","","2","0","0","0","0","0","0","0","0","1","0","","02","12","2015","5","40.426921","-79.919464","","11","0","0","0","1","0","0","0","0","1","0","0","0","","","0","","0","","40 25:36.916","3","4","79 55:10.071","0","0","0","0","2301","0","0","0","N","0","0","0","5","68B03","0","","1.0","","9","N","N","","0","","0","0","2","","0","N","","4","0","0","0","0","0","0","2","0","4","","","","N","","","","","","","","","",""
"2015134912","","1","0","0","0","0","0","0","0","0","2","0","","02","12","2015","6","40.424817","-79.843828","","11","0","0","0","0","0","0","0","0","2","0","0","0","","","1","","0","","40 25:29.340","3","0","79 50:37.780","8","0","0","0","2431","0","0","0","N","0","0","0","2","02431","0","","1.0","","1","N","N","","1","","0","0","0","","0","N","","2","1","1","0","0","1","0","2","0","2","","","","N","","","","","","","","","",""
"2015132633","","2","0","0","0","0","0","0","0","0","4","0","","02","12","2015","2","40.491565","-80.061254","","11","0","0","0","0","0","0","0","0","1","0","0","0","","","2","","2","","40 29:29.633","2","7","80 03:40.514","4","0","0","0","2404","0","0","0","N","0","0","0","2","02404","1","","1.0","","9","N","N","","0","","0","0","0","","2","N","","2","2","0","0","0","1","0","2","0","2","","","","N","","","","","","","","","",""
"2015134217","","0","0","0","0","0","0","0","0","0","1","0","","02","12","2015","3","40.411439","-80.012102","","11","0","0","0","0","0","0","0","0","1","0","0","0","","","0","","10","","40 24:41.179","2","2","80 00:43.568","0","0","0","0","2301","0","0","0","N","0","0","0","2","02301","0","","1.0","","1","N","N","","0","","0","0","2","","2","N","","2","0","0","0","0","0","0","2","0","2","","","","N","","","","","","","","","",""
"2015132143","","1","0","0","0","0","0","0","0","0","7","0","","02","12","2015","4","40.462818","-80.139547","","11","0","0","0","0","0","0","0","0","2","0","0","0","","","1","","2","","40 27:46.144","1","0","80 08:22.369","3","0","0","0","2115","0","0","0","N","0","0","0","1","02115","0","","4.0","","1","N","N","","0","","1","0","0","","0","N","","1","1","1","0","0","0","0","2","0","1","","","","N","","","","","","","","","",""
"2015132918","","3","0","0","0","0","0","0","0","0","1","0","","02","12","2015","5","40.426921","-79.919464","","11","0","0","1","0","1","0","0","0","1","0","0","0","","","1","","0","","40 25:36.916","3","4","79 55:10.071","4","0","0","0","2301","0","0","0","N","0","0","0","5","68B03","1","","1.0","","9","N","N","","0","","0","0","0","","0","N","","3","1","0","0","0","0","0","2","0","3","","","","N","","","","","","","","","",""
"2015133697","","1","0","0","0","0","0","0","0","0","99","0","","02","12","2015","2","40.197724","-79.899881","","11","0","0","0","0","0","0","0","0","2","0","0","0","","","0","","0","","40 11:51.808","5","0","79 53:59.573","0","0","0","0","2204","0","0","0","N","0","0","0","1","02204","0","","1.0","","1","N","N","","0","","0","0","0","","0","Y","","1","0","0","0","0","0","0","2","0","1","","","","N","","","","","","","","","",""
"2015133613","","0","0","0","0","0","0","0","0","0","7","0","","02","12","2015","6","40.356261","-79.936575","","11","0","1","0","0","0","0","0","0","1","0","0","0","","","1","","0","","40 21:22.539","2","3","79 56:11.671","4","0","0","0","2473","0","0","0","Y","0","0","0","2","02473","1","","2.0","","2","N","N","","1","","0","0","0","","0","N","","1","1","0","0","0","0","0","2","0","1","","","","N","","","","","","","","","",""
"2015134427","","3","0","0","0","0","0","0","0","0","7","0","","02","12","2015","7","40.495734","-79.94102","","11","0","0","1","0","0","0","0","0","2","0","0","0","","","0","","0","","40 29:44.641","2","2","79 56:27.671","0","0","0","0","2430","0","0","0","N","0","0","0","6","02430","0","","2.0","","2","N","N","","0","","0","0","3","","0","Y","","6","0","0","0","0","0","0","2","0","6","","","","N","","","","","","","","","",""