"CRN","ARRIVAL_TM","AUTOMOBILE_COUNT","BELTED_DEATH_COUNT","BELTED_SUSP_SERIOUS_INJ_COUNT","BICYCLE_COUNT","BICYCLE_DEATH_COUNT","BICYCLE_SUSP_SERIOUS_INJ_COUNT","BUS_COUNT","CHLDPAS_DEATH_COUNT","CHLDPAS_SUSP_SERIOUS_INJ_COUNT","COLLISION_TYPE","COMM_VEH_COUNT","CONS_ZONE_SPD_LIM","COUNTY","CRASH_MONTH","CRASH_YEAR","DAY_OF_WEEK","DEC_LATITUDE","DEC_LONGITUDE","DISPATCH_TM","DISTRICT","DRIVER_COUNT_16YR","DRIVER_COUNT_17YR","DRIVER_COUNT_18YR","DRIVER_COUNT_19YR","DRIVER_COUNT_20YR","DRIVER_COUNT_50_64YR","DRIVER_COUNT_65_74YR","DRIVER_COUNT_75PLUS","EST_HRS_CLOSED","FATAL_COUNT","HEAVY_TRUCK_COUNT","HORSE_BUGGY_COUNT","HOUR_OF_DAY","ILLUMINATION","INJURY_COUNT","INTERSECTION_RELATED","INTERSECT_TYPE","LANE_CLOSED","LATITUDE","LN_CLOSE_DIR","LOCATION_TYPE","LONGITUDE","MAX_SEVERITY_LEVEL","MCYCLE_DEATH_COUNT","MCYCLE_SUSP_SERIOUS_INJ_COUNT","MOTORCYCLE_COUNT","MUNICIPALITY","NONMOTR_COUNT","NONMOTR_DEATH_COUNT","NONMOTR_SUSP_SERIOUS_INJ_COUNT","NTFY_HIWY_MAINT","PED_COUNT","PED_DEATH_COUNT","PED_SUSP_SERIOUS_INJ_COUNT","PERSON_COUNT","POLICE_AGCY","POSSIBLE_INJ_COUNT","RDWY_SURF_TYPE_CD","RELATION_TO_ROAD","ROADWAY_CLEARED","ROAD_CONDITION","SCH_BUS_IND","SCH_ZONE_IND","SECONDARY_CRASH","SMALL_TRUCK_COUNT","SPEC_JURIS_CD","SUSP_MINOR_INJ_COUNT","SUSP_SERIOUS_INJ_COUNT","SUV_COUNT","TCD_FUNC_CD","TCD_TYPE","TFC_DETOUR_IND","TIME_OF_DAY","TOTAL_UNITS","TOT_INJ_COUNT","UNBELTED_OCC_COUNT","UNB_DEATH_COUNT","UNB_SUSP_SERIOUS_INJ_COUNT","UNK_INJ_DEG_COUNT","UNK_INJ_PER_COUNT","URBAN_RURAL","VAN_COUNT","VEHICLE_COUNT","WEATHER1","WEATHER2","WORKERS_PRES","WORK_ZONE_IND","WORK_ZONE_LOC","WORK_ZONE_TYPE","WZ_CLOSE_DETOUR","WZ_FLAGGER","WZ_LAW_OFFCR_IND","WZ_LN_CLOSURE","WZ_MOVING","WZ_OTHER","WZ_SHLDER_MDN","WZ_WORKERS_INJ_KILLED"
"2015129845","","0","0","0","0","0","0","0","0","0","4","0","","02","12","2015","2","40.382652","-79.929402","","11","0","0","0","0","1","0","0","0","","0","0","0","","","0","","0","","40 22:57.547","","0","79 55:45.848","0","0","0","0","2301","0","0","0","N","0","0","0","2","02301","0","","1.0","","1","N","N","","0","","0","0","1","","0","","","2","0","1","0","0","0","0","2","1","2","","","","N","","","","","","","","","",""
"2015131380","","2","0","0","0","0","0","0","0","0","7","0","","02","12","2015","3","40.494253","-79.903841","","11","0","0","0","0","0","0","0","0","3","0","0","0","","","0","","0","","40 29:39.311","2","0","79 54:13.826","0","0","0","0","2401","0","0","0","N","0","0","0","4","68D02","0","","2.0","","1","N","N","","0","","0","0","1","","0","Y","","3","0","0","0","0","0","0","2","0","3","","","","N","","","","","","","","","",""
"2015131116","","0","0","0","0","0","0","0","0","0","7","0","","02","12","2015","3","40.547967","-79.759342","","11","0","0","0","0","0","1","0","0","1","0","0","0","","","0","","0","","40 32:52.681","4","0","79 45:33.630","9","0","0","0","2466","0","0","0","N","0","0","0","1","02466","0","","2.0","","1","N","N","","0","","0","0","0","","0","N","","1","0","1","0","0","0","1","1","1","1","","","","N","","","","","","","","","",""
"2015129002","","1","0","0","0","0","0","0","0","0","5","0","","02","12","2015","6","40.469616","-79.961098","","11","0","0","0","0","0","1","0","0","","0","0","0","","","0","","0","","40 28:10.619","","0","79 57:39.951","0","0","0","0","2301","0","0","0","N","0","0","0","2","02301","0","","1.0","","1","N","N","","1","","0","0","0","","0","","","2","0","0","0","0","0","0","2","0","2","","","","N","","","","","","","","","",""
"2015131117","","1","0","0","0","0","0","0","0","0","4","0","","02","12","2015","3","40.463206","-79.828242","","11","0","0","0","0","0","0","0","0","","0","0","0","","","0","","0","","40 27:47.540","","0","79 49:41.670","9","0","0","0","2113","0","0","0","N","0","0","0","1","02113","0","","1.0","","1","N","N","","1","","0","0","0","","0","","","2","0","0","0","0","0","1","2","0","2","","","","N","","","","","","","","","",""
"2015130533","","2","0","0","0","0","0","0","0","0","2","0","","02","12","2015","2","40.370555","-79.9823","","11","0","0","0","0","0","1","0","0","1","0","0","0","","","1","","1","","40 22:13.997","2","0","79 58:56.280","8","0","0","0","2413","0","0","0","N","0","0","0","2","02413","0","","1.0","","9","N","N","","0","","0","0","0","","2","N","","2","1","0","0","0","1","1","2","0","2","","","","N","","","","","","","","","",""
"2015131118","","1","0","0","0","0","0","0","0","0","7","0","","02","12","2015","3","40.625094","-80.090371","","11","0","0","1","0","0","0","0","0","","0","0","0","","","0","","0","","40 37:30.339","","0","80 05:25.335","0","0","0","0","2212","0","0","0","N","0","0","0","1","02505","0","","2.0","","9","N","N","","0","","0","0","0","","0","","","1","0","0","0","0","0","0","2","0","1","","","","N","","","","","","","","","",""
"2015131859","","1","0","0","0","0","0","0","0","0","8","0","","02","12","2015","5","40.377081","-80.050867","","11","0","0","0","0","0","0","0","1","1","0","0","0","","","1","","1","","40 22:37.493","2","0","80 03:03.120","4","0","0","0","2109","1","0","0","N","1","0","0","2","02109","1","","1.0","","9","N","Y","","0","","0","0","0","","2","N","","2","1","0","0","0","0","0","2","0","1","","","","N","","","","","","","","","",""
"2015130601","","1","0","0","0","0","0","0","0","0","7","0","","02","12","2015","2","40.443113","-79.783754","","11","0","0","0","0","0","1","0","0","1","0","0","0","","","2","","0","","40 26:35.205","4","0","79 47:01.514","2","0","0","0","2446","0","0","0","N","0","0","0","2","68B03","0","","2.0","","9","N","N","","0","","1","1","0","","0","N","","1","2","0","0","0","0","0","2","0","1","","","","N","","","","","","","","","",""
"2015129573","","1","0","0","0","0","0","0","0","0","1","0","","02","12","2015","7","40.51556","-79.833534","","11","0","0","0","0","0","1","0","0","","0","0","0","","","0","","0","","40 30:56.016","","0","79 50:00.721","0","0","0","0","2301","0","0","0","N","0","0","0","3","02301","0","","1.0","","1","N","N","","0","","0","0","1","","0","","","2","0","0","0","0","0","0","2","0","2","","","","N","","","","","","","","","",""
"2015129638","","2","0","0","0","0","0","0","0","0","4","0","","02","12","2015","7","40.45289","-79.920715","","11","0","0","0","0","0","1","0","0","2","0","0","0","","","2","","1","","40 27:10.404","4","0","79 55:14.574","3","0","0","0","2301","0","0","0","N","0","0","0","3","02301","0","","1.0","","1","N","N","","0","","2","0","0","","2","N","","2","2","0","0","0","0","0","2","0","2","","","","N","","","","","","","","","",""
"2015129005","","0","0","0","0","0","0","0","0","0","1","0","","02","12","2015","6","40.456662","-80.193597","","11","0","0","0","0","0","0","0","0","","0","0","0","","","1","","2","","40 27:23.983","","0","80 11:36.949","8","0","0","0","2203","0","0","0","N","0","0","0","3","02203","0","","1.0","","1","N","N","","1","","0","0","2","","2","","","3","1","0","0","0","1","0","2","0","3","","","","N","","","","","","","","","",""
"2015130536","","1","0","0","0","0","0","0","0","0","1","0","","02","12","2015","2","40.501904","-80.076313","","11","0","0","0","0","0","0","0","0","","0","0","0","","","1","","2","","40 30:06.854","","0","80 04:34.726","8","0","0","0","2405","0","0","0","N","0","0","0","2","02215","0","","2.0","","1","N","N","","1","","0","0","0","","0","","","2","1","0","0","0","1","0","2","0","2","","","","N","","","","","","","","","",""
"2015129851","","2","0","0","0","0","0","0","0","0","4","0","","02","12","2015","2","40.437428","-79.979527","","11","0","0","0","0","0","0","0","0","","0","0","0","","","0","","2","","40 26:14.740","","0","79 58:46.297","0","0","0","0","2301","0","0","0","N","0","0","0","2","02301","0","","1.0","","1","N","N","","0","","0","0","0","","3","","","2","0","0","0","0","0","0","2","0","2","","","","N","","","","","","","","","",""
"2015131817","","1","0","0","0","0","0","0","0","0","1","0","","02","12","2015","3","40.42696","-79.919729","","11","0","0","0","0","0","1","0","0","1","0","0","0","","","1","","0","","40 25:37.057","3","4","79 55:11.023","4","0","0","0","2301","0","0","0","N","0","0","0","3","68B03","1","","1.0","","1","N","N","","0","","0","0","2","","0","N","","3","1","0","0","0","0","0","2","0","3","","","","N","","","","","","","","","",""
"2015129640","","2","0","0","0","0","0","0","0","0","4","0","","02","12","2015","7","40.367158","-80.061264","","11","0","0","0","0","0","1","0","1","","0","0","0","","","0","","0","","40 22:01.770","","0","80 03:40.550","0","0","0","0","2109","0","0","0","N","0","0","0","2","02109","0","","1.0","","1","N","N","","0","","0","0","0","","0","","","2","0","0","0","0","0","0","2","0","2","","","","N","","","","","","","","","",""
"2015129563","","2","0","0","0","0","0","0","0","0","4","0","","02","12","2015","7","40.475063","-79.908248","","11","0","1","0","0","0","0","0","0","2","0","0","0","","","1","","0","","40 28:30.227","5","0","79 54:29.691","4","0","0","0","2301","0","0","0","N","0","0","0","2","02301","1","","1.0","","1","N","N","","0","","0","0","0","","0","N","","2","1","1","0","0","0","0","2","0","2","","","","N","","","","","","","","","",""
"2015129855","","3","0","0","0","0","0","0","0","0","1","0","","02","12","2015","2","40.617737","-79.945536","","11","0","1","0","0","0","0","0","0","1","0","0","0","","","0","","0","","40 37:03.852","1","0","79 56:43.929","0","0","0","0","2217","0","0","0","N","0","0","0","4","02505","0","","1.0","","1","N","N","","0","","0","0","0","","0","N","","3","0","0","0","0","0","0","2","0","3","","","","N","","","","","","","","","",""
"2015129728","","3","0","0","0","0","0","0","0","0","3","0","","02","12","2015","1","40.453","-80.051486","","11","0","0","0","0","0","0","0","0","3","0","0","0","","","0","","0","","40 27:10.800","5","0","80 03:05.350","9","0","0","0","2301","0","0","0","N","0","0","0","2","02301","0","","6.0","","1","Y","N","","2","","0","0","0","","0","N","","5","0","0","0","0","0","1","2","0","5","","","","N","","","","","","","","","",""
"2015129012","","1","0","0","0","0","0","0","0","0","4","0","","02","12","2015","5","40.525618","-80.069883","","11","0","0","0","0","0","0","0","0","","0","0","0","","","0","","1","","40 31:32.226","","0","80 04:11.577","0","0","0","0","2215","0","0","0","N","0","0","0","2","02215","0","","1.0","","1","N","N","","0","","0","0","1","","2","","","2","0","0","0","0","0","0","2","0","2","","","","N","","","","","","","","","",""
"2015130761","","0","0","0","0","0","0","0","0","0","4","0","","02","12","2015","7","40.300792","-79.865978","","11","0","0","0","0","0","0","1","1","","0","0","0","","","1","","2","","40 18:02.850","","0","79 51:57.519","4","0","0","1","2443","0","0","0","N","0","0","0","3","02443","1","","3.0","","1","N","N","","0","","0","0","1","","3","","","2","1","0","0","0","0","0","1","0","2","","","","N","","","","","","","","","",""
"2015131552","","1","0","0","0","0","0","0","0","0","7","0","","02","12","2015","3","40.269113","-79.90551","","11","0","0","0","0","0","0","0","0","1","0","0","0","","","0","","2","","40 16:08.806","5","0","79 54:19.836","9","0","0","0","2440","0","0","0","N","0","0","0","1","02440","0","","5.0","","1","N","N","","0","","0","0","0","","3","N","","1","0","1","0","0","0","1","2","0","1","","","","N","","","","","","","","","",""
"2015129373","","2","0","0","0","0","0","0","0","0","1","0","","02","12","2015","4","40.518983","-80.013519","","11","0","0","0","0","0","1","0","1","","0","0","0","","","0","","2","","40 31:08.340","","0","80 00:48.670","0","0","0","0","2116","0","0","0","","0","0","0","4","02116","0","","1.0","","1","","","","1","","0","0","0","","2","","","3","0","0","0","0","0","0","2","0","3","","","","N","","","","","","","","","",""
"2015137023","","1","0","1","0","0","0","0","0","0","4","0","","02","12","2015","4","40.395326","-79.997387","","11","0","0","0","0","0","0","0","1","1","0","0","0","","","2","","1","","40 23:43.173","5","0","79 59:50.592","2","0","0","0","2301","0","0","0","N","0","0","0","2","02301","0","","1.0","","1","N","N","","0","","1","1","1","","3","N","","2","2","0","0","0","0","0","2","0","2","","","","N","","","","","","","","","",""
"2015136275","","2","0","0","0","0","0","0","0","0","6","0","","02","12","2015","6","40.532021","-80.065346","","11","0","0","0","0","0","0","0","0","2","0","0","0","","","2","","0","","40 31:55.277","6","0","80 03:55.244","3","0","0","0","2116","0","0","0","N","0","0","0","2","02116","0","","1.0","","1","N","N","","0","","1","0","0","","0","Y","","2","2","0","0","0","1","0","2","0","2","","","","N","","","","","","","","","",""
"2015130687","","2","0","0","0","0","0","0","0","0","5","0","","02","12","2015","4","40.46056","-79.92544","","11","0","0","0","0","0","0","0","0","","0","0","0","","","0","","0","","40 27:38.017","","0","79 55:31.585","0","0","0","0","2301","0","0","0","","0","0","0","2","02301","0","","1.0","","1","N","","","0","","0","0","0","","0","","","2","0","0","0","0","0","0","2","0","2","","","","N","","","","","","","","","",""
"2015130699","","0","0","0","0","0","0","1","0","0","4","1","","02","12","2015","3","40.414436","-79.989153","","11","0","0","0","0","0","0","0","0","2","0","0","0","","","1","","2","","40 24:51.969","5","0","79 59:20.950","4","0","0","0","2301","0","0","0","N","0","0","0","44","02301","1","","1.0","","1","Y","N","","0","","0","0","1","","3","Y","","2","1","0","0","0","0","0","2","0","2","","","","N","","","","","","","","","",""
"2015135522","","1","0","0","0","0","0","0","0","0","4","0","","02","12","2015","1","40.43894","-79.765119","","11","0","0","0","0","0","0","0","0","","0","0","0","","","1","","0","","40 26:20.183","","0","79 45:54.429","4","0","0","0","2446","0","0","0","N","0","0","0","2","02446","1","","1.0","","9","N","N","","0","","0","0","1","","0","","","2","1","0","0","0","0","0","2","0","2","","","","N","","","","","","","","","",""
"2015136278","","0","0","0","0","0","0","0","0","0","4","0","","02","12","2015","2","40.552116","-80.023354","","11","0","0","0","0","0","1","1","0","1","0","0","0","","","0","","1","","40 33:07.617","3","0","80 01:24.074","0","0","0","0","2116","0","0","0","N","0","0","0","6","02116","0","","1.0","","9","N","N","","0","","0","0","2","","2","N","","2","0","0","0","0","0","0","2","0","2","","","","N","","","","","","","","","",""
"2015137087","","1","0","0","0","0","0","0","0","0","4","0","","02","12","2015","5","40.433771","-80.006782","","11","0","0","0","0","0","0","1","0","","0","0","0","","","1","","0","","40 26:01.576","","7","80 00:24.415","4","0","0","0","2301","0","0","0","N","0","0","0","3","02301","1","","1.0","","1","N","N","","0","","0","0","1","","2","","","2","1","0","0","0","0","0","2","0","2","","","","N","","","","","","","","","",""
"2015136279","","0","0","0","0","0","0","0","0","0","4","0","","02","12","2015","3","40.44062","-79.916647","","11","0","0","0","0","0","1","1","0","","0","0","0","","","0","","1","","40 26:26.232","","0","79 54:59.929","0","0","0","0","2301","0","0","0","N","0","0","0","2","02301","0","","1.0","","1","N","N","","1","","0","0","1","","3","","","2","0","0","0","0","0","0","2","0","2","","","","N","","","","","","","","","",""
"2015137088","","2","0","1","0","0","0","0","0","0","1","0","","02","12","2015","5","40.477978","-79.750229","","11","0","0","0","0","0","1","0","0","","0","0","0","","","3","","2","","40 28:40.719","","0","79 45:00.826","2","0","0","0","2466","0","0","0","N","0","0","0","3","02466","0","","1.0","","1","N","N","","0","","2","1","0","","0","","","2","3","0","0","0","0","0","2","0","2","","","","N","","","","","","","","","",""
"2015129168","","1","0","0","0","0","0","0","0","0","1","0","","02","12","2015","6","40.622417","-80.070046","","11","0","0","0","0","0","0","0","0","","0","0","0","","","0","","2","","40 37:20.702","","0","80 04:12.165","0","0","0","0","2212","0","0","0","N","0","0","0","3","02505","0","","1.0","","1","N","N","","0","","0","0","2","","2","","","3","0","0","0","0","0","0","2","0","3","","","","N","","","","","","","","","",""
"2015130702","","1","0","0","0","0","0","0","0","0","1","0","","02","12","2015","2","40.585611","-80.036054","","11","0","0","0","0","0","0","0","0","","0","0","0","","","0","","1","","40 35:08.199","","0","80 02:09.795","9","0","0","0","2108","0","0","0","N","0","0","0","2","02108","0","","1.0","","9","N","N","","0","","0","0","1","","2","","","2","0","0","0","0","0","1","2","0","2","","","","N","","","","","","","","","",""
"2015137028","","2","0","0","0","0","0","0","0","0","4","0","40","02","12","2015","4","40.352758","-80.140519","","11","0","0","0","0","0","0","1","0","","0","0","0","","","0","","2","","40 21:09.929","","0","80 08:25.868","0","0","0","0","2119","0","0","0","Y","0","0","0","2","02119","0","","1.0","","1","N","N","","0","","0","0","0","","7","","","2","0","0","0","0","0","0","2","0","2","","","Y","Y","4","1","","Y","N","","","","",""
"2015130703","","2","0","0","0","0","0","0","0","0","4","0","","02","11","2015","7","40.319528","-80.02695","","11","0","0","0","0","0","2","0","0","1","0","0","0","","","1","","1","","40 19:10.301","3","0","80 01:37.019","8","0","0","0","2407","0","0","0","N","0","0","0","3","02407","0","","1.0","","1","N","N","","0","","0","0","0","","2","Y","","2","1","0","0","0","1","0","2","0","2","","","","N","","","","","","","","","",""
"2015129311","","1","0","0","0","0","0","0","0","0","99","0","","02","12","2015","7","40.390718","-79.960209","","11","0","0","0","0","0","0","0","0","","0","0","0","","","0","","0","","40 23:26.583","","0","79 57:36.751","0","0","0","0","2403","0","0","0","N","0","0","0","2","02403","0","","1.0","","9","N","N","","1","","0","0","0","","0","","","2","0","0","0","0","0","0","2","0","2","","","","N","","","","","","","","","",""
"2015130704","","1","0","0","0","0","0","0","0","0","4","0","","02","12","2015","5","40.344303","-80.05015","","11","0","0","0","0","0","0","1","0","2","0","0","0","","","1","","0","","40 20:39.490","4","7","80 03:00.540","8","0","0","0","2407","0","0","0","N","0","0","0","3","02407","0","","1.0","","1","N","N","","0","","0","0","0","","0","N","","2","1","0","0","0","1","0","2","1","2","","","","N","","","","","","","","","",""
"2015130833","","1","0","0","0","0","0","0","0","0","1","0","","02","12","2015","6","40.46617","-80.000553","","11","0","0","0","0","0","0","0","0","","0","0","0","","","1","","0","","40 27:58.212","","0","80 00:01.992","4","0","0","0","2301","0","0","0","N","0","0","0","2","68B03","1","","1.0","","1","N","N","","0","","0","0","1","","0","","","2","1","0","0","0","0","0","2","0","2","","","","N","","","","","","","","","",""
"2015130693","","1","0","0","0","0","0","0","0","0","4","0","","02","12","2015","2","40.347694","-79.947311","","11","0","0","0","0","0","0","1","0","","0","0","0","","","0","","1","","40 20:51.700","","0","79 56:50.320","0","0","0","0","2473","0","0","0","N","0","0","0","2","02473","0","","1.0","","9","N","N","","1","","0","0","0","","3","","","2","0","0","0","0","0","0","2","0","2","","","","N","","","","","","","","","",""
"2015129313","","1","0","0","0","0","0","0","0","0","5","0","","02","12","2015","6","40.432532","-79.95351","","11","0","0","0","0","0","0","0","0","","0","0","0","","","0","","0","","40 25:57.115","","0","79 57:12.636","0","0","0","0","2301","0","0","0","N","0","0","0","1","02506","0","","1.0","","1","N","N","","0","","0","0","0","","0","","","2","0","0","0","0","0","0","2","1","2","","","","N","","","","","","","","","",""
"2015129188","","2","0","0","0","0","0","0","0","0","4","0","","02","12","2015","5","40.615375","-79.933923","","11","0","0","0","0","0","0","1","0","","0","0","0","","","0","","1","","40 36:55.349","","0","79 56:02.121","0","0","0","0","2207","0","0","0","N","0","0","0","2","02207","0","","1.0","","1","N","N","","0","","0","0","0","","0","","","2","0","0","0","0","0","0","2","0","2","","","","N","","","","","","","","","",""
"2015131491","","1","0","0","0","0","0","0","0","0","0","0","","02","12","2015","4","40.52186","-79.842249","","11","0","0","0","0","0","1","0","0","","0","0","0","","","0","","1","","40 31:18.696","","0","79 50:32.096","0","0","0","0","2451","0","0","0","N","0","0","0","1","02451","0","","1.0","","1","N","N","","0","","0","0","0","","0","","","1","0","0","0","0","0","0","2","0","1","","","","N","","","","","","","","","",""
"2015129250","","1","0","0","0","0","0","0","0","0","1","0","","02","10","2015","3","40.517006","-80.127447","","11","0","0","0","1","0","1","0","0","","0","0","0","","","0","","7","","40 31:01.221","","2","80 07:38.808","0","0","0","0","2434","0","0","0","N","0","0","0","2","68B03","0","","1.0","","1","N","N","","0","","0","0","1","","0","","","2","0","0","0","0","0","0","2","0","2","","","","N","","","","","","","","","",""
"2015130695","","1","0","0","0","0","0","0","0","0","7","0","","02","12","2015","7","40.526067","-80.052055","","11","0","0","0","0","0","0","0","0","","0","0","0","","","0","","0","","40 31:33.841","","0","80 03:07.398","0","0","0","0","2116","0","0","0","N","0","0","0","2","02116","0","","5.0","","1","N","N","","1","","0","0","0","","0","","","2","0","0","0","0","0","0","2","0","2","","","","N","","","","","","","","","",""
"2015129251","","1","0","0","0","0","0","0","0","0","99","0","","02","10","2015","4","40.585532","-80.100711","","11","0","0","0","0","0","0","0","0","","0","0","0","","","0","","0","","40 35:07.914","","0","80 06:02.559","0","0","0","0","2481","0","0","0","N","0","0","0","1","68B03","0","","1.0","","9","N","N","","0","","0","0","0","","0","","","1","0","0","0","0","0","0","2","0","1","","","","N","","","","","","","","","",""
"2015129252","","1","0","0","0","0","0","0","0","0","4","1","","02","11","2015","5","40.443022","-80.008902","","11","0","0","0","0","0","1","0","0","1","0","1","0","","","1","","0","","40 26:34.878","2","3","80 00:32.047","8","0","0","0","2301","0","0","0","N","0","0","0","5","68B03","0","","1.0","","1","N","N","","0","","0","0","1","","0","N","","3","1","0","0","0","1","0","2","0","3","","","","N","","","","","","","","","",""
"2015129177","","2","0","0","0","0","0","0","0","0","2","0","","02","12","2015","6","40.444194","-79.811269","","11","0","0","0","0","0","0","0","0","2","0","0","0","","","2","","0","","40 26:39.100","6","0","79 48:40.570","3","0","0","0","2113","0","0","0","N","0","0","0","2","02113","0","","1.0","","1","N","N","","0","","2","0","0","","0","N","","2","2","1","0","0","0","0","2","0","2","","","","N","","","","","","","","","",""
"2015131495","","0","0","0","0","0","0","0","0","0","7","0","","02","12","2015","6","40.513804","-79.951723","","11","0","0","0","0","0","0","0","0","1","0","0","0","","","1","","0","","40 30:49.695","4","0","79 57:06.201","3","0","0","0","2118","0","0","0","N","0","0","0","1","02118","0","","4.0","","1","N","N","","0","","1","0","1","","0","N","","1","1","1","0","0","0","0","2","0","1","","","","N","","","","","","","","","",""
"2015129253","","1","0","0","0","0","0","1","0","0","1","1","55","02","11","2015","7","40.434126","-79.86904","","11","0","0","0","0","0","1","0","0","2","0","0","0","","","2","","0","","40 26:02.852","4","0","79 52:08.545","8","0","0","0","2478","0","0","0","N","0","0","0","13","68B03","0","","1.0","","1","N","N","","0","","0","0","0","","0","N","","2","2","0","0","0","2","0","2","0","2","","","Y","Y","2","1","N","N","N","Y","N","Y","N",""
"2015136297","","1","0","0","0","0","0","0","0","0","7","0","","02","12","2015","6","40.496204","-80.067823","","11","0","0","0","0","0","0","0","0","2","0","0","0","","","1","","0","","40 29:46.336","5","0","80 04:04.164","8","0","0","0","2402","0","0","0","N","0","0","0","1","02402","0","","2.0","","1","N","N","","0","","0","0","0","","0","N","","1","1","1","0","0","1","0","2","0","1","","","","N","","","","","","","","","",""
"2015129254","","1","0","0","0","0","0","0","0","0","7","0","","02","11","2015","5","40.435958","-79.974451","","11","0","0","0","0","0","0","0","0","2","0","0","0","","","0","","0","","40 26:09.449","3","0","79 58:28.024","0","0","0","0","2301","0","0","0","N","0","0","0","2","68B03","0","","4.0","","1","N","N","","0","","0","0","0","","0","N","","1","0","0","0","0","0","0","2","0","1","","","","N","","","","","","","","","",""
"2015136298","","0","0","0","0","0","0","0","0","0","7","0","","02","12","2015","3","40.386122","-80.228194","","11","0","0","0","0","0","0","0","0","2","0","0","0","","","0","","0","","40 23:10.040","1","0","80 13:41.500","0","0","0","0","2214","0","0","0","N","0","0","0","1","02214","0","","2.0","","9","N","N","","1","","0","0","0","","0","N","","1","0","0","0","0","0","0","1","0","1","","","","N","","","","","","","","","",""
"2015136299","","0","0","0","0","0","0","0","0","0","7","0","","02","12","2015","3","40.50455","-79.851278","","11","0","0","0","0","0","0","1","0","2","0","0","0","","","1","","0","","40 30:16.379","5","0","79 51:04.599","4","0","0","0","2112","0","0","0","N","0","0","0","1","02112","1","","5.0","","9","N","N","","0","","0","0","1","","8","N","","1","1","0","0","0","0","0","2","0","1","","","","N","","","","","","","","","",""
"2015135953","","1","0","0","0","0","0","0","0","0","4","0","","02","12","2015","6","40.342719","-80.036277","","11","0","0","0","0","0","1","0","0","","0","0","0","","","0","","2","","40 20:33.788","","0","80 02:10.597","0","0","0","0","2407","0","0","0","N","0","0","0","5","02407","0","","1.0","","9","N","N","","1","","0","0","0","","2","","","2","0","0","0","0","0","0","2","0","2","","","","N","","","","","","","","","",""
"2015137107","","1","0","0","0","0","0","0","0","0","4","0","","02","11","2015","3","40.503933","-79.859865","","11","0","0","1","0","0","0","0","0","2","0","0","0","","","0","","0","","40 30:14.160","1","0","79 51:35.515","0","0","0","0","2112","0","0","0","N","0","0","0","2","68D02","0","","1.0","","1","N","N","","0","","0","0","1","","0","N","","2","0","0","0","0","0","0","2","0","2","","","","N","","","","","","","","","",""
"2015137108","","1","0","0","0","0","0","0","0","0","7","0","","02","12","2015","4","40.613157","-79.757506","","11","0","0","0","0","0","0","0","0","","0","0","0","","","1","","0","","40 36:47.365","","3","79 45:27.022","4","0","0","0","2202","0","0","0","N","0","0","0","1","68D02","1","","2.0","","1","N","N","","0","","0","0","0","","0","","","1","1","1","0","0","0","0","2","0","1","","","","N","","","","","","","","","",""
"2015135773","","0","0","0","0","0","0","0","0","0","1","0","","02","12","2015","2","40.405512","-80.083671","","11","0","0","1","0","0","1","0","0","1","0","0","0","","","0","","1","","40 24:19.842","1","0","80 05:01.214","0","0","0","0","2415","0","0","0","N","0","0","0","2","02415","0","","1.0","","9","N","N","","1","","0","0","1","","0","N","","2","0","0","0","0","0","0","2","0","2","","","","N","","","","","","","","","",""
"2015136536","","2","0","0","0","0","0","0","0","0","4","0","","02","12","2015","3","40.432149","-79.935014","","11","0","0","0","0","0","0","0","0","","0","0","0","","","1","","2","","40 25:55.736","","0","79 56:06.050","8","0","0","0","2301","0","0","0","N","0","0","0","6","02301","0","","1.0","","1","N","N","","0","","0","0","0","","3","","","2","1","0","0","0","1","0","2","0","2","","","","N","","","","","","","","","",""
"2015131501","","1","0","0","0","0","0","0","0","0","7","0","","02","12","2015","2","40.455901","-79.96554","","11","0","0","0","0","0","0","0","0","1","0","0","0","","","0","","0","","40 27:21.242","2","0","79 57:55.945","0","0","0","0","2301","0","0","0","N","0","0","0","2","02301","0","","2.0","","1","N","N","","0","","0","0","0","","0","N","","1","0","0","0","0","0","0","2","0","1","","","","N","","","","","","","","","",""
"2015135476","","1","0","0","0","0","0","0","0","0","4","0","","02","12","2015","1","40.352758","-80.140519","","11","0","0","0","0","0","0","1","0","","0","0","0","","","0","","2","","40 21:09.929","","0","80 08:25.868","0","0","0","0","2119","0","0","0","N","0","0","0","3","02119","0","","1.0","","9","N","N","","1","","0","0","0","","0","","","2","0","0","0","0","0","0","2","0","2","","","","N","","","","","","","","","",""
"2015136364","","1","0","0","0","0","0","0","0","0","8","0","","02","12","2015","3","40.438707","-79.9996","","11","0","0","0","0","0","0","0","0","","0","0","0","","","1","","1","","40 26:19.345","","0","79 59:58.560","4","0","0","0","2301","1","0","0","N","1","0","0","2","02301","1","","1.0","","1","N","N","","0","","0","0","0","","2","","","2","1","0","0","0","0","0","2","0","1","","","","N","","","","","","","","","",""
"2015131502","","1","0","0","0","0","0","0","0","0","4","0","","02","12","2015","4","40.46212","-79.940382","","11","0","0","0","0","0","0","0","0","","0","0","0","","","0","","2","","40 27:43.632","","0","79 56:25.375","0","0","0","0","2301","0","0","0","N","0","0","0","4","02301","0","","1.0","","1","N","N","","0","","0","0","1","","3","","","2","0","0","0","0","0","0","2","0","2","","","","N","","","","","","","","","",""