"CRN","ARRIVAL_TM","AUTOMOBILE_COUNT","BELTED_DEATH_COUNT","BELTED_SUSP_SERIOUS_INJ_COUNT","BICYCLE_COUNT","BICYCLE_DEATH_COUNT","BICYCLE_SUSP_SERIOUS_INJ_COUNT","BUS_COUNT","CHLDPAS_DEATH_COUNT","CHLDPAS_SUSP_SERIOUS_INJ_COUNT","COLLISION_TYPE","COMM_VEH_COUNT","CONS_ZONE_SPD_LIM","COUNTY","CRASH_MONTH","CRASH_YEAR","DAY_OF_WEEK","DEC_LATITUDE","DEC_LONGITUDE","DISPATCH_TM","DISTRICT","DRIVER_COUNT_16YR","DRIVER_COUNT_17YR","DRIVER_COUNT_18YR","DRIVER_COUNT_19YR","DRIVER_COUNT_20YR","DRIVER_COUNT_50_64YR","DRIVER_COUNT_65_74YR","DRIVER_COUNT_75PLUS","EST_HRS_CLOSED","FATAL_COUNT","HEAVY_TRUCK_COUNT","HORSE_BUGGY_COUNT","HOUR_OF_DAY","ILLUMINATION","INJURY_COUNT","INTERSECTION_RELATED","INTERSECT_TYPE","LANE_CLOSED","LATITUDE","LN_CLOSE_DIR","LOCATION_TYPE","LONGITUDE","MAX_SEVERITY_LEVEL","MCYCLE_DEATH_COUNT","MCYCLE_SUSP_SERIOUS_INJ_COUNT","MOTORCYCLE_COUNT","MUNICIPALITY","NONMOTR_COUNT","NONMOTR_DEATH_COUNT","NONMOTR_SUSP_SERIOUS_INJ_COUNT","NTFY_HIWY_MAINT","PED_COUNT","PED_DEATH_COUNT","PED_SUSP_SERIOUS_INJ_COUNT","PERSON_COUNT","POLICE_AGCY","POSSIBLE_INJ_COUNT","RDWY_SURF_TYPE_CD","RELATION_TO_ROAD","ROADWAY_CLEARED","ROAD_CONDITION","SCH_BUS_IND","SCH_ZONE_IND","SECONDARY_CRASH","SMALL_TRUCK_COUNT","SPEC_JURIS_CD","SUSP_MINOR_INJ_COUNT","SUSP_SERIOUS_INJ_COUNT","SUV_COUNT","TCD_FUNC_CD","TCD_TYPE","TFC_DETOUR_IND","TIME_OF_DAY","TOTAL_UNITS","TOT_INJ_COUNT","UNBELTED_OCC_COUNT","UNB_DEATH_COUNT","UNB_SUSP_SERIOUS_INJ_COUNT","UNK_INJ_DEG_COUNT","UNK_INJ_PER_COUNT","URBAN_RURAL","VAN_COUNT","VEHICLE_COUNT","WEATHER1","WEATHER2","WORKERS_PRES","WORK_ZONE_IND","WORK_ZONE_LOC","WORK_ZONE_TYPE","WZ_CLOSE_DETOUR","WZ_FLAGGER","WZ_LAW_OFFCR_IND","WZ_LN_CLOSURE","WZ_MOVING","WZ_OTHER","WZ_SHLDER_MDN","WZ_WORKERS_INJ_KILLED"
"2015129239","","0","0","0","0","0","0","0","0","0","7","0","","02","12","2015","7","40.4297","-79.923978","","11","0","0","0","0","0","0","0","0","","0","0","0","","","1","","0","","40 25:46.921","","0","79 55:26.322","3","0","0","0","2301","0","0","0","Y","0","0","0","1","02301","0","","5.0","","1","N","N","","0","","1","0","1","","0","","","1","1","0","0","0","0","0","2","0","1","","","","N","","","","","","","","","",""
"2015129302","","0","0","0","0","0","0","0","0","0","2","1","25","02","12","2015","3","40.441119","-80.019999","","11","0","0","0","0","0","0","0","1","1","0","1","0","","","0","","0","","40 26:28.030","3","0","80 01:11.996","0","0","0","0","2301","0","0","0","N","0","0","0","3","02301","0","","1.0","","1","N","N","","1","","0","0","0","","0","N","","2","0","0","0","0","0","0","2","0","2","","","Y","Y","4","1","","","N","","","","Y",""
"2015135578","","0","0","0","0","0","0","0","0","0","7","0","","02","12","2015","2","40.446492","-79.982452","","11","0","0","0","0","0","0","0","0","2","0","0","0","","","0","","2","","40 26:47.371","6","0","79 58:56.827","0","0","0","0","2301","0","0","0","N","0","0","0","1","02301","0","","2.0","","1","N","N","","0","","0","0","1","","3","Y","","1","0","1","0","0","0","0","2","0","1","","","","N","","","","","","","","","",""
"2015135519","","2","0","0","0","0","0","0","0","0","4","0","","02","12","2015","1","40.552116","-80.023354","","11","0","0","0","0","0","0","1","0","","0","0","0","","","0","","1","","40 33:07.617","","0","80 01:24.074","0","0","0","0","2116","0","0","0","","0","0","0","4","02116","0","","1.0","","1","","","","0","","0","0","0","","2","","","2","0","0","0","0","0","0","2","0","2","","","","N","","","","","","","","","",""
"2015135231","","2","0","0","0","0","0","0","0","0","4","0","","02","12","2015","7","40.464014","-80.02818","","11","0","0","0","0","0","1","0","0","","0","0","0","","","0","","2","","40 27:50.450","","0","80 01:41.449","0","0","0","0","2301","0","0","0","N","0","0","0","4","02301","0","","1.0","","9","N","N","","0","","0","0","0","","0","","","2","0","0","0","0","0","0","2","0","2","","","","N","","","","","","","","","",""
"2015135709","","1","0","0","0","0","0","0","0","0","99","0","","02","12","2015","1","40.486667","-79.807297","","11","0","0","0","0","0","0","0","0","","0","0","0","","","0","","0","","40 29:12.000","","0","79 48:26.268","0","0","0","0","2113","0","0","0","N","0","0","0","1","02113","0","","1.0","","9","N","N","","0","","0","0","0","","0","","","1","0","0","0","0","0","0","2","0","1","","","","N","","","","","","","","","",""
"2015135172","","1","0","0","0","0","0","0","0","0","4","0","","02","12","2015","4","40.402391","-79.917896","","11","0","0","0","0","0","1","0","0","","0","0","0","","","0","","0","","40 24:08.608","","0","79 55:04.426","0","0","0","0","2472","0","0","0","N","0","0","0","2","02472","0","","1.0","","1","N","N","","1","","0","0","0","","0","","","2","0","0","0","0","0","0","2","0","2","","","","N","","","","","","","","","",""
"2015136579","","0","0","0","0","0","0","0","0","0","7","0","","02","12","2015","3","40.432958","-79.794083","","11","0","0","1","0","0","0","0","0","","0","0","0","","","0","","10","","40 25:58.648","","0","79 47:38.700","0","0","0","0","2446","0","0","0","N","0","0","0","1","02446","0","","2.0","","1","N","N","","0","","0","0","1","","0","","","1","0","0","0","0","0","0","2","0","1","","","","N","","","","","","","","","",""
"2015135101","","1","0","0","0","0","0","0","0","0","2","0","","02","12","2015","4","40.479152","-79.930807","","11","0","0","0","0","0","1","0","0","1","0","0","0","","","1","","0","","40 28:44.947","5","0","79 55:50.905","3","0","0","0","2301","0","0","0","N","0","0","0","1","02301","0","","6.0","","1","N","N","","0","","1","0","1","","0","N","","2","1","0","0","0","0","0","2","0","2","","","","N","","","","","","","","","",""
"2015135235","","1","0","0","0","0","0","0","0","0","4","0","","02","12","2015","7","40.342728","-80.059564","","11","0","1","0","0","1","0","0","0","","0","0","0","","","0","","0","","40 20:33.820","","7","80 03:34.430","0","0","0","0","2123","0","0","0","N","0","0","0","2","02123","0","","1.0","","9","N","N","","0","","0","0","1","","0","","","2","0","0","0","0","0","0","2","0","2","","","","N","","","","","","","","","",""
"2015135758","","2","0","0","0","0","0","0","0","0","1","0","","02","12","2015","2","40.522111","-79.911145","","11","0","0","0","0","0","1","0","0","","0","0","0","","","1","","2","","40 31:19.599","","0","79 54:40.122","4","0","0","0","2432","0","0","0","N","0","0","0","2","02432","1","","1.0","","9","N","N","","0","","0","0","0","","7","","","2","1","0","0","0","0","0","2","0","2","","","","N","","","","","","","","","",""
"2015135236","","0","0","0","0","0","0","0","0","0","7","0","","02","12","2015","5","40.357891","-80.129416","","11","0","0","0","0","0","0","0","1","","0","0","0","","","2","","0","","40 21:28.409","","0","80 07:45.899","8","0","0","0","2119","0","0","0","N","0","0","0","2","02119","0","","4.0","","1","N","N","","0","","0","0","1","","0","","","1","2","0","0","0","2","0","2","0","1","","","","N","","","","","","","","","",""
"2015136582","","2","0","0","0","0","0","0","0","0","7","0","","02","12","2015","3","40.471216","-79.828032","","11","0","0","0","0","0","0","0","0","","0","0","0","","","0","","2","","40 28:16.376","","0","79 49:40.915","9","0","0","0","2113","0","0","0","N","0","0","0","2","02113","0","","4.0","","1","N","N","","0","","0","0","0","","0","","","2","0","0","0","0","0","1","2","0","2","","","","N","","","","","","","","","",""
"2015136003","","0","0","0","0","0","0","0","0","0","99","0","","02","12","2015","7","40.643532","-80.024391","","11","0","0","0","0","0","1","0","0","","0","0","0","","","0","","0","","40 38:36.715","","0","80 01:27.806","0","0","0","0","2216","0","0","0","N","0","0","0","2","68T02","0","","1.0","","1","N","N","","0","","0","0","1","","0","","","1","0","0","0","0","0","0","2","0","1","","","","N","","","","","","","","","",""
"2015135301","","1","0","0","0","0","0","0","0","0","4","0","","02","12","2015","7","40.452278","-79.964407","","11","0","0","0","0","0","2","0","0","1","0","0","0","","","0","","2","","40 27:08.200","1","0","79 57:51.865","9","0","0","0","2301","0","0","0","N","0","0","0","2","02301","0","","1.0","","1","N","N","","0","","0","0","1","","0","N","","2","0","0","0","0","0","1","2","0","2","","","","N","","","","","","","","","",""
"2015137157","","1","0","0","0","0","0","0","0","0","1","0","","02","12","2015","5","40.5032","-80.200037","","11","0","1","0","0","0","1","0","0","1","0","0","0","","","0","","2","","40 30:11.519","1","0","80 12:00.134","0","0","0","0","2213","0","0","0","N","0","0","0","4","02213","0","","1.0","","8","N","N","","1","","0","0","1","","0","N","","3","0","0","0","0","0","0","2","0","3","","","","N","","","","","","","","","",""
"2015136575","","1","0","0","0","0","0","0","0","0","6","0","","02","12","2015","3","40.436107","-79.780524","","11","0","0","0","0","0","0","0","0","3","0","0","0","","","1","","2","","40 26:09.985","3","0","79 46:49.885","3","0","0","0","2446","0","0","0","N","0","0","0","2","02446","0","","1.0","","1","N","N","","0","","1","0","1","","2","Y","","2","1","0","0","0","0","0","2","0","2","","","","N","","","","","","","","","",""
"2015136704","","0","0","0","0","0","0","0","0","0","7","0","","02","12","2015","5","40.393146","-79.809653","","11","0","0","0","0","0","0","0","0","1","0","0","0","","","0","","0","","40 23:35.325","6","0","79 48:34.750","0","0","0","0","2111","0","0","0","Y","0","0","0","1","02111","0","","5.0","","9","N","N","","0","","0","0","1","","0","Y","","1","0","0","0","0","0","0","2","0","1","","","","N","","","","","","","","","",""
"2015135238","","2","0","0","0","0","0","0","0","0","4","0","","02","12","2015","7","40.407883","-79.991467","","11","0","0","0","0","0","0","0","0","1","0","0","0","","","0","","0","","40 24:28.380","7","0","79 59:29.280","0","0","0","0","2301","0","0","0","N","0","0","0","3","02301","0","","1.0","","9","N","N","","0","","0","0","0","","0","N","","2","0","0","0","0","0","0","2","0","2","","","","N","","","","","","","","","",""
"2015136012","","1","0","0","0","0","0","0","0","0","1","0","","02","12","2015","5","40.356281","-80.031244","","11","0","0","0","0","0","1","0","0","2","0","0","0","","","1","","0","","40 21:22.610","6","0","80 01:52.480","8","0","0","0","2416","0","0","0","N","0","0","0","2","02416","0","","2.0","","1","N","N","","0","","0","0","1","","0","Y","","2","1","0","0","0","1","0","2","0","2","","","","N","","","","","","","","","",""
"2015135652","","1","0","0","0","0","0","0","0","0","7","0","","02","12","2015","7","40.375503","-80.030061","","11","0","0","0","0","0","0","0","0","","0","0","0","","","1","","0","","40 22:31.810","","0","80 01:48.220","4","0","0","0","2109","0","0","0","N","0","0","0","1","02109","1","","5.0","","1","N","N","","0","","0","0","0","","0","","","1","1","0","0","0","0","0","2","0","1","","","","N","","","","","","","","","",""
"2015136521","","1","0","0","0","0","0","0","0","0","4","0","","02","12","2015","3","40.390761","-79.986357","","11","0","0","0","0","0","1","0","0","","0","0","0","","","5","","2","","40 23:26.739","","0","79 59:10.885","3","0","0","0","2301","0","0","0","N","0","0","0","7","02301","4","","1.0","","1","N","N","","0","","1","0","1","","3","","","2","5","0","0","0","0","0","2","0","2","","","","N","","","","","","","","","",""
"2015135239","","2","0","0","0","0","0","0","0","0","1","0","","02","12","2015","7","40.438868","-79.762064","","11","0","1","0","0","0","0","0","0","1","0","0","0","","","2","","0","","40 26:19.924","3","0","79 45:43.432","8","0","0","0","2446","0","0","0","N","0","0","0","5","02446","0","","1.0","","9","N","N","","0","","0","0","0","","2","N","","2","2","0","0","0","2","0","2","0","2","","","","N","","","","","","","","","",""
"2015136768","","2","0","0","0","0","0","0","0","0","1","0","","02","12","2015","3","40.539581","-79.762739","","11","0","2","0","0","0","0","0","0","1","0","0","0","","","0","","0","","40 32:22.490","5","0","79 45:45.860","0","0","0","0","2466","0","0","0","N","0","0","0","6","02466","0","","1.0","","1","N","N","","1","","0","0","2","","0","N","","5","0","0","0","0","0","0","1","0","5","","","","N","","","","","","","","","",""
"2015136013","","0","0","0","0","0","0","0","0","0","4","0","","02","12","2015","5","40.362022","-80.011171","","11","0","0","0","0","0","1","0","0","2","0","0","0","","","3","","1","","40 21:43.279","7","0","80 00:40.215","2","0","1","1","2416","0","0","0","N","0","0","0","6","02416","1","","1.0","","1","N","N","","2","","1","1","0","","3","N","","3","3","0","0","0","0","0","2","0","3","","","","N","","","","","","","","","",""
"2015136077","","1","0","0","0","0","0","0","0","0","5","0","","02","12","2015","2","40.462482","-79.927828","","11","0","0","0","0","0","0","1","0","2","0","0","0","","","1","","1","","40 27:44.935","4","0","79 55:40.180","8","0","0","0","2301","0","0","0","N","0","0","0","5","02301","0","","1.0","","9","N","N","","0","","0","0","1","","2","N","","2","1","0","0","0","1","0","2","0","2","","","","N","","","","","","","","","",""
"2015136351","","1","0","0","0","0","0","0","0","0","4","0","","02","12","2015","3","40.35695","-79.980634","","11","0","0","0","0","0","1","0","0","1","0","0","0","","","3","","0","","40 21:25.020","2","0","79 58:50.284","4","0","0","0","2476","0","0","0","N","0","0","0","5","02476","3","","1.0","","9","N","N","","0","","0","0","1","","0","Y","","2","3","1","0","0","0","0","2","0","2","","","","N","","","","","","","","","",""
"2015135179","","1","0","0","0","0","0","0","0","0","6","0","","02","12","2015","7","40.39182","-80.016755","","11","0","0","0","0","0","0","0","0","","0","0","0","","","0","","1","","40 23:30.552","","0","80 01:00.318","9","0","0","0","2301","0","0","0","N","0","0","0","2","02301","0","","1.0","","9","N","","","0","","0","0","1","","2","","","2","0","0","0","0","0","1","2","0","2","","","","N","","","","","","","","","",""
"2015136014","","1","0","0","0","0","0","0","0","0","1","0","","02","12","2015","7","40.369408","-80.033768","","11","1","0","0","0","0","0","1","0","","0","0","0","","","1","","0","","40 22:09.867","","0","80 02:01.565","4","0","0","0","2416","0","0","0","N","0","0","0","4","02416","1","","1.0","","1","N","N","","0","","0","0","1","","0","","","2","1","0","0","0","0","0","2","0","2","","","","N","","","","","","","","","",""
"2015136078","","2","0","0","0","0","0","0","0","0","1","0","","02","12","2015","2","40.381395","-79.927709","","11","0","0","0","1","0","0","0","0","1","0","0","0","","","5","","2","","40 22:53.021","2","0","79 55:39.753","4","0","0","0","2301","0","0","0","N","0","0","0","7","02301","5","","1.0","","9","N","N","","0","","0","0","0","","2","N","","3","5","0","0","0","0","0","2","1","3","","","","N","","","","","","","","","",""
"2015135718","","1","0","0","0","0","0","0","0","0","2","0","","02","12","2015","5","40.561025","-80.039371","","11","0","0","0","0","0","0","0","0","1","0","0","0","","","1","","1","","40 33:39.689","1","0","80 02:21.737","3","0","0","0","2108","0","0","0","N","0","0","0","3","02108","0","","1.0","","9","N","N","","0","","1","0","1","","2","N","","2","1","0","0","0","0","0","2","0","2","","","","N","","","","","","","","","",""
"2015136587","","1","0","0","0","0","0","0","0","0","0","0","","02","12","2015","6","40.394944","-80.097605","","11","0","0","0","0","0","1","0","0","2","0","0","0","","","1","","2","","40 23:41.798","7","0","80 05:51.378","3","0","0","0","2117","0","0","0","N","0","0","0","1","02117","0","","5.0","","9","N","N","","0","","1","0","0","","0","Y","","1","1","0","0","0","0","0","2","0","1","","","","N","","","","","","","","","",""
"2015136008","","2","0","0","0","0","0","0","0","0","4","0","","02","12","2015","2","40.354226","-79.913811","","11","0","0","0","0","0","0","0","1","","0","0","0","","","0","","1","","40 21:15.213","","0","79 54:49.719","0","0","0","0","2473","0","0","0","N","0","0","0","3","02473","0","","1.0","","9","N","N","","0","","0","0","0","","2","","","2","0","0","0","0","0","0","2","0","2","","","","N","","","","","","","","","",""
"2015135252","","0","0","0","0","0","0","0","0","0","4","0","","02","12","2015","7","40.444202","-80.028173","","11","0","0","0","0","0","1","0","0","1","0","0","0","","","2","","1","","40 26:39.126","2","0","80 01:41.424","8","0","0","0","2301","0","0","0","N","0","0","0","6","02301","0","","1.0","","9","N","N","","0","","0","0","2","","2","Y","","2","2","2","0","0","2","0","2","0","2","","","","N","","","","","","","","","",""
"2015136143","","2","0","0","0","0","0","0","0","0","1","0","","02","12","2015","3","40.40785","-80.084975","","11","0","0","0","0","0","0","0","0","2","0","0","0","","","0","","0","","40 24:28.260","5","0","80 05:05.910","0","0","0","0","2415","0","0","0","N","0","0","0","1","02415","0","","1.0","","9","N","N","","0","","0","0","0","","0","Y","","2","0","0","0","0","0","0","2","0","2","","","","N","","","","","","","","","",""
"2015136420","","0","0","0","0","0","0","0","0","0","4","0","","02","12","2015","1","40.561325","-80.013073","","11","0","0","0","0","0","1","0","0","1","0","0","0","","","0","","1","","40 33:40.771","4","0","80 00:47.064","0","0","0","0","2108","0","0","0","N","0","0","0","7","02108","0","","1.0","","9","N","N","","0","","0","0","2","","2","N","","2","0","1","0","0","0","0","2","0","2","","","","N","","","","","","","","","",""
"2015135719","","0","0","0","0","0","0","0","0","0","4","0","","02","12","2015","3","40.582987","-79.991838","","11","1","0","0","0","0","1","0","0","1","0","0","0","","","0","","2","","40 34:58.754","5","0","79 59:30.616","0","0","0","0","2108","0","0","0","N","0","0","0","2","02108","0","","1.0","","9","N","N","","0","","0","0","2","","3","N","","2","0","0","0","0","0","0","2","0","2","","","","N","","","","","","","","","",""
"2015135118","","0","0","0","0","0","0","0","0","0","7","0","","02","12","2015","5","40.458136","-79.792623","","11","0","1","0","0","0","0","0","0","","0","0","0","","","0","","0","","40 27:29.290","","0","79 47:33.444","0","0","0","0","2113","0","0","0","N","0","0","0","1","02113","0","","5.0","","1","N","N","","0","","0","0","0","","0","","","1","0","0","0","0","0","0","2","1","1","","","","N","","","","","","","","","",""
"2015135950","","0","0","0","0","0","0","0","0","0","1","0","","02","12","2015","7","40.465931","-80.133569","","11","0","0","0","0","0","0","0","1","2","0","0","0","","","0","","2","","40 27:57.353","4","0","80 08:00.849","0","0","0","0","2115","0","0","0","N","0","0","0","2","02115","0","","1.0","","1","N","N","","0","","0","0","2","","0","N","","2","0","0","0","0","0","0","2","0","2","","","","N","","","","","","","","","",""
"2015135244","","1","0","0","0","0","0","0","0","0","7","0","","02","12","2015","7","40.347489","-79.944766","","11","0","0","0","0","0","0","1","0","","0","0","0","","","1","","5","","40 20:50.960","","0","79 56:41.157","8","0","0","0","2473","0","0","0","N","0","0","0","1","02473","0","","3.0","","9","N","N","","0","","0","0","0","","3","","","1","1","0","0","0","1","0","2","0","1","","","","N","","","","","","","","","",""
"2015136081","","2","0","0","0","0","0","0","0","0","4","0","","02","12","2015","2","40.439147","-79.962119","","11","0","0","1","0","0","0","0","0","","0","0","0","","","2","","2","","40 26:20.929","","0","79 57:43.628","8","0","0","0","2301","0","0","0","N","0","0","0","5","02301","0","","1.0","","9","N","N","","0","","0","0","0","","2","","","2","2","0","0","0","2","0","2","0","2","","","","N","","","","","","","","","",""
"2015135951","","2","0","0","0","0","0","0","0","0","1","0","","02","12","2015","4","40.339931","-80.042856","","11","0","0","0","0","0","1","0","0","","0","0","0","","","0","","0","","40 20:23.750","","0","80 02:34.280","0","0","0","0","2407","0","0","0","N","0","0","0","2","02407","0","","1.0","","1","N","N","","0","","0","0","0","","0","","","2","0","0","0","0","0","0","2","0","2","","","","N","","","","","","","","","",""
"2015136711","","2","0","0","0","0","0","0","0","0","1","0","","02","12","2015","3","40.567368","-80.009486","","11","0","0","0","0","0","2","0","0","2","0","0","0","","","2","","0","","40 34:02.525","3","0","80 00:34.148","8","0","0","0","2108","0","0","0","N","0","0","0","2","02108","0","","1.0","","1","N","N","","0","","0","0","0","","2","N","","2","2","0","0","0","2","0","2","0","2","","","","N","","","","","","","","","",""
"2015135245","","1","0","0","0","0","0","0","0","0","4","0","","02","12","2015","2","40.636913","-79.939069","","11","0","0","0","0","0","0","0","0","2","0","0","0","","","1","","0","","40 38:12.886","2","7","79 56:20.650","4","0","0","0","2217","0","0","0","N","0","0","0","2","02505","1","","1.0","","1","N","N","","0","","0","0","1","","2","N","","2","1","0","0","0","0","0","2","0","2","","","","N","","","","","","","","","",""
"2015136010","","1","0","0","0","0","0","0","0","0","7","0","","02","12","2015","3","40.614088","-79.955391","","11","0","0","0","0","0","0","0","0","","0","0","0","","","0","","0","","40 36:50.716","","0","79 57:19.407","0","0","0","0","2207","0","0","0","N","0","0","0","1","02207","0","","5.0","","9","N","N","","0","","0","0","0","","0","","","1","0","0","0","0","0","0","2","0","1","","","","N","","","","","","","","","",""
"2015136018","","1","0","0","0","0","0","0","0","0","4","0","","02","12","2015","2","40.441057","-80.080645","","11","0","0","0","0","0","0","0","0","","0","0","0","","","0","","0","","40 26:27.804","","0","80 04:50.323","0","0","0","0","2301","0","0","0","N","0","0","0","2","02301","0","","1.0","","9","N","N","","0","","0","0","1","","0","","","2","0","0","0","0","0","0","2","0","2","","","","N","","","","","","","","","",""
"2015135318","","1","0","0","0","0","0","0","0","0","4","0","","02","12","2015","1","40.354856","-79.840797","","11","0","0","0","0","0","0","0","0","1","0","0","0","","","1","","10","","40 21:17.482","6","99","79 50:26.869","8","0","0","0","2304","0","0","0","N","0","0","0","2","02304","0","","1.0","","9","N","N","","0","","0","0","1","","0","Y","","2","1","0","0","0","1","0","2","0","2","","","","N","","","","","","","","","",""
"2015135770","","1","0","0","0","0","0","0","0","0","4","0","","02","12","2015","6","40.40438","-79.900575","","11","0","0","0","0","0","1","1","0","","0","0","0","","","0","","1","","40 24:15.768","","0","79 54:02.070","0","0","0","0","2448","0","0","0","N","0","0","0","3","02448","0","","1.0","","1","N","N","","0","","0","0","1","","3","","","2","0","0","0","0","0","0","2","0","2","","","","N","","","","","","","","","",""
"2015136529","","1","0","2","0","0","0","0","0","0","1","0","","02","12","2015","6","40.275006","-79.888029","","11","0","0","0","0","0","1","1","0","","0","0","0","","","2","","0","","40 16:30.023","","3","79 53:16.904","2","0","0","0","2428","0","0","0","N","0","0","0","4","02428","0","","1.0","","7","N","N","","0","","0","2","1","","0","","","2","2","1","0","0","0","0","2","0","2","","","","N","","","","","","","","","",""
"2015135952","","0","0","0","0","0","0","0","0","0","7","0","","02","12","2015","6","40.338331","-80.030833","","11","0","0","0","1","0","0","0","0","","0","0","0","","","0","","0","","40 20:17.990","","0","80 01:51.000","0","0","0","0","2407","0","0","0","N","0","0","0","1","02407","0","","4.0","","2","N","N","","0","","0","0","1","","0","","","1","0","0","0","0","0","0","2","0","1","","","","N","","","","","","","","","",""
"2015136712","","2","0","0","0","0","0","0","0","0","1","0","","02","12","2015","3","40.349131","-80.049933","","11","0","0","0","0","0","0","0","0","2","0","0","0","","","1","","2","","40 20:56.871","2","0","80 02:59.758","4","0","0","0","2407","0","0","0","N","0","0","0","3","02407","1","","1.0","","1","N","N","","0","","0","0","0","","2","N","","2","1","2","0","0","0","0","2","0","2","","","","N","","","","","","","","","",""
"2015135246","","1","0","0","0","0","0","0","0","0","1","0","","02","12","2015","7","40.448001","-79.897673","","11","0","0","0","0","0","0","1","0","","0","0","0","","","0","","0","","40 26:52.803","","0","79 53:51.624","0","0","0","0","2301","0","0","0","N","0","0","0","1","02301","0","","1.0","","9","N","N","","0","","0","0","0","","0","","","2","0","0","0","0","0","0","2","1","2","","","","N","","","","","","","","","",""
"2015135256","","2","0","0","0","0","0","0","0","0","4","0","","02","12","2015","7","40.438328","-79.980053","","11","0","0","0","0","0","0","0","0","","0","0","0","","","0","","0","","40 26:17.980","","7","79 58:48.190","0","0","0","0","2301","0","0","0","N","0","0","0","2","02301","0","","1.0","","9","N","N","","0","","0","0","0","","0","","","2","0","0","0","0","0","0","2","0","2","","","","N","","","","","","","","","",""
"2015136783","","2","0","0","0","0","0","0","0","0","2","0","","02","12","2015","1","40.287884","-79.828443","","11","0","0","0","0","0","0","0","0","2","0","0","0","","","0","","0","","40 17:16.383","5","0","79 49:42.394","0","0","0","0","2105","0","0","0","N","0","0","0","4","02105","0","","1.0","","1","N","N","","0","","0","0","0","","0","N","","2","0","1","0","0","0","0","2","0","2","","","","N","","","","","","","","","",""
"2015136903","","1","0","0","0","0","0","0","0","0","1","0","","02","12","2015","4","40.464484","-79.930088","","11","0","0","0","0","0","0","1","0","","0","0","0","","","0","","1","","40 27:52.142","","0","79 55:48.316","0","0","0","0","2301","0","0","0","N","0","0","0","3","02301","0","","1.0","","1","N","N","","0","","0","0","1","","0","","","2","0","0","0","0","0","0","2","0","2","","","","N","","","","","","","","","",""
"2015135954","","2","0","0","0","0","0","0","0","0","4","0","","02","12","2015","7","40.311744","-80.064943","","11","0","0","0","0","0","0","0","0","","0","0","0","","","0","","1","","40 18:42.279","","0","80 03:53.795","0","0","0","0","2407","0","0","0","N","0","0","0","3","02407","0","","1.0","","9","N","N","","0","","0","0","0","","3","","","2","0","2","0","0","0","0","2","0","2","","","","N","","","","","","","","","",""
"2015135321","","1","0","0","0","0","0","0","0","0","1","0","","02","12","2015","1","40.462639","-79.824085","","11","0","0","0","0","0","1","0","1","","0","0","0","","","0","","0","","40 27:45.499","","0","79 49:26.706","0","0","0","0","2113","0","0","0","N","0","0","0","2","02113","0","","1.0","","9","N","N","","0","","0","0","1","","0","","","2","0","0","0","0","0","0","2","0","2","","","","N","","","","","","","","","",""
"2015135124","","0","0","0","0","0","0","0","0","0","1","0","","02","12","2015","5","40.478536","-79.967359","","11","0","0","0","0","0","0","0","0","2","0","0","0","","","0","","6","","40 28:42.729","1","2","79 58:02.493","0","0","0","0","2118","0","0","0","N","0","0","0","4","02118","0","","1.0","","1","N","N","","0","","0","0","2","","3","N","","2","0","0","0","0","0","0","2","0","2","","","","N","","","","","","","","","",""
"2015125659","","0","0","0","0","0","0","1","0","0","1","1","","02","12","2015","5","40.401975","-80.171639","","11","0","0","0","0","0","0","0","1","1","0","0","0","","","0","","0","","40 24:07.111","3","0","80 10:17.899","0","0","0","0","2214","0","0","0","N","0","0","0","33","02214","0","","1.0","","1","Y","N","","0","","0","0","1","","0","N","","2","0","0","0","0","0","0","1","0","2","","","","N","","","","","","","","","",""
"2015135125","","1","0","1","0","0","0","0","0","1","1","0","","02","12","2015","5","40.458756","-79.823261","","11","0","0","0","0","0","0","0","0","3","0","0","0","","","5","","0","","40 27:31.521","5","0","79 49:23.739","2","0","0","0","2113","0","0","0","N","0","0","0","9","02113","0","","1.0","","9","N","N","","0","","3","2","2","","0","Y","","3","5","1","0","1","0","0","2","0","3","","","","N","","","","","","","","","",""
"2015136151","","1","0","0","0","0","0","0","0","0","7","0","","02","12","2015","2","40.438999","-79.995643","","11","0","0","0","0","0","0","0","0","1","0","0","0","","","1","","1","","40 26:20.396","7","0","79 59:44.314","4","0","0","0","2301","0","0","0","N","0","0","0","2","02301","1","","2.0","","9","N","N","","0","","0","0","0","","2","Y","","1","1","2","0","0","0","0","2","0","1","","","","N","","","","","","","","","",""
"2015125661","","3","0","0","0","0","0","0","0","0","4","0","","02","12","2015","5","40.43434","-79.918759","","11","0","0","1","0","0","0","0","0","","0","0","0","","","0","","2","","40 26:03.624","","0","79 55:07.532","0","0","0","0","2301","0","0","0","N","0","0","0","2","02301","0","","1.0","","1","N","N","","0","","0","0","0","","3","","","3","0","0","0","0","0","0","2","0","3","","","","N","","","","","","","","","",""
"2015136790","","1","0","0","0","0","0","0","0","0","4","0","","02","12","2015","5","40.331108","-80.030695","","11","0","0","0","0","0","1","0","1","","0","0","0","","","0","","2","","40 19:51.988","","0","80 01:50.502","0","0","0","0","2407","0","0","0","N","0","0","0","2","02407","0","","1.0","","1","N","N","","0","","0","0","1","","3","","","2","0","0","0","0","0","0","2","0","2","","","","N","","","","","","","","","",""