"CRN","ARRIVAL_TM","AUTOMOBILE_COUNT","BELTED_DEATH_COUNT","BELTED_SUSP_SERIOUS_INJ_COUNT","BICYCLE_COUNT","BICYCLE_DEATH_COUNT","BICYCLE_SUSP_SERIOUS_INJ_COUNT","BUS_COUNT","CHLDPAS_DEATH_COUNT","CHLDPAS_SUSP_SERIOUS_INJ_COUNT","COLLISION_TYPE","COMM_VEH_COUNT","CONS_ZONE_SPD_LIM","COUNTY","CRASH_MONTH","CRASH_YEAR","DAY_OF_WEEK","DEC_LATITUDE","DEC_LONGITUDE","DISPATCH_TM","DISTRICT","DRIVER_COUNT_16YR","DRIVER_COUNT_17YR","DRIVER_COUNT_18YR","DRIVER_COUNT_19YR","DRIVER_COUNT_20YR","DRIVER_COUNT_50_64YR","DRIVER_COUNT_65_74YR","DRIVER_COUNT_75PLUS","EST_HRS_CLOSED","FATAL_COUNT","HEAVY_TRUCK_COUNT","HORSE_BUGGY_COUNT","HOUR_OF_DAY","ILLUMINATION","INJURY_COUNT","INTERSECTION_RELATED","INTERSECT_TYPE","LANE_CLOSED","LATITUDE","LN_CLOSE_DIR","LOCATION_TYPE","LONGITUDE","MAX_SEVERITY_LEVEL","MCYCLE_DEATH_COUNT","MCYCLE_SUSP_SERIOUS_INJ_COUNT","MOTORCYCLE_COUNT","MUNICIPALITY","NONMOTR_COUNT","NONMOTR_DEATH_COUNT","NONMOTR_SUSP_SERIOUS_INJ_COUNT","NTFY_HIWY_MAINT","PED_COUNT","PED_DEATH_COUNT","PED_SUSP_SERIOUS_INJ_COUNT","PERSON_COUNT","POLICE_AGCY","POSSIBLE_INJ_COUNT","RDWY_SURF_TYPE_CD","RELATION_TO_ROAD","ROADWAY_CLEARED","ROAD_CONDITION","SCH_BUS_IND","SCH_ZONE_IND","SECONDARY_CRASH","SMALL_TRUCK_COUNT","SPEC_JURIS_CD","SUSP_MINOR_INJ_COUNT","SUSP_SERIOUS_INJ_COUNT","SUV_COUNT","TCD_FUNC_CD","TCD_TYPE","TFC_DETOUR_IND","TIME_OF_DAY","TOTAL_UNITS","TOT_INJ_COUNT","UNBELTED_OCC_COUNT","UNB_DEATH_COUNT","UNB_SUSP_SERIOUS_INJ_COUNT","UNK_INJ_DEG_COUNT","UNK_INJ_PER_COUNT","URBAN_RURAL","VAN_COUNT","VEHICLE_COUNT","WEATHER1","WEATHER2","WORKERS_PRES","WORK_ZONE_IND","WORK_ZONE_LOC","WORK_ZONE_TYPE","WZ_CLOSE_DETOUR","WZ_FLAGGER","WZ_LAW_OFFCR_IND","WZ_LN_CLOSURE","WZ_MOVING","WZ_OTHER","WZ_SHLDER_MDN","WZ_WORKERS_INJ_KILLED"
"2015136848","","1","0","0","0","0","0","0","0","0","1","0","","02","12","2015","4","","","","11","0","0","0","0","0","2","0","0","","0","0","0","","","1","","2","","00 00:00.000","","0","00 00:00.000","4","0","0","0","2476","0","0","0","N","0","0","0","7","02476","1","","1.0","","1","N","N","","0","","0","0","2","","0","","","3","1","0","0","0","0","0","1","0","3","","","","N","","","","","","","","","",""
"2015136152","","0","0","0","0","0","0","0","0","0","4","0","","02","12","2015","3","40.372458","-79.957706","","11","0","0","0","0","0","0","0","0","2","0","0","0","","","1","","2","","40 22:20.848","1","0","79 57:27.741","4","0","0","0","2403","0","0","0","N","0","0","0","2","02403","1","","1.0","","1","N","N","","0","","0","0","2","","3","Y","","2","1","1","0","0","0","0","2","0","2","","","","N","","","","","","","","","",""
"2015136089","","2","0","0","0","0","0","0","0","0","1","0","","02","12","2015","1","40.352173","-79.977658","","11","0","1","0","0","0","0","0","0","","0","0","0","","","0","","1","","40 21:07.821","","0","79 58:39.567","0","0","0","0","2476","0","0","0","N","0","0","0","2","02476","0","","1.0","","9","N","N","","0","","0","0","0","","2","","","2","0","0","0","0","0","0","2","0","2","","","","N","","","","","","","","","",""
"2015055485","","1","0","0","0","0","0","0","0","0","7","0","","02","5","2015","2","40.267851","-79.802459","","11","0","0","0","0","0","0","0","0","3","0","0","0","","","1","","0","","40 16:04.264","6","0","79 48:08.852","8","0","0","0","2105","0","0","0","","0","0","0","1","02105","0","","4.0","","1","N","N","","0","","0","0","0","","0","Y","","1","1","1","0","0","1","0","2","0","1","","","","N","","","","","","","","","",""
"2015136920","","1","0","0","0","0","0","0","0","0","4","0","","02","12","2015","4","40.45362","-79.915337","","11","0","0","0","0","0","1","0","0","","0","0","0","","","1","","2","","40 27:13.032","","7","79 54:55.213","3","0","0","0","2301","0","0","0","N","0","0","0","2","02301","0","","1.0","","1","N","N","","1","","1","0","0","","2","","","2","1","0","0","0","0","0","2","0","2","","","","N","","","","","","","","","",""
"2015136730","","1","0","0","0","0","0","0","0","0","1","0","","02","12","2015","4","40.461243","-79.969251","","11","0","0","0","0","0","0","1","0","","0","0","0","","","0","","0","","40 27:40.473","","0","79 58:09.302","0","0","0","0","2301","0","0","0","N","0","0","0","4","02301","0","","1.0","","1","N","N","","0","","0","0","1","","2","","","2","0","0","0","0","0","0","2","0","2","","","","N","","","","","","","","","",""
"2015135265","","1","0","0","0","0","0","0","0","0","2","0","","02","12","2015","7","40.45216","-79.826406","","11","0","0","0","0","0","1","0","0","3","0","0","0","","","4","","0","","40 27:07.777","5","0","79 49:35.063","3","0","0","0","2113","0","0","0","N","0","0","0","8","02113","1","","1.0","","9","N","N","","1","","3","0","0","","0","Y","","2","4","4","0","0","0","0","2","0","2","","","","N","","","","","","","","","",""
"2015136092","","2","0","0","0","0","0","0","0","0","1","0","","02","12","2015","2","40.450206","-79.928424","","11","0","0","0","0","0","1","0","0","","0","0","0","","","0","","2","","40 27:00.741","","0","79 55:42.326","0","0","0","0","2301","0","0","0","N","0","0","0","3","02301","0","","1.0","","9","N","N","","0","","0","0","0","","0","","","2","0","0","0","0","0","0","2","0","2","","","","N","","","","","","","","","",""
"2015136921","","2","0","0","0","0","0","0","0","0","7","0","","02","12","2015","5","40.463164","-79.856232","","11","0","0","0","0","0","0","0","0","","0","0","0","","","0","","0","","40 27:47.392","","0","79 51:22.435","0","0","0","0","2113","0","0","0","N","0","0","0","1","02113","0","","4.0","","1","N","N","","0","","0","0","0","","0","","","2","0","0","0","0","0","0","2","0","2","","","","N","","","","","","","","","",""
"2015136731","","1","0","0","0","0","0","0","0","0","4","0","","02","12","2015","4","40.506518","-79.891723","","11","0","0","0","0","0","0","0","0","","0","0","0","","","0","","2","","40 30:23.464","","0","79 53:30.202","0","0","0","0","2432","0","0","0","N","0","0","0","2","02432","0","","1.0","","1","N","N","","0","","0","0","1","","3","","","2","0","0","0","0","0","0","2","0","2","","","","N","","","","","","","","","",""
"2015135268","","0","0","0","0","0","0","0","0","0","7","0","","02","12","2015","7","40.414242","-79.997114","","11","0","0","0","0","0","0","0","0","1","0","0","0","","","0","","2","","40 24:51.270","3","0","79 59:49.610","0","0","0","0","2301","0","0","0","N","0","0","0","1","02301","0","","5.0","","9","N","N","","0","","0","0","1","","3","N","","1","0","0","0","0","0","0","2","0","1","","","","N","","","","","","","","","",""
"2015136795","","1","0","0","0","0","0","0","0","0","7","0","","02","12","2015","3","40.506477","-80.033828","","11","0","0","0","0","0","0","0","0","","0","0","0","","","1","","0","","40 30:23.318","","0","80 02:01.781","4","0","0","0","2116","0","0","0","N","0","0","0","1","68B03","1","","4.0","","1","N","N","","0","","0","0","0","","0","","","1","1","0","0","0","0","0","2","0","1","","","","N","","","","","","","","","",""
"2015136093","","2","0","0","0","0","0","0","0","0","2","0","","02","12","2015","2","40.560079","-79.94595","","11","0","0","0","0","0","0","0","0","","0","0","0","","","0","","0","","40 33:36.284","","0","79 56:45.420","0","0","0","0","2207","0","0","0","N","0","0","0","1","02207","0","","1.0","","9","N","N","","0","","0","0","0","","0","","","2","0","0","0","0","0","0","2","0","2","","","","N","","","","","","","","","",""
"2015135787","","1","0","0","0","0","0","0","0","0","1","0","","02","12","2015","2","40.404047","-79.883327","","11","0","0","0","0","0","0","0","0","","0","0","0","","","1","","2","","40 24:14.568","","3","79 52:59.976","8","0","0","0","2475","0","0","0","N","0","0","0","3","02475","0","","1.0","","9","N","N","","0","","0","0","1","","2","","","2","1","0","0","0","1","0","2","0","2","","","","N","","","","","","","","","",""
"2015136796","","2","0","0","0","0","0","0","0","0","1","0","","02","12","2015","2","40.486588","-80.008801","","11","0","0","0","0","0","0","0","0","","0","0","0","","","0","","0","","40 29:11.716","","0","80 00:31.685","0","0","0","0","2301","0","0","0","N","0","0","0","2","68B03","0","","1.0","","1","N","N","","0","","0","0","0","","0","","","2","0","0","0","0","0","0","2","0","2","","","","N","","","","","","","","","",""
"2015136095","","1","0","0","0","0","0","0","0","0","7","0","","02","12","2015","2","40.527129","-79.816606","","11","0","0","0","0","0","0","1","0","","0","0","0","","","0","","2","","40 31:37.663","","0","79 48:59.780","0","0","0","0","2466","0","0","0","N","0","0","0","1","02466","0","","2.0","","9","N","N","","0","","0","0","0","","2","","","1","0","0","0","0","0","0","2","0","1","","","","N","","","","","","","","","",""
"2015135672","","1","0","0","0","0","0","0","0","0","7","0","","02","12","2015","5","40.451397","-80.011288","","11","0","0","0","0","0","0","0","0","2","0","0","0","","","1","","3","","40 27:05.028","6","3","80 00:40.635","3","0","0","0","2301","0","0","0","N","0","0","0","2","02301","0","","4.0","","1","N","N","","0","","1","0","0","","0","Y","","1","1","0","0","0","0","0","2","0","1","","","","N","","","","","","","","","",""
"2015136797","","1","0","0","0","0","0","0","0","0","1","0","","02","12","2015","4","40.425705","-79.902279","","11","0","0","0","0","0","0","0","0","","0","0","0","","","0","","0","","40 25:32.538","","0","79 54:08.205","0","0","0","0","2301","0","0","0","N","0","0","0","1","68B03","0","","1.0","","1","N","N","","0","","0","0","1","","0","","","2","0","0","0","0","0","0","2","0","2","","","","N","","","","","","","","","",""
"2015136735","","0","0","0","0","0","0","0","0","0","1","0","","02","12","2015","4","40.359385","-80.073432","","11","0","0","0","0","0","1","0","0","","0","0","0","","","0","","2","","40 21:33.785","","0","80 04:24.354","0","0","0","0","2123","0","0","0","N","0","0","0","2","02123","0","","1.0","","1","N","N","","0","","0","0","1","","2","","","2","0","0","0","0","0","0","2","1","2","","","","N","","","","","","","","","",""
"2015136858","","1","0","0","0","0","0","0","0","0","1","0","","02","12","2015","7","40.442378","-79.819368","","11","0","0","0","0","0","0","0","0","2","0","0","0","","","1","","0","","40 26:32.562","3","0","79 49:09.726","4","0","0","0","2124","0","0","0","N","0","0","0","2","68B03","1","","1.0","","9","N","N","","0","","0","0","1","","0","N","","2","1","0","0","0","0","0","2","0","2","","","","N","","","","","","","","","",""
"2015136438","","1","0","0","0","0","0","0","0","0","5","0","","02","12","2015","1","40.490873","-79.882751","","11","0","0","0","0","0","0","1","0","","0","0","0","","","0","","0","","40 29:27.144","","0","79 52:57.904","0","0","0","0","2112","0","0","0","N","0","0","0","2","68D02","0","","1.0","","9","N","N","","1","","0","0","0","","0","","","2","0","0","0","0","0","0","2","0","2","","","","N","","","","","","","","","",""
"2015136736","","1","0","0","0","0","0","0","0","0","7","0","","02","12","2015","4","40.401389","-79.866083","","11","0","0","0","0","0","0","0","0","","0","0","0","","","0","","0","","40 24:05.000","","0","79 51:57.900","0","0","0","0","2410","0","0","0","N","0","0","0","1","02410","0","","5.0","","1","N","N","","0","","0","0","0","","0","","","1","0","0","0","0","0","0","2","0","1","","","","N","","","","","","","","","",""
"2015135793","","2","0","0","0","0","0","0","0","0","8","0","","02","12","2015","1","40.501393","-80.075059","","11","0","0","0","0","0","0","1","0","3","0","0","0","","","1","","2","","40 30:05.014","5","0","80 04:30.214","8","0","0","0","2402","1","0","0","N","1","0","0","4","02402","0","","1.0","","9","N","N","","0","","0","0","0","","2","Y","","3","1","0","0","0","1","1","2","0","2","","","","N","","","","","","","","","",""
"2015135275","","1","0","0","0","0","0","0","0","0","1","0","","02","12","2015","6","40.479181","-80.096039","","11","0","0","0","0","0","0","0","0","","0","0","0","","","0","","0","","40 28:45.050","","0","80 05:45.740","0","0","0","0","2126","0","0","0","N","0","0","0","1","02126","0","","6.0","","1","N","N","","0","","0","0","1","","0","","","2","0","0","0","0","0","0","2","0","2","","","","N","","","","","","","","","",""
"2015136550","","1","0","0","0","0","0","0","0","0","7","0","","02","12","2015","3","40.531728","-79.865418","","11","0","0","0","0","0","0","0","0","","0","0","0","","","1","","0","","40 31:54.219","","0","79 51:55.503","4","0","0","0","2432","0","0","0","N","0","0","0","1","02432","1","","5.0","","9","N","N","","0","","0","0","0","","0","","","1","1","0","0","0","0","0","2","0","1","","","","N","","","","","","","","","",""
"2015135339","","0","0","0","0","0","0","0","0","0","1","0","","02","12","2015","7","40.347708","-79.986483","","11","0","0","0","2","0","0","0","0","1","0","0","0","","","0","","0","","40 20:51.750","2","0","79 59:11.340","0","0","0","0","2476","0","0","0","N","0","0","0","5","02476","0","","1.0","","9","N","N","","0","","0","0","3","","0","N","","3","0","0","0","0","0","0","2","0","3","","","","N","","","","","","","","","",""
"2015137184","","2","0","0","0","0","0","0","0","0","1","0","","02","12","2015","5","40.532973","-79.958818","","11","0","0","0","0","0","0","0","0","","0","0","0","","","0","","2","","40 31:58.702","","0","79 57:31.743","0","0","0","0","2118","0","0","0","N","0","0","0","2","02118","0","","1.0","","1","N","N","","0","","0","0","0","","2","","","2","0","0","0","0","0","0","2","0","2","","","","N","","","","","","","","","",""
"2015136553","","0","0","0","0","0","0","0","0","0","4","0","","02","12","2015","3","40.437151","-79.998411","","11","0","0","1","0","0","0","0","0","","0","0","0","","","0","","1","","40 26:13.743","","0","79 59:54.279","0","0","0","0","2301","0","0","0","N","0","0","0","3","02301","0","","1.0","","1","N","N","","0","","0","0","2","","2","","","2","0","0","0","0","0","0","2","0","2","","","","N","","","","","","","","","",""
"2015136677","","0","0","0","0","0","0","0","0","0","7","0","","02","12","2015","2","40.548153","-79.77471","","11","0","0","0","0","0","1","0","0","2","0","0","0","","","1","","0","","40 32:53.351","3","0","79 46:28.956","8","0","0","0","2121","0","0","0","N","0","0","0","1","02121","0","","5.0","","9","N","N","","0","","0","0","1","","0","N","","1","1","0","0","0","1","0","1","0","1","","","","N","","","","","","","","","",""
"2015136871","","1","0","0","0","0","0","0","0","0","7","0","","02","12","2015","4","40.419031","-79.938517","","11","0","0","0","0","0","0","0","1","1","0","0","0","","","1","","0","","40 25:08.510","3","0","79 56:18.660","3","0","0","0","2301","0","0","0","N","0","0","0","1","02301","0","","4.0","","1","N","","","0","","1","0","0","","0","N","","1","1","0","0","0","0","0","2","0","1","","","","N","","","","","","","","","",""
"2015136554","","1","0","0","0","0","0","0","0","0","7","0","","02","12","2015","3","40.360366","-79.868875","","11","0","0","0","0","0","0","1","0","2","0","0","0","","","1","","0","","40 21:37.316","3","0","79 52:07.949","3","0","0","0","2473","0","0","0","N","0","0","0","1","02473","0","","5.0","","1","N","N","","0","","1","0","0","","0","Y","","1","1","1","0","0","0","0","2","0","1","","","","N","","","","","","","","","",""
"2015135144","","2","0","0","0","0","0","0","0","0","6","0","","02","12","2015","7","40.479667","-80.039011","","11","0","0","0","0","0","0","0","0","","0","0","0","","","0","","0","","40 28:46.800","","0","80 02:20.440","0","0","0","0","2301","0","0","0","N","0","0","0","1","02301","0","","4.0","","1","N","N","","0","","0","0","0","","0","","","3","0","1","0","0","0","0","2","1","3","","","","N","","","","","","","","","",""
"2015136742","","1","0","0","0","0","0","0","0","0","4","0","","02","12","2015","4","40.454264","-79.887011","","11","0","0","0","0","0","0","0","0","2","0","0","0","","","0","","1","","40 27:15.352","7","0","79 53:13.238","9","0","0","0","2301","0","0","0","N","0","0","0","6","02301","0","","1.0","","1","N","N","","0","","0","0","1","","2","Y","","2","0","1","0","0","0","2","2","0","2","","","","N","","","","","","","","","",""
"2015135155","","0","0","0","0","0","0","0","0","0","8","0","","02","12","2015","7","40.44632","-79.980353","","11","0","0","0","0","0","1","0","0","2","0","0","0","","","1","","1","","40 26:46.752","7","0","79 58:49.270","8","0","0","0","2301","1","0","0","N","1","0","0","2","02301","0","","1.0","","1","","N","","0","","0","0","0","","3","Y","","2","1","0","0","0","1","0","2","1","1","","","","N","","","","","","","","","",""
"2015135415","","2","0","0","0","0","0","0","0","0","4","0","","02","12","2015","1","40.426843","-79.937972","","11","0","0","0","0","0","0","1","0","","0","0","0","","","2","","2","","40 25:36.634","","0","79 56:16.699","4","0","0","0","2301","0","0","0","N","0","0","0","4","02301","2","","1.0","","9","N","N","","0","","0","0","0","","0","","","2","2","0","0","0","0","0","2","0","2","","","","N","","","","","","","","","",""
"2015046059","","0","0","0","0","0","0","0","0","0","7","0","","02","4","2015","5","40.386331","-79.829517","","11","0","0","0","0","0","0","0","0","2","0","0","0","","","0","","0","","40 23:10.793","2","0","79 49:46.260","0","0","0","0","2111","0","0","0","N","0","0","0","1","02111","0","","5.0","","1","N","N","","0","","0","0","1","","0","N","","1","0","0","0","0","0","0","2","0","1","","","","N","","","","","","","","","",""
"2015090514","","2","0","0","0","0","0","0","0","0","5","1","","02","4","2015","5","40.377771","-79.802719","","11","0","0","0","0","0","1","0","0","4","0","1","0","","","4","","0","","40 22:39.976","3","0","79 48:09.789","3","0","0","0","2111","0","0","0","N","0","0","0","7","02111","2","","1.0","","9","N","N","","2","","2","0","0","","0","Y","","5","4","2","0","0","0","0","2","0","5","","","","N","","","","","","","","","",""
"2015136681","","1","0","0","0","0","0","1","0","0","4","1","","02","12","2015","1","40.438568","-79.985087","","11","0","0","0","0","0","1","0","0","","0","0","0","","","0","","1","","40 26:18.844","","0","79 59:06.313","0","0","0","0","2301","0","0","0","N","0","0","0","3","02503","0","","1.0","","9","N","N","","0","","0","0","0","","2","","","2","0","0","0","0","0","0","2","0","2","","","","N","","","","","","","","","",""
"2015136744","","1","0","0","0","0","0","0","0","0","4","0","","02","12","2015","4","40.455366","-79.999692","","11","0","0","0","0","0","0","0","0","","0","0","0","","","0","","1","","40 27:19.317","","0","79 59:58.891","9","0","0","0","2301","0","0","0","N","0","0","0","1","02301","0","","1.0","","1","N","N","","0","","0","0","1","","3","","","2","0","0","0","0","0","1","2","0","2","","","","N","","","","","","","","","",""
"2015136117","","2","0","0","0","0","0","0","0","0","4","0","","02","12","2015","2","40.425777","-80.019884","","11","0","0","0","0","0","0","0","0","","0","0","0","","","0","","1","","40 25:32.796","","0","80 01:11.584","0","0","0","0","2301","0","0","0","N","0","0","0","2","02301","0","","1.0","","9","N","N","","0","","0","0","0","","2","","","2","0","0","0","0","0","0","2","0","2","","","","N","","","","","","","","","",""
"2015136874","","0","0","0","0","0","0","0","0","0","7","0","","02","12","2015","5","40.372933","-79.847742","","11","0","0","0","0","0","0","0","0","1","0","0","0","","","0","","0","","40 22:22.560","6","0","79 50:51.870","0","0","0","0","2303","0","0","0","N","0","0","0","1","02303","0","","4.0","","1","N","N","","0","","0","0","1","","1","N","","1","0","0","0","0","0","0","2","0","1","","","","N","","","","","","","","","",""
"2015126666","","0","0","0","0","0","0","0","0","0","4","1","","02","12","2015","6","40.399692","-79.834327","","11","0","0","0","0","0","0","0","1","2","0","1","0","","","2","","1","","40 23:58.892","4","0","79 50:03.578","8","0","0","0","2425","0","0","0","N","0","0","0","3","02425","0","","1.0","","1","N","N","","0","","0","0","0","","2","Y","","2","2","0","0","0","2","0","2","1","2","","","","N","","","","","","","","","",""
"2015136615","","1","0","0","0","0","0","0","0","0","1","0","45","02","10","2015","1","40.412356","-80.066805","","11","0","0","0","0","0","1","0","0","","0","0","0","","","1","","0","","40 24:44.483","","0","80 04:00.497","4","0","0","0","2435","0","0","0","N","0","0","0","2","68B03","1","","1.0","","1","N","N","","0","","0","0","1","","0","","","2","1","0","0","0","0","0","2","0","2","","","Y","Y","4","1","N","N","N","N","N","N","Y",""
"2015135158","","2","0","0","0","0","0","0","0","0","4","0","","02","12","2015","7","40.441189","-80.03407","","11","0","0","0","0","0","0","0","0","","0","0","0","","","1","","1","","40 26:28.279","","0","80 02:02.651","8","0","0","0","2301","0","0","0","N","0","0","0","3","02301","0","","1.0","","1","N","N","","0","","0","0","0","","2","","","2","1","1","0","0","1","0","2","0","2","","","","N","","","","","","","","","",""
"2015135217","","1","0","0","0","0","0","0","0","0","2","0","","02","12","2015","4","40.478908","-79.967316","","11","0","0","0","0","0","0","0","0","","0","0","0","","","0","","3","","40 28:44.067","","2","79 58:02.337","0","0","0","0","2118","0","0","0","N","0","0","0","2","02118","0","","1.0","","1","N","N","","1","","0","0","0","","0","","","2","0","0","0","0","0","0","2","0","2","","","","N","","","","","","","","","",""
"2015136558","","0","0","0","0","0","0","0","0","0","7","0","","02","12","2015","1","40.494919","-79.940421","","11","0","0","0","0","0","0","0","0","2","0","0","0","","","0","","0","","40 29:41.708","1","2","79 56:25.517","0","0","0","0","2461","0","0","0","N","0","0","0","2","02461","0","","1.0","","9","N","N","","0","","0","0","1","","0","N","","1","0","0","0","0","0","0","2","0","1","","","","N","","","","","","","","","",""
"2015136684","","3","0","0","0","0","0","0","0","0","1","0","","02","12","2015","2","40.454288","-79.883554","","11","0","0","0","0","0","0","1","0","","0","0","0","","","1","","0","","40 27:15.435","","0","79 53:00.793","3","0","0","0","2301","0","0","0","N","0","0","0","4","02301","0","","1.0","","1","N","N","","0","","1","0","0","","0","","","3","1","0","0","0","0","3","2","0","3","","","","N","","","","","","","","","",""
"2015135218","","1","0","0","0","0","0","0","0","0","0","0","","02","12","2015","7","40.504274","-79.80986","","11","0","0","0","0","0","0","0","0","2","0","0","0","","","0","","0","","40 30:15.386","6","0","79 48:35.496","0","0","0","0","2113","0","0","0","N","0","0","0","1","02113","0","","1.0","","1","N","N","","0","","0","0","0","","0","N","","1","0","0","0","0","0","0","2","0","1","","","","N","","","","","","","","","",""
"2015135358","","0","0","0","0","0","0","0","0","0","7","0","","02","12","2015","4","40.387042","-79.867117","","11","0","0","0","0","0","0","0","0","1","0","0","0","","","0","","0","","40 23:13.350","2","7","79 52:01.620","9","0","0","0","2473","0","0","0","N","0","0","0","1","02473","0","","4.0","","1","N","N","","0","","0","0","1","","3","N","","1","0","0","0","0","0","1","2","0","1","","","","N","","","","","","","","","",""
"2015135859","","2","0","0","0","0","0","0","0","0","4","0","","02","12","2015","2","40.459669","-79.925897","","11","0","0","0","0","0","1","1","0","","0","0","0","","","0","","0","","40 27:34.810","","0","79 55:33.230","0","0","0","0","2301","0","0","0","N","0","0","0","3","02301","0","","1.0","","9","N","N","","0","","0","0","0","","0","","","2","0","0","0","0","0","0","2","0","2","","","","N","","","","","","","","","",""
"2015135149","","0","0","0","0","0","0","0","0","0","4","0","","02","12","2015","7","40.410094","-79.900514","","11","0","0","0","0","0","0","1","0","1","0","0","0","","","1","","0","","40 24:36.340","6","7","79 54:01.850","8","0","0","0","2448","0","0","0","N","0","0","0","4","02448","0","","1.0","","1","N","N","","1","","0","0","1","","3","N","","2","1","0","0","0","1","0","2","0","2","","","","N","","","","","","","","","",""
"2015136120","","2","0","0","0","0","0","0","0","0","4","0","","02","12","2015","2","40.461557","-79.923384","","11","0","0","1","1","0","0","0","0","","0","0","0","","","0","","2","","40 27:41.605","","0","79 55:24.182","0","0","0","0","2301","0","0","0","N","0","0","0","4","02301","0","","1.0","","9","N","N","","0","","0","0","0","","3","","","2","0","0","0","0","0","0","2","0","2","","","","N","","","","","","","","","",""
"2015135361","","0","0","0","0","0","0","0","0","0","7","0","","02","12","2015","7","40.383131","-79.868214","","11","0","0","0","0","0","1","0","0","","0","0","0","","","0","","0","","40 22:59.270","","0","79 52:05.570","0","0","0","0","2473","0","0","0","N","0","0","0","1","02473","0","","4.0","","9","N","N","","0","","0","0","1","","0","","","1","0","0","0","0","0","0","2","0","1","","","","N","","","","","","","","","",""
"2015136688","","2","0","0","0","0","0","0","0","0","4","0","","02","12","2015","3","40.586681","-79.950261","","11","0","0","0","0","0","0","1","1","1","0","0","0","","","0","","0","","40 35:12.052","5","0","79 57:00.939","0","0","0","0","2207","0","0","0","N","0","0","0","4","02207","0","","1.0","","1","N","N","","0","","0","0","0","","0","N","","2","0","0","0","0","0","0","2","0","2","","","","N","","","","","","","","","",""
"2015135286","","0","0","0","0","0","0","0","0","0","7","0","","02","12","2015","1","40.364258","-79.873692","","11","0","0","0","0","0","0","0","0","1","0","0","0","","","0","","0","","40 21:51.330","3","0","79 52:25.290","0","0","0","0","2473","0","0","0","N","0","0","0","1","02473","0","","2.0","","1","N","N","","0","","0","0","1","","0","N","","1","0","0","0","0","0","0","2","0","1","","","","N","","","","","","","","","",""
"2015135362","","1","0","0","0","0","0","0","0","0","7","0","","02","12","2015","1","40.360599","-79.845304","","11","0","0","0","0","0","0","0","0","1","0","0","0","","","1","","0","","40 21:38.158","1","3","79 50:43.096","8","0","0","0","2303","0","0","0","N","0","0","0","2","02303","0","","1.0","","9","N","N","","0","","0","0","0","","0","N","","1","1","1","0","0","1","0","2","0","1","","","","N","","","","","","","","","",""
"2015082041","","2","0","0","0","0","0","0","0","0","1","0","","02","8","2015","7","40.493537","-79.994904","","11","0","1","1","0","0","0","0","0","1","0","0","0","","","0","","2","","40 29:36.733","1","7","79 59:41.653","0","0","0","0","2114","0","0","0","N","0","0","0","2","02114","0","","1.0","","1","N","N","","0","","0","0","0","","0","N","","2","0","0","0","0","0","0","2","0","2","","","","N","","","","","","","","","",""
"2015135862","","1","0","0","0","0","0","0","0","0","0","0","","02","12","2015","2","40.456756","-79.935878","","11","0","0","0","0","0","0","0","1","","0","0","0","","","0","","0","","40 27:24.320","","0","79 56:09.160","0","0","0","0","2301","0","0","0","N","0","0","0","1","02301","0","","1.0","","9","N","N","","0","","0","0","0","","0","","","1","0","0","0","0","0","0","2","0","1","","","","N","","","","","","","","","",""
"2015135352","","2","0","0","0","0","0","0","0","0","1","0","","02","12","2015","1","40.425799","-80.019809","","11","0","0","0","0","0","0","0","0","1","0","0","0","","","0","","1","","40 25:32.876","4","0","80 01:11.311","0","0","0","0","2301","0","0","0","N","0","0","0","3","02301","0","","1.0","","9","N","N","","0","","0","0","0","","2","N","","2","0","0","0","0","0","0","2","0","2","","","","N","","","","","","","","","",""
"2015135363","","1","0","0","0","0","0","0","0","0","1","0","","02","12","2015","6","40.347766","-79.951194","","11","0","0","0","0","0","0","0","0","","0","0","0","","","2","","0","","40 20:51.957","","0","79 57:04.300","3","0","0","0","2473","0","0","0","N","0","0","0","3","02473","0","","1.0","","1","N","N","","0","","2","0","1","","0","","","2","2","0","0","0","0","0","2","0","2","","","","N","","","","","","","","","",""
"2015136691","","1","0","0","0","0","0","0","0","0","4","0","","02","12","2015","4","40.359283","-79.908067","","11","0","0","0","0","0","0","0","0","","0","0","0","","","0","","0","","40 21:33.420","","0","79 54:29.041","0","0","0","0","2473","0","0","0","N","0","0","0","2","02473","0","","1.0","","1","N","N","","0","","0","0","1","","0","","","2","0","0","0","0","0","0","2","0","2","","","","N","","","","","","","","","",""
"2015136126","","2","0","0","0","0","0","0","0","0","1","0","","02","12","2015","2","40.392022","-79.869681","","11","0","0","0","0","0","1","0","0","2","0","0","0","","","0","","0","","40 23:31.279","1","0","79 52:10.850","0","0","0","0","2473","0","0","0","N","0","0","0","3","02473","0","","1.0","","1","N","N","","0","","0","0","0","","0","N","","2","0","0","0","0","0","0","2","0","2","","","","N","","","","","","","","","",""
"2015136882","","1","0","0","0","0","0","0","0","0","1","0","","02","12","2015","4","40.446633","-79.895383","","11","0","0","0","0","0","0","1","0","1","0","0","0","","","0","","0","","40 26:47.880","3","7","79 53:43.380","0","0","0","0","2301","0","0","0","N","0","0","0","4","02301","0","","1.0","","1","N","N","","0","","0","0","1","","0","Y","","3","0","0","0","0","0","0","2","1","3","","","","N","","","","","","","","","",""