"CRN","ARRIVAL_TM","AUTOMOBILE_COUNT","BELTED_DEATH_COUNT","BELTED_SUSP_SERIOUS_INJ_COUNT","BICYCLE_COUNT","BICYCLE_DEATH_COUNT","BICYCLE_SUSP_SERIOUS_INJ_COUNT","BUS_COUNT","CHLDPAS_DEATH_COUNT","CHLDPAS_SUSP_SERIOUS_INJ_COUNT","COLLISION_TYPE","COMM_VEH_COUNT","CONS_ZONE_SPD_LIM","COUNTY","CRASH_MONTH","CRASH_YEAR","DAY_OF_WEEK","DEC_LATITUDE","DEC_LONGITUDE","DISPATCH_TM","DISTRICT","DRIVER_COUNT_16YR","DRIVER_COUNT_17YR","DRIVER_COUNT_18YR","DRIVER_COUNT_19YR","DRIVER_COUNT_20YR","DRIVER_COUNT_50_64YR","DRIVER_COUNT_65_74YR","DRIVER_COUNT_75PLUS","EST_HRS_CLOSED","FATAL_COUNT","HEAVY_TRUCK_COUNT","HORSE_BUGGY_COUNT","HOUR_OF_DAY","ILLUMINATION","INJURY_COUNT","INTERSECTION_RELATED","INTERSECT_TYPE","LANE_CLOSED","LATITUDE","LN_CLOSE_DIR","LOCATION_TYPE","LONGITUDE","MAX_SEVERITY_LEVEL","MCYCLE_DEATH_COUNT","MCYCLE_SUSP_SERIOUS_INJ_COUNT","MOTORCYCLE_COUNT","MUNICIPALITY","NONMOTR_COUNT","NONMOTR_DEATH_COUNT","NONMOTR_SUSP_SERIOUS_INJ_COUNT","NTFY_HIWY_MAINT","PED_COUNT","PED_DEATH_COUNT","PED_SUSP_SERIOUS_INJ_COUNT","PERSON_COUNT","POLICE_AGCY","POSSIBLE_INJ_COUNT","RDWY_SURF_TYPE_CD","RELATION_TO_ROAD","ROADWAY_CLEARED","ROAD_CONDITION","SCH_BUS_IND","SCH_ZONE_IND","SECONDARY_CRASH","SMALL_TRUCK_COUNT","SPEC_JURIS_CD","SUSP_MINOR_INJ_COUNT","SUSP_SERIOUS_INJ_COUNT","SUV_COUNT","TCD_FUNC_CD","TCD_TYPE","TFC_DETOUR_IND","TIME_OF_DAY","TOTAL_UNITS","TOT_INJ_COUNT","UNBELTED_OCC_COUNT","UNB_DEATH_COUNT","UNB_SUSP_SERIOUS_INJ_COUNT","UNK_INJ_DEG_COUNT","UNK_INJ_PER_COUNT","URBAN_RURAL","VAN_COUNT","VEHICLE_COUNT","WEATHER1","WEATHER2","WORKERS_PRES","WORK_ZONE_IND","WORK_ZONE_LOC","WORK_ZONE_TYPE","WZ_CLOSE_DETOUR","WZ_FLAGGER","WZ_LAW_OFFCR_IND","WZ_LN_CLOSURE","WZ_MOVING","WZ_OTHER","WZ_SHLDER_MDN","WZ_WORKERS_INJ_KILLED"
"2015135227","","1","0","0","0","0","0","0","0","0","7","0","","02","12","2015","7","40.282264","-79.848708","","11","0","0","1","0","0","0","0","0","1","0","0","0","","","0","","0","","40 16:56.150","6","0","79 50:55.347","0","0","0","0","2443","0","0","0","N","0","0","0","1","02443","0","","2.0","","2","N","N","","0","","0","0","0","","0","N","","1","0","0","0","0","0","0","1","0","1","","","","N","","","","","","","","","",""
"2015136756","","1","0","0","0","0","0","0","0","0","4","0","","02","12","2015","4","40.454863","-80.002218","","11","0","0","0","0","0","1","0","0","1","0","0","0","","","1","","2","","40 27:17.506","1","0","80 00:07.984","4","0","0","0","2301","0","0","0","N","0","0","0","3","02301","1","","1.0","","1","N","N","","0","","0","0","1","","3","N","","2","1","0","0","0","0","1","2","0","2","","","","N","","","","","","","","","",""
"2015135228","","0","0","0","0","0","0","0","0","0","7","0","","02","12","2015","7","40.470215","-79.908678","","11","0","0","0","0","0","0","0","1","","0","0","0","","","2","","3","","40 28:12.773","","0","79 54:31.241","8","0","0","0","2301","0","0","0","N","0","0","0","2","02301","0","","5.0","","9","N","N","","0","","0","0","1","","2","","","1","2","0","0","0","2","0","2","0","1","","","","N","","","","","","","","","",""
"2015002541","","3","0","0","0","0","0","0","0","0","0","0","","02","1","2015","3","40.392909","-79.841481","","11","0","0","0","0","0","0","0","0","1","0","0","0","","","0","","0","","40 23:34.471","5","0","79 50:29.330","0","0","0","0","2425","0","0","0","N","0","0","0","3","02425","0","","1.0","","7","N","N","","0","","0","0","0","","0","N","","3","0","3","0","0","0","0","2","0","3","","","","N","","","","","","","","","",""
"2015135752","","2","0","0","0","0","0","0","0","0","4","0","","02","12","2015","2","40.461313","-79.934164","","11","0","0","0","0","0","1","1","0","","0","0","0","","","1","","1","","40 27:40.726","","0","79 56:02.990","3","0","0","0","2301","0","0","0","N","0","0","0","2","02301","0","","1.0","","1","N","N","","0","","1","0","0","","3","","","2","1","0","0","0","0","0","2","0","2","","","","N","","","","","","","","","",""
"2015136567","","0","0","0","0","0","0","0","0","0","2","0","","02","12","2015","3","40.447137","-79.895168","","11","0","1","0","0","0","0","0","0","","0","0","0","","","1","","1","","40 26:49.694","","0","79 53:42.603","8","0","0","0","2301","0","0","0","N","0","0","0","2","02301","0","","1.0","","1","N","N","","1","","0","0","1","","2","","","2","1","0","0","0","1","0","2","0","2","","","","N","","","","","","","","","",""
"2015136695","","1","0","0","0","0","0","0","0","0","1","0","","02","12","2015","4","40.367874","-79.929597","","11","0","0","0","0","0","0","0","0","","0","0","0","","","0","","2","","40 22:04.346","","7","79 55:46.549","0","0","0","0","2473","0","0","0","N","0","0","0","5","02473","0","","1.0","","1","N","N","","0","","0","0","0","","2","","","2","0","0","0","0","0","0","2","1","2","","","","N","","","","","","","","","",""
"2015135229","","1","0","0","0","0","0","0","0","0","8","0","","02","12","2015","7","40.442304","-80.00036","","11","0","0","0","0","0","1","0","0","","0","0","0","","","1","","2","","40 26:32.295","","0","80 00:01.296","4","0","0","0","2301","1","0","0","N","1","0","0","2","02301","1","","1.0","","9","N","N","","0","","0","0","0","","2","","","2","1","0","0","0","0","0","2","0","1","","","","N","","","","","","","","","",""
"2015136355","","2","0","0","0","0","0","0","0","0","4","0","99","02","12","2015","1","40.491953","-79.864911","","11","0","0","0","0","0","2","0","0","","0","0","0","","","2","","1","","40 29:31.032","","0","79 51:53.681","3","0","0","0","2408","0","0","0","N","0","0","0","4","02408","0","","1.0","","9","N","N","","0","","2","0","0","","2","","","2","2","0","0","0","0","0","2","0","2","","","U","Y","8","8","","","U","","","","",""
"2015135303","","0","0","0","0","0","0","0","0","0","4","0","","02","12","2015","7","40.387246","-79.911773","","11","0","0","0","0","0","0","0","0","2","0","0","0","","","0","","2","","40 23:14.085","5","0","79 54:42.382","0","0","0","0","2448","0","0","0","N","0","0","0","3","02448","0","","1.0","","1","N","N","","1","","0","0","1","","3","N","","2","0","0","0","0","0","0","2","0","2","","","","N","","","","","","","","","",""
"2015135430","","0","0","0","0","0","0","0","0","0","7","0","","02","12","2015","6","40.422843","-80.103004","","11","0","0","0","0","0","0","0","0","3","0","0","0","","","1","","6","","40 25:22.234","2","2","80 06:10.813","4","0","0","0","2115","0","0","0","N","0","0","0","3","68B03","1","","4.0","","2","N","N","","0","","0","0","1","","0","N","","1","1","0","0","0","0","0","2","0","1","","","","N","","","","","","","","","",""
"2015125164","","3","0","0","0","0","0","0","0","0","4","0","","02","12","2015","4","40.459334","-79.914242","","11","0","0","0","0","0","1","0","0","","0","0","0","","","0","","0","","40 27:33.602","","0","79 54:51.271","0","0","0","0","2301","0","0","0","N","0","0","0","4","02301","0","","1.0","","9","N","N","","0","","0","0","0","","0","","","3","0","1","0","0","0","0","2","0","3","","","","N","","","","","","","","","",""
"2015135431","","1","0","0","0","0","0","0","0","0","99","0","","02","12","2015","6","40.425798","-79.910677","","11","0","0","0","0","0","0","0","0","","0","0","0","","","0","","0","","40 25:32.873","","0","79 54:38.436","0","0","0","0","2301","0","0","0","N","0","0","0","1","68B03","0","","1.0","","1","N","N","","0","","0","0","0","","0","","","1","0","0","0","0","0","0","2","0","1","","","","N","","","","","","","","","",""
"2015125965","","1","0","0","0","0","0","0","0","0","4","0","40","02","12","2015","6","40.352758","-80.140519","","11","0","0","0","0","1","0","0","0","","0","0","0","","","0","","2","","40 21:09.929","","0","80 08:25.868","0","0","0","0","2119","0","0","0","Y","0","0","0","4","02119","0","","1.0","","1","N","N","","1","","0","0","0","","3","","","2","0","0","0","0","0","0","2","0","2","","","N","Y","3","1","","","N","Y","","","",""
"2015123427","","0","0","0","0","0","0","0","0","0","7","0","","02","11","2015","6","40.463618","-79.839806","","11","0","0","0","0","0","0","0","0","","0","0","0","","","1","","0","","40 27:49.023","","0","79 50:23.300","8","0","0","0","2113","0","0","0","N","0","0","0","1","02113","0","","5.0","","1","N","N","","0","","0","0","1","","0","","","1","1","0","0","0","1","0","2","0","1","","","","N","","","","","","","","","",""
"2015123580","","1","0","0","0","0","0","0","0","0","7","0","","02","11","2015","7","40.489954","-79.882659","","11","0","0","0","1","0","0","0","0","","0","0","0","","","0","","2","","40 29:23.834","","0","79 52:57.573","0","0","0","0","2112","0","0","0","N","0","0","0","1","02112","0","","2.0","","9","N","N","","0","","0","0","0","","0","","","1","0","0","0","0","0","0","2","0","1","","","","N","","","","","","","","","",""
"2015123361","","0","0","0","0","0","0","0","0","0","5","2","","02","11","2015","7","40.655742","-80.075582","","11","0","0","0","0","0","0","0","0","3","0","2","0","","","0","","0","","40 39:20.672","3","0","80 04:32.096","0","0","0","0","2212","0","0","0","N","0","0","0","3","68T02","0","","1.0","","1","N","N","","0","","0","0","0","","0","N","","2","0","1","0","0","0","0","2","0","2","","","","N","","","","","","","","","",""
"2015123428","","1","0","0","0","0","0","0","0","0","1","0","","02","11","2015","6","40.451964","-80.204139","","11","0","0","0","0","0","0","0","0","2","0","0","0","","","1","","0","","40 27:07.070","5","0","80 12:14.900","8","0","0","0","2203","0","0","0","N","0","0","0","3","02203","0","","1.0","","1","N","N","","0","","0","0","1","","8","N","","2","1","0","0","0","1","0","2","0","2","","","","N","","","","","","","","","",""
"2015124197","","1","0","0","0","0","0","0","0","0","1","0","","02","11","2015","4","40.586723","-80.000483","","11","0","0","0","0","0","1","0","0","2","0","0","0","","","0","","2","","40 35:12.204","1","0","80 00:01.739","0","0","0","0","2108","0","0","0","N","0","0","0","2","02108","0","","1.0","","9","N","N","","1","","0","0","0","","0","Y","","2","0","0","0","0","0","0","2","0","2","","","","N","","","","","","","","","",""
"2015123581","","2","0","0","0","0","0","0","0","0","4","0","","02","11","2015","7","40.444079","-79.919177","","11","0","0","0","0","0","0","0","0","","0","0","0","","","0","","1","","40 26:38.684","","0","79 55:09.038","0","0","0","0","2301","0","0","0","N","0","0","0","4","02301","0","","1.0","","9","N","N","","0","","0","0","0","","3","","","2","0","0","0","0","0","0","2","0","2","","","","N","","","","","","","","","",""
"2015136892","","2","0","0","0","0","0","0","0","0","5","0","","02","12","2015","4","40.498042","-79.92512","","11","0","0","0","0","0","1","0","0","1","0","0","0","","","0","","0","","40 29:52.951","5","0","79 55:30.432","0","0","0","0","2112","0","0","0","N","0","0","0","1","02112","0","","1.0","","1","N","N","","0","","0","0","0","","0","Y","","3","0","0","0","0","0","0","2","1","3","","","","N","","","","","","","","","",""
"2015124068","","0","0","0","0","0","0","0","0","0","7","0","","02","11","2015","2","40.450754","-80.027414","","11","0","0","0","0","0","0","0","0","","0","0","0","","","0","","0","","40 27:02.714","","0","80 01:38.691","0","0","0","0","2301","0","0","0","Y","0","0","0","2","02301","0","","2.0","","1","N","N","","0","","0","0","1","","0","","","1","0","0","0","0","0","0","2","0","1","","","","N","","","","","","","","","",""
"2015125645","","1","0","0","0","0","0","0","0","0","4","0","","02","12","2015","4","40.422976","-79.960904","","11","0","0","0","0","0","0","0","0","2","0","0","0","","","0","","0","","40 25:22.715","6","7","79 57:39.254","0","0","0","0","2301","0","0","0","N","0","0","0","2","02301","0","","1.0","","1","N","N","","0","","0","0","0","","2","N","","2","0","0","0","0","0","0","2","1","2","","","","N","","","","","","","","","",""
"2015123362","","1","0","0","0","0","0","0","0","0","7","0","","02","11","2015","5","40.498878","-79.785084","","11","0","0","0","0","0","0","0","0","","0","0","0","","","0","","0","","40 29:55.960","","0","79 47:06.302","0","0","0","0","2466","0","0","0","N","0","0","0","1","68T02","0","","3.0","","9","N","N","","0","","0","0","0","","0","","","1","0","0","0","0","0","0","2","0","1","","","","N","","","","","","","","","",""
"2015124948","","2","0","0","0","0","0","0","0","0","4","0","","02","12","2015","3","40.454029","-79.912399","","11","0","0","0","0","0","0","0","0","","0","0","0","","","0","","1","","40 27:14.504","","0","79 54:44.638","0","0","0","0","2301","0","0","0","N","0","0","0","2","02301","0","","1.0","","9","N","N","","0","","0","0","0","","2","","","2","0","0","0","0","0","0","2","0","2","","","","N","","","","","","","","","",""
"2015125712","","1","0","0","0","0","0","0","0","0","4","0","","02","12","2015","4","40.433783","-80.066301","","11","0","0","0","0","0","0","1","0","","0","0","0","","","0","","1","","40 26:01.618","","0","80 03:58.683","0","0","0","0","2421","0","0","0","N","0","0","0","3","02421","0","","1.0","","9","N","N","","0","","0","0","1","","2","","","2","0","0","0","0","0","0","2","0","2","","","","N","","","","","","","","","",""
"2015124198","","0","0","0","0","0","0","0","0","0","4","0","","02","11","2015","7","40.583449","-80.032604","","11","0","0","0","0","0","0","2","0","","0","0","0","","","1","","2","","40 35:00.416","","0","80 01:57.375","8","0","0","0","2108","0","0","0","N","0","0","0","4","02108","0","","1.0","","9","N","N","","1","","0","0","1","","3","","","2","1","0","0","0","1","0","2","0","2","","","","N","","","","","","","","","",""
"2015123582","","0","0","0","0","0","0","0","0","0","7","0","","02","11","2015","7","40.457","-80.021081","","11","0","0","0","0","0","0","0","0","1","0","0","0","","","0","","0","","40 27:25.200","5","0","80 01:15.890","0","0","0","0","2301","0","0","0","N","0","0","0","1","02301","0","","2.0","","9","N","N","","0","","0","0","1","","0","N","","1","0","0","0","0","0","0","2","0","1","","","","N","","","","","","","","","",""
"2015123300","","0","0","0","0","0","0","0","0","0","4","0","","02","11","2015","3","40.424146","-80.043428","","11","0","0","0","0","0","0","0","0","1","0","0","0","","","0","","2","","40 25:26.926","2","0","80 02:36.342","0","0","0","0","2435","0","0","0","N","0","0","0","6","02435","0","","1.0","","1","N","N","","0","","0","0","0","","2","N","","2","0","0","0","0","0","0","2","2","2","","","","N","","","","","","","","","",""
"2015123363","","0","0","0","0","0","0","0","0","0","99","0","55","02","11","2015","7","40.554377","-79.838432","","11","0","0","0","0","0","0","0","0","1","0","0","0","","","0","","0","","40 33:15.757","3","0","79 50:18.355","0","0","0","0","2208","0","0","0","N","0","0","0","1","68T02","0","","1.0","","1","N","N","","0","","0","0","1","","0","N","","1","0","0","0","0","0","0","2","0","1","","","N","Y","4","1","N","N","N","N","N","N","Y",""
"2015123364","","0","0","0","0","0","0","0","0","0","7","1","55","02","11","2015","3","40.561546","-79.850597","","11","0","0","0","0","0","1","0","0","","0","1","0","","","0","","0","","40 33:41.564","","0","79 51:02.150","0","0","0","0","2209","0","0","0","N","0","0","0","1","68T02","0","","2.0","","1","N","N","","0","","0","0","0","","0","","","1","0","0","0","0","0","0","2","0","1","","","N","Y","4","1","N","N","N","N","N","N","Y",""
"2015125906","","2","0","0","0","0","0","0","0","0","4","0","","02","12","2015","5","40.430148","-79.999173","","11","0","0","0","0","0","0","0","0","","0","0","0","","","0","","2","","40 25:48.533","","0","79 59:57.022","0","0","0","0","2301","0","0","0","N","0","0","0","2","02301","0","","1.0","","1","N","N","","0","","0","0","0","","3","","","2","0","0","0","0","0","0","2","0","2","","","","N","","","","","","","","","",""
"2015136895","","2","0","0","0","0","0","0","0","0","4","0","","02","12","2015","4","40.565719","-80.23055","","11","0","0","0","0","1","0","1","0","3","0","0","0","","","2","","0","","40 33:56.590","5","0","80 13:49.980","8","0","0","0","2103","0","0","0","N","0","0","0","2","02103","0","","1.0","","1","N","N","","0","","0","0","0","","0","Y","","2","2","1","0","0","2","0","2","0","2","","","","N","","","","","","","","","",""
"2015124071","","1","0","0","0","0","0","0","0","0","7","0","","02","11","2015","2","40.484256","-79.921258","","11","0","0","0","0","1","0","0","0","","0","0","0","","","0","","0","","40 29:03.320","","0","79 55:16.530","0","0","0","0","2301","0","0","0","N","0","0","0","1","02301","0","","5.0","","1","N","N","","0","","0","0","0","","0","","","1","0","0","0","0","0","0","2","0","1","","","","N","","","","","","","","","",""
"2015123446","","0","0","0","0","0","0","0","0","0","7","0","","02","11","2015","6","40.461252","-79.865385","","11","0","0","0","0","0","1","0","0","","0","0","0","","","0","","0","","40 27:40.506","","7","79 51:55.386","0","0","0","0","2113","0","0","0","N","0","0","0","1","02113","0","","6.0","","1","N","N","","1","","0","0","0","","0","","","1","0","0","0","0","0","0","2","0","1","","","","N","","","","","","","","","",""
"2015124289","","1","0","0","0","0","0","0","0","0","7","0","","02","11","2015","1","40.444682","-79.852306","","11","0","0","0","0","0","0","0","0","","0","0","0","","","1","","0","","40 26:40.855","","0","79 51:08.300","4","0","0","0","2419","0","0","0","N","0","0","0","1","68B03","1","","3.0","","1","N","N","","0","","0","0","0","","0","","","2","1","0","0","0","0","0","2","0","1","","","","N","","","","","","","","","",""
"2015123585","","2","0","0","0","0","0","0","0","0","1","0","","02","11","2015","7","40.436084","-79.995692","","11","0","0","0","0","0","0","0","0","","0","0","0","","","0","","0","","40 26:09.902","","2","79 59:44.491","0","0","0","0","2301","0","0","0","N","0","0","0","1","02301","0","","1.0","","9","N","N","","0","","0","0","0","","0","","","2","0","0","0","0","0","0","2","0","2","","","","N","","","","","","","","","",""
"2015123447","","0","0","0","0","0","0","0","0","0","8","0","","02","11","2015","6","40.461415","-79.924821","","11","0","0","1","0","0","0","0","0","","0","0","0","","","1","","1","","40 27:41.094","","0","79 55:29.355","4","0","0","0","2301","1","0","0","","1","0","0","2","02301","1","","1.0","","1","","","","0","","0","0","1","","2","","","2","1","0","0","0","0","0","2","0","1","","","","N","","","","","","","","","",""
"2015124214","","2","0","0","0","0","0","0","0","0","4","0","","02","11","2015","1","40.456301","-80.053432","","11","0","0","0","0","0","0","0","0","2","0","0","0","","","1","","2","","40 27:22.683","7","0","80 03:12.355","4","0","0","0","2301","0","0","0","N","0","0","0","4","02301","1","","1.0","","1","N","N","","1","","0","0","0","","3","Y","","3","1","0","0","0","0","1","2","0","3","","","","N","","","","","","","","","",""
"2015124290","","1","0","0","0","0","0","0","0","0","4","1","","02","11","2015","3","40.41789","-80.103246","","11","0","0","0","0","0","1","0","0","2","0","1","0","","","0","","0","","40 25:04.403","2","0","80 06:11.686","0","0","0","0","2115","0","0","0","N","0","0","0","2","68B03","0","","1.0","","1","N","N","","0","","0","0","0","","0","N","","2","0","0","0","0","0","0","2","0","2","","","","N","","","","","","","","","",""
"2015123574","","1","0","0","0","0","0","0","0","0","7","0","","02","11","2015","4","40.571656","-80.106026","","11","0","0","0","0","0","0","0","0","4","0","0","0","","","1","","0","","40 34:17.962","5","0","80 06:21.693","2","0","0","0","2481","0","0","0","N","0","0","0","1","02481","0","","5.0","","1","N","N","","0","","0","1","0","","0","N","","1","1","0","0","0","0","0","2","0","1","","","","N","","","","","","","","","",""
"2015123448","","2","0","0","0","0","0","0","0","0","2","0","","02","11","2015","6","40.432841","-79.739364","","11","0","0","0","0","0","0","0","1","1","0","0","0","","","3","","0","","40 25:58.229","6","0","79 44:21.712","3","0","0","0","2446","0","0","0","N","0","0","0","4","02446","0","","1.0","","1","N","N","","0","","2","0","0","","0","N","","2","3","0","0","0","1","0","2","0","2","","","","N","","","","","","","","","",""
"2015124291","","0","0","0","0","0","0","0","0","0","0","1","","02","11","2015","4","40.477518","-80.120084","","11","0","0","0","0","0","0","0","0","2","0","1","0","","","0","","0","","40 28:39.065","2","0","80 07:12.301","0","0","0","0","2115","0","0","0","N","0","0","0","1","68B03","0","","1.0","","1","N","N","","0","","0","0","0","","0","N","","1","0","0","0","0","0","0","2","0","1","","","","N","","","","","","","","","",""
"2015125911","","1","0","0","0","0","0","0","0","0","7","0","","02","12","2015","5","40.417815","-79.923499","","11","0","0","0","0","0","0","0","0","","0","0","0","","","1","","0","","40 25:04.134","","0","79 55:24.596","3","0","0","0","2301","0","0","0","N","0","0","0","1","02301","0","","2.0","","1","N","N","","0","","1","0","0","","0","","","1","1","0","0","0","0","0","2","0","1","","","","N","","","","","","","","","",""
"2015124292","","3","0","0","0","0","0","0","0","0","1","0","","02","11","2015","4","40.430054","-79.874458","","11","0","0","0","0","0","0","0","0","","0","0","0","","","0","","0","","40 25:48.195","","0","79 52:28.048","0","0","0","0","2426","0","0","0","N","0","0","0","3","68B03","0","","1.0","","1","N","N","","0","","0","0","0","","4","","","3","0","0","0","0","0","0","2","0","3","","","","N","","","","","","","","","",""
"2015123576","","2","0","0","0","0","0","0","0","0","4","0","","02","11","2015","6","40.43503","-79.922846","","11","0","0","0","0","0","1","0","0","","0","0","0","","","0","","0","","40 26:06.107","","0","79 55:22.246","0","0","0","0","2301","0","0","0","N","0","0","0","4","02301","0","","1.0","","1","N","N","","0","","0","0","0","","0","","","2","0","0","0","0","0","0","2","0","2","","","","N","","","","","","","","","",""
"2015125112","","1","0","0","0","0","0","0","0","0","1","0","","02","12","2015","4","40.374628","-80.094817","","11","0","0","0","0","0","0","1","0","","0","0","0","","","0","","0","","40 22:28.660","","0","80 05:41.340","0","0","0","0","2117","0","0","0","N","0","0","0","2","02117","0","","1.0","","9","N","N","","0","","0","0","1","","0","","","2","0","0","0","0","0","0","2","0","2","","","","N","","","","","","","","","",""
"2015125734","","1","0","0","0","0","0","0","0","0","2","0","","02","11","2015","7","40.399718","-80.065041","","11","0","1","0","0","0","0","1","0","1","0","0","0","","","0","","2","","40 23:58.985","2","0","80 03:54.146","0","0","0","0","2117","0","0","0","N","0","0","0","2","02117","0","","1.0","","9","N","N","","1","","0","0","0","","2","N","","2","0","0","0","0","0","0","2","0","2","","","","N","","","","","","","","","",""
"2015124220","","1","0","0","0","0","0","0","0","0","5","0","","02","11","2015","1","40.384325","-79.981417","","11","0","0","0","0","1","0","0","0","","0","0","0","","","0","","0","","40 23:03.570","","0","79 58:53.100","0","0","0","0","2301","0","0","0","N","0","0","0","1","02301","0","","2.0","","1","N","N","","0","","0","0","1","","0","","","2","0","1","0","0","0","0","2","0","2","","","","N","","","","","","","","","",""
"2015124293","","3","0","0","0","0","0","0","0","0","1","0","","02","11","2015","7","40.426855","-79.917866","","11","0","0","1","0","1","0","0","0","","0","0","0","","","0","","0","","40 25:36.677","","4","79 55:04.316","0","0","0","0","2301","0","0","0","N","0","0","0","6","68B03","0","","1.0","","98","N","N","","0","","0","0","0","","0","","","3","0","0","0","0","0","0","2","0","3","","","","N","","","","","","","","","",""
"2015125100","","1","0","0","0","0","0","0","0","0","7","0","","02","11","2015","2","40.546267","-80.008878","","11","0","0","0","0","0","0","0","0","1","0","0","0","","","0","","0","","40 32:46.560","3","7","80 00:31.960","0","0","0","0","2116","0","0","0","N","0","0","0","1","02116","0","","2.0","","1","N","N","","0","","0","0","0","","0","N","","1","0","0","0","0","0","0","2","0","1","","","","N","","","","","","","","","",""
"2015123589","","1","0","0","0","0","0","0","0","0","1","0","","02","11","2015","7","40.514272","-79.95193","","11","0","0","0","0","0","0","0","0","1","0","0","0","","","0","","0","","40 30:51.380","1","0","79 57:06.949","0","0","0","0","2118","0","0","0","N","0","0","0","2","02118","0","","1.0","","1","N","N","","0","","0","0","0","","0","N","","2","0","0","0","0","0","0","2","1","2","","","","N","","","","","","","","","",""
"2015136901","","1","0","0","0","0","0","0","0","0","4","0","","02","12","2015","4","40.49676","-79.83479","","11","0","0","0","0","0","0","0","0","1","0","0","0","","","1","","1","","40 29:48.336","5","0","79 50:05.244","8","0","0","0","2113","0","0","0","N","0","0","0","2","02113","0","","1.0","","1","N","N","","1","","0","0","0","","3","Y","","2","1","0","0","0","1","0","2","0","2","","","","N","","","","","","","","","",""
"2015124886","","2","0","0","0","0","0","0","0","0","4","0","","02","12","2015","3","40.435847","-79.895992","","11","0","0","0","0","0","0","0","0","","0","0","0","","","0","","1","","40 26:09.049","","0","79 53:45.571","0","0","0","0","2301","0","0","0","N","0","0","0","3","02301","0","","1.0","","9","N","N","","0","","0","0","0","","3","","","2","0","0","0","0","0","0","2","0","2","","","","N","","","","","","","","","",""
"2015124294","","1","0","0","0","0","0","0","0","0","7","0","","02","11","2015","1","40.429228","-79.942888","","11","0","0","0","0","0","0","0","0","2","0","0","0","","","1","","0","","40 25:45.219","3","0","79 56:34.397","4","0","0","0","2301","0","0","0","Y","0","0","0","3","68B03","1","","4.0","","9","N","N","","0","","0","0","0","","0","N","","1","1","0","0","0","0","0","2","0","1","","","","N","","","","","","","","","",""
"2015125101","","2","0","0","0","0","0","0","0","0","4","0","","02","12","2015","4","40.49698","-80.06593","","11","0","0","0","0","0","2","0","0","","0","0","0","","","1","","2","","40 29:49.128","","0","80 03:57.348","3","0","0","0","2402","0","0","0","N","0","0","0","3","02402","0","","1.0","","9","N","N","","0","","1","0","0","","3","","","2","1","0","0","0","0","0","2","0","2","","","","N","","","","","","","","","",""
"2015124887","","2","0","1","0","0","0","0","0","0","4","0","","02","11","2015","2","40.513868","-79.95145","","11","0","0","0","1","0","0","1","0","3","0","0","0","","","2","","2","","40 30:49.923","5","0","79 57:05.221","2","0","0","0","2118","0","0","0","N","0","0","0","2","02118","0","","1.0","","9","N","N","","0","","0","2","0","","2","Y","","2","2","1","0","1","0","0","2","0","2","","","","N","","","","","","","","","",""
"2015124143","","1","0","0","0","0","0","0","0","0","7","0","","02","11","2015","2","40.352492","-79.902411","","11","0","0","0","0","0","0","0","0","","0","0","0","","","1","","0","","40 21:08.970","","0","79 54:08.680","8","0","0","0","2304","0","0","0","N","0","0","0","1","02304","0","","5.0","","1","N","N","","0","","0","0","0","","0","","","1","1","0","0","0","1","0","2","0","1","","","","N","","","","","","","","","",""
"2015123453","","2","0","0","0","0","0","0","0","0","1","0","","02","11","2015","6","40.452805","-79.889458","","11","0","0","0","0","0","1","0","0","","0","0","0","","","0","","0","","40 27:10.097","","0","79 53:22.048","0","0","0","0","2301","0","0","0","","0","0","0","1","02301","0","","6.0","","1","","","","0","","0","0","0","","0","","","2","0","1","0","0","0","0","2","0","2","","","","N","","","","","","","","","",""
"2015124223","","2","0","0","0","0","0","0","0","0","2","0","","02","11","2015","2","40.560874","-79.969643","","11","0","0","0","0","0","0","0","0","","0","0","0","","","0","","2","","40 33:39.146","","0","79 58:10.714","0","0","0","0","2207","0","0","0","N","0","0","0","2","02207","0","","1.0","","1","N","N","","0","","0","0","0","","3","","","2","0","0","0","0","0","0","2","0","2","","","","N","","","","","","","","","",""
"2015125102","","1","0","0","0","0","0","0","0","0","1","0","","02","12","2015","4","40.610152","-79.976229","","11","0","0","0","0","0","0","0","1","","0","0","0","","","0","","2","","40 36:36.547","","0","79 58:34.423","0","0","0","0","2207","0","0","0","N","0","0","0","2","02207","0","","1.0","","9","N","N","","0","","0","0","0","","0","","","2","0","0","0","0","0","0","2","1","2","","","","N","","","","","","","","","",""
"2015125103","","1","0","0","0","0","0","0","0","0","1","0","","02","12","2015","3","40.563962","-79.954723","","11","0","0","0","0","0","0","0","0","2","0","0","0","","","1","","0","","40 33:50.263","4","0","79 57:17.001","8","0","0","0","2207","0","0","0","N","0","0","0","1","02207","0","","1.0","","9","N","N","","1","","0","0","0","","0","N","","2","1","1","0","0","1","0","2","0","2","","","","N","","","","","","","","","",""
"2015125116","","1","0","0","0","0","0","0","0","0","4","0","","02","11","2015","3","40.454156","-80.161344","","11","0","0","0","1","0","0","0","0","1","0","0","0","","","0","","0","","40 27:14.960","2","7","80 09:40.840","0","0","0","0","2115","0","0","0","N","0","0","0","2","02115","0","","1.0","","1","N","N","","0","","0","0","1","","2","N","","2","0","0","0","0","0","0","2","0","2","","","","N","","","","","","","","","",""