"CRN","ARRIVAL_TM","AUTOMOBILE_COUNT","BELTED_DEATH_COUNT","BELTED_SUSP_SERIOUS_INJ_COUNT","BICYCLE_COUNT","BICYCLE_DEATH_COUNT","BICYCLE_SUSP_SERIOUS_INJ_COUNT","BUS_COUNT","CHLDPAS_DEATH_COUNT","CHLDPAS_SUSP_SERIOUS_INJ_COUNT","COLLISION_TYPE","COMM_VEH_COUNT","CONS_ZONE_SPD_LIM","COUNTY","CRASH_MONTH","CRASH_YEAR","DAY_OF_WEEK","DEC_LATITUDE","DEC_LONGITUDE","DISPATCH_TM","DISTRICT","DRIVER_COUNT_16YR","DRIVER_COUNT_17YR","DRIVER_COUNT_18YR","DRIVER_COUNT_19YR","DRIVER_COUNT_20YR","DRIVER_COUNT_50_64YR","DRIVER_COUNT_65_74YR","DRIVER_COUNT_75PLUS","EST_HRS_CLOSED","FATAL_COUNT","HEAVY_TRUCK_COUNT","HORSE_BUGGY_COUNT","HOUR_OF_DAY","ILLUMINATION","INJURY_COUNT","INTERSECTION_RELATED","INTERSECT_TYPE","LANE_CLOSED","LATITUDE","LN_CLOSE_DIR","LOCATION_TYPE","LONGITUDE","MAX_SEVERITY_LEVEL","MCYCLE_DEATH_COUNT","MCYCLE_SUSP_SERIOUS_INJ_COUNT","MOTORCYCLE_COUNT","MUNICIPALITY","NONMOTR_COUNT","NONMOTR_DEATH_COUNT","NONMOTR_SUSP_SERIOUS_INJ_COUNT","NTFY_HIWY_MAINT","PED_COUNT","PED_DEATH_COUNT","PED_SUSP_SERIOUS_INJ_COUNT","PERSON_COUNT","POLICE_AGCY","POSSIBLE_INJ_COUNT","RDWY_SURF_TYPE_CD","RELATION_TO_ROAD","ROADWAY_CLEARED","ROAD_CONDITION","SCH_BUS_IND","SCH_ZONE_IND","SECONDARY_CRASH","SMALL_TRUCK_COUNT","SPEC_JURIS_CD","SUSP_MINOR_INJ_COUNT","SUSP_SERIOUS_INJ_COUNT","SUV_COUNT","TCD_FUNC_CD","TCD_TYPE","TFC_DETOUR_IND","TIME_OF_DAY","TOTAL_UNITS","TOT_INJ_COUNT","UNBELTED_OCC_COUNT","UNB_DEATH_COUNT","UNB_SUSP_SERIOUS_INJ_COUNT","UNK_INJ_DEG_COUNT","UNK_INJ_PER_COUNT","URBAN_RURAL","VAN_COUNT","VEHICLE_COUNT","WEATHER1","WEATHER2","WORKERS_PRES","WORK_ZONE_IND","WORK_ZONE_LOC","WORK_ZONE_TYPE","WZ_CLOSE_DETOUR","WZ_FLAGGER","WZ_LAW_OFFCR_IND","WZ_LN_CLOSURE","WZ_MOVING","WZ_OTHER","WZ_SHLDER_MDN","WZ_WORKERS_INJ_KILLED"
"2015123042","","1","0","0","0","0","0","0","0","0","1","0","","02","11","2015","5","40.445197","-79.974015","","11","0","0","0","0","0","0","0","0","","0","0","0","","","0","","10","","40 26:42.709","","0","79 58:26.454","0","0","0","0","2301","0","0","0","N","0","0","0","1","02301","0","","1.0","","1","N","N","","0","","0","0","1","","0","","","2","0","0","0","0","0","0","2","0","2","","","","N","","","","","","","","","",""
"2015123804","","1","0","0","0","0","0","0","0","0","4","0","","02","11","2015","7","40.428986","-79.999359","","11","0","0","0","0","1","0","0","0","","0","0","0","","","1","","0","","40 25:44.349","","0","79 59:57.694","4","0","0","0","2301","0","0","0","N","0","0","0","4","02301","1","","1.0","","9","N","N","","1","","0","0","0","","2","","","2","1","0","0","0","0","0","2","0","2","","","","N","","","","","","","","","",""
"2015123103","","1","0","0","0","0","0","0","0","0","4","0","","02","11","2015","4","40.434811","-79.791112","","11","0","0","0","0","0","1","0","0","2","0","0","0","","","1","","0","","40 26:05.321","6","7","79 47:28.003","8","0","0","0","2446","0","0","0","N","0","0","0","3","02446","0","","1.0","","1","N","N","","1","","0","0","1","","3","Y","","3","1","1","0","0","1","0","2","0","3","","","","N","","","","","","","","","",""
"2015124227","","2","0","0","0","0","0","0","0","0","4","0","","02","11","2015","2","40.485546","-79.856183","","11","0","0","0","0","0","0","0","0","","0","0","0","","","0","","0","","40 29:07.964","","0","79 51:22.257","0","0","0","0","2113","0","0","0","N","0","0","0","3","02113","0","","1.0","","1","N","N","","0","","0","0","0","","0","","","2","0","2","0","0","0","0","2","0","2","","","","N","","","","","","","","","",""
"2015125117","","2","0","0","0","0","0","0","0","0","4","0","","02","11","2015","6","40.456129","-80.161184","","11","0","0","0","0","0","0","0","0","","0","0","0","","","1","","2","","40 27:22.064","","0","80 09:40.262","3","0","0","0","2115","0","0","0","N","0","0","0","4","02115","0","","1.0","","1","N","N","","0","","1","0","0","","2","","","2","1","0","0","0","0","0","2","0","2","","","","N","","","","","","","","","",""
"2015123594","","2","0","0","0","0","0","0","0","0","1","0","","02","11","2015","4","40.361591","-80.063771","","11","0","0","0","0","0","1","0","0","","0","0","0","","","1","","2","","40 21:41.729","","0","80 03:49.575","4","0","0","0","2109","0","0","0","N","0","0","0","2","02109","1","","1.0","","1","N","N","","0","","0","0","0","","4","","","2","1","0","0","0","0","0","2","0","2","","","","N","","","","","","","","","",""
"2015125726","","1","0","0","0","0","0","0","0","0","7","0","","02","12","2015","5","40.493836","-79.785988","","11","0","0","0","0","0","0","0","0","","0","0","0","","","0","","0","","40 29:37.808","","0","79 47:09.557","9","0","0","0","2113","0","0","0","N","0","0","0","1","02113","0","","5.0","","1","N","N","","0","","0","0","0","","0","","","1","0","0","0","0","0","1","2","0","1","","","","N","","","","","","","","","",""
"2015125741","","1","0","0","0","0","0","0","0","0","4","0","","02","12","2015","4","40.330562","-79.987503","","11","0","0","0","0","0","1","1","0","1","0","0","0","","","1","","2","","40 19:50.024","1","0","79 59:15.011","4","0","0","0","2219","0","0","0","N","0","0","0","2","02219","1","","1.0","","9","N","N","","1","","0","0","0","","2","N","","2","1","0","0","0","0","0","2","0","2","","","","N","","","","","","","","","",""
"2015125118","","0","0","0","0","0","0","0","0","0","7","0","","02","11","2015","7","40.453725","-80.171715","","11","0","0","0","0","0","0","0","1","1","0","0","0","","","0","","2","","40 27:13.410","3","0","80 10:18.174","0","0","0","0","2115","0","0","0","N","0","0","0","1","02115","0","","2.0","","9","N","N","","1","","0","0","0","","2","N","","1","0","0","0","0","0","0","2","0","1","","","","N","","","","","","","","","",""
"2015125932","","2","0","0","0","0","0","0","0","0","1","0","","02","12","2015","5","40.601181","-79.757004","","11","0","0","0","0","0","1","0","0","2","0","0","0","","","1","","1","","40 36:04.250","4","8","79 45:25.215","4","0","0","0","2464","0","0","0","N","0","0","0","6","02464","1","","1.0","","1","N","N","","0","","0","0","1","","2","Y","","3","1","0","0","0","0","0","2","0","3","","","","N","","","","","","","","","",""
"2015123457","","1","0","0","0","0","0","0","0","0","8","0","","02","11","2015","6","40.41587","-79.877069","","11","0","0","0","0","0","1","0","0","","0","0","0","","","1","","2","","40 24:57.131","","0","79 52:37.450","3","0","0","0","2463","1","0","0","N","1","0","0","2","02463","0","","1.0","","1","N","N","","0","","1","0","0","","0","","","2","1","0","0","0","0","0","2","0","1","","","","N","","","","","","","","","",""
"2015125107","","0","0","0","0","0","0","0","0","0","8","0","","02","11","2015","7","40.397668","-79.769328","","11","0","0","0","0","0","0","0","0","1","0","0","0","","","1","","1","","40 23:51.606","2","0","79 46:09.579","3","0","0","0","2446","1","0","0","N","1","0","0","2","02446","0","","1.0","","9","N","N","","1","","1","0","0","","2","N","","2","1","0","0","0","0","0","2","0","1","","","","N","","","","","","","","","",""
"2015125119","","1","0","0","0","0","0","0","0","0","4","0","","02","11","2015","7","40.45187","-80.16112","","11","0","0","0","0","0","1","0","0","1","0","0","0","","","0","","1","","40 27:06.732","3","0","80 09:40.033","0","0","0","0","2115","0","0","0","N","0","0","0","2","02115","0","","1.0","","9","N","N","","0","","0","0","1","","1","N","","2","0","0","0","0","0","0","2","0","2","","","","N","","","","","","","","","",""
"2015124892","","1","0","0","0","0","0","0","0","0","8","0","","02","12","2015","3","40.429847","-80.008053","","11","0","0","0","0","0","0","1","0","1","0","0","0","","","1","","0","","40 25:47.450","7","0","80 00:28.990","2","0","0","0","2301","1","0","1","N","1","0","1","2","02301","0","","1.0","","9","N","N","","0","","0","1","0","","4","N","","2","1","0","0","0","0","0","2","0","1","","","","N","","","","","","","","","",""
"2015125108","","2","0","0","0","0","0","0","0","0","4","0","","02","12","2015","4","40.537231","-79.963685","","11","0","0","0","0","0","0","0","1","","0","0","0","","","0","","0","","40 32:14.032","","7","79 57:49.265","0","0","0","0","2118","0","0","0","N","0","0","0","3","02118","0","","1.0","","9","N","N","","0","","0","0","0","","2","","","2","0","0","0","0","0","0","2","0","2","","","","N","","","","","","","","","",""
"2015124893","","2","0","0","0","0","0","0","0","0","4","0","","02","11","2015","5","40.447794","-80.06594","","11","0","0","0","0","0","0","0","0","","0","0","0","","","1","","1","","40 26:52.058","","0","80 03:57.384","3","0","0","0","2439","0","0","0","N","0","0","0","2","02439","0","","1.0","","1","N","N","","0","","1","0","0","","0","","","2","1","0","0","0","0","0","2","0","2","","","","N","","","","","","","","","",""
"2015123379","","3","0","0","0","0","0","0","0","0","4","0","","02","11","2015","3","40.45289","-79.920715","","11","0","0","0","0","0","0","1","1","","0","0","0","","","0","","1","","40 27:10.404","","0","79 55:14.574","0","0","0","0","2301","0","0","0","N","0","0","0","6","02301","0","","1.0","","1","N","N","","0","","0","0","0","","2","","","3","0","1","0","0","0","0","2","0","3","","","","N","","","","","","","","","",""
"2015124162","","1","0","0","0","0","0","0","0","0","4","0","","02","11","2015","7","40.431031","-79.882994","","11","0","0","0","0","0","0","0","0","","0","0","0","","","0","","1","","40 25:51.711","","0","79 52:58.778","0","0","0","0","2426","0","0","0","N","0","0","0","1","02426","0","","4.0","","1","N","N","","0","","0","0","1","","0","","","2","0","0","0","0","0","0","2","0","2","","","","N","","","","","","","","","",""
"2015125744","","0","0","0","0","0","0","0","0","0","7","0","","02","12","2015","5","40.450953","-79.954742","","11","0","0","0","0","0","0","0","0","","0","0","0","","","0","","0","","40 27:03.430","","0","79 57:17.070","9","0","0","0","2301","0","0","0","N","0","0","0","1","02301","0","","4.0","","1","N","N","","0","","0","0","1","","2","","","1","0","0","0","0","0","1","2","0","1","","","","N","","","","","","","","","",""
"2015123523","","1","0","0","0","0","0","0","0","0","4","0","","02","9","2015","3","40.407058","-80.015042","","11","0","0","0","0","0","1","0","0","","0","0","0","","","0","","2","","40 24:25.408","","0","80 00:54.151","0","0","0","0","2301","0","0","0","N","0","0","0","2","02301","0","","1.0","","1","N","N","","0","","0","0","0","","3","","","2","0","1","0","0","0","0","2","1","2","","","","N","","","","","","","","","",""
"2015125935","","1","0","0","0","0","0","0","0","0","99","0","","02","12","2015","5","40.626629","-79.89648","","11","0","0","0","0","0","0","0","0","2","0","0","0","","","0","","0","","40 37:35.866","2","0","79 53:47.328","0","0","0","0","2220","0","0","0","N","0","0","0","2","02220","0","","1.0","","1","N","N","","0","","0","0","1","","0","N","","2","0","0","0","0","0","0","1","0","2","","","","N","","","","","","","","","",""
"2015123380","","1","0","0","0","0","0","0","0","0","7","0","","02","11","2015","6","40.27782","-79.876491","","11","0","0","0","0","0","1","0","0","1","0","0","0","","","0","","0","","40 16:40.151","3","0","79 52:35.367","0","0","0","0","2105","0","0","0","N","0","0","0","1","02105","0","","2.0","","1","N","N","","0","","0","0","0","","0","N","","1","0","0","0","0","0","0","2","0","1","","","","N","","","","","","","","","",""
"2015123537","","2","0","0","0","0","0","0","0","0","4","0","","02","11","2015","6","40.497063","-80.012693","","11","0","0","0","0","1","0","0","0","","0","0","0","","","0","","0","","40 29:49.428","","2","80 00:45.693","0","0","0","0","2301","0","0","0","N","0","0","0","2","02301","0","","1.0","","1","N","N","","0","","0","0","0","","0","","","2","0","0","0","0","0","0","2","0","2","","","","N","","","","","","","","","",""
"2015124086","","0","0","0","0","0","0","0","0","0","7","0","","02","11","2015","1","40.4512","-80.297925","","11","0","0","0","0","0","1","0","0","","0","0","0","","","0","","3","","40 27:04.319","","0","80 17:52.530","0","0","0","0","2203","0","0","0","N","0","0","0","1","02203","0","","4.0","","9","N","N","","1","","0","0","0","","0","","","1","0","0","0","0","0","0","1","0","1","","","","N","","","","","","","","","",""
"2015124895","","1","0","0","0","0","0","0","0","0","7","0","","02","12","2015","3","40.544031","-80.081303","","11","1","0","0","0","0","0","0","0","2","0","0","0","","","1","","0","","40 32:38.510","5","0","80 04:52.690","4","0","0","0","2215","0","0","0","N","0","0","0","1","02215","1","","5.0","","9","N","N","","0","","0","0","0","","0","N","","1","1","0","0","0","0","0","2","0","1","","","","N","","","","","","","","","",""
"2015124087","","3","0","0","0","0","0","0","0","0","2","0","","02","11","2015","2","40.421164","-79.980186","","11","0","0","0","0","0","0","0","0","","0","0","0","","","0","","0","","40 25:16.190","","0","79 58:48.670","0","0","0","0","2301","0","0","0","N","0","0","0","1","02301","0","","2.0","","1","N","N","","0","","0","0","0","","0","","","4","0","0","0","0","0","0","2","1","4","","","","N","","","","","","","","","",""
"2015125816","","2","0","0","0","0","0","0","0","0","4","0","","02","11","2015","2","40.413472","-80.042753","","11","0","0","0","0","0","0","0","0","","0","0","0","","","0","","1","","40 24:48.499","","0","80 02:33.910","9","0","0","0","2301","0","0","0","N","0","0","0","5","02301","0","","1.0","","1","N","N","","0","","0","0","0","","3","","","2","0","0","0","0","0","1","2","0","2","","","","N","","","","","","","","","",""
"2015125190","","2","0","0","0","0","0","0","0","0","1","0","","02","11","2015","3","40.59836","-79.931226","","11","0","1","0","0","0","1","0","0","1","0","0","0","","","1","","0","","40 35:54.095","2","0","79 55:52.415","8","0","0","0","2207","0","0","0","N","0","0","0","2","02207","0","","1.0","","1","N","N","","0","","0","0","0","","0","N","","2","1","0","0","0","1","0","1","0","2","","","","N","","","","","","","","","",""
"2015125681","","2","0","0","0","0","0","0","0","0","1","0","","02","12","2015","5","40.484913","-79.856386","","11","0","0","0","0","0","0","1","0","","0","0","0","","","1","","0","","40 29:05.685","","0","79 51:22.989","4","0","0","0","2113","0","0","0","N","0","0","0","3","02113","1","","1.0","","1","N","N","","0","","0","0","1","","0","","","3","1","0","0","0","0","0","2","0","3","","","","N","","","","","","","","","",""
"2015123385","","1","0","0","0","0","0","0","0","0","7","0","","02","11","2015","3","40.484858","-80.089353","","11","0","0","0","0","0","0","0","0","2","0","0","0","","","0","","0","","40 29:05.490","6","0","80 05:21.670","0","0","0","0","2126","0","0","0","N","0","0","0","1","02126","0","","2.0","","1","N","N","","0","","0","0","0","","3","N","","1","0","0","0","0","0","0","2","0","1","","","","N","","","","","","","","","",""
"2015124168","","2","0","0","0","0","0","0","0","0","1","0","","02","11","2015","2","40.442391","-80.033391","","11","0","0","0","0","0","2","1","0","","0","0","0","","","0","","2","","40 26:32.607","","0","80 02:00.207","0","0","0","0","2301","0","0","0","N","0","0","0","3","02301","0","","1.0","","1","N","N","","0","","0","0","0","","0","","","3","0","0","0","0","0","0","2","1","3","","","","N","","","","","","","","","",""
"2015123541","","1","0","0","1","0","0","0","0","0","8","0","","02","11","2015","6","40.4783","-79.840338","","11","0","0","0","0","0","0","0","0","1","0","0","0","","","1","","0","","40 28:41.881","3","0","79 50:25.218","8","0","0","0","2113","1","0","0","N","0","0","0","2","02113","0","","1.0","","1","N","N","","0","","0","0","0","","0","N","","2","1","0","0","0","1","1","2","0","1","","","","N","","","","","","","","","",""
"2015136924","","1","0","0","0","0","0","0","0","0","1","0","","02","12","2015","5","40.462625","-79.95083","","11","0","0","0","0","0","0","0","0","","0","0","0","","","0","","1","","40 27:45.450","","0","79 57:02.988","0","0","0","0","2301","0","0","0","N","0","0","0","2","02301","0","","1.0","","1","N","N","","0","","0","0","1","","2","","","2","0","0","0","0","0","0","2","0","2","","","","N","","","","","","","","","",""
"2015123399","","1","0","0","0","0","0","1","0","0","5","1","","02","11","2015","4","40.439602","-80.009855","","11","0","0","0","0","0","0","0","0","","0","0","0","","","1","","6","","40 26:22.567","","2","80 00:35.477","3","0","0","0","2301","0","0","0","N","0","0","0","3","02503","0","","1.0","","1","N","N","","0","","1","0","0","","3","","","2","1","0","0","0","0","0","2","0","2","","","","N","","","","","","","","","",""
"2015136925","","2","0","0","0","0","0","0","0","0","1","0","","02","12","2015","1","40.633507","-80.003968","","11","0","0","0","1","0","0","0","0","","0","0","0","","","0","","1","","40 38:00.625","","0","80 00:14.283","0","0","0","0","2216","0","0","0","N","0","0","0","2","02505","0","","1.0","","1","N","N","","0","","0","0","0","","3","","","2","0","0","0","0","0","0","2","0","2","","","","N","","","","","","","","","",""
"2015125671","","1","0","0","0","0","0","0","0","0","7","0","","02","12","2015","3","40.433611","-80.156389","","11","0","0","0","0","0","0","0","0","1","0","0","0","","","0","","0","","40 26:01.000","2","0","80 09:23.000","0","0","0","0","2115","0","0","0","N","0","0","0","1","02501","0","","2.0","","9","N","N","","0","","0","0","0","","0","N","","1","0","0","0","0","0","0","1","0","1","","","","N","","","","","","","","","",""
"2015125754","","1","0","0","0","0","0","0","0","0","7","0","","02","12","2015","5","40.318853","-79.899168","","11","0","0","0","0","0","1","0","0","1","0","0","0","","","1","","0","","40 19:07.870","5","0","79 53:57.006","8","0","0","0","2302","0","0","0","N","0","0","0","1","02302","0","","4.0","","1","N","N","","0","","0","0","0","","0","N","","1","1","1","0","0","1","0","2","0","1","","","","N","","","","","","","","","",""
"2015125877","","0","0","0","0","0","0","0","0","0","1","0","","02","11","2015","2","40.518237","-79.853641","","11","0","0","1","0","0","1","0","0","2","0","0","0","","","2","","0","","40 31:05.653","2","0","79 51:13.107","8","0","0","0","2112","0","0","0","N","0","0","0","2","68D02","0","","1.0","","1","N","N","","1","","0","0","1","","0","N","","2","2","1","0","0","2","0","2","0","2","","","","N","","","","","","","","","",""
"2015124840","","1","0","0","0","0","0","0","0","0","7","0","","02","12","2015","3","40.470412","-80.220444","","11","0","0","0","0","0","0","0","0","1","0","0","0","","","0","","0","","40 28:13.484","6","0","80 13:13.600","0","0","0","0","2203","0","0","0","N","0","0","0","1","02203","0","","2.0","","9","N","N","","0","","0","0","0","","0","N","","1","0","0","0","0","0","0","2","0","1","","","","N","","","","","","","","","",""
"2015123389","","0","0","0","0","0","0","0","0","0","7","0","","02","11","2015","4","40.491511","-79.78505","","11","0","0","0","0","0","0","0","0","1","0","0","0","","","0","","0","","40 29:29.440","6","0","79 47:06.180","0","0","0","0","2466","0","0","0","N","0","0","0","1","02466","0","","5.0","","1","N","N","","0","","0","0","1","","3","N","","1","0","0","0","0","0","0","2","0","1","","","","N","","","","","","","","","",""
"2015125051","","2","0","1","0","0","0","0","0","0","2","0","","02","11","2015","7","40.513807","-79.951531","","11","0","0","0","1","0","0","0","0","2","0","0","0","","","2","","2","","40 30:49.705","2","0","79 57:05.511","2","0","0","0","2118","0","0","0","N","0","0","0","3","02118","1","","1.0","","1","N","N","","0","","0","1","0","","2","Y","","2","2","0","0","0","0","0","2","0","2","","","","N","","","","","","","","","",""
"2015125943","","1","0","0","0","0","0","0","0","0","6","0","","02","10","2015","1","40.386017","-79.830767","","11","0","0","0","0","0","0","0","0","3","0","0","0","","","1","","0","","40 23:09.660","6","0","79 49:50.760","8","0","0","0","2111","0","0","0","N","0","0","0","2","02111","0","","1.0","","1","N","N","","0","","0","0","1","","0","Y","","2","1","0","0","0","1","0","2","0","2","","","","N","","","","","","","","","",""
"2015136927","","1","0","0","0","0","0","0","0","0","7","0","","02","12","2015","7","40.402431","-79.907325","","11","0","0","0","0","0","0","0","0","1","0","0","0","","","1","","0","","40 24:08.750","5","0","79 54:26.370","4","0","0","0","2438","0","0","0","N","0","0","0","1","02438","1","","5.0","","1","N","N","","0","","0","0","0","","0","Y","","1","1","0","0","0","0","0","2","0","1","","","","N","","","","","","","","","",""
"2015124094","","1","0","0","1","0","0","0","0","0","8","0","","02","11","2015","1","40.464203","-79.949833","","11","0","0","0","0","0","0","0","0","","0","0","0","","","1","","0","","40 27:51.130","","0","79 56:59.400","3","0","0","0","2301","1","0","0","N","0","0","0","2","02301","0","","1.0","","1","N","N","","0","","1","0","0","","0","","","2","1","0","0","0","0","1","2","0","1","","","","N","","","","","","","","","",""
"2015125688","","1","0","0","0","0","0","0","0","0","7","0","","02","12","2015","4","40.430564","-80.09625","","11","0","0","0","0","0","0","0","0","","0","0","0","","","0","","0","","40 25:50.030","","0","80 05:46.500","0","0","0","0","2115","0","0","0","N","0","0","0","1","02115","0","","2.0","","9","N","N","","0","","0","0","0","","0","","","1","0","0","0","0","0","0","2","0","1","","","","N","","","","","","","","","",""
"2015125757","","2","0","0","0","0","0","0","0","0","4","0","","02","12","2015","5","40.45289","-79.920715","","11","0","0","0","0","1","0","0","1","3","0","0","0","","","1","","1","","40 27:10.404","4","0","79 55:14.574","8","0","0","0","2301","0","0","0","N","0","0","0","2","02301","0","","1.0","","1","N","N","","0","","0","0","0","","2","Y","","2","1","0","0","0","1","0","2","0","2","","","","N","","","","","","","","","",""
"2015124245","","0","0","0","0","0","0","0","0","0","7","0","","02","11","2015","2","40.423344","-79.974472","","11","0","0","0","0","0","0","0","0","","0","0","0","","","0","","0","","40 25:24.038","","0","79 58:28.099","0","0","0","0","2301","0","0","0","N","0","0","0","1","02301","0","","4.0","","1","N","N","","0","","0","0","2","","0","","","2","0","0","0","0","0","0","2","0","2","","","","N","","","","","","","","","",""
"2015123532","","1","0","0","0","0","0","1","0","0","1","1","","02","11","2015","6","40.437694","-79.9229","","11","0","0","0","0","0","1","0","0","1","0","0","0","","","1","","0","","40 26:15.700","3","0","79 55:22.440","8","0","0","0","2301","0","0","0","N","0","0","0","4","02503","0","","1.0","","1","N","N","","0","","0","0","0","","0","N","","2","1","3","0","0","1","0","2","0","2","","","","N","","","","","","","","","",""
"2015125689","","1","0","0","0","0","0","0","0","0","7","0","","02","12","2015","4","40.453847","-80.171878","","11","0","0","0","0","0","0","0","0","","0","0","0","","","0","","2","","40 27:13.849","","0","80 10:18.760","0","0","0","0","2115","0","0","0","N","0","0","0","1","02115","0","","4.0","","9","N","N","","0","","0","0","0","","4","","","1","0","0","0","0","0","0","2","0","1","","","","N","","","","","","","","","",""
"2015123405","","2","0","0","0","0","0","0","0","0","4","0","","02","11","2015","3","40.331891","-80.021346","","11","0","0","0","0","0","0","0","1","","0","0","0","","","0","","0","","40 19:54.808","","7","80 01:16.846","0","0","0","0","2407","0","0","0","N","0","0","0","4","02407","0","","1.0","","1","N","N","","0","","0","0","0","","0","","","2","0","0","0","0","0","0","2","0","2","","","","N","","","","","","","","","",""
"2015124174","","1","0","0","0","0","0","0","0","0","7","0","","02","11","2015","2","40.481518","-79.829245","","11","0","0","0","0","0","0","0","0","","0","0","0","","","0","","0","","40 28:53.464","","0","79 49:45.281","0","0","0","0","2113","0","0","0","N","0","0","0","1","02113","0","","2.0","","1","N","N","","0","","0","0","0","","0","","","1","0","0","0","0","0","0","2","0","1","","","","N","","","","","","","","","",""
"2015136930","","0","0","0","0","0","0","0","0","0","1","0","","02","12","2015","5","40.328621","-79.944892","","11","0","0","0","0","0","0","0","0","1","0","0","0","","","0","","0","","40 19:43.036","1","0","79 56:41.611","0","0","0","0","2454","0","0","0","N","0","0","0","5","02454","0","","1.0","","1","N","N","","0","","0","0","2","","0","N","","3","0","0","0","0","0","0","2","1","3","","","","N","","","","","","","","","",""
"2015124110","","1","0","0","0","0","0","0","0","0","7","0","","02","11","2015","2","40.452397","-79.923042","","11","0","0","0","0","0","0","0","0","2","0","0","0","","","0","","0","","40 27:08.630","4","0","79 55:22.950","0","0","0","0","2301","0","0","0","N","0","0","0","1","02301","0","","5.0","","1","N","N","","0","","0","0","0","","0","N","","1","0","0","0","0","0","0","2","0","1","","","","N","","","","","","","","","",""
"2015125690","","1","0","0","0","0","0","0","0","0","4","0","","02","11","2015","6","40.350691","-80.014885","","11","0","1","0","0","0","1","0","0","2","0","0","0","","","1","","0","","40 21:02.487","3","0","80 00:53.587","8","0","0","0","2407","0","0","0","N","0","0","0","5","02407","0","","1.0","","1","N","N","","0","","0","0","1","","2","N","","2","1","0","0","0","1","0","2","0","2","","","","N","","","","","","","","","",""
"2015125761","","1","0","0","0","0","0","0","0","0","1","0","","02","12","2015","5","40.3191","-79.941256","","11","0","0","0","0","0","1","0","0","2","0","0","0","","","0","","0","","40 19:08.761","1","0","79 56:28.523","0","0","0","0","2454","0","0","0","N","0","0","0","4","02454","0","","1.0","","1","N","N","","0","","0","0","1","","2","N","","2","0","0","0","0","0","0","2","0","2","","","","N","","","","","","","","","",""
"2015123472","","0","0","0","0","0","0","0","0","0","4","0","","02","11","2015","6","40.456922","-79.894133","","11","0","0","0","0","0","1","0","0","1","0","0","0","","","0","","1","","40 27:24.919","6","0","79 53:38.878","0","0","0","0","2301","0","0","0","N","0","0","0","2","02301","0","","1.0","","1","N","N","","0","","0","0","1","","3","N","","2","0","0","0","0","0","0","2","1","2","","","","N","","","","","","","","","",""
"2015136870","","2","0","0","0","0","0","0","0","0","1","0","","02","12","2015","4","40.480945","-79.84996","","11","0","0","0","0","0","0","0","0","","0","0","0","","","1","","0","","40 28:51.403","","0","79 50:59.855","4","0","0","0","2113","0","0","0","N","0","0","0","2","02113","1","","1.0","","1","N","N","","0","","0","0","0","","0","","","2","1","0","0","0","0","0","2","0","2","","","","N","","","","","","","","","",""
"2015124907","","1","0","0","0","0","0","0","0","0","4","0","","02","12","2015","3","40.618062","-79.903593","","11","0","0","0","0","0","0","0","0","1","0","1","0","","","1","","2","","40 37:05.023","6","0","79 54:12.933","3","0","0","0","2220","0","0","0","N","0","0","0","2","02220","0","","1.0","","9","N","N","","0","","1","0","0","","0","Y","","2","1","0","0","0","0","0","1","0","2","","","","N","","","","","","","","","",""
"2015125762","","1","0","0","0","0","0","0","0","0","7","0","","02","12","2015","5","40.452144","-80.0586","","11","0","0","0","0","0","0","0","0","","0","0","0","","","0","","0","","40 27:07.720","","0","80 03:30.960","0","0","0","0","2301","0","0","0","N","0","0","0","1","02301","0","","2.0","","1","N","N","","0","","0","0","0","","0","","","1","0","0","0","0","0","0","2","0","1","","","","N","","","","","","","","","",""
"2015135413","","1","0","0","0","0","0","0","0","0","4","0","","02","12","2015","1","40.447726","-80.178568","","11","0","0","0","0","0","0","0","0","","0","0","0","","","1","","2","","40 26:51.813","","0","80 10:42.844","3","0","0","0","2214","0","0","0","N","0","0","0","3","02214","0","","1.0","","9","N","N","","0","","1","0","1","","3","","","2","1","0","0","0","0","0","2","0","2","","","","N","","","","","","","","","",""
"2015123474","","1","0","0","0","0","0","0","0","0","7","0","","02","11","2015","2","40.363547","-80.011894","","11","0","0","0","0","0","0","0","1","2","0","0","0","","","0","","0","","40 21:48.770","3","0","80 00:42.820","0","0","0","0","2416","0","0","0","N","0","0","0","1","02416","0","","2.0","","1","N","N","","0","","0","0","0","","0","N","","1","0","0","0","0","0","0","2","0","1","","","","N","","","","","","","","","",""
"2015125948","","1","0","0","0","0","0","0","0","0","1","0","","02","12","2015","5","40.473989","-79.819906","","11","0","0","0","0","0","0","0","0","","0","0","0","","","0","","0","","40 28:26.360","","0","79 49:11.660","0","0","0","0","2113","0","0","0","N","0","0","0","1","02113","0","","2.0","","1","N","N","","0","","0","0","0","","0","","","2","0","0","0","0","0","0","2","1","2","","","","N","","","","","","","","","",""
"2015135414","","0","0","0","0","0","0","0","0","0","7","0","","02","12","2015","7","40.601079","-79.977253","","11","0","0","0","0","0","0","0","0","2","0","0","0","","","0","","0","","40 36:03.886","1","0","79 58:38.109","0","0","0","0","2207","0","0","0","N","0","0","0","1","02207","0","","5.0","","9","N","N","","0","","0","0","0","","0","N","","1","0","0","0","0","0","0","2","1","1","","","","N","","","","","","","","","",""