"CRN","ARRIVAL_TM","AUTOMOBILE_COUNT","BELTED_DEATH_COUNT","BELTED_SUSP_SERIOUS_INJ_COUNT","BICYCLE_COUNT","BICYCLE_DEATH_COUNT","BICYCLE_SUSP_SERIOUS_INJ_COUNT","BUS_COUNT","CHLDPAS_DEATH_COUNT","CHLDPAS_SUSP_SERIOUS_INJ_COUNT","COLLISION_TYPE","COMM_VEH_COUNT","CONS_ZONE_SPD_LIM","COUNTY","CRASH_MONTH","CRASH_YEAR","DAY_OF_WEEK","DEC_LATITUDE","DEC_LONGITUDE","DISPATCH_TM","DISTRICT","DRIVER_COUNT_16YR","DRIVER_COUNT_17YR","DRIVER_COUNT_18YR","DRIVER_COUNT_19YR","DRIVER_COUNT_20YR","DRIVER_COUNT_50_64YR","DRIVER_COUNT_65_74YR","DRIVER_COUNT_75PLUS","EST_HRS_CLOSED","FATAL_COUNT","HEAVY_TRUCK_COUNT","HORSE_BUGGY_COUNT","HOUR_OF_DAY","ILLUMINATION","INJURY_COUNT","INTERSECTION_RELATED","INTERSECT_TYPE","LANE_CLOSED","LATITUDE","LN_CLOSE_DIR","LOCATION_TYPE","LONGITUDE","MAX_SEVERITY_LEVEL","MCYCLE_DEATH_COUNT","MCYCLE_SUSP_SERIOUS_INJ_COUNT","MOTORCYCLE_COUNT","MUNICIPALITY","NONMOTR_COUNT","NONMOTR_DEATH_COUNT","NONMOTR_SUSP_SERIOUS_INJ_COUNT","NTFY_HIWY_MAINT","PED_COUNT","PED_DEATH_COUNT","PED_SUSP_SERIOUS_INJ_COUNT","PERSON_COUNT","POLICE_AGCY","POSSIBLE_INJ_COUNT","RDWY_SURF_TYPE_CD","RELATION_TO_ROAD","ROADWAY_CLEARED","ROAD_CONDITION","SCH_BUS_IND","SCH_ZONE_IND","SECONDARY_CRASH","SMALL_TRUCK_COUNT","SPEC_JURIS_CD","SUSP_MINOR_INJ_COUNT","SUSP_SERIOUS_INJ_COUNT","SUV_COUNT","TCD_FUNC_CD","TCD_TYPE","TFC_DETOUR_IND","TIME_OF_DAY","TOTAL_UNITS","TOT_INJ_COUNT","UNBELTED_OCC_COUNT","UNB_DEATH_COUNT","UNB_SUSP_SERIOUS_INJ_COUNT","UNK_INJ_DEG_COUNT","UNK_INJ_PER_COUNT","URBAN_RURAL","VAN_COUNT","VEHICLE_COUNT","WEATHER1","WEATHER2","WORKERS_PRES","WORK_ZONE_IND","WORK_ZONE_LOC","WORK_ZONE_TYPE","WZ_CLOSE_DETOUR","WZ_FLAGGER","WZ_LAW_OFFCR_IND","WZ_LN_CLOSURE","WZ_MOVING","WZ_OTHER","WZ_SHLDER_MDN","WZ_WORKERS_INJ_KILLED"
"2015136933","","2","0","0","0","0","0","0","0","0","4","0","","02","12","2015","4","40.593408","-79.947918","","11","0","0","0","0","0","1","0","0","2","0","0","0","","","0","","0","","40 35:36.269","5","7","79 56:52.504","0","0","0","0","2207","0","0","0","N","0","0","0","2","02207","0","","1.0","","1","N","N","","0","","0","0","0","","0","N","","2","0","0","0","0","0","0","2","0","2","","","","N","","","","","","","","","",""
"2015124909","","1","0","0","0","0","0","0","0","0","8","0","","02","12","2015","3","40.352562","-79.85101","","11","0","0","0","0","0","0","0","0","1","0","0","0","","","1","","2","","40 21:09.223","4","0","79 51:03.637","8","0","0","0","2304","1","0","0","N","1","0","0","2","02304","0","","1.0","","9","N","N","","0","","0","0","0","","2","N","","2","1","0","0","0","1","0","2","0","1","","","","N","","","","","","","","","",""
"2015125764","","2","0","0","0","0","0","0","0","0","1","0","","02","12","2015","4","40.5076","-79.946122","","11","0","0","0","0","0","1","0","0","2","0","0","0","","","0","","0","","40 30:27.359","1","0","79 56:46.040","0","0","0","0","2118","0","0","0","N","0","0","0","3","02118","0","","1.0","","1","N","N","","0","","0","0","1","","0","N","","3","0","0","0","0","0","0","2","0","3","","","","N","","","","","","","","","",""
"2015125069","","2","0","0","0","0","0","0","0","0","4","0","","02","12","2015","4","40.485373","-79.928546","","11","0","0","0","0","0","0","0","2","1","0","0","0","","","0","","1","","40 29:07.342","1","0","79 55:42.765","0","0","0","0","2301","0","0","0","N","0","0","0","2","02301","0","","1.0","","9","N","N","","0","","0","0","0","","3","Y","","2","0","0","0","0","0","0","2","0","2","","","","N","","","","","","","","","",""
"2015124101","","2","0","0","0","0","0","0","0","0","7","0","","02","11","2015","7","40.429267","-79.999168","","11","0","0","0","0","0","0","0","0","2","0","0","0","","","0","","1","","40 25:45.362","3","3","79 59:57.003","0","0","0","0","2301","0","0","0","N","0","0","0","7","02301","0","","4.0","","9","N","N","","0","","0","0","0","","2","Y","","2","0","0","0","0","0","0","2","0","2","","","","N","","","","","","","","","",""
"2015124910","","1","0","0","0","0","0","0","0","0","4","0","","02","12","2015","3","40.434069","-79.752104","","11","0","0","0","0","0","1","0","0","1","0","0","0","","","2","","0","","40 26:02.649","4","0","79 45:07.575","8","0","0","0","2446","0","0","0","N","0","0","0","3","02446","0","","1.0","","9","N","N","","0","","0","0","1","","2","N","","2","2","0","0","0","2","0","2","0","2","","","","N","","","","","","","","","",""
"2015124179","","0","0","0","0","0","0","0","0","0","0","0","","02","11","2015","2","40.450552","-80.027249","","11","0","0","0","0","0","0","0","0","","0","0","0","","","1","","0","","40 27:01.986","","0","80 01:38.096","8","0","0","1","2301","0","0","0","N","0","0","0","1","02301","0","","2.0","","1","N","N","","0","","0","0","0","","0","","","1","1","0","0","0","1","0","2","0","1","","","","N","","","","","","","","","",""
"2015125765","","1","0","1","0","0","0","0","0","0","2","0","35","02","11","2015","3","40.434482","-79.714765","","11","0","0","0","0","0","1","0","0","2","0","0","0","","","1","","0","","40 26:04.134","6","0","79 42:53.154","2","0","0","0","2446","0","0","0","N","0","0","0","4","02446","0","","1.0","","1","N","N","","1","","0","1","0","","0","Y","","3","1","0","0","0","0","0","2","1","3","","","N","Y","2","1","","","N","Y","","","",""
"2015124255","","1","0","0","0","0","0","0","0","0","7","0","","02","11","2015","7","40.449355","-79.84455","","11","0","0","1","0","0","0","0","0","","0","0","0","","","0","","0","","40 26:57.678","","0","79 50:40.380","0","0","0","0","2419","0","0","0","N","0","0","0","1","02419","0","","5.0","","9","N","N","","0","","0","0","0","","0","","","1","0","0","0","0","0","0","2","0","1","","","","N","","","","","","","","","",""
"2015125951","","1","0","0","0","0","0","0","0","0","7","0","","02","11","2015","2","40.344298","-79.940708","","11","0","0","0","0","0","0","1","0","","0","0","0","","","0","","2","","40 20:39.473","","0","79 56:26.549","0","0","0","0","2473","0","0","0","N","0","0","0","1","02473","0","","3.0","","1","N","N","","0","","0","0","0","","2","","","1","0","0","0","0","0","0","2","0","1","","","","N","","","","","","","","","",""
"2015124390","","1","0","0","0","0","0","0","0","0","7","0","","02","11","2015","2","40.420365","-79.958055","","11","0","1","0","0","0","0","0","0","","0","0","0","","","0","","0","","40 25:13.314","","0","79 57:28.998","0","0","0","0","2301","0","0","0","N","0","0","0","1","02301","0","","5.0","","9","N","N","","0","","0","0","0","","0","","","1","0","0","0","0","0","0","2","0","1","","","","N","","","","","","","","","",""
"2015123334","","1","0","0","0","0","0","0","0","0","1","0","","02","10","2015","6","40.434942","-79.966178","","11","0","0","0","0","0","1","0","0","","0","0","0","","","0","","0","","40 26:05.792","","0","79 57:58.241","0","0","0","0","2301","0","0","0","N","0","0","0","2","68B03","0","","1.0","","1","N","N","","0","","0","0","1","","0","","","2","0","0","0","0","0","0","2","0","2","","","","N","","","","","","","","","",""
"2015124929","","0","0","0","0","0","0","0","0","0","7","0","","02","12","2015","3","40.288488","-79.82777","","11","0","0","0","0","0","0","0","0","","0","0","0","","","0","","0","","40 17:18.556","","0","79 49:39.972","0","0","0","0","2105","0","0","0","N","0","0","0","1","02105","0","","5.0","","1","N","N","","1","","0","0","0","","0","","","1","0","0","0","0","0","0","2","0","1","","","","N","","","","","","","","","",""
"2015123553","","2","0","0","0","0","0","0","0","0","1","0","","02","11","2015","6","40.338887","-80.065955","","11","0","0","0","0","0","0","1","0","2","0","0","0","","","0","","1","","40 20:19.994","2","0","80 03:57.437","0","0","0","0","2123","0","0","0","N","0","0","0","2","02123","0","","1.0","","1","N","N","","0","","0","0","0","","2","Y","","2","0","0","0","0","0","0","2","0","2","","","","N","","","","","","","","","",""
"2015124331","","1","0","0","0","0","0","0","0","0","6","0","","02","11","2015","2","40.458214","-80.075828","","11","0","0","0","0","0","1","0","0","","0","0","0","","","1","","0","","40 27:29.570","","0","80 04:32.980","2","0","0","0","2301","0","0","0","N","0","0","0","1","02301","0","","1.0","","1","N","N","","0","","0","1","1","","0","","","2","1","0","0","0","0","0","2","0","2","","","","N","","","","","","","","","",""
"2015123335","","0","0","0","0","0","0","0","0","0","1","1","","02","10","2015","3","40.654562","-80.092864","","11","0","0","0","0","1","0","0","0","2","0","1","0","","","2","","0","","40 39:16.423","1","0","80 05:34.311","3","0","0","0","2212","0","0","0","N","0","0","0","4","68B03","1","","1.0","","1","N","N","","1","","1","0","2","","0","N","","4","2","0","0","0","0","0","2","0","4","","","","N","","","","","","","","","",""
"2015125769","","0","0","0","0","0","0","0","0","0","1","0","","02","10","2015","5","40.516307","-80.029237","","11","0","0","0","0","0","1","0","0","","0","0","0","","","0","","0","","40 30:58.706","","0","80 01:45.254","0","0","0","0","2474","0","0","0","N","0","0","0","2","02474","0","","1.0","","1","N","N","","0","","0","0","2","","0","","","2","0","0","0","0","0","0","2","0","2","","","","N","","","","","","","","","",""
"2015125061","","1","0","0","0","0","0","0","0","0","8","0","","02","12","2015","4","40.497989","-80.060073","","11","0","0","0","0","0","0","0","0","","0","0","0","","","1","","1","","40 29:52.760","","0","80 03:36.261","3","0","0","0","2404","1","0","0","N","1","0","0","2","02404","0","","1.0","","9","N","N","","0","","1","0","0","","2","","","2","1","0","0","0","0","0","2","0","1","","","","N","","","","","","","","","",""
"2015125618","","0","0","0","0","0","0","0","0","0","7","0","","02","12","2015","4","40.274413","-79.894293","","11","0","0","0","0","0","0","0","0","1","0","0","0","","","0","","0","","40 16:27.888","2","3","79 53:39.454","0","0","0","0","2440","0","0","0","N","0","0","0","1","02440","0","","2.0","","9","N","N","","0","","0","0","1","","0","Y","","1","0","0","0","0","0","0","2","0","1","","","","N","","","","","","","","","",""
"2015123336","","0","0","0","0","0","0","0","0","0","1","0","","02","11","2015","6","40.435907","-79.975304","","11","0","0","0","0","0","1","0","0","1","0","0","0","","","1","","0","","40 26:09.264","3","0","79 58:31.093","8","0","0","0","2301","0","0","0","N","0","0","0","3","68B03","0","","1.0","","1","N","N","","1","","0","0","1","","8","N","","2","1","0","0","0","1","0","2","0","2","","","","N","","","","","","","","","",""
"2015124105","","1","0","0","0","0","0","0","0","0","7","0","","02","11","2015","1","40.438039","-79.905894","","11","0","0","0","0","0","0","0","0","3","0","0","0","","","1","","0","","40 26:16.942","6","0","79 54:21.220","8","0","0","0","2301","0","0","0","N","0","0","0","1","02301","0","","5.0","","1","N","N","","0","","0","0","0","","0","N","","1","1","0","0","0","1","0","2","0","1","","","","N","","","","","","","","","",""
"2015125630","","0","0","0","0","0","0","0","0","0","7","0","","02","12","2015","3","40.438371","-80.154403","","11","0","0","0","0","0","0","0","0","","0","0","0","","","0","","10","","40 26:18.137","","0","80 09:15.852","0","0","0","0","2115","0","0","0","N","0","0","0","1","02501","0","","5.0","","9","N","N","","0","","0","0","1","","0","","","1","0","0","0","0","0","0","2","0","1","","","","N","","","","","","","","","",""
"2015123337","","1","0","0","0","0","0","0","0","0","1","0","","02","11","2015","7","40.505844","-80.137431","","11","0","0","0","0","0","0","0","2","","0","0","0","","","2","","0","","40 30:21.037","","0","80 08:14.752","4","0","0","0","2115","0","0","0","N","0","0","0","3","68B03","1","","1.0","","1","N","N","","0","","0","0","1","","0","","","2","2","0","0","0","1","0","2","0","2","","","","N","","","","","","","","","",""
"2015125955","","2","0","0","0","0","0","0","0","0","4","0","","02","12","2015","3","40.455905","-79.938602","","11","0","0","0","0","0","2","0","0","","0","0","0","","","0","","1","","40 27:21.258","","0","79 56:18.967","0","0","0","0","2301","0","0","0","N","0","0","0","2","02301","0","","1.0","","9","N","N","","0","","0","0","0","","2","","","2","0","0","0","0","0","0","2","0","2","","","","N","","","","","","","","","",""
"2015123338","","2","0","0","0","0","0","0","0","0","1","0","","02","11","2015","3","40.435424","-80.146063","","11","0","0","0","1","0","0","0","0","","0","0","0","","","0","","0","","40 26:07.527","","0","80 08:45.826","0","0","0","0","2115","0","0","0","N","0","0","0","2","68B03","0","","1.0","","1","N","N","","0","","0","0","0","","0","","","2","0","0","0","0","0","0","2","0","2","","","","N","","","","","","","","","",""
"2015125772","","2","0","0","0","0","0","0","0","0","4","0","","02","12","2015","3","40.299298","-80.047476","","11","0","0","0","0","0","1","0","0","","0","0","0","","","1","","10","","40 17:57.474","","0","80 02:50.915","4","0","0","0","2407","0","0","0","N","0","0","0","2","02407","1","","1.0","","9","N","N","","0","","0","0","0","","3","","","2","1","0","0","0","0","0","2","0","2","","","","N","","","","","","","","","",""
"2015124335","","1","0","0","0","0","0","0","0","0","7","0","","02","11","2015","7","40.336151","-80.134581","","11","0","0","0","0","0","0","0","0","","0","0","0","","","1","","0","","40 20:10.142","","0","80 08:04.492","8","0","0","0","2119","0","0","0","N","0","0","0","2","68B03","0","","2.0","","1","N","N","","0","","0","0","0","","0","","","1","1","0","0","0","1","0","2","0","1","","","","N","","","","","","","","","",""
"2015135422","","1","0","0","0","0","0","0","0","0","4","0","","02","12","2015","7","40.511184","-80.049549","","11","0","0","0","0","0","1","0","0","","0","0","0","","","0","","0","","40 30:40.264","","0","80 02:58.377","0","0","0","0","2116","0","0","0","N","0","0","0","5","68B03","0","","1.0","","1","N","N","","0","","0","0","1","","0","","","2","0","0","0","0","0","0","2","0","2","","","","N","","","","","","","","","",""
"2015123484","","1","0","0","0","0","0","0","0","0","7","0","","02","11","2015","7","40.428572","-80.131219","","11","1","0","0","0","0","0","0","0","2","0","0","0","","","0","","0","","40 25:42.860","4","0","80 07:52.390","0","0","0","0","2115","0","0","0","N","0","0","0","3","68B03","0","","3.0","","1","N","N","","0","","0","0","1","","0","N","","2","0","0","0","0","0","0","2","0","2","","","","N","","","","","","","","","",""
"2015124263","","1","0","0","0","0","0","0","0","0","1","0","","02","11","2015","7","40.557093","-80.018229","","11","0","0","1","0","0","0","0","0","1","0","0","0","","","0","","0","","40 33:25.535","3","0","80 01:05.626","0","0","0","0","2108","0","0","0","N","0","0","0","2","02108","0","","1.0","","9","N","N","","1","","0","0","0","","0","Y","","2","0","0","0","0","0","0","2","0","2","","","","N","","","","","","","","","",""
"2015125081","","0","0","0","0","0","0","0","0","0","7","0","","02","11","2015","1","40.413441","-79.808596","","11","0","0","0","0","0","0","0","1","1","0","0","0","","","1","","1","","40 24:48.387","6","0","79 48:30.945","8","0","0","0","2446","0","0","0","N","0","0","0","1","02446","0","","5.0","","1","N","N","","1","","0","0","0","","3","N","","1","1","1","0","0","1","0","2","0","1","","","","N","","","","","","","","","",""
"2015124336","","1","0","0","0","0","0","0","0","0","1","0","","02","11","2015","3","40.425588","-79.910457","","11","0","0","0","0","0","1","0","0","","0","0","0","","","0","","0","","40 25:32.116","","0","79 54:37.645","0","0","0","0","2301","0","0","0","N","0","0","0","4","68B03","0","","1.0","","1","Y","Y","","2","","0","0","0","","0","","","3","0","0","0","0","0","0","2","0","3","","","","N","","","","","","","","","",""
"2015125957","","1","0","0","0","0","0","0","0","0","99","0","","02","11","2015","1","40.457617","-79.910153","","11","0","0","0","0","0","0","0","0","","0","0","0","","","0","","0","","40 27:27.420","","0","79 54:36.550","0","0","0","0","2301","0","0","0","N","0","0","0","0","02301","0","","4.0","","9","N","N","","0","","0","0","0","","0","","","1","0","0","0","0","0","0","2","0","1","","","","N","","","","","","","","","",""
"2015135423","","2","0","0","0","0","0","0","0","0","1","0","","02","12","2015","3","40.428849","-79.956164","","11","0","0","0","0","0","0","0","0","","0","0","0","","","1","","6","","40 25:43.856","","2","79 57:22.191","8","0","0","0","2301","0","0","0","N","0","0","0","3","68B03","0","","1.0","","1","N","N","","0","","0","0","0","","4","","","2","1","0","0","0","1","0","2","0","2","","","","N","","","","","","","","","",""
"2015124937","","2","0","0","0","0","0","0","0","0","4","0","","02","12","2015","3","40.340329","-79.93829","","11","0","0","0","0","0","0","0","0","1","0","0","0","","","2","","2","","40 20:25.183","1","7","79 56:17.845","4","0","0","0","2473","0","0","0","N","0","0","0","3","02473","2","","1.0","","9","N","N","","0","","0","0","0","","2","N","","2","2","1","0","0","0","0","2","0","2","","","","N","","","","","","","","","",""
"2015123485","","1","0","0","0","0","0","0","0","0","1","0","","02","11","2015","3","40.457605","-80.187877","","11","0","0","0","0","1","0","0","0","1","0","0","0","","","0","","0","","40 27:27.377","4","0","80 11:16.358","0","0","0","0","2214","0","0","0","N","0","0","0","3","68B03","0","","1.0","","1","N","N","","1","","0","0","0","","0","N","","2","0","0","0","0","0","0","2","0","2","","","","N","","","","","","","","","",""
"2015124337","","2","0","0","0","0","0","0","0","0","1","0","","02","11","2015","4","40.42561","-79.906245","","11","0","0","0","0","0","0","0","0","","0","0","0","","","1","","0","","40 25:32.195","","3","79 54:22.483","4","0","0","0","2301","0","0","0","N","0","0","0","2","68B03","1","","1.0","","1","N","N","","0","","0","0","0","","0","","","2","1","0","0","0","0","0","2","0","2","","","","N","","","","","","","","","",""
"2015135424","","2","0","0","0","0","0","0","0","0","1","0","","02","12","2015","5","40.434729","-79.98606","","11","0","0","0","0","0","0","0","0","1","0","0","0","","","1","","0","","40 26:05.023","4","0","79 59:09.815","4","0","0","0","2301","0","0","0","N","0","0","0","2","68B03","1","","1.0","","9","N","N","","0","","0","0","0","","0","N","","2","1","0","0","0","0","0","2","0","2","","","","N","","","","","","","","","",""
"2015123486","","0","0","0","0","0","0","0","0","0","1","1","","02","11","2015","4","40.482874","-80.121589","","11","0","0","0","0","0","1","0","0","1","0","1","0","","","2","","0","","40 28:58.348","1","0","80 07:17.721","4","0","0","0","2126","0","0","0","N","0","0","0","3","68B03","2","","1.0","","1","N","N","","1","","0","0","0","","0","N","","2","2","0","0","0","0","0","2","0","2","","","","N","","","","","","","","","",""
"2015123560","","1","0","0","0","0","0","0","0","0","1","0","","02","11","2015","6","40.461446","-79.9708","","11","0","0","0","0","0","0","0","0","","0","0","0","","","0","","1","","40 27:41.205","","0","79 58:14.880","0","0","0","0","2301","0","0","0","N","0","0","0","2","02301","0","","1.0","","1","N","N","","1","","0","0","0","","3","","","2","0","0","0","0","0","0","2","0","2","","","","N","","","","","","","","","",""
"2015124338","","1","0","0","0","0","0","0","0","0","7","0","","02","11","2015","7","40.429094","-79.944488","","11","0","0","0","1","0","0","0","0","2","0","0","0","","","1","","0","","40 25:44.737","4","3","79 56:40.157","4","0","0","0","2301","0","0","0","N","0","0","0","2","68B03","1","","3.0","","9","N","N","","0","","0","0","1","","0","N","","2","1","0","0","0","0","0","2","0","2","","","","N","","","","","","","","","",""
"2015135426","","1","0","0","0","0","0","0","0","0","7","0","","02","12","2015","6","40.439399","-80.010263","","11","0","0","0","1","0","0","0","0","","0","0","0","","","0","","3","","40 26:21.837","","8","80 00:36.946","0","0","0","0","2301","0","0","0","Y","0","0","0","1","68B03","0","","4.0","","2","N","N","","0","","0","0","0","","0","","","1","0","0","0","0","0","0","2","0","1","","","","N","","","","","","","","","",""
"2015124189","","0","0","0","0","0","0","0","0","0","8","1","","02","11","2015","3","40.443863","-80.027591","","11","0","0","0","0","0","1","0","0","4","1","1","0","","","0","","2","","40 26:37.906","2","0","80 01:39.328","1","0","0","0","2301","1","1","0","N","1","1","0","2","02301","0","2","2.0","","1","N","N","","0","0","0","0","0","","0","Y","","2","0","0","0","0","0","0","2","0","1","","","","N","","","","","","","","","",""
"2015135427","","2","0","0","0","0","0","0","0","0","4","0","","02","12","2015","6","40.422843","-80.103004","","11","0","0","0","0","0","0","0","0","3","0","0","0","","","0","","6","","40 25:22.234","2","2","80 06:10.813","9","0","0","0","2115","0","0","0","N","0","0","0","4","68B03","0","","1.0","","2","N","N","","0","","0","0","1","","0","N","","4","0","0","0","0","0","3","2","0","4","","","","N","","","","","","","","","",""
"2015135428","","2","0","0","0","0","0","1","0","0","1","1","","02","12","2015","6","40.422843","-80.103004","","11","0","0","0","0","0","0","0","0","3","0","0","0","","","0","","6","","40 25:22.234","2","2","80 06:10.813","9","0","0","0","2115","0","0","0","N","0","0","0","5","68B03","0","","1.0","","2","N","N","","0","","0","0","0","","0","N","","4","0","0","0","0","0","1","2","0","4","","","","N","","","","","","","","","",""
"2015125626","","2","0","0","0","0","0","0","0","0","4","0","","02","12","2015","5","40.446647","-79.893681","","11","0","0","0","0","0","1","0","0","","0","0","0","","","0","","2","","40 26:47.930","","0","79 53:37.252","0","0","0","0","2301","0","0","0","N","0","0","0","2","02301","0","","1.0","","1","N","N","","0","","0","0","0","","3","","","2","0","0","0","0","0","0","2","0","2","","","","N","","","","","","","","","",""
"2015135429","","1","0","0","0","0","0","0","0","0","4","0","","02","12","2015","6","40.421766","-80.103858","","11","0","0","0","0","0","1","0","0","3","0","0","0","","","1","","0","","40 25:18.359","2","2","80 06:13.888","4","0","0","0","2115","0","0","0","N","0","0","0","2","68B03","1","","1.0","","2","N","N","","1","","0","0","0","","0","N","","2","1","0","0","0","0","0","2","0","2","","","","N","","","","","","","","","",""
"2015124942","","1","0","0","0","0","0","0","0","0","1","0","","02","12","2015","3","40.567019","-80.231675","","11","0","0","0","0","0","0","0","0","","0","0","0","","","1","","2","","40 34:01.267","","0","80 13:54.031","3","0","0","0","2103","0","0","0","N","0","0","0","2","02103","0","","1.0","","9","N","N","","0","","1","0","1","","0","","","2","1","0","0","0","0","0","2","0","2","","","","N","","","","","","","","","",""
"2015125707","","0","0","0","0","0","0","0","0","0","4","0","","02","11","2015","6","40.45824","-79.972156","","11","0","0","0","0","0","0","1","0","1","0","0","0","","","0","","2","","40 27:29.664","4","0","79 58:19.761","0","0","0","0","2301","0","0","0","N","0","0","0","2","02301","0","","1.0","","1","N","N","","0","","0","0","2","","3","N","","2","0","0","0","0","0","0","2","0","2","","","","N","","","","","","","","","",""
"2015125088","","2","0","0","0","0","0","0","0","0","4","0","","02","12","2015","4","40.426694","-80.021808","","11","0","0","0","0","0","1","0","0","1","0","0","0","","","1","","0","","40 25:36.097","2","7","80 01:18.508","4","0","0","0","2301","0","0","0","N","0","0","0","2","02301","1","","1.0","","9","N","N","","0","","0","0","0","","0","N","","2","1","0","0","0","0","0","2","0","2","","","","N","","","","","","","","","",""
"2015124622","","0","0","0","0","0","0","0","0","0","7","0","","02","12","2015","3","40.449779","-79.827026","","11","0","0","0","0","0","1","0","0","1","0","0","0","","","0","","0","","40 26:59.206","2","0","79 49:37.295","0","0","0","0","2113","0","0","0","N","0","0","0","1","02113","0","","4.0","","9","N","N","","0","","0","0","0","","0","N","","1","0","0","0","0","0","0","2","1","1","","","","N","","","","","","","","","",""
"2015125165","","2","0","0","0","0","0","0","0","0","5","0","","02","12","2015","4","40.453222","-80.193353","","11","0","0","0","0","0","0","0","0","2","0","0","0","","","0","","0","","40 27:11.600","2","0","80 11:36.070","0","0","0","0","2214","0","0","0","N","0","0","0","2","02214","0","","1.0","","9","N","N","","0","","0","0","0","","0","N","","2","0","0","0","0","0","0","2","0","2","","","","N","","","","","","","","","",""
"2015124418","","0","0","0","0","0","0","0","0","0","7","0","","02","11","2015","7","40.622834","-79.924899","","11","0","0","0","0","0","1","0","0","1","0","0","0","","","1","","0","","40 37:22.202","5","0","79 55:29.636","8","0","0","0","2217","0","0","0","N","0","0","0","1","02505","0","","2.0","","9","N","N","","1","","0","0","0","","0","N","","1","1","1","0","0","1","0","2","0","1","","","","N","","","","","","","","","",""
"2015123708","","1","0","0","0","0","0","0","0","0","4","0","","02","11","2015","7","40.458827","-79.972836","","11","0","0","0","0","0","1","0","0","1","0","0","0","","","0","","1","","40 27:31.777","2","0","79 58:22.209","0","0","0","0","2301","0","0","0","N","0","0","0","5","02301","0","","1.0","","9","N","N","","0","","0","0","1","","2","N","","2","0","0","0","0","0","0","2","0","2","","","","N","","","","","","","","","",""
"2015123938","","1","0","0","0","0","0","0","0","0","0","0","45","02","11","2015","7","40.352758","-80.140519","","11","0","0","0","0","0","0","0","0","","0","0","0","","","0","","2","","40 21:09.929","","0","80 08:25.868","0","0","0","0","2119","0","0","0","Y","0","0","0","1","02119","0","","1.0","","9","N","N","","0","","0","0","0","","0","","","2","0","0","0","0","0","0","2","0","1","","","N","Y","4","1","","","N","Y","","","Y",""
"2015123644","","1","0","0","0","0","0","0","0","0","5","0","","02","11","2015","6","40.537538","-80.011153","","11","0","0","0","1","0","0","0","0","","0","0","0","","","0","","1","","40 32:15.135","","0","80 00:40.152","0","0","0","0","2116","0","0","0","N","0","0","0","7","02116","0","","1.0","","1","N","N","","0","","0","0","1","","2","","","2","0","1","0","0","0","0","2","0","2","","","","N","","","","","","","","","",""
"2015124419","","2","0","0","0","0","0","0","0","0","4","0","","02","11","2015","2","40.454063","-79.885242","","11","0","0","0","0","0","0","0","0","2","0","0","0","","","0","","1","","40 27:14.626","6","0","79 53:06.870","9","0","0","0","2301","0","0","0","N","0","0","0","3","02301","0","","1.0","","9","N","N","","0","","0","0","0","","3","N","","2","0","0","0","0","0","1","2","0","2","","","","N","","","","","","","","","",""
"2015123791","","2","0","0","0","0","0","0","0","0","1","0","","02","11","2015","7","40.472176","-79.934586","","11","0","0","0","0","0","2","0","0","","0","0","0","","","2","","2","","40 28:19.833","","0","79 56:04.509","8","0","0","0","2301","0","0","0","N","0","0","0","4","02301","0","","1.0","","9","N","N","","0","","0","0","0","","3","","","2","2","0","0","0","2","0","2","0","2","","","","N","","","","","","","","","",""
"2015123868","","2","0","0","0","0","0","0","0","0","1","0","","02","11","2015","2","40.635668","-79.939483","","11","0","0","0","0","0","2","0","0","","0","0","0","","","0","","0","","40 38:08.403","","0","79 56:22.140","0","0","0","0","2217","0","0","0","N","0","0","0","4","02505","0","","1.0","","1","N","N","","0","","0","0","1","","0","","","4","0","0","0","0","0","0","2","1","4","","","","N","","","","","","","","","",""
"2015123645","","0","0","0","0","0","0","0","0","0","7","0","","02","11","2015","6","40.363546","-79.773574","","11","0","0","0","0","1","0","0","0","","0","0","0","","","0","","0","","40 21:48.765","","0","79 46:24.868","0","0","0","0","2111","0","0","0","N","0","0","0","1","02111","0","","2.0","","1","N","N","","0","","0","0","2","","0","","","2","0","0","0","0","0","0","2","0","2","","","","N","","","","","","","","","",""
"2015125308","","1","0","0","0","0","0","0","0","0","1","0","","02","11","2015","2","40.439399","-80.010263","","11","0","0","0","0","0","0","0","1","1","0","0","0","","","0","","6","","40 26:21.837","4","2","80 00:36.946","0","0","0","0","2301","0","0","0","N","0","0","0","3","68B03","0","","1.0","","1","N","N","","0","","0","0","0","","4","N","","2","0","0","0","0","0","0","2","1","2","","","","N","","","","","","","","","",""
"2015123857","","2","0","0","0","0","0","0","0","0","4","0","","02","11","2015","7","40.438357","-79.772272","","11","0","0","0","0","0","0","1","0","","0","0","0","","","0","","0","","40 26:18.085","","0","79 46:20.178","0","0","0","0","2446","0","0","0","N","0","0","0","2","02446","0","","1.0","","1","N","N","","0","","0","0","0","","0","","","2","0","0","0","0","0","0","2","0","2","","","","N","","","","","","","","","",""
"2015123940","","0","0","1","0","0","0","0","0","0","7","0","","02","11","2015","1","40.566583","-79.802058","","11","0","0","0","0","1","0","0","0","1","0","0","0","","","2","","0","","40 33:59.700","5","0","79 48:07.410","2","0","0","0","2206","0","0","0","N","0","0","0","3","02206","0","","2.0","","9","N","N","","1","","1","1","0","","0","Y","","1","2","0","0","0","0","0","2","0","1","","","","N","","","","","","","","","",""