"CRN","ARRIVAL_TM","AUTOMOBILE_COUNT","BELTED_DEATH_COUNT","BELTED_SUSP_SERIOUS_INJ_COUNT","BICYCLE_COUNT","BICYCLE_DEATH_COUNT","BICYCLE_SUSP_SERIOUS_INJ_COUNT","BUS_COUNT","CHLDPAS_DEATH_COUNT","CHLDPAS_SUSP_SERIOUS_INJ_COUNT","COLLISION_TYPE","COMM_VEH_COUNT","CONS_ZONE_SPD_LIM","COUNTY","CRASH_MONTH","CRASH_YEAR","DAY_OF_WEEK","DEC_LATITUDE","DEC_LONGITUDE","DISPATCH_TM","DISTRICT","DRIVER_COUNT_16YR","DRIVER_COUNT_17YR","DRIVER_COUNT_18YR","DRIVER_COUNT_19YR","DRIVER_COUNT_20YR","DRIVER_COUNT_50_64YR","DRIVER_COUNT_65_74YR","DRIVER_COUNT_75PLUS","EST_HRS_CLOSED","FATAL_COUNT","HEAVY_TRUCK_COUNT","HORSE_BUGGY_COUNT","HOUR_OF_DAY","ILLUMINATION","INJURY_COUNT","INTERSECTION_RELATED","INTERSECT_TYPE","LANE_CLOSED","LATITUDE","LN_CLOSE_DIR","LOCATION_TYPE","LONGITUDE","MAX_SEVERITY_LEVEL","MCYCLE_DEATH_COUNT","MCYCLE_SUSP_SERIOUS_INJ_COUNT","MOTORCYCLE_COUNT","MUNICIPALITY","NONMOTR_COUNT","NONMOTR_DEATH_COUNT","NONMOTR_SUSP_SERIOUS_INJ_COUNT","NTFY_HIWY_MAINT","PED_COUNT","PED_DEATH_COUNT","PED_SUSP_SERIOUS_INJ_COUNT","PERSON_COUNT","POLICE_AGCY","POSSIBLE_INJ_COUNT","RDWY_SURF_TYPE_CD","RELATION_TO_ROAD","ROADWAY_CLEARED","ROAD_CONDITION","SCH_BUS_IND","SCH_ZONE_IND","SECONDARY_CRASH","SMALL_TRUCK_COUNT","SPEC_JURIS_CD","SUSP_MINOR_INJ_COUNT","SUSP_SERIOUS_INJ_COUNT","SUV_COUNT","TCD_FUNC_CD","TCD_TYPE","TFC_DETOUR_IND","TIME_OF_DAY","TOTAL_UNITS","TOT_INJ_COUNT","UNBELTED_OCC_COUNT","UNB_DEATH_COUNT","UNB_SUSP_SERIOUS_INJ_COUNT","UNK_INJ_DEG_COUNT","UNK_INJ_PER_COUNT","URBAN_RURAL","VAN_COUNT","VEHICLE_COUNT","WEATHER1","WEATHER2","WORKERS_PRES","WORK_ZONE_IND","WORK_ZONE_LOC","WORK_ZONE_TYPE","WZ_CLOSE_DETOUR","WZ_FLAGGER","WZ_LAW_OFFCR_IND","WZ_LN_CLOSURE","WZ_MOVING","WZ_OTHER","WZ_SHLDER_MDN","WZ_WORKERS_INJ_KILLED"
"2015125216","","1","0","0","0","0","0","0","0","0","1","0","","02","12","2015","4","40.487089","-79.913014","","11","0","0","0","0","0","1","0","0","1","0","0","0","","","0","","0","","40 29:13.520","2","3","79 54:46.849","0","0","0","0","2301","0","0","0","N","0","0","0","2","02301","0","","1.0","","9","N","N","","1","","0","0","0","","0","N","","2","0","0","0","0","0","0","2","0","2","","","","N","","","","","","","","","",""
"2015123836","","1","0","0","0","0","0","0","0","0","7","0","","02","11","2015","1","40.489139","-79.932239","","11","0","0","0","0","0","0","0","0","","0","0","0","","","0","","0","","40 29:20.899","","0","79 55:56.062","0","0","0","0","2301","0","0","0","N","0","0","0","1","02301","0","","2.0","","9","N","N","","0","","0","0","0","","0","","","1","0","0","0","0","0","0","2","0","1","","","","N","","","","","","","","","",""
"2015124675","","2","0","0","0","0","0","0","0","0","4","0","","02","11","2015","2","40.386498","-80.092461","","11","0","0","1","0","0","0","0","0","1","0","0","0","","","0","","2","","40 23:11.392","4","0","80 05:32.859","0","0","0","0","2117","0","0","0","N","0","0","0","4","02117","0","","1.0","","9","N","N","","0","","0","0","0","","2","Y","","2","0","0","0","0","0","0","2","0","2","","","","N","","","","","","","","","",""
"2015123203","","2","0","0","0","0","0","0","0","0","1","0","","02","11","2015","5","40.385278","-79.802667","","11","0","0","1","0","0","1","1","0","2","0","0","0","","","0","","2","","40 23:07.000","1","0","79 48:09.600","0","0","0","0","2424","0","0","0","N","0","0","0","3","02424","0","","1.0","","1","N","N","","1","","0","0","0","","0","Y","","3","0","0","0","0","0","0","2","0","3","","","","N","","","","","","","","","",""
"2015123837","","2","0","0","0","0","0","0","0","0","4","0","","02","11","2015","6","40.633352","-80.059546","","11","0","0","0","0","0","0","0","0","2","0","0","0","","","1","","1","","40 38:00.067","1","0","80 03:34.364","4","0","0","0","2216","0","0","0","N","0","0","0","2","02505","1","","1.0","","1","N","N","","0","","0","0","0","","2","Y","","2","1","0","0","0","0","0","2","0","2","","","","N","","","","","","","","","",""
"2015124676","","2","0","0","0","0","0","0","0","0","1","0","","02","12","2015","3","40.338983","-79.888666","","11","0","0","0","0","0","2","0","0","","0","0","0","","","1","","2","","40 20:20.338","","0","79 53:19.197","8","0","0","0","2433","0","0","0","N","0","0","0","2","02433","0","","1.0","","9","N","N","","0","","0","0","0","","3","","","2","1","0","0","0","1","0","2","0","2","","","","N","","","","","","","","","",""
"2015125499","","1","0","0","0","0","0","0","0","0","0","0","","02","12","2015","4","40.479116","-79.848522","","11","0","0","0","0","0","1","0","0","2","0","0","0","","","0","","0","","40 28:44.816","5","0","79 50:54.680","0","0","0","0","2113","0","0","0","N","0","0","0","3","02113","0","","1.0","","9","N","N","","0","","0","0","0","","0","Y","","1","0","0","0","0","0","0","2","0","1","","","","N","","","","","","","","","",""
"2015123627","","1","0","0","0","0","0","0","0","0","4","0","","02","11","2015","7","40.456624","-79.883129","","11","0","0","0","0","0","0","0","0","2","0","0","0","","","0","","0","","40 27:23.847","2","0","79 52:59.264","0","0","0","0","2301","0","0","0","N","0","0","0","0","02301","0","","4.0","","9","N","N","","0","","0","0","1","","0","N","","2","0","0","0","0","0","0","2","0","2","","","","N","","","","","","","","","",""
"2015125221","","2","0","0","0","0","0","0","0","0","1","0","","02","11","2015","7","40.33783","-80.025785","","11","0","0","0","0","0","2","0","0","","0","0","0","","","1","","0","","40 20:16.188","","0","80 01:32.827","4","0","0","0","2407","0","0","0","N","0","0","0","3","02407","1","","1.0","","1","N","N","","0","","0","0","1","","0","","","3","1","0","0","0","0","0","2","0","3","","","","N","","","","","","","","","",""
"2015123839","","1","0","0","0","0","0","0","0","0","2","0","99","02","11","2015","1","40.458067","-79.955931","","11","0","0","0","0","0","0","0","0","1","0","0","0","","","2","","0","","40 27:29.041","3","0","79 57:21.352","8","0","0","0","2301","0","0","0","N","0","0","0","3","02301","0","","1.0","","9","N","N","","0","","0","0","0","","0","N","","2","2","0","0","0","2","0","2","1","2","","","N","Y","4","1","","","N","Y","","","",""
"2015123910","","1","0","0","0","0","0","0","0","0","7","0","","02","11","2015","1","40.379623","-79.925521","","11","0","0","0","0","0","0","0","0","","0","0","0","","","0","","2","","40 22:46.644","","0","79 55:31.877","0","0","0","0","2301","0","0","0","N","0","0","0","1","02301","0","","5.0","","9","N","N","","0","","0","0","0","","2","","","1","0","0","0","0","0","0","2","0","1","","","","N","","","","","","","","","",""
"2015124678","","2","0","0","0","0","0","0","0","0","1","0","","02","12","2015","3","40.402012","-80.000594","","11","0","0","0","0","0","1","0","0","","0","0","0","","","0","","1","","40 24:07.244","","0","80 00:02.139","0","0","0","0","2301","0","0","0","N","0","0","0","2","02301","0","","1.0","","9","N","N","","0","","0","0","0","","2","","","2","0","0","0","0","0","0","2","0","2","","","","N","","","","","","","","","",""
"2015125501","","2","0","0","0","0","0","0","0","0","1","0","","02","12","2015","4","40.415023","-80.009154","","11","0","0","0","0","0","0","0","0","","0","0","0","","","1","","0","","40 24:54.083","","4","80 00:32.956","8","0","0","0","2301","0","0","0","N","0","0","0","2","02301","0","","1.0","","1","N","N","","0","","0","0","0","","2","","","2","1","0","0","0","1","0","2","0","2","","","","N","","","","","","","","","",""
"2015123629","","1","0","0","0","0","0","0","0","0","7","0","","02","11","2015","7","40.438092","-79.994243","","11","0","0","0","0","0","0","0","0","1","0","0","0","","","0","","0","","40 26:17.131","4","2","79 59:39.276","0","0","0","0","2301","0","0","0","N","0","0","0","3","02301","0","","1.0","","9","N","N","","0","","0","0","0","","2","N","","1","0","0","0","0","0","0","2","0","1","","","","N","","","","","","","","","",""
"2015124406","","0","0","0","0","0","0","0","0","0","7","0","","02","11","2015","2","40.344392","-79.883728","","11","0","0","0","0","1","0","0","0","1","0","0","0","","","0","","0","","40 20:39.810","1","0","79 53:01.420","0","0","0","0","2304","0","0","0","N","0","0","0","1","02304","0","","3.0","","9","N","N","","1","","0","0","0","","0","N","","1","0","0","0","0","0","0","2","0","1","","","","N","","","","","","","","","",""
"2015123631","","1","0","0","0","0","0","0","0","0","7","0","","02","11","2015","5","40.354934","-79.878867","","11","0","0","0","0","0","1","0","0","","0","0","0","","","1","","9","","40 21:17.763","","0","79 52:43.922","8","0","0","0","2423","0","0","0","N","0","0","0","1","02304","0","","5.0","","1","N","N","","0","","0","0","0","","6","","","1","1","0","0","0","1","0","2","0","1","","","","N","","","","","","","","","",""
"2015123775","","2","0","0","0","0","0","0","0","0","1","0","","02","11","2015","4","40.419288","-79.732824","","11","0","0","0","0","0","0","0","0","","0","0","0","","","1","","0","","40 25:09.436","","0","79 43:58.166","4","0","0","0","2446","0","0","0","N","0","0","0","3","68T09","1","","1.0","","1","N","N","","1","","0","0","0","","0","","","3","1","0","0","0","0","0","2","0","3","","","","N","","","","","","","","","",""
"2015123912","","2","0","0","0","0","0","0","0","0","4","0","","02","11","2015","1","40.442588","-79.962235","","11","0","0","0","0","0","0","0","0","","0","0","0","","","1","","2","","40 26:33.316","","0","79 57:44.046","8","0","0","0","2301","0","0","0","N","0","0","0","3","02301","0","","1.0","","1","N","N","","0","","0","0","0","","3","","","2","1","0","0","0","1","0","2","0","2","","","","N","","","","","","","","","",""
"2015124408","","1","0","0","0","0","0","0","0","0","7","0","","02","11","2015","2","40.437406","-79.915364","","11","0","0","0","0","0","0","0","0","","0","0","0","","","0","","0","","40 26:14.660","","0","79 54:55.310","0","0","0","0","2301","0","0","0","N","0","0","0","1","02301","0","","5.0","","9","N","N","","0","","0","0","0","","0","","","1","0","0","0","0","0","0","2","0","1","","","","N","","","","","","","","","",""
"2015123002","","1","0","0","0","0","0","0","0","0","7","0","","02","11","2015","7","40.482558","-79.908097","","11","0","0","0","0","0","0","0","1","","0","0","0","","","1","","0","","40 28:57.210","","0","79 54:29.148","4","0","0","0","2301","0","0","0","N","0","0","0","1","02301","1","","2.0","","1","N","N","","0","","0","0","0","","0","","","1","1","0","0","0","0","0","2","0","1","","","","N","","","","","","","","","",""
"2015123014","","1","0","0","0","0","0","0","0","0","1","0","","02","11","2015","2","40.476951","-79.759865","","11","0","0","0","0","0","0","1","0","","0","0","0","","","0","","2","","40 28:37.025","","0","79 45:35.514","0","0","0","0","2466","0","0","0","N","0","0","0","3","02466","0","","1.0","","1","N","N","","1","","0","0","1","","0","","","3","0","0","0","0","0","0","2","0","3","","","","N","","","","","","","","","",""
"2015124396","","1","0","0","0","0","0","0","0","0","8","0","","02","11","2015","2","40.459997","-79.945927","","11","0","0","0","0","0","0","0","0","","0","0","0","","","1","","1","","40 27:35.989","","0","79 56:45.337","3","0","0","0","2301","1","0","0","N","1","0","0","4","02301","0","","1.0","","9","N","N","","0","","1","0","0","","2","","","2","1","0","0","0","0","0","2","0","1","","","","N","","","","","","","","","",""
"2015123003","","1","0","0","0","0","0","0","0","0","7","0","","02","11","2015","3","40.425799","-80.019809","","11","0","0","1","0","0","0","0","0","1","0","0","0","","","0","","1","","40 25:32.876","2","0","80 01:11.311","0","0","0","0","2301","0","0","0","N","0","0","0","1","02301","0","","4.0","","1","N","N","","0","","0","0","0","","2","N","","1","0","1","0","0","0","0","2","0","1","","","","N","","","","","","","","","",""
"2015123777","","2","0","0","0","0","0","0","0","0","1","0","","02","11","2015","7","40.473775","-79.970217","","11","0","0","0","0","0","0","0","0","2","0","0","0","","","0","","0","","40 28:25.590","2","3","79 58:12.782","0","0","0","0","2301","0","0","0","N","0","0","0","4","02301","0","","1.0","","9","N","N","","0","","0","0","1","","0","Y","","3","0","0","0","0","0","0","2","0","3","","","","N","","","","","","","","","",""
"2015123914","","0","0","0","0","0","0","0","0","0","1","0","","02","11","2015","1","40.449664","-79.879975","","11","0","0","0","0","0","1","0","0","","0","0","0","","","1","","0","","40 26:58.790","","0","79 52:47.910","8","0","0","0","2301","0","0","0","N","0","0","0","2","02301","0","","1.0","","1","N","N","","1","","0","0","1","","0","","","2","1","0","0","0","1","0","2","0","2","","","","N","","","","","","","","","",""
"2015124682","","2","0","0","0","0","0","0","0","0","0","0","","02","12","2015","3","40.392888","-79.997383","","11","0","0","0","0","0","0","0","1","","0","0","0","","","0","","2","","40 23:34.396","","0","79 59:50.578","0","0","0","0","2301","0","0","0","N","0","0","0","2","02301","0","","2.0","","1","N","N","","0","","0","0","0","","2","","","2","0","0","0","0","0","0","2","0","2","","","","N","","","","","","","","","",""
"2015123222","","2","0","0","0","0","0","0","0","0","1","0","","02","11","2015","2","40.381421","-80.037343","","11","0","0","0","0","1","1","0","0","","0","0","0","","","0","","2","","40 22:53.116","","0","80 02:14.434","0","0","0","0","2109","0","0","0","N","0","0","0","5","02109","0","","1.0","","1","N","N","","0","","0","0","0","","0","","","3","0","0","0","0","0","0","2","1","3","","","","N","","","","","","","","","",""
"2015123699","","1","0","0","0","0","0","0","0","0","7","0","","02","11","2015","7","40.406669","-79.831029","","11","0","0","0","0","0","0","0","0","","0","0","0","","","1","","3","","40 24:24.008","","0","79 49:51.704","4","0","0","0","2467","0","0","0","N","0","0","0","1","02467","1","","5.0","","9","N","N","","0","","0","0","0","","0","","","1","1","1","0","0","0","0","2","0","1","","","","N","","","","","","","","","",""
"2015123778","","1","0","0","0","0","0","0","0","0","7","0","","02","11","2015","7","40.337139","-79.839672","","11","0","1","0","0","0","0","0","0","","0","0","0","","","0","","0","","40 20:13.700","","0","79 50:22.820","0","0","0","0","2304","0","0","0","N","0","0","0","2","02304","0","","4.0","","9","N","N","","0","","0","0","0","","0","","","1","0","0","0","0","0","0","2","0","1","","","","N","","","","","","","","","",""
"2015123915","","0","0","0","0","0","0","0","0","0","4","0","","02","11","2015","6","40.45289","-79.920715","","11","0","0","0","0","0","0","1","0","1","0","0","0","","","0","","1","","40 27:10.404","4","0","79 55:14.574","0","0","0","0","2301","0","0","0","N","0","0","0","2","02301","0","","1.0","","1","N","N","","0","","0","0","2","","2","N","","2","0","0","0","0","0","0","2","0","2","","","","N","","","","","","","","","",""
"2015123223","","0","0","0","0","0","0","0","0","0","1","0","","02","11","2015","5","40.344491","-80.03157","","11","0","0","0","0","0","0","0","0","","0","0","0","","","1","","2","","40 20:40.167","","0","80 01:53.652","3","0","0","0","2407","0","0","0","N","0","0","0","3","02407","0","","1.0","","1","N","N","","1","","1","0","1","","0","","","2","1","0","0","0","0","0","2","0","2","","","","N","","","","","","","","","",""
"2015123017","","1","0","0","0","0","0","0","0","0","7","0","","02","11","2015","4","40.530969","-80.079364","","11","0","0","0","0","0","0","1","0","2","0","0","0","","","0","","0","","40 31:51.490","1","0","80 04:45.710","0","0","0","0","2215","0","0","0","N","0","0","0","2","02215","0","","5.0","","1","N","N","","0","","0","0","0","","0","N","","1","0","0","0","0","0","0","2","0","1","","","","N","","","","","","","","","",""
"2015123224","","2","0","0","0","0","0","0","0","0","1","0","","02","11","2015","6","40.48957","-79.953114","","11","0","0","0","0","0","0","0","0","1","0","0","0","","","1","","7","","40 29:22.451","2","2","79 57:11.210","8","0","0","0","2430","0","0","0","N","0","0","0","2","02430","0","","1.0","","1","N","N","","0","","0","0","0","","0","N","","2","1","0","0","0","1","0","2","0","2","","","","N","","","","","","","","","",""
"2015125300","","2","0","0","0","0","0","0","0","0","1","0","","02","12","2015","3","40.380274","-80.052556","","11","0","0","0","0","0","1","0","0","","0","0","0","","","1","","1","","40 22:48.985","","0","80 03:09.200","4","0","0","0","2109","0","0","0","N","0","0","0","2","02109","1","","1.0","","9","N","N","","0","","0","0","0","","2","","","2","1","0","0","0","0","0","2","0","2","","","","N","","","","","","","","","",""
"2015123018","","1","0","0","0","0","0","0","0","0","7","0","","02","11","2015","4","40.321177","-79.898963","","11","0","0","0","0","0","1","0","0","1","0","0","0","","","1","","0","","40 19:16.236","5","0","79 53:56.266","8","0","0","0","2473","0","0","0","N","0","0","0","1","02473","0","","2.0","","1","N","N","","0","","0","0","0","","0","Y","","1","1","0","0","0","1","0","2","0","1","","","","N","","","","","","","","","",""
"2015123930","","1","0","0","0","0","0","0","0","0","4","0","","02","11","2015","1","40.458827","-79.972836","","11","0","0","0","0","0","0","0","0","","0","0","0","","","0","","1","","40 27:31.777","","0","79 58:22.209","0","0","0","0","2301","0","0","0","N","0","0","0","6","02301","0","","1.0","","1","N","N","","0","","0","0","1","","2","","","2","0","0","0","0","0","0","2","0","2","","","","N","","","","","","","","","",""
"2015125508","","1","0","0","0","0","0","0","0","0","0","0","","02","12","2015","4","40.36021","-79.907724","","11","0","0","0","0","0","0","0","0","2","0","0","0","","","0","","0","","40 21:36.756","5","0","79 54:27.808","0","0","0","0","2473","0","0","0","Y","0","0","0","4","02473","0","","1.0","","1","N","N","","0","","0","0","0","","2","Y","","1","0","4","0","0","0","0","2","0","1","","","","N","","","","","","","","","",""
"2015123007","","1","0","0","0","0","0","0","0","0","4","0","","02","11","2015","4","40.338931","-79.960406","","11","0","0","0","0","1","1","0","0","1","0","0","0","","","0","","1","","40 20:20.150","2","0","79 57:37.463","0","0","0","0","2454","0","0","0","N","0","0","0","2","02454","0","","1.0","","1","N","N","","0","","0","0","1","","2","Y","","2","0","0","0","0","0","0","2","0","2","","","","N","","","","","","","","","",""
"2015125301","","2","0","0","0","0","0","0","0","0","1","0","","02","12","2015","3","40.524719","-80.213374","","11","0","0","0","2","0","0","0","0","2","0","0","0","","","1","","0","","40 31:28.988","1","0","80 12:48.147","4","0","0","0","2213","0","0","0","N","0","0","0","2","02213","1","","1.0","","9","N","N","","0","","0","0","0","","0","N","","2","1","0","0","0","0","0","2","0","2","","","","N","","","","","","","","","",""
"2015123784","","2","0","0","0","0","0","0","0","0","1","0","","02","11","2015","7","40.353571","-79.910434","","11","0","0","0","0","0","0","0","0","1","0","0","0","","","0","","0","","40 21:12.854","3","0","79 54:37.564","0","0","0","0","2473","0","0","0","N","0","0","0","2","02473","0","","1.0","","9","N","N","","0","","0","0","0","","0","N","","2","0","0","0","0","0","0","2","0","2","","","","N","","","","","","","","","",""
"2015123704","","1","0","0","0","0","0","0","0","0","4","0","","02","11","2015","7","40.550471","-80.019388","","11","0","0","0","0","0","0","0","1","1","0","0","0","","","2","","1","","40 33:01.696","2","0","80 01:09.795","4","0","0","0","2116","0","0","0","N","0","0","0","4","02116","2","","1.0","","9","N","N","","0","","0","0","1","","2","N","","2","2","0","0","0","0","0","2","0","2","","","","N","","","","","","","","","",""
"2015123785","","2","0","0","0","0","0","0","0","0","1","0","","02","11","2015","7","40.473411","-79.969615","","11","0","0","0","0","0","0","0","0","2","0","0","0","","","0","","0","","40 28:24.281","2","3","79 58:10.614","0","0","0","0","2301","0","0","0","N","0","0","0","2","02301","0","","1.0","","9","N","N","","0","","0","0","0","","0","Y","","2","0","0","0","0","0","0","2","0","2","","","","N","","","","","","","","","",""
"2015123850","","2","0","0","0","0","0","0","0","0","5","0","","02","11","2015","7","40.48111","-80.032862","","11","0","0","0","0","0","0","2","0","","0","0","0","","","0","","1","","40 28:51.996","","0","80 01:58.303","0","0","0","0","2301","0","0","0","N","0","0","0","2","02301","0","","1.0","","9","N","N","","0","","0","0","0","","0","","","2","0","0","0","0","0","0","2","0","2","","","","N","","","","","","","","","",""
"2015125436","","0","0","0","0","0","0","0","0","0","7","0","","02","12","2015","4","40.499501","-79.806144","","11","0","1","0","0","0","0","0","0","4","0","0","0","","","2","","0","","40 29:58.204","5","0","79 48:22.120","8","0","0","0","2113","0","0","0","N","0","0","0","2","02113","0","","5.0","","1","N","N","","0","","0","0","1","","0","Y","","1","2","0","0","0","2","0","2","0","1","","","","N","","","","","","","","","",""
"2015123705","","0","0","0","0","0","0","0","0","0","1","0","","02","11","2015","7","40.430682","-79.892598","","11","0","0","0","0","0","1","0","0","","0","0","0","","","0","","2","","40 25:50.455","","0","79 53:33.352","0","0","0","0","2463","0","0","0","N","0","0","0","2","02463","0","","1.0","","9","N","Y","","0","","0","0","2","","4","","","2","0","0","0","0","0","0","2","0","2","","","","N","","","","","","","","","",""
"2015123087","","1","0","0","0","0","0","0","0","0","7","0","","02","11","2015","5","40.414176","-79.729571","","11","0","0","0","1","0","0","0","0","","0","0","0","","","1","","0","","40 24:51.035","","0","79 43:46.454","4","0","0","0","2446","0","0","0","N","0","0","0","1","68T09","1","","4.0","","9","N","N","","0","","0","0","0","","0","","","1","1","0","0","0","0","0","2","0","1","","","","N","","","","","","","","","",""
"2015124702","","2","0","0","0","0","0","0","0","0","1","0","","02","11","2015","2","40.318787","-79.941227","","11","0","0","1","0","0","1","0","0","","0","0","0","","","1","","0","","40 19:07.632","","0","79 56:28.417","3","0","0","0","2454","0","0","0","N","0","0","0","2","02454","0","","1.0","","1","N","N","","0","","1","0","1","","0","","","3","1","1","0","0","0","0","2","0","3","","","","N","","","","","","","","","",""
"2015125512","","1","0","0","0","0","0","0","0","0","7","0","","02","11","2015","1","40.438679","-80.063336","","11","0","0","0","0","0","1","0","0","2","0","0","0","","","1","","0","","40 26:19.243","2","0","80 03:48.010","8","0","0","0","2421","0","0","0","N","0","0","0","1","02421","0","","5.0","","9","N","N","","0","","0","0","0","","0","Y","","1","1","0","0","0","1","0","2","0","1","","","","N","","","","","","","","","",""
"2015123023","","1","0","0","0","0","0","0","0","0","7","0","","02","11","2015","4","40.532639","-80.063641","","11","0","0","0","0","0","1","0","0","2","0","0","0","","","0","","0","","40 31:57.499","6","0","80 03:49.107","0","0","0","0","2215","0","0","0","N","0","0","0","1","02215","0","","4.0","","1","N","N","","0","","0","0","0","","0","N","","1","0","0","0","0","0","0","2","0","1","","","","N","","","","","","","","","",""
"2015120416","","0","0","0","0","0","0","0","0","0","5","0","","02","11","2015","5","40.523765","-80.071929","","11","0","0","0","0","0","1","0","0","1","0","0","0","","","0","","1","","40 31:25.554","2","0","80 04:18.945","0","0","0","0","2215","0","0","0","N","0","0","0","2","02215","0","","1.0","","1","N","N","","0","","0","0","2","","2","N","","2","0","0","0","0","0","0","2","0","2","","","","N","","","","","","","","","",""
"2015121992","","1","0","0","0","0","0","0","0","0","1","0","","02","11","2015","4","40.388585","-80.081771","","11","0","0","0","0","0","0","0","0","","0","0","0","","","0","","0","","40 23:18.905","","0","80 04:54.375","0","0","0","0","2117","0","0","0","N","0","0","0","4","02117","0","","1.0","","1","N","N","","0","","0","0","1","","0","","","2","0","0","0","0","0","0","2","0","2","","","","N","","","","","","","","","",""
"2015122867","","1","0","0","0","0","0","0","0","0","8","0","","02","11","2015","4","40.438061","-79.92215","","11","0","0","0","0","0","1","0","0","1","0","0","0","","","1","","0","","40 26:17.020","7","0","79 55:19.740","8","0","0","0","2301","1","0","0","N","1","0","0","3","02301","0","","1.0","","9","N","N","","0","","0","0","0","","0","Y","","2","1","0","0","0","1","0","2","0","1","","","","N","","","","","","","","","",""
"2015123294","","2","0","0","0","0","0","0","0","0","4","0","","02","11","2015","5","40.456214","-79.940958","","11","0","0","0","0","0","1","0","0","3","0","0","0","","","0","","0","","40 27:22.370","6","0","79 56:27.449","0","0","0","0","2301","0","0","0","N","0","0","0","1","02301","0","","2.0","","1","N","N","","0","","0","0","0","","0","Y","","2","0","0","0","0","0","0","2","0","2","","","","N","","","","","","","","","",""
"2015120275","","2","0","0","0","0","0","0","0","0","4","0","","02","11","2015","1","40.612837","-79.722291","","11","0","0","0","0","0","0","0","0","1","0","0","0","","","0","","0","","40 36:46.212","5","0","79 43:20.248","0","0","0","0","2473","0","0","0","N","0","0","0","2","02473","0","","4.0","","1","N","N","","0","","0","0","0","","0","N","","2","0","0","0","0","0","0","2","0","2","","","","N","","","","","","","","","",""
"2015121099","","1","0","0","0","0","0","0","0","0","4","0","","02","11","2015","6","40.426292","-79.963576","","11","0","0","0","0","0","1","0","0","","0","0","0","","","0","","1","","40 25:34.651","","0","79 57:48.873","0","0","0","0","2301","0","0","0","N","0","0","0","2","02301","0","","1.0","","1","N","N","","0","","0","0","0","","2","","","2","0","0","0","0","0","0","2","1","2","","","","N","","","","","","","","","",""
"2015121926","","1","0","0","0","0","0","0","0","0","7","0","","02","11","2015","2","40.404536","-79.903229","","11","0","0","0","0","0","0","0","0","2","0","0","0","","","1","","0","","40 24:16.329","1","0","79 54:11.624","3","0","0","0","2448","0","0","0","N","0","0","0","1","02448","0","","4.0","","1","N","N","","0","","1","0","0","","0","Y","","1","1","0","0","0","0","0","2","0","1","","","","N","","","","","","","","","",""
"2015120417","","1","0","0","0","0","0","0","0","0","2","0","","02","11","2015","3","40.570862","-80.000167","","11","0","0","1","0","0","0","0","0","2","0","0","0","","","0","","0","","40 34:15.104","4","0","80 00:00.600","0","0","0","0","2108","0","0","0","N","0","0","0","2","02108","0","","1.0","","1","N","N","","1","","0","0","0","","0","N","","2","0","0","0","0","0","0","2","0","2","","","","N","","","","","","","","","",""
"2015120481","","1","0","0","0","0","0","0","0","0","7","0","","02","11","2015","1","40.455783","-79.96586","","11","0","0","0","0","0","0","0","0","","0","0","0","","","0","","1","","40 27:20.818","","0","79 57:57.097","0","0","0","0","2301","0","0","0","N","0","0","0","2","02301","0","","1.0","","1","N","N","","0","","0","0","0","","0","","","1","0","0","0","0","0","0","2","0","1","","","","N","","","","","","","","","",""
"2015121102","","2","0","0","0","0","0","0","0","0","4","0","","02","11","2015","2","40.355118","-80.049174","","11","0","0","0","0","0","0","0","0","","0","0","0","","","1","","0","","40 21:18.423","","0","80 02:57.025","8","0","0","0","2109","0","0","0","N","0","0","0","2","02109","0","","1.0","","1","N","N","","0","","0","0","0","","3","","","2","1","0","0","0","1","0","2","0","2","","","","N","","","","","","","","","",""
"2015120482","","1","0","0","0","0","0","0","0","0","99","0","","02","11","2015","5","40.448227","-79.986908","","11","0","0","0","0","0","0","0","0","2","0","0","0","","","1","","2","","40 26:53.617","6","0","79 59:12.868","8","0","0","0","2301","0","0","0","N","0","0","0","2","02301","0","","1.0","","1","N","N","","1","","0","0","0","","2","N","","2","1","0","0","0","1","0","2","0","2","","","","N","","","","","","","","","",""
"2015121103","","1","0","0","0","0","0","0","0","0","4","0","","02","11","2015","3","40.523433","-80.177076","","11","0","0","0","0","0","1","0","0","","0","0","0","","","0","","2","","40 31:24.358","","0","80 10:37.474","0","0","0","0","2213","0","0","0","N","0","0","0","4","02213","0","","1.0","","9","N","N","","0","","0","0","0","","2","","","2","0","1","0","0","0","0","2","1","2","","","","N","","","","","","","","","",""
"2015121104","","1","0","0","0","0","0","0","0","0","7","0","","02","11","2015","3","40.504953","-80.188121","","11","0","0","0","0","0","0","0","0","","0","0","0","","","1","","0","","40 30:17.830","","0","80 11:17.236","4","0","0","0","2213","0","0","0","N","0","0","0","1","02213","1","","5.0","","9","N","N","","0","","0","0","0","","0","","","1","1","0","0","0","0","0","2","0","1","","","","N","","","","","","","","","",""
"2015121792","","3","0","0","0","0","0","0","0","0","1","0","","02","11","2015","1","40.403604","-80.040431","","11","0","0","0","0","0","2","0","0","2","0","0","0","","","2","","1","","40 24:12.974","4","0","80 02:25.552","3","0","0","0","2301","0","0","0","N","0","0","0","3","02301","1","","1.0","","1","N","N","","0","","1","0","0","","2","Y","","3","2","0","0","0","0","0","2","0","3","","","","N","","","","","","","","","",""