"CRN","ARRIVAL_TM","AUTOMOBILE_COUNT","BELTED_DEATH_COUNT","BELTED_SUSP_SERIOUS_INJ_COUNT","BICYCLE_COUNT","BICYCLE_DEATH_COUNT","BICYCLE_SUSP_SERIOUS_INJ_COUNT","BUS_COUNT","CHLDPAS_DEATH_COUNT","CHLDPAS_SUSP_SERIOUS_INJ_COUNT","COLLISION_TYPE","COMM_VEH_COUNT","CONS_ZONE_SPD_LIM","COUNTY","CRASH_MONTH","CRASH_YEAR","DAY_OF_WEEK","DEC_LATITUDE","DEC_LONGITUDE","DISPATCH_TM","DISTRICT","DRIVER_COUNT_16YR","DRIVER_COUNT_17YR","DRIVER_COUNT_18YR","DRIVER_COUNT_19YR","DRIVER_COUNT_20YR","DRIVER_COUNT_50_64YR","DRIVER_COUNT_65_74YR","DRIVER_COUNT_75PLUS","EST_HRS_CLOSED","FATAL_COUNT","HEAVY_TRUCK_COUNT","HORSE_BUGGY_COUNT","HOUR_OF_DAY","ILLUMINATION","INJURY_COUNT","INTERSECTION_RELATED","INTERSECT_TYPE","LANE_CLOSED","LATITUDE","LN_CLOSE_DIR","LOCATION_TYPE","LONGITUDE","MAX_SEVERITY_LEVEL","MCYCLE_DEATH_COUNT","MCYCLE_SUSP_SERIOUS_INJ_COUNT","MOTORCYCLE_COUNT","MUNICIPALITY","NONMOTR_COUNT","NONMOTR_DEATH_COUNT","NONMOTR_SUSP_SERIOUS_INJ_COUNT","NTFY_HIWY_MAINT","PED_COUNT","PED_DEATH_COUNT","PED_SUSP_SERIOUS_INJ_COUNT","PERSON_COUNT","POLICE_AGCY","POSSIBLE_INJ_COUNT","RDWY_SURF_TYPE_CD","RELATION_TO_ROAD","ROADWAY_CLEARED","ROAD_CONDITION","SCH_BUS_IND","SCH_ZONE_IND","SECONDARY_CRASH","SMALL_TRUCK_COUNT","SPEC_JURIS_CD","SUSP_MINOR_INJ_COUNT","SUSP_SERIOUS_INJ_COUNT","SUV_COUNT","TCD_FUNC_CD","TCD_TYPE","TFC_DETOUR_IND","TIME_OF_DAY","TOTAL_UNITS","TOT_INJ_COUNT","UNBELTED_OCC_COUNT","UNB_DEATH_COUNT","UNB_SUSP_SERIOUS_INJ_COUNT","UNK_INJ_DEG_COUNT","UNK_INJ_PER_COUNT","URBAN_RURAL","VAN_COUNT","VEHICLE_COUNT","WEATHER1","WEATHER2","WORKERS_PRES","WORK_ZONE_IND","WORK_ZONE_LOC","WORK_ZONE_TYPE","WZ_CLOSE_DETOUR","WZ_FLAGGER","WZ_LAW_OFFCR_IND","WZ_LN_CLOSURE","WZ_MOVING","WZ_OTHER","WZ_SHLDER_MDN","WZ_WORKERS_INJ_KILLED"
"2015120778","","1","0","0","0","0","0","0","0","0","1","0","","02","11","2015","4","40.43866","-80.011768","","11","0","0","0","0","0","2","0","0","1","0","0","0","","","4","","0","","40 26:19.177","4","3","80 00:42.365","4","0","0","0","2301","0","0","0","N","0","0","0","4","68B03","4","","1.0","","1","N","N","","0","","0","0","2","","0","N","","4","4","0","0","0","0","0","2","1","4","","","","N","","","","","","","","","",""
"2015122367","","1","0","0","0","0","0","0","0","0","4","1","","02","11","2015","3","40.442931","-80.024952","","11","0","0","0","0","0","1","0","0","1","0","1","0","","","0","","0","","40 26:34.550","4","0","80 01:29.826","0","0","0","0","2301","0","0","0","N","0","0","0","2","02301","0","","1.0","","1","N","N","","0","","0","0","0","","2","N","","2","0","0","0","0","0","0","2","0","2","","","","N","","","","","","","","","",""
"2015120767","","1","0","0","0","0","0","0","0","0","4","0","","02","11","2015","4","40.498068","-79.944879","","11","0","0","0","1","0","0","0","0","1","0","0","0","","","0","","2","","40 29:53.044","7","0","79 56:41.564","0","0","0","0","2430","0","0","0","N","0","0","0","2","02430","0","","4.0","","9","N","N","","1","","0","0","0","","3","N","","2","0","1","0","0","0","0","2","0","2","","05","","N","","","","","","","","","",""
"2015120779","","2","0","0","0","0","0","0","0","0","1","0","55","02","11","2015","3","40.442421","-79.85671","","11","0","0","0","0","0","1","1","0","2","0","0","0","","","1","","0","","40 26:32.716","4","0","79 51:24.157","8","0","0","0","2419","0","0","0","N","0","0","0","3","68B03","0","","1.0","","1","N","N","","1","","0","0","0","","0","N","","3","1","0","0","0","1","0","2","0","3","","","Y","Y","8","2","N","N","N","Y","Y","N","Y",""
"2015120840","","1","0","0","0","0","0","0","0","0","1","0","","02","11","2015","5","40.595341","-79.935045","","11","0","0","0","0","0","2","0","1","2","0","0","0","","","1","","0","","40 35:43.227","3","0","79 56:06.163","8","0","0","0","2207","0","0","0","N","0","0","0","4","02207","0","","1.0","","1","N","N","","0","","0","0","2","","0","N","","3","1","0","0","0","1","0","2","0","3","","","","N","","","","","","","","","",""
"2015121475","","0","0","0","0","0","0","0","0","0","4","1","","02","11","2015","5","40.53874","-79.830103","","11","0","0","0","0","0","1","0","0","","0","1","0","","","0","","2","","40 32:19.465","","0","79 49:48.369","0","0","0","0","2208","0","0","0","N","0","0","0","2","02208","0","","1.0","","1","N","N","","0","","0","0","0","","2","","","2","0","0","0","0","0","0","2","1","2","","","","N","","","","","","","","","",""
"2015120780","","1","0","0","0","0","0","0","0","0","99","0","","02","11","2015","5","40.472733","-80.216711","","11","0","0","0","0","0","0","0","0","","0","0","0","","","0","","0","","40 28:21.840","","0","80 13:00.161","0","0","0","0","2203","0","0","0","N","0","0","0","1","68B03","0","","1.0","","1","N","N","","0","","0","0","0","","0","","","1","0","0","0","0","0","0","2","0","1","","","","N","","","","","","","","","",""
"2015121554","","1","0","0","0","0","0","0","0","0","1","0","","02","11","2015","6","40.475113","-79.768034","","11","0","0","0","0","0","1","0","0","1","0","0","0","","","0","","2","","40 28:30.406","4","0","79 46:04.921","0","0","0","0","2466","0","0","0","N","0","0","0","3","02466","0","","1.0","","1","N","N","","1","","0","0","1","","0","N","","3","0","0","0","0","0","0","2","0","3","","","","N","","","","","","","","","",""
"2015120841","","2","0","0","0","0","0","0","0","0","4","0","","02","11","2015","4","40.43807","-80.03808","","11","0","0","0","0","0","1","0","0","","0","0","0","","","0","","2","","40 26:17.052","","0","80 02:17.088","0","0","0","0","2301","0","0","0","N","0","0","0","2","02301","0","","1.0","","1","N","N","","0","","0","0","0","","3","","","2","0","1","0","0","0","0","2","0","2","","","","N","","","","","","","","","",""
"2015121412","","1","0","0","0","0","0","0","0","0","7","0","","02","11","2015","7","40.468251","-80.0208","","11","0","0","0","0","0","0","1","0","1","0","0","0","","","0","","0","","40 28:05.705","4","0","80 01:14.880","0","0","0","0","2301","0","0","0","N","0","0","0","1","02301","0","","4.0","","1","N","N","","0","","0","0","0","","0","N","","1","0","0","0","0","0","0","2","0","1","","","","N","","","","","","","","","",""
"2015120781","","2","0","0","0","0","0","0","0","0","1","0","","02","11","2015","5","40.52553","-80.156437","","11","0","0","0","0","0","0","0","0","2","0","0","0","","","1","","0","","40 31:31.909","1","0","80 09:23.173","4","0","0","0","2436","0","0","0","N","0","0","0","2","68B03","1","","1.0","","1","N","N","","0","","0","0","0","","2","N","","2","1","0","0","0","0","0","2","0","2","","","","N","","","","","","","","","",""
"2015120703","","2","0","0","0","0","0","0","0","0","4","0","","02","11","2015","4","40.380924","-79.814664","","11","0","0","0","0","0","0","0","1","1","0","0","0","","","0","","2","","40 22:51.326","6","0","79 48:52.791","0","0","0","0","2424","0","0","0","N","0","0","0","2","02424","0","","1.0","","1","N","N","","0","","0","0","0","","3","Y","","2","0","0","0","0","0","0","2","0","2","","","","N","","","","","","","","","",""
"2015121556","","1","0","0","0","0","0","0","0","0","7","0","","02","11","2015","4","40.333639","-79.953205","","11","0","0","0","1","0","0","0","0","","0","0","0","","","0","","2","","40 20:01.100","","0","79 57:11.538","0","0","0","0","2454","0","0","0","N","0","0","0","2","02454","0","","5.0","","1","N","N","","0","","0","0","0","","3","","","1","0","0","0","0","0","0","2","0","1","","","","N","","","","","","","","","",""
"2015122451","","0","0","0","0","0","0","0","0","0","5","0","","02","11","2015","1","40.606555","-80.164595","","11","0","0","0","0","0","1","0","0","","0","0","0","","","0","","0","","40 36:23.598","","0","80 09:52.541","0","0","0","0","2480","0","0","0","N","0","0","0","1","02480","0","","2.0","","9","N","N","","1","","0","0","1","","0","","","2","0","0","0","0","0","0","1","0","2","","","","N","","","","","","","","","",""
"2015120845","","3","0","0","0","0","0","0","0","0","1","0","","02","11","2015","5","40.471255","-79.974244","","11","0","0","0","0","0","1","0","0","","0","0","0","","","1","","0","","40 28:16.518","","0","79 58:27.277","4","0","0","0","2445","0","0","0","N","0","0","0","3","02445","1","","1.0","","1","N","N","","0","","0","0","0","","0","","","3","1","0","0","0","0","0","2","0","3","","","","N","","","","","","","","","",""
"2015120238","","3","0","0","0","0","0","0","0","0","1","0","","02","11","2015","4","40.353505","-79.837073","","11","0","0","0","0","0","1","0","0","1","0","0","0","","","0","","2","","40 21:12.617","3","0","79 50:13.464","0","0","0","0","2304","0","0","0","N","0","0","0","3","02304","0","","1.0","","1","N","N","","0","","0","0","0","","2","N","","3","0","0","0","0","0","0","2","0","3","","","","N","","","","","","","","","",""
"2015122438","","1","0","0","0","0","0","0","0","0","4","0","","02","11","2015","2","40.445803","-79.712768","","11","0","0","0","0","0","1","1","0","","0","0","0","","","0","","0","","40 26:44.890","","7","79 42:45.966","0","0","0","0","2446","0","0","0","N","0","0","0","2","02446","0","","1.0","","1","N","N","","0","","0","0","1","","3","","","2","0","0","0","0","0","0","2","0","2","","","","N","","","","","","","","","",""
"2015121494","","1","0","0","0","0","0","0","0","0","99","0","","02","11","2015","5","40.67248","-80.089339","","11","0","0","0","0","0","1","0","0","","0","0","0","","","0","","2","","40 40:20.929","","0","80 05:21.621","0","0","0","0","2212","0","0","0","N","0","0","0","1","02505","0","","1.0","","1","N","N","","0","","0","0","0","","0","","","1","0","0","0","0","0","0","2","0","1","","","","N","","","","","","","","","",""
"2015122440","","1","0","0","0","0","0","0","0","0","4","0","","02","11","2015","3","40.423513","-79.794054","","11","0","0","0","0","0","1","0","0","1","0","0","0","","","2","","2","","40 25:24.646","6","0","79 47:38.594","8","0","0","0","2446","0","0","0","N","0","0","0","2","02446","0","","1.0","","1","N","N","","1","","0","0","0","","3","N","","2","2","0","0","0","2","0","2","0","2","","","","N","","","","","","","","","",""
"2015121347","","0","0","0","0","0","0","0","0","0","1","0","","02","10","2015","3","40.36982","-79.784406","","11","0","0","0","0","0","1","0","0","2","0","0","0","","","2","","2","","40 22:11.353","6","0","79 47:03.863","8","0","0","0","2111","0","0","0","N","0","0","0","2","02111","0","","1.0","","1","N","N","","1","","0","0","0","","0","N","","2","2","0","0","0","2","0","2","1","2","","","","N","","","","","","","","","",""
"2015121495","","1","0","0","0","0","0","0","0","0","1","0","","02","11","2015","7","40.425593","-80.019569","","11","0","0","0","0","0","0","0","0","2","0","0","0","","","2","","0","","40 25:32.135","1","0","80 01:10.447","8","0","0","0","2301","0","0","0","N","0","0","0","4","02301","0","","1.0","","9","N","N","","0","","0","0","2","","2","Y","","3","2","0","0","0","2","0","2","0","3","","","","N","","","","","","","","","",""
"2015120848","","1","0","0","0","0","0","0","0","0","8","0","","02","11","2015","5","40.438046","-79.92768","","11","0","0","0","0","0","1","0","0","","0","0","0","","","1","","1","","40 26:16.965","","0","79 55:39.648","4","0","0","0","2301","1","0","0","N","1","0","0","2","02301","1","","1.0","","1","N","N","","0","","0","0","0","","2","","","2","1","0","0","0","0","0","2","0","1","","","","N","","","","","","","","","",""
"2015120849","","2","0","0","0","0","0","0","0","0","4","0","","02","11","2015","5","40.449706","-80.025099","","11","0","0","0","0","0","1","0","0","2","0","0","0","","","0","","1","","40 26:58.940","4","8","80 01:30.356","0","0","0","0","2301","0","0","0","N","0","0","0","5","02301","0","","1.0","","1","N","N","","0","","0","0","0","","2","N","","2","0","0","0","0","0","0","2","0","2","","","","N","","","","","","","","","",""
"2015119966","","1","0","0","0","0","0","0","0","0","7","0","","02","11","2015","4","40.352081","-79.844852","","11","0","0","0","0","0","0","0","0","","0","0","0","","","0","","2","","40 21:07.491","","0","79 50:41.467","0","0","0","0","2304","0","0","0","N","0","0","0","1","02304","0","","5.0","","1","N","N","","0","","0","0","0","","0","","","1","0","1","0","0","0","0","2","0","1","","","","N","","","","","","","","","",""
"2015121499","","1","0","0","0","0","0","0","0","0","1","0","","02","11","2015","6","40.43002","-79.998734","","11","0","0","0","0","0","0","0","0","","0","0","0","","","0","","0","","40 25:48.072","","3","79 59:55.443","0","0","0","0","2301","0","0","0","N","0","0","0","2","02301","0","","1.0","","1","N","N","","0","","0","0","1","","9","","","2","0","0","0","0","0","0","2","0","2","","","","N","","","","","","","","","",""
"2015121566","","0","0","0","0","0","0","0","0","0","7","0","","02","11","2015","7","40.478295","-79.967719","","11","0","0","0","0","0","0","0","0","1","0","0","0","","","0","","0","","40 28:41.862","1","0","79 58:03.790","0","0","0","0","2118","0","0","0","N","0","0","0","2","02118","0","","2.0","","9","N","N","","0","","0","0","1","","0","N","","1","0","0","0","0","0","0","2","0","1","","","","N","","","","","","","","","",""
"2015120725","","2","0","0","0","0","0","0","0","0","1","0","","02","11","2015","5","40.467383","-80.035438","","11","0","0","0","0","0","0","1","0","2","0","0","0","","","0","","3","","40 28:02.577","2","2","80 02:07.577","0","0","0","0","2301","0","0","0","N","0","0","0","5","02301","0","","1.0","","9","N","N","","2","","0","0","1","","0","N","","5","0","1","0","0","0","0","2","0","5","","","","N","","","","","","","","","",""
"2015120043","","1","0","0","0","0","0","0","0","0","4","0","","02","11","2015","5","40.631269","-79.73151","","11","0","0","0","0","0","1","0","0","","0","0","0","","","1","","7","","40 37:52.568","","8","79 43:53.436","3","0","0","1","2106","0","0","0","N","0","0","0","2","02106","0","","1.0","","1","N","N","","0","","1","0","0","","2","","","2","1","0","0","0","0","0","2","0","2","","","","N","","","","","","","","","",""
"2015122447","","1","0","0","0","0","0","0","0","0","1","0","","02","11","2015","7","40.408809","-79.906764","","11","0","0","0","0","0","0","0","0","","0","0","0","","","0","","0","","40 24:31.712","","0","79 54:24.349","0","0","0","0","2438","0","0","0","N","0","0","0","2","02438","0","","1.0","","1","N","N","","0","","0","0","1","","0","","","2","0","0","0","0","0","0","2","0","2","","","","N","","","","","","","","","",""
"2015121488","","1","0","0","0","0","0","0","0","0","4","0","","02","11","2015","7","40.340344","-79.938196","","11","1","0","0","0","0","0","0","0","2","0","0","0","","","3","","2","","40 20:25.239","2","0","79 56:17.507","4","0","0","0","2473","0","0","0","N","0","0","0","4","02473","3","","1.0","","1","N","N","","0","","0","0","1","","2","N","","2","3","2","0","0","0","0","2","0","2","","","","N","","","","","","","","","",""
"2015120853","","2","0","0","0","0","0","0","0","0","4","0","","02","11","2015","5","40.548665","-80.036978","","11","0","0","0","0","0","0","0","1","1","0","0","0","","","0","","2","","40 32:55.195","1","7","80 02:13.120","0","0","0","0","2116","0","0","0","N","0","0","0","3","02116","0","","1.0","","1","N","N","","0","","0","0","0","","2","N","","2","0","0","0","0","0","0","2","0","2","","","","N","","","","","","","","","",""
"2015121647","","1","0","0","0","0","0","0","0","0","7","0","","02","9","2015","1","40.444544","-79.774076","","11","0","0","0","0","0","0","0","0","1","0","0","0","","","0","","0","","40 26:40.360","3","0","79 46:26.672","0","0","0","0","2446","0","0","0","N","0","0","0","1","68B03","0","","3.0","","1","N","N","","0","","0","0","0","","0","N","","1","0","0","0","0","0","0","2","0","1","","","","N","","","","","","","","","",""
"2015119970","","0","0","0","0","0","0","0","0","0","8","0","","02","11","2015","4","40.595059","-79.978228","","11","0","0","0","0","0","0","0","0","","0","0","0","","","1","","0","","40 35:42.212","","0","79 58:41.620","8","0","0","0","2207","1","0","0","N","1","0","0","4","02207","0","","1.0","","1","N","N","","0","","0","0","1","","0","","","2","1","0","0","0","1","0","1","0","1","","","","N","","","","","","","","","",""
"2015121636","","1","0","0","0","0","0","0","0","0","1","0","","02","11","2015","6","40.43886","-79.763198","","11","0","0","0","0","0","1","0","0","1","0","0","0","","","0","","0","","40 26:19.897","3","0","79 45:47.511","0","0","0","0","2446","0","0","0","N","0","0","0","3","02446","0","","1.0","","1","N","N","","1","","0","0","0","","2","N","","3","0","0","0","0","0","0","2","1","3","","","","N","","","","","","","","","",""
"2015121648","","0","0","0","0","0","0","0","0","0","5","1","","02","10","2015","5","40.50728","-80.037983","","11","0","0","0","0","0","1","0","0","","0","1","0","","","0","","0","","40 30:26.207","","0","80 02:16.739","0","0","0","0","2116","0","0","0","N","0","0","0","2","68B03","0","","1.0","","1","N","N","","0","","0","0","1","","0","","","2","0","0","0","0","0","0","2","0","2","","","","N","","","","","","","","","",""
"2015120715","","0","0","0","0","0","0","0","0","0","6","0","","02","11","2015","5","40.389813","-79.954616","","11","0","0","0","0","0","1","1","0","","0","0","0","","","0","","0","","40 23:23.326","","0","79 57:16.617","0","0","0","0","2403","0","0","0","N","0","0","0","2","02403","0","","1.0","","1","N","N","","2","","0","0","0","","0","","","2","0","0","0","0","0","0","2","0","2","","","","N","","","","","","","","","",""
"2015119983","","3","0","0","0","0","0","0","0","0","4","0","","02","11","2015","4","40.446707","-80.060935","","11","0","0","0","0","0","0","0","1","","0","0","0","","","1","","1","","40 26:48.145","","0","80 03:39.366","4","0","0","0","2301","0","0","0","N","0","0","0","4","02301","1","","1.0","","1","N","N","","1","","0","0","0","","3","","","4","1","0","0","0","0","0","2","0","4","","","","N","","","","","","","","","",""
"2015120046","","1","0","0","0","0","0","0","0","0","7","0","","02","11","2015","4","40.462531","-80.02963","","11","0","0","0","0","0","0","0","0","","0","0","0","","","0","","0","","40 27:45.112","","2","80 01:46.668","0","0","0","0","2301","0","0","0","N","0","0","0","1","02301","0","","2.0","","1","N","N","","0","","0","0","0","","0","","","1","0","0","0","0","0","0","2","0","1","","","","N","","","","","","","","","",""
"2015121649","","1","0","0","0","0","0","0","0","0","1","0","","02","11","2015","2","40.440744","-80.156197","","11","0","0","0","0","0","0","0","0","2","0","0","0","","","0","","0","","40 26:26.680","4","0","80 09:22.308","0","0","0","0","2115","0","0","0","N","0","0","0","4","68B03","0","","1.0","","1","N","N","","0","","0","0","2","","0","N","","3","0","0","0","0","0","0","2","0","3","","","","N","","","","","","","","","",""
"2015120047","","1","0","0","0","0","0","0","0","0","4","0","","02","11","2015","2","40.397084","-79.797549","","11","0","0","0","0","0","1","1","0","1","0","0","0","","","0","","2","","40 23:49.502","3","0","79 47:51.176","0","0","0","0","2446","0","0","0","N","0","0","0","2","02446","0","","1.0","","1","N","N","","0","","0","0","1","","3","N","","2","0","0","0","0","0","0","2","0","2","","","","N","","","","","","","","","",""
"2015120875","","1","0","0","0","0","0","0","0","0","2","0","","02","11","2015","5","40.464097","-79.964481","","11","0","0","0","0","0","1","0","0","1","0","0","0","","","1","","0","","40 27:50.750","4","0","79 57:52.130","8","0","0","0","2301","0","0","0","N","0","0","0","2","02301","0","","1.0","","1","N","N","","0","","0","0","1","","0","N","","2","1","0","0","0","1","0","2","0","2","","","","N","","","","","","","","","",""
"2015121650","","0","0","0","0","0","0","0","0","0","4","0","","02","11","2015","6","40.52117","-80.065375","","11","0","0","0","0","0","1","0","0","","0","0","0","","","0","","0","","40 31:16.213","","0","80 03:55.351","0","0","0","0","2215","0","0","0","N","0","0","0","2","68B03","0","","1.0","","1","N","N","","1","","0","0","1","","0","","","2","0","0","0","0","0","0","2","0","2","","","","N","","","","","","","","","",""
"2015121506","","2","0","0","0","0","0","0","0","0","4","0","","02","11","2015","7","40.478804","-79.840827","","11","0","0","0","0","0","0","0","0","2","0","0","0","","","2","","2","","40 28:43.694","6","0","79 50:26.977","3","0","0","0","2113","0","0","0","N","0","0","0","3","02113","0","","1.0","","9","N","N","","0","","2","0","0","","0","Y","","2","2","0","0","0","0","1","2","0","2","","","","N","","","","","","","","","",""
"2015121651","","1","0","0","0","0","0","0","0","0","7","0","","02","11","2015","6","40.565027","-80.089644","","11","0","0","0","0","0","0","0","0","2","0","0","0","","","1","","0","","40 33:54.098","2","0","80 05:22.717","8","0","0","0","2481","0","0","0","Y","0","0","0","1","68B03","0","","4.0","","1","N","N","","0","","0","0","0","","0","N","","1","1","0","0","0","1","0","2","0","1","","","","N","","","","","","","","","",""
"2015120719","","1","0","0","0","0","0","0","0","0","7","0","","02","11","2015","5","40.473026","-79.833272","","11","0","0","0","0","0","0","0","0","2","0","0","0","","","1","","0","","40 28:22.895","6","0","79 49:59.780","3","0","0","0","2113","0","0","0","N","0","0","0","1","02113","0","","5.0","","1","N","N","","0","","1","0","0","","0","Y","","1","1","1","0","0","0","0","2","0","1","","","","N","","","","","","","","","",""
"2015120049","","1","0","0","0","0","0","0","0","0","2","0","","02","11","2015","4","40.427155","-79.976389","","11","0","0","0","0","0","1","0","0","","0","0","0","","","0","","1","","40 25:37.758","","0","79 58:35.000","0","0","0","0","2301","0","0","0","N","0","0","0","2","02301","0","","1.0","","1","N","N","","0","","0","0","1","","3","","","2","0","0","0","0","0","0","2","0","2","","","","N","","","","","","","","","",""
"2015121652","","2","0","0","0","0","0","0","0","0","1","0","","02","11","2015","6","40.452114","-80.111276","","11","0","0","0","0","0","0","0","0","","0","0","0","","","0","","0","","40 27:07.612","","0","80 06:40.594","0","0","0","0","2115","0","0","0","N","0","0","0","3","68B03","0","","1.0","","1","N","N","","0","","0","0","1","","0","","","3","0","0","0","0","0","0","2","0","3","","","","N","","","","","","","","","",""
"2015121359","","0","0","0","0","0","0","0","0","0","4","0","","02","11","2015","6","40.377994","-80.068806","","11","0","0","0","0","0","2","0","0","","0","0","0","","","0","","0","","40 22:40.780","","7","80 04:07.700","0","0","0","0","2117","0","0","0","N","0","0","0","2","02117","0","","1.0","","1","N","N","","0","","0","0","2","","3","","","2","0","0","0","0","0","0","2","0","2","","","","N","","","","","","","","","",""
"2015119975","","0","0","0","0","0","0","1","0","0","8","1","","02","11","2015","3","40.407932","-79.819577","","11","0","0","0","0","0","1","0","0","1","0","0","0","","","1","","1","","40 24:28.555","7","0","79 49:10.477","8","0","0","0","2467","1","0","0","N","1","0","0","2","02503","0","","1.0","","1","N","N","","0","","0","0","0","","3","N","","2","1","0","0","0","1","0","2","0","1","","","","N","","","","","","","","","",""
"2015119989","","1","0","0","0","0","0","0","0","0","7","0","","02","11","2015","3","40.44139","-80.040458","","11","0","0","0","0","0","1","0","0","2","0","0","0","","","0","","2","","40 26:29.004","7","0","80 02:25.648","0","0","0","0","2301","0","0","0","N","0","0","0","1","02301","0","","5.0","","1","N","N","","0","","0","0","0","","0","Y","","1","0","0","0","0","0","0","2","0","1","","","","N","","","","","","","","","",""
"2015121511","","1","0","0","0","0","0","0","0","0","7","0","","02","11","2015","7","40.435644","-79.994949","","11","1","0","0","0","0","0","0","0","","0","0","0","","","0","","0","","40 26:08.317","","2","79 59:41.818","0","0","0","0","2301","0","0","0","","0","0","0","1","02301","0","","1.0","","9","","","","0","","0","0","0","","0","","","1","0","0","0","0","0","0","2","0","1","","","","N","","","","","","","","","",""
"2015121578","","2","0","0","0","0","0","0","0","0","6","0","","02","11","2015","1","40.481997","-79.94055","","11","0","0","0","0","0","0","1","0","2","0","0","0","","","0","","1","","40 28:55.189","7","0","79 56:25.980","0","0","0","0","2301","0","0","0","N","0","0","0","2","02301","0","","1.0","","1","N","N","","0","","0","0","0","","0","Y","","2","0","0","0","0","0","0","2","0","2","","","","N","","","","","","","","","",""
"2015121298","","1","0","0","0","0","0","0","0","0","2","0","","02","11","2015","7","40.43452","-79.914412","","11","0","0","0","0","0","1","0","0","","0","0","0","","","2","","0","","40 26:04.272","","0","79 54:51.883","8","0","0","0","2301","0","0","0","N","0","0","0","3","02301","0","","1.0","","1","N","N","","0","","0","0","1","","0","","","2","2","0","0","0","2","0","2","0","2","","","","N","","","","","","","","","",""
"2015119978","","1","0","0","0","0","0","0","0","0","4","0","","02","11","2015","3","40.375399","-79.983245","","11","0","0","0","0","0","0","0","0","","0","0","0","","","0","","1","","40 22:31.436","","0","79 58:59.683","0","0","0","0","2413","0","0","0","N","0","0","0","2","02413","0","","1.0","","1","N","N","","0","","0","0","1","","2","","","2","0","0","0","0","0","0","2","0","2","","","","N","","","","","","","","","",""
"2015121365","","1","0","0","0","0","0","0","0","0","1","0","","02","11","2015","7","40.439895","-80.211829","","11","0","0","0","0","0","1","0","0","","0","0","0","","","2","","2","","40 26:23.622","","0","80 12:42.584","4","0","0","0","2214","0","0","0","N","0","0","0","2","02214","2","","1.0","","1","N","N","","0","","0","0","1","","0","","","2","2","0","0","0","0","0","2","0","2","","","","N","","","","","","","","","",""
"2015122406","","1","0","0","0","0","0","0","0","0","6","0","","02","11","2015","7","40.605681","-80.168071","","11","0","0","0","0","0","2","0","0","","0","0","0","","","0","","0","","40 36:20.453","","0","80 10:05.056","0","0","0","0","2480","0","0","0","N","0","0","0","2","02480","0","","1.0","","1","N","N","","0","","0","0","1","","0","","","2","0","0","0","0","0","0","1","0","2","","","","N","","","","","","","","","",""
"2015120884","","2","0","0","0","0","0","0","0","0","4","0","","02","11","2015","6","40.45208","-79.930982","","11","0","0","0","0","0","0","0","1","1","0","0","0","","","0","","1","","40 27:07.488","2","0","79 55:51.535","0","0","0","0","2301","0","0","0","N","0","0","0","2","02301","0","","1.0","","1","N","N","","0","","0","0","0","","2","N","","2","0","0","0","0","0","0","2","0","2","","","","N","","","","","","","","","",""
"2015121300","","2","0","0","0","0","0","0","0","0","4","0","35","02","11","2015","5","40.445825","-79.71383","","11","0","0","0","0","0","0","0","0","1","0","0","0","","","2","","1","","40 26:44.970","4","0","79 42:49.787","3","0","0","0","2446","0","0","0","N","0","0","0","3","02446","1","","1.0","","1","N","N","","0","","1","0","0","","2","N","","2","2","0","0","0","0","0","2","0","2","","","Y","Y","4","1","","","N","Y","","","Y",""
"2015121581","","1","0","0","0","0","0","0","0","0","7","0","","02","11","2015","1","40.492031","-79.792556","","11","0","0","0","0","0","0","0","0","","0","0","0","","","0","","0","","40 29:31.313","","0","79 47:33.201","0","0","0","0","2113","0","0","0","N","0","0","0","1","02113","0","","5.0","","9","N","N","","1","","0","0","0","","0","","","2","0","1","0","0","0","0","2","0","2","","","","N","","","","","","","","","",""
"2015121582","","1","0","0","0","0","0","0","0","0","7","0","","02","11","2015","1","40.33255","-79.998869","","11","0","0","0","0","0","0","1","0","1","0","0","0","","","4","","2","","40 19:57.181","4","0","79 59:55.928","4","0","0","0","2219","0","0","0","N","0","0","0","7","02219","4","","5.0","","1","N","N","","0","","0","0","1","","0","N","","2","4","0","0","0","0","0","2","0","2","","","","N","","","","","","","","","",""
"2015120058","","0","0","0","0","0","0","0","0","0","1","0","","02","11","2015","6","40.548039","-80.063236","","11","0","0","0","0","0","0","0","0","","0","0","0","","","1","","0","","40 32:52.940","","0","80 03:47.650","8","0","0","0","2116","0","0","0","","0","0","0","1","02116","0","","1.0","","1","","","","2","","0","0","0","","0","","","2","1","0","0","0","1","0","2","0","2","","","","N","","","","","","","","","",""
"2015120137","","0","0","1","0","0","0","0","0","0","4","0","","02","11","2015","7","40.429356","-80.133035","","11","0","0","0","0","0","1","0","0","2","0","0","0","","","2","","0","","40 25:45.681","4","0","80 07:58.926","2","0","0","0","2115","0","0","0","N","0","0","0","2","68B03","1","","1.0","","1","N","N","","0","","0","1","1","","0","N","","2","2","1","0","0","0","0","2","1","2","","","","N","","","","","","","","","",""
"2015120138","","2","0","0","0","0","0","0","0","0","1","0","","02","11","2015","1","40.485845","-80.008539","","11","0","0","0","0","0","1","0","0","","0","0","0","","","0","","0","","40 29:09.043","","0","80 00:30.742","0","0","0","0","2301","0","0","0","N","0","0","0","3","68B03","0","","1.0","","1","N","N","","0","","0","0","0","","0","","","2","0","0","0","0","0","0","2","0","2","","","","N","","","","","","","","","",""